crosswalk_code,mapping_code,source_control_code,source_control_version_number,target_control_code,target_control_version_number,relationship_type,direction,rationale,confidence,status,review_status,provenance_ref,business_key
XW-ISO_IEC_27001_2022-TO-ISO_IEC_42001_2023,XW-00117,ISO27001-REF-A.5.1,1,ISO42001-REF-A.4.2,1,overlaps,bidirectional,Relación provisional basada en controles TCDX compartidos y estructura pública; no implica equivalencia jurídica ni certificatoria.,medium,draft,provisional,PROV:TCDX:BASELINE_CONTROLS:v1,XW-ISO_IEC_27001_2022-TO-ISO_IEC_42001_2023|ISO27001-REF-A.5.1|1|ISO42001-REF-A.4.2|1
XW-ISO_IEC_27001_2022-TO-ISO_IEC_42001_2023,XW-00118,ISO27001-REF-A.5.1,1,ISO42001-REF-A.5.3,1,overlaps,bidirectional,Relación provisional basada en controles TCDX compartidos y estructura pública; no implica equivalencia jurídica ni certificatoria.,medium,draft,provisional,PROV:TCDX:BASELINE_CONTROLS:v1,XW-ISO_IEC_27001_2022-TO-ISO_IEC_42001_2023|ISO27001-REF-A.5.1|1|ISO42001-REF-A.5.3|1
XW-ISO_IEC_27001_2022-TO-ISO_IEC_42001_2023,XW-00119,ISO27001-REF-A.5.1,1,ISO42001-REF-A.6.5,1,overlaps,bidirectional,Relación provisional basada en controles TCDX compartidos y estructura pública; no implica equivalencia jurídica ni certificatoria.,medium,draft,provisional,PROV:TCDX:BASELINE_CONTROLS:v1,XW-ISO_IEC_27001_2022-TO-ISO_IEC_42001_2023|ISO27001-REF-A.5.1|1|ISO42001-REF-A.6.5|1
XW-ISO_IEC_27001_2022-TO-ISO_IEC_42001_2023,XW-00120,ISO27001-REF-A.5.2,1,ISO42001-REF-A.3.2,1,overlaps,bidirectional,Relación provisional basada en controles TCDX compartidos y estructura pública; no implica equivalencia jurídica ni certificatoria.,medium,draft,provisional,PROV:TCDX:BASELINE_CONTROLS:v1,XW-ISO_IEC_27001_2022-TO-ISO_IEC_42001_2023|ISO27001-REF-A.5.2|1|ISO42001-REF-A.3.2|1
XW-ISO_IEC_27001_2022-TO-ISO_IEC_42001_2023,XW-00121,ISO27001-REF-A.5.2,1,ISO42001-REF-A.4.2,1,overlaps,bidirectional,Relación provisional basada en controles TCDX compartidos y estructura pública; no implica equivalencia jurídica ni certificatoria.,medium,draft,provisional,PROV:TCDX:BASELINE_CONTROLS:v1,XW-ISO_IEC_27001_2022-TO-ISO_IEC_42001_2023|ISO27001-REF-A.5.2|1|ISO42001-REF-A.4.2|1
XW-ISO_IEC_27001_2022-TO-ISO_IEC_42001_2023,XW-00122,ISO27001-REF-A.5.2,1,ISO42001-REF-A.5.3,1,overlaps,bidirectional,Relación provisional basada en controles TCDX compartidos y estructura pública; no implica equivalencia jurídica ni certificatoria.,medium,draft,provisional,PROV:TCDX:BASELINE_CONTROLS:v1,XW-ISO_IEC_27001_2022-TO-ISO_IEC_42001_2023|ISO27001-REF-A.5.2|1|ISO42001-REF-A.5.3|1
XW-ISO_IEC_27001_2022-TO-ISO_IEC_42001_2023,XW-00123,ISO27001-REF-A.5.3,1,ISO42001-REF-A.4.2,1,overlaps,bidirectional,Relación provisional basada en controles TCDX compartidos y estructura pública; no implica equivalencia jurídica ni certificatoria.,medium,draft,provisional,PROV:TCDX:BASELINE_CONTROLS:v1,XW-ISO_IEC_27001_2022-TO-ISO_IEC_42001_2023|ISO27001-REF-A.5.3|1|ISO42001-REF-A.4.2|1
XW-ISO_IEC_27001_2022-TO-ISO_IEC_42001_2023,XW-00124,ISO27001-REF-A.5.3,1,ISO42001-REF-A.5.3,1,overlaps,bidirectional,Relación provisional basada en controles TCDX compartidos y estructura pública; no implica equivalencia jurídica ni certificatoria.,medium,draft,provisional,PROV:TCDX:BASELINE_CONTROLS:v1,XW-ISO_IEC_27001_2022-TO-ISO_IEC_42001_2023|ISO27001-REF-A.5.3|1|ISO42001-REF-A.5.3|1
XW-ISO_IEC_27001_2022-TO-ISO_IEC_42001_2023,XW-00125,ISO27001-REF-A.5.3,1,ISO42001-REF-A.6.5,1,overlaps,bidirectional,Relación provisional basada en controles TCDX compartidos y estructura pública; no implica equivalencia jurídica ni certificatoria.,medium,draft,provisional,PROV:TCDX:BASELINE_CONTROLS:v1,XW-ISO_IEC_27001_2022-TO-ISO_IEC_42001_2023|ISO27001-REF-A.5.3|1|ISO42001-REF-A.6.5|1
XW-ISO_IEC_27001_2022-TO-ISO_IEC_42001_2023,XW-00126,ISO27001-REF-A.5.4,1,ISO42001-REF-A.3.2,1,overlaps,bidirectional,Relación provisional basada en controles TCDX compartidos y estructura pública; no implica equivalencia jurídica ni certificatoria.,medium,draft,provisional,PROV:TCDX:BASELINE_CONTROLS:v1,XW-ISO_IEC_27001_2022-TO-ISO_IEC_42001_2023|ISO27001-REF-A.5.4|1|ISO42001-REF-A.3.2|1
XW-ISO_IEC_27001_2022-TO-ISO_IEC_42001_2023,XW-00127,ISO27001-REF-A.5.4,1,ISO42001-REF-A.4.2,1,overlaps,bidirectional,Relación provisional basada en controles TCDX compartidos y estructura pública; no implica equivalencia jurídica ni certificatoria.,medium,draft,provisional,PROV:TCDX:BASELINE_CONTROLS:v1,XW-ISO_IEC_27001_2022-TO-ISO_IEC_42001_2023|ISO27001-REF-A.5.4|1|ISO42001-REF-A.4.2|1
XW-ISO_IEC_27001_2022-TO-ISO_IEC_42001_2023,XW-00128,ISO27001-REF-A.5.4,1,ISO42001-REF-A.5.3,1,overlaps,bidirectional,Relación provisional basada en controles TCDX compartidos y estructura pública; no implica equivalencia jurídica ni certificatoria.,medium,draft,provisional,PROV:TCDX:BASELINE_CONTROLS:v1,XW-ISO_IEC_27001_2022-TO-ISO_IEC_42001_2023|ISO27001-REF-A.5.4|1|ISO42001-REF-A.5.3|1
XW-ISO_IEC_27001_2022-TO-ISO_IEC_42001_2023,XW-00129,ISO27001-REF-A.5.5,1,ISO42001-REF-A.4.2,1,overlaps,bidirectional,Relación provisional basada en controles TCDX compartidos y estructura pública; no implica equivalencia jurídica ni certificatoria.,medium,draft,provisional,PROV:TCDX:BASELINE_CONTROLS:v1,XW-ISO_IEC_27001_2022-TO-ISO_IEC_42001_2023|ISO27001-REF-A.5.5|1|ISO42001-REF-A.4.2|1
XW-ISO_IEC_27001_2022-TO-ISO_IEC_42001_2023,XW-00130,ISO27001-REF-A.5.5,1,ISO42001-REF-A.5.3,1,overlaps,bidirectional,Relación provisional basada en controles TCDX compartidos y estructura pública; no implica equivalencia jurídica ni certificatoria.,medium,draft,provisional,PROV:TCDX:BASELINE_CONTROLS:v1,XW-ISO_IEC_27001_2022-TO-ISO_IEC_42001_2023|ISO27001-REF-A.5.5|1|ISO42001-REF-A.5.3|1
XW-ISO_IEC_27001_2022-TO-ISO_IEC_42001_2023,XW-00131,ISO27001-REF-A.5.5,1,ISO42001-REF-A.6.5,1,overlaps,bidirectional,Relación provisional basada en controles TCDX compartidos y estructura pública; no implica equivalencia jurídica ni certificatoria.,medium,draft,provisional,PROV:TCDX:BASELINE_CONTROLS:v1,XW-ISO_IEC_27001_2022-TO-ISO_IEC_42001_2023|ISO27001-REF-A.5.5|1|ISO42001-REF-A.6.5|1
XW-ISO_IEC_27001_2022-TO-ISO_IEC_42001_2023,XW-00132,ISO27001-REF-A.5.6,1,ISO42001-REF-A.3.3,1,overlaps,bidirectional,Relación provisional basada en controles TCDX compartidos y estructura pública; no implica equivalencia jurídica ni certificatoria.,medium,draft,provisional,PROV:TCDX:BASELINE_CONTROLS:v1,XW-ISO_IEC_27001_2022-TO-ISO_IEC_42001_2023|ISO27001-REF-A.5.6|1|ISO42001-REF-A.3.3|1
XW-ISO_IEC_27001_2022-TO-ISO_IEC_42001_2023,XW-00133,ISO27001-REF-A.5.6,1,ISO42001-REF-A.4.2,1,overlaps,bidirectional,Relación provisional basada en controles TCDX compartidos y estructura pública; no implica equivalencia jurídica ni certificatoria.,medium,draft,provisional,PROV:TCDX:BASELINE_CONTROLS:v1,XW-ISO_IEC_27001_2022-TO-ISO_IEC_42001_2023|ISO27001-REF-A.5.6|1|ISO42001-REF-A.4.2|1
XW-ISO_IEC_27001_2022-TO-ISO_IEC_42001_2023,XW-00134,ISO27001-REF-A.5.6,1,ISO42001-REF-A.4.3,1,overlaps,bidirectional,Relación provisional basada en controles TCDX compartidos y estructura pública; no implica equivalencia jurídica ni certificatoria.,medium,draft,provisional,PROV:TCDX:BASELINE_CONTROLS:v1,XW-ISO_IEC_27001_2022-TO-ISO_IEC_42001_2023|ISO27001-REF-A.5.6|1|ISO42001-REF-A.4.3|1
XW-ISO_IEC_27001_2022-TO-ISO_IEC_42001_2023,XW-00135,ISO27001-REF-A.5.7,1,ISO42001-REF-A.3.3,1,overlaps,bidirectional,Relación provisional basada en controles TCDX compartidos y estructura pública; no implica equivalencia jurídica ni certificatoria.,medium,draft,provisional,PROV:TCDX:BASELINE_CONTROLS:v1,XW-ISO_IEC_27001_2022-TO-ISO_IEC_42001_2023|ISO27001-REF-A.5.7|1|ISO42001-REF-A.3.3|1
XW-ISO_IEC_27001_2022-TO-ISO_IEC_42001_2023,XW-00136,ISO27001-REF-A.5.7,1,ISO42001-REF-A.4.2,1,overlaps,bidirectional,Relación provisional basada en controles TCDX compartidos y estructura pública; no implica equivalencia jurídica ni certificatoria.,medium,draft,provisional,PROV:TCDX:BASELINE_CONTROLS:v1,XW-ISO_IEC_27001_2022-TO-ISO_IEC_42001_2023|ISO27001-REF-A.5.7|1|ISO42001-REF-A.4.2|1
XW-ISO_IEC_27001_2022-TO-ISO_IEC_42001_2023,XW-00137,ISO27001-REF-A.5.7,1,ISO42001-REF-A.4.3,1,overlaps,bidirectional,Relación provisional basada en controles TCDX compartidos y estructura pública; no implica equivalencia jurídica ni certificatoria.,medium,draft,provisional,PROV:TCDX:BASELINE_CONTROLS:v1,XW-ISO_IEC_27001_2022-TO-ISO_IEC_42001_2023|ISO27001-REF-A.5.7|1|ISO42001-REF-A.4.3|1
XW-ISO_IEC_27001_2022-TO-ISO_IEC_42001_2023,XW-00138,ISO27001-REF-A.5.8,1,ISO42001-REF-A.4.2,1,overlaps,bidirectional,Relación provisional basada en controles TCDX compartidos y estructura pública; no implica equivalencia jurídica ni certificatoria.,medium,draft,provisional,PROV:TCDX:BASELINE_CONTROLS:v1,XW-ISO_IEC_27001_2022-TO-ISO_IEC_42001_2023|ISO27001-REF-A.5.8|1|ISO42001-REF-A.4.2|1
XW-ISO_IEC_27001_2022-TO-ISO_IEC_42001_2023,XW-00139,ISO27001-REF-A.5.8,1,ISO42001-REF-A.5.3,1,overlaps,bidirectional,Relación provisional basada en controles TCDX compartidos y estructura pública; no implica equivalencia jurídica ni certificatoria.,medium,draft,provisional,PROV:TCDX:BASELINE_CONTROLS:v1,XW-ISO_IEC_27001_2022-TO-ISO_IEC_42001_2023|ISO27001-REF-A.5.8|1|ISO42001-REF-A.5.3|1
XW-ISO_IEC_27001_2022-TO-ISO_IEC_42001_2023,XW-00140,ISO27001-REF-A.5.8,1,ISO42001-REF-A.6.5,1,overlaps,bidirectional,Relación provisional basada en controles TCDX compartidos y estructura pública; no implica equivalencia jurídica ni certificatoria.,medium,draft,provisional,PROV:TCDX:BASELINE_CONTROLS:v1,XW-ISO_IEC_27001_2022-TO-ISO_IEC_42001_2023|ISO27001-REF-A.5.8|1|ISO42001-REF-A.6.5|1
XW-ISO_IEC_27001_2022-TO-ISO_IEC_42001_2023,XW-00141,ISO27001-REF-A.5.9,1,ISO42001-REF-A.4.2,1,overlaps,bidirectional,Relación provisional basada en controles TCDX compartidos y estructura pública; no implica equivalencia jurídica ni certificatoria.,medium,draft,provisional,PROV:TCDX:BASELINE_CONTROLS:v1,XW-ISO_IEC_27001_2022-TO-ISO_IEC_42001_2023|ISO27001-REF-A.5.9|1|ISO42001-REF-A.4.2|1
XW-ISO_IEC_27001_2022-TO-ISO_IEC_42001_2023,XW-00142,ISO27001-REF-A.5.9,1,ISO42001-REF-A.5.3,1,overlaps,bidirectional,Relación provisional basada en controles TCDX compartidos y estructura pública; no implica equivalencia jurídica ni certificatoria.,medium,draft,provisional,PROV:TCDX:BASELINE_CONTROLS:v1,XW-ISO_IEC_27001_2022-TO-ISO_IEC_42001_2023|ISO27001-REF-A.5.9|1|ISO42001-REF-A.5.3|1
XW-ISO_IEC_27001_2022-TO-ISO_IEC_42001_2023,XW-00143,ISO27001-REF-A.5.9,1,ISO42001-REF-A.6.5,1,overlaps,bidirectional,Relación provisional basada en controles TCDX compartidos y estructura pública; no implica equivalencia jurídica ni certificatoria.,medium,draft,provisional,PROV:TCDX:BASELINE_CONTROLS:v1,XW-ISO_IEC_27001_2022-TO-ISO_IEC_42001_2023|ISO27001-REF-A.5.9|1|ISO42001-REF-A.6.5|1
XW-ISO_IEC_27001_2022-TO-ISO_IEC_42001_2023,XW-00144,ISO27001-REF-A.5.10,1,ISO42001-REF-A.4.2,1,overlaps,bidirectional,Relación provisional basada en controles TCDX compartidos y estructura pública; no implica equivalencia jurídica ni certificatoria.,medium,draft,provisional,PROV:TCDX:BASELINE_CONTROLS:v1,XW-ISO_IEC_27001_2022-TO-ISO_IEC_42001_2023|ISO27001-REF-A.5.10|1|ISO42001-REF-A.4.2|1
XW-ISO_IEC_27001_2022-TO-ISO_IEC_42001_2023,XW-00145,ISO27001-REF-A.5.10,1,ISO42001-REF-A.5.3,1,overlaps,bidirectional,Relación provisional basada en controles TCDX compartidos y estructura pública; no implica equivalencia jurídica ni certificatoria.,medium,draft,provisional,PROV:TCDX:BASELINE_CONTROLS:v1,XW-ISO_IEC_27001_2022-TO-ISO_IEC_42001_2023|ISO27001-REF-A.5.10|1|ISO42001-REF-A.5.3|1
XW-ISO_IEC_27001_2022-TO-ISO_IEC_42001_2023,XW-00146,ISO27001-REF-A.5.10,1,ISO42001-REF-A.6.5,1,overlaps,bidirectional,Relación provisional basada en controles TCDX compartidos y estructura pública; no implica equivalencia jurídica ni certificatoria.,medium,draft,provisional,PROV:TCDX:BASELINE_CONTROLS:v1,XW-ISO_IEC_27001_2022-TO-ISO_IEC_42001_2023|ISO27001-REF-A.5.10|1|ISO42001-REF-A.6.5|1
XW-ISO_IEC_27001_2022-TO-ISO_IEC_42001_2023,XW-00147,ISO27001-REF-A.5.11,1,ISO42001-REF-A.4.2,1,overlaps,bidirectional,Relación provisional basada en controles TCDX compartidos y estructura pública; no implica equivalencia jurídica ni certificatoria.,medium,draft,provisional,PROV:TCDX:BASELINE_CONTROLS:v1,XW-ISO_IEC_27001_2022-TO-ISO_IEC_42001_2023|ISO27001-REF-A.5.11|1|ISO42001-REF-A.4.2|1
XW-ISO_IEC_27001_2022-TO-ISO_IEC_42001_2023,XW-00148,ISO27001-REF-A.5.11,1,ISO42001-REF-A.5.3,1,overlaps,bidirectional,Relación provisional basada en controles TCDX compartidos y estructura pública; no implica equivalencia jurídica ni certificatoria.,medium,draft,provisional,PROV:TCDX:BASELINE_CONTROLS:v1,XW-ISO_IEC_27001_2022-TO-ISO_IEC_42001_2023|ISO27001-REF-A.5.11|1|ISO42001-REF-A.5.3|1
XW-ISO_IEC_27001_2022-TO-ISO_IEC_42001_2023,XW-00149,ISO27001-REF-A.5.11,1,ISO42001-REF-A.6.5,1,overlaps,bidirectional,Relación provisional basada en controles TCDX compartidos y estructura pública; no implica equivalencia jurídica ni certificatoria.,medium,draft,provisional,PROV:TCDX:BASELINE_CONTROLS:v1,XW-ISO_IEC_27001_2022-TO-ISO_IEC_42001_2023|ISO27001-REF-A.5.11|1|ISO42001-REF-A.6.5|1
XW-ISO_IEC_27001_2022-TO-ISO_IEC_42001_2023,XW-00150,ISO27001-REF-A.5.12,1,ISO42001-REF-A.4.2,1,overlaps,bidirectional,Relación provisional basada en controles TCDX compartidos y estructura pública; no implica equivalencia jurídica ni certificatoria.,medium,draft,provisional,PROV:TCDX:BASELINE_CONTROLS:v1,XW-ISO_IEC_27001_2022-TO-ISO_IEC_42001_2023|ISO27001-REF-A.5.12|1|ISO42001-REF-A.4.2|1
XW-ISO_IEC_27001_2022-TO-ISO_IEC_42001_2023,XW-00151,ISO27001-REF-A.5.12,1,ISO42001-REF-A.5.3,1,overlaps,bidirectional,Relación provisional basada en controles TCDX compartidos y estructura pública; no implica equivalencia jurídica ni certificatoria.,medium,draft,provisional,PROV:TCDX:BASELINE_CONTROLS:v1,XW-ISO_IEC_27001_2022-TO-ISO_IEC_42001_2023|ISO27001-REF-A.5.12|1|ISO42001-REF-A.5.3|1
XW-ISO_IEC_27001_2022-TO-ISO_IEC_42001_2023,XW-00152,ISO27001-REF-A.5.12,1,ISO42001-REF-A.6.5,1,overlaps,bidirectional,Relación provisional basada en controles TCDX compartidos y estructura pública; no implica equivalencia jurídica ni certificatoria.,medium,draft,provisional,PROV:TCDX:BASELINE_CONTROLS:v1,XW-ISO_IEC_27001_2022-TO-ISO_IEC_42001_2023|ISO27001-REF-A.5.12|1|ISO42001-REF-A.6.5|1
XW-ISO_IEC_27001_2022-TO-ISO_IEC_42001_2023,XW-00153,ISO27001-REF-A.5.13,1,ISO42001-REF-A.4.2,1,overlaps,bidirectional,Relación provisional basada en controles TCDX compartidos y estructura pública; no implica equivalencia jurídica ni certificatoria.,medium,draft,provisional,PROV:TCDX:BASELINE_CONTROLS:v1,XW-ISO_IEC_27001_2022-TO-ISO_IEC_42001_2023|ISO27001-REF-A.5.13|1|ISO42001-REF-A.4.2|1
XW-ISO_IEC_27001_2022-TO-ISO_IEC_42001_2023,XW-00154,ISO27001-REF-A.5.13,1,ISO42001-REF-A.5.3,1,overlaps,bidirectional,Relación provisional basada en controles TCDX compartidos y estructura pública; no implica equivalencia jurídica ni certificatoria.,medium,draft,provisional,PROV:TCDX:BASELINE_CONTROLS:v1,XW-ISO_IEC_27001_2022-TO-ISO_IEC_42001_2023|ISO27001-REF-A.5.13|1|ISO42001-REF-A.5.3|1
XW-ISO_IEC_27001_2022-TO-ISO_IEC_42001_2023,XW-00155,ISO27001-REF-A.5.13,1,ISO42001-REF-A.6.5,1,overlaps,bidirectional,Relación provisional basada en controles TCDX compartidos y estructura pública; no implica equivalencia jurídica ni certificatoria.,medium,draft,provisional,PROV:TCDX:BASELINE_CONTROLS:v1,XW-ISO_IEC_27001_2022-TO-ISO_IEC_42001_2023|ISO27001-REF-A.5.13|1|ISO42001-REF-A.6.5|1
XW-ISO_IEC_27001_2022-TO-ISO_IEC_42001_2023,XW-00156,ISO27001-REF-A.5.14,1,ISO42001-REF-A.4.2,1,overlaps,bidirectional,Relación provisional basada en controles TCDX compartidos y estructura pública; no implica equivalencia jurídica ni certificatoria.,medium,draft,provisional,PROV:TCDX:BASELINE_CONTROLS:v1,XW-ISO_IEC_27001_2022-TO-ISO_IEC_42001_2023|ISO27001-REF-A.5.14|1|ISO42001-REF-A.4.2|1
XW-ISO_IEC_27001_2022-TO-ISO_IEC_42001_2023,XW-00157,ISO27001-REF-A.5.14,1,ISO42001-REF-A.5.3,1,overlaps,bidirectional,Relación provisional basada en controles TCDX compartidos y estructura pública; no implica equivalencia jurídica ni certificatoria.,medium,draft,provisional,PROV:TCDX:BASELINE_CONTROLS:v1,XW-ISO_IEC_27001_2022-TO-ISO_IEC_42001_2023|ISO27001-REF-A.5.14|1|ISO42001-REF-A.5.3|1
XW-ISO_IEC_27001_2022-TO-ISO_IEC_42001_2023,XW-00158,ISO27001-REF-A.5.14,1,ISO42001-REF-A.6.5,1,overlaps,bidirectional,Relación provisional basada en controles TCDX compartidos y estructura pública; no implica equivalencia jurídica ni certificatoria.,medium,draft,provisional,PROV:TCDX:BASELINE_CONTROLS:v1,XW-ISO_IEC_27001_2022-TO-ISO_IEC_42001_2023|ISO27001-REF-A.5.14|1|ISO42001-REF-A.6.5|1
XW-ISO_IEC_27001_2022-TO-ISO_IEC_42001_2023,XW-00159,ISO27001-REF-A.5.15,1,ISO42001-REF-A.4.2,1,overlaps,bidirectional,Relación provisional basada en controles TCDX compartidos y estructura pública; no implica equivalencia jurídica ni certificatoria.,medium,draft,provisional,PROV:TCDX:BASELINE_CONTROLS:v1,XW-ISO_IEC_27001_2022-TO-ISO_IEC_42001_2023|ISO27001-REF-A.5.15|1|ISO42001-REF-A.4.2|1
XW-ISO_IEC_27001_2022-TO-ISO_IEC_42001_2023,XW-00160,ISO27001-REF-A.5.15,1,ISO42001-REF-A.5.3,1,overlaps,bidirectional,Relación provisional basada en controles TCDX compartidos y estructura pública; no implica equivalencia jurídica ni certificatoria.,medium,draft,provisional,PROV:TCDX:BASELINE_CONTROLS:v1,XW-ISO_IEC_27001_2022-TO-ISO_IEC_42001_2023|ISO27001-REF-A.5.15|1|ISO42001-REF-A.5.3|1
XW-ISO_IEC_27001_2022-TO-ISO_IEC_42001_2023,XW-00161,ISO27001-REF-A.5.15,1,ISO42001-REF-A.6.5,1,overlaps,bidirectional,Relación provisional basada en controles TCDX compartidos y estructura pública; no implica equivalencia jurídica ni certificatoria.,medium,draft,provisional,PROV:TCDX:BASELINE_CONTROLS:v1,XW-ISO_IEC_27001_2022-TO-ISO_IEC_42001_2023|ISO27001-REF-A.5.15|1|ISO42001-REF-A.6.5|1
XW-ISO_IEC_27001_2022-TO-ISO_IEC_42001_2023,XW-00162,ISO27001-REF-A.5.16,1,ISO42001-REF-A.4.2,1,overlaps,bidirectional,Relación provisional basada en controles TCDX compartidos y estructura pública; no implica equivalencia jurídica ni certificatoria.,medium,draft,provisional,PROV:TCDX:BASELINE_CONTROLS:v1,XW-ISO_IEC_27001_2022-TO-ISO_IEC_42001_2023|ISO27001-REF-A.5.16|1|ISO42001-REF-A.4.2|1
XW-ISO_IEC_27001_2022-TO-ISO_IEC_42001_2023,XW-00163,ISO27001-REF-A.5.16,1,ISO42001-REF-A.5.3,1,overlaps,bidirectional,Relación provisional basada en controles TCDX compartidos y estructura pública; no implica equivalencia jurídica ni certificatoria.,medium,draft,provisional,PROV:TCDX:BASELINE_CONTROLS:v1,XW-ISO_IEC_27001_2022-TO-ISO_IEC_42001_2023|ISO27001-REF-A.5.16|1|ISO42001-REF-A.5.3|1
XW-ISO_IEC_27001_2022-TO-ISO_IEC_42001_2023,XW-00164,ISO27001-REF-A.5.16,1,ISO42001-REF-A.6.5,1,overlaps,bidirectional,Relación provisional basada en controles TCDX compartidos y estructura pública; no implica equivalencia jurídica ni certificatoria.,medium,draft,provisional,PROV:TCDX:BASELINE_CONTROLS:v1,XW-ISO_IEC_27001_2022-TO-ISO_IEC_42001_2023|ISO27001-REF-A.5.16|1|ISO42001-REF-A.6.5|1
XW-ISO_IEC_27001_2022-TO-ISO_IEC_42001_2023,XW-00165,ISO27001-REF-A.5.17,1,ISO42001-REF-A.4.2,1,overlaps,bidirectional,Relación provisional basada en controles TCDX compartidos y estructura pública; no implica equivalencia jurídica ni certificatoria.,medium,draft,provisional,PROV:TCDX:BASELINE_CONTROLS:v1,XW-ISO_IEC_27001_2022-TO-ISO_IEC_42001_2023|ISO27001-REF-A.5.17|1|ISO42001-REF-A.4.2|1
XW-ISO_IEC_27001_2022-TO-ISO_IEC_42001_2023,XW-00166,ISO27001-REF-A.5.17,1,ISO42001-REF-A.5.3,1,overlaps,bidirectional,Relación provisional basada en controles TCDX compartidos y estructura pública; no implica equivalencia jurídica ni certificatoria.,medium,draft,provisional,PROV:TCDX:BASELINE_CONTROLS:v1,XW-ISO_IEC_27001_2022-TO-ISO_IEC_42001_2023|ISO27001-REF-A.5.17|1|ISO42001-REF-A.5.3|1
XW-ISO_IEC_27001_2022-TO-ISO_IEC_42001_2023,XW-00167,ISO27001-REF-A.5.17,1,ISO42001-REF-A.6.5,1,overlaps,bidirectional,Relación provisional basada en controles TCDX compartidos y estructura pública; no implica equivalencia jurídica ni certificatoria.,medium,draft,provisional,PROV:TCDX:BASELINE_CONTROLS:v1,XW-ISO_IEC_27001_2022-TO-ISO_IEC_42001_2023|ISO27001-REF-A.5.17|1|ISO42001-REF-A.6.5|1
XW-ISO_IEC_27001_2022-TO-ISO_IEC_42001_2023,XW-00168,ISO27001-REF-A.5.18,1,ISO42001-REF-A.4.2,1,overlaps,bidirectional,Relación provisional basada en controles TCDX compartidos y estructura pública; no implica equivalencia jurídica ni certificatoria.,medium,draft,provisional,PROV:TCDX:BASELINE_CONTROLS:v1,XW-ISO_IEC_27001_2022-TO-ISO_IEC_42001_2023|ISO27001-REF-A.5.18|1|ISO42001-REF-A.4.2|1
XW-ISO_IEC_27001_2022-TO-ISO_IEC_42001_2023,XW-00169,ISO27001-REF-A.5.18,1,ISO42001-REF-A.5.3,1,overlaps,bidirectional,Relación provisional basada en controles TCDX compartidos y estructura pública; no implica equivalencia jurídica ni certificatoria.,medium,draft,provisional,PROV:TCDX:BASELINE_CONTROLS:v1,XW-ISO_IEC_27001_2022-TO-ISO_IEC_42001_2023|ISO27001-REF-A.5.18|1|ISO42001-REF-A.5.3|1
XW-ISO_IEC_27001_2022-TO-ISO_IEC_42001_2023,XW-00170,ISO27001-REF-A.5.18,1,ISO42001-REF-A.6.5,1,overlaps,bidirectional,Relación provisional basada en controles TCDX compartidos y estructura pública; no implica equivalencia jurídica ni certificatoria.,medium,draft,provisional,PROV:TCDX:BASELINE_CONTROLS:v1,XW-ISO_IEC_27001_2022-TO-ISO_IEC_42001_2023|ISO27001-REF-A.5.18|1|ISO42001-REF-A.6.5|1
XW-ISO_IEC_27001_2022-TO-ISO_IEC_42001_2023,XW-00171,ISO27001-REF-A.5.19,1,ISO42001-REF-A.4.2,1,overlaps,bidirectional,Relación provisional basada en controles TCDX compartidos y estructura pública; no implica equivalencia jurídica ni certificatoria.,medium,draft,provisional,PROV:TCDX:BASELINE_CONTROLS:v1,XW-ISO_IEC_27001_2022-TO-ISO_IEC_42001_2023|ISO27001-REF-A.5.19|1|ISO42001-REF-A.4.2|1
XW-ISO_IEC_27001_2022-TO-ISO_IEC_42001_2023,XW-00172,ISO27001-REF-A.5.19,1,ISO42001-REF-A.5.3,1,overlaps,bidirectional,Relación provisional basada en controles TCDX compartidos y estructura pública; no implica equivalencia jurídica ni certificatoria.,medium,draft,provisional,PROV:TCDX:BASELINE_CONTROLS:v1,XW-ISO_IEC_27001_2022-TO-ISO_IEC_42001_2023|ISO27001-REF-A.5.19|1|ISO42001-REF-A.5.3|1
XW-ISO_IEC_27001_2022-TO-ISO_IEC_42001_2023,XW-00173,ISO27001-REF-A.5.19,1,ISO42001-REF-A.6.5,1,overlaps,bidirectional,Relación provisional basada en controles TCDX compartidos y estructura pública; no implica equivalencia jurídica ni certificatoria.,medium,draft,provisional,PROV:TCDX:BASELINE_CONTROLS:v1,XW-ISO_IEC_27001_2022-TO-ISO_IEC_42001_2023|ISO27001-REF-A.5.19|1|ISO42001-REF-A.6.5|1
XW-ISO_IEC_27001_2022-TO-ISO_IEC_42001_2023,XW-00174,ISO27001-REF-A.5.20,1,ISO42001-REF-A.4.2,1,overlaps,bidirectional,Relación provisional basada en controles TCDX compartidos y estructura pública; no implica equivalencia jurídica ni certificatoria.,medium,draft,provisional,PROV:TCDX:BASELINE_CONTROLS:v1,XW-ISO_IEC_27001_2022-TO-ISO_IEC_42001_2023|ISO27001-REF-A.5.20|1|ISO42001-REF-A.4.2|1
XW-ISO_IEC_27001_2022-TO-ISO_IEC_42001_2023,XW-00175,ISO27001-REF-A.5.20,1,ISO42001-REF-A.5.3,1,overlaps,bidirectional,Relación provisional basada en controles TCDX compartidos y estructura pública; no implica equivalencia jurídica ni certificatoria.,medium,draft,provisional,PROV:TCDX:BASELINE_CONTROLS:v1,XW-ISO_IEC_27001_2022-TO-ISO_IEC_42001_2023|ISO27001-REF-A.5.20|1|ISO42001-REF-A.5.3|1
XW-ISO_IEC_27001_2022-TO-ISO_IEC_42001_2023,XW-00176,ISO27001-REF-A.5.20,1,ISO42001-REF-A.6.5,1,overlaps,bidirectional,Relación provisional basada en controles TCDX compartidos y estructura pública; no implica equivalencia jurídica ni certificatoria.,medium,draft,provisional,PROV:TCDX:BASELINE_CONTROLS:v1,XW-ISO_IEC_27001_2022-TO-ISO_IEC_42001_2023|ISO27001-REF-A.5.20|1|ISO42001-REF-A.6.5|1
XW-ISO_IEC_27001_2022-TO-ISO_IEC_42001_2023,XW-00177,ISO27001-REF-A.5.21,1,ISO42001-REF-A.4.2,1,overlaps,bidirectional,Relación provisional basada en controles TCDX compartidos y estructura pública; no implica equivalencia jurídica ni certificatoria.,medium,draft,provisional,PROV:TCDX:BASELINE_CONTROLS:v1,XW-ISO_IEC_27001_2022-TO-ISO_IEC_42001_2023|ISO27001-REF-A.5.21|1|ISO42001-REF-A.4.2|1
XW-ISO_IEC_27001_2022-TO-ISO_IEC_42001_2023,XW-00178,ISO27001-REF-A.5.21,1,ISO42001-REF-A.5.3,1,overlaps,bidirectional,Relación provisional basada en controles TCDX compartidos y estructura pública; no implica equivalencia jurídica ni certificatoria.,medium,draft,provisional,PROV:TCDX:BASELINE_CONTROLS:v1,XW-ISO_IEC_27001_2022-TO-ISO_IEC_42001_2023|ISO27001-REF-A.5.21|1|ISO42001-REF-A.5.3|1
XW-ISO_IEC_27001_2022-TO-ISO_IEC_42001_2023,XW-00179,ISO27001-REF-A.5.21,1,ISO42001-REF-A.6.5,1,overlaps,bidirectional,Relación provisional basada en controles TCDX compartidos y estructura pública; no implica equivalencia jurídica ni certificatoria.,medium,draft,provisional,PROV:TCDX:BASELINE_CONTROLS:v1,XW-ISO_IEC_27001_2022-TO-ISO_IEC_42001_2023|ISO27001-REF-A.5.21|1|ISO42001-REF-A.6.5|1
XW-ISO_IEC_27001_2022-TO-ISO_IEC_42001_2023,XW-00180,ISO27001-REF-A.5.22,1,ISO42001-REF-A.4.2,1,overlaps,bidirectional,Relación provisional basada en controles TCDX compartidos y estructura pública; no implica equivalencia jurídica ni certificatoria.,medium,draft,provisional,PROV:TCDX:BASELINE_CONTROLS:v1,XW-ISO_IEC_27001_2022-TO-ISO_IEC_42001_2023|ISO27001-REF-A.5.22|1|ISO42001-REF-A.4.2|1
XW-ISO_IEC_27001_2022-TO-ISO_IEC_42001_2023,XW-00181,ISO27001-REF-A.5.22,1,ISO42001-REF-A.5.3,1,overlaps,bidirectional,Relación provisional basada en controles TCDX compartidos y estructura pública; no implica equivalencia jurídica ni certificatoria.,medium,draft,provisional,PROV:TCDX:BASELINE_CONTROLS:v1,XW-ISO_IEC_27001_2022-TO-ISO_IEC_42001_2023|ISO27001-REF-A.5.22|1|ISO42001-REF-A.5.3|1
XW-ISO_IEC_27001_2022-TO-ISO_IEC_42001_2023,XW-00182,ISO27001-REF-A.5.22,1,ISO42001-REF-A.6.5,1,overlaps,bidirectional,Relación provisional basada en controles TCDX compartidos y estructura pública; no implica equivalencia jurídica ni certificatoria.,medium,draft,provisional,PROV:TCDX:BASELINE_CONTROLS:v1,XW-ISO_IEC_27001_2022-TO-ISO_IEC_42001_2023|ISO27001-REF-A.5.22|1|ISO42001-REF-A.6.5|1
XW-ISO_IEC_27001_2022-TO-ISO_IEC_42001_2023,XW-00183,ISO27001-REF-A.5.23,1,ISO42001-REF-A.4.2,1,overlaps,bidirectional,Relación provisional basada en controles TCDX compartidos y estructura pública; no implica equivalencia jurídica ni certificatoria.,medium,draft,provisional,PROV:TCDX:BASELINE_CONTROLS:v1,XW-ISO_IEC_27001_2022-TO-ISO_IEC_42001_2023|ISO27001-REF-A.5.23|1|ISO42001-REF-A.4.2|1
XW-ISO_IEC_27001_2022-TO-ISO_IEC_42001_2023,XW-00184,ISO27001-REF-A.5.23,1,ISO42001-REF-A.5.3,1,overlaps,bidirectional,Relación provisional basada en controles TCDX compartidos y estructura pública; no implica equivalencia jurídica ni certificatoria.,medium,draft,provisional,PROV:TCDX:BASELINE_CONTROLS:v1,XW-ISO_IEC_27001_2022-TO-ISO_IEC_42001_2023|ISO27001-REF-A.5.23|1|ISO42001-REF-A.5.3|1
XW-ISO_IEC_27001_2022-TO-ISO_IEC_42001_2023,XW-00185,ISO27001-REF-A.5.23,1,ISO42001-REF-A.6.5,1,overlaps,bidirectional,Relación provisional basada en controles TCDX compartidos y estructura pública; no implica equivalencia jurídica ni certificatoria.,medium,draft,provisional,PROV:TCDX:BASELINE_CONTROLS:v1,XW-ISO_IEC_27001_2022-TO-ISO_IEC_42001_2023|ISO27001-REF-A.5.23|1|ISO42001-REF-A.6.5|1
XW-ISO_IEC_27001_2022-TO-ISO_IEC_42001_2023,XW-00186,ISO27001-REF-A.5.24,1,ISO42001-REF-A.4.2,1,overlaps,bidirectional,Relación provisional basada en controles TCDX compartidos y estructura pública; no implica equivalencia jurídica ni certificatoria.,medium,draft,provisional,PROV:TCDX:BASELINE_CONTROLS:v1,XW-ISO_IEC_27001_2022-TO-ISO_IEC_42001_2023|ISO27001-REF-A.5.24|1|ISO42001-REF-A.4.2|1
XW-ISO_IEC_27001_2022-TO-ISO_IEC_42001_2023,XW-00187,ISO27001-REF-A.5.24,1,ISO42001-REF-A.5.3,1,overlaps,bidirectional,Relación provisional basada en controles TCDX compartidos y estructura pública; no implica equivalencia jurídica ni certificatoria.,medium,draft,provisional,PROV:TCDX:BASELINE_CONTROLS:v1,XW-ISO_IEC_27001_2022-TO-ISO_IEC_42001_2023|ISO27001-REF-A.5.24|1|ISO42001-REF-A.5.3|1
XW-ISO_IEC_27001_2022-TO-ISO_IEC_42001_2023,XW-00188,ISO27001-REF-A.5.24,1,ISO42001-REF-A.6.5,1,overlaps,bidirectional,Relación provisional basada en controles TCDX compartidos y estructura pública; no implica equivalencia jurídica ni certificatoria.,medium,draft,provisional,PROV:TCDX:BASELINE_CONTROLS:v1,XW-ISO_IEC_27001_2022-TO-ISO_IEC_42001_2023|ISO27001-REF-A.5.24|1|ISO42001-REF-A.6.5|1
XW-ISO_IEC_27001_2022-TO-ISO_IEC_42001_2023,XW-00189,ISO27001-REF-A.5.25,1,ISO42001-REF-A.4.2,1,overlaps,bidirectional,Relación provisional basada en controles TCDX compartidos y estructura pública; no implica equivalencia jurídica ni certificatoria.,medium,draft,provisional,PROV:TCDX:BASELINE_CONTROLS:v1,XW-ISO_IEC_27001_2022-TO-ISO_IEC_42001_2023|ISO27001-REF-A.5.25|1|ISO42001-REF-A.4.2|1
XW-ISO_IEC_27001_2022-TO-ISO_IEC_42001_2023,XW-00190,ISO27001-REF-A.5.25,1,ISO42001-REF-A.5.3,1,overlaps,bidirectional,Relación provisional basada en controles TCDX compartidos y estructura pública; no implica equivalencia jurídica ni certificatoria.,medium,draft,provisional,PROV:TCDX:BASELINE_CONTROLS:v1,XW-ISO_IEC_27001_2022-TO-ISO_IEC_42001_2023|ISO27001-REF-A.5.25|1|ISO42001-REF-A.5.3|1
XW-ISO_IEC_27001_2022-TO-ISO_IEC_42001_2023,XW-00191,ISO27001-REF-A.5.25,1,ISO42001-REF-A.6.5,1,overlaps,bidirectional,Relación provisional basada en controles TCDX compartidos y estructura pública; no implica equivalencia jurídica ni certificatoria.,medium,draft,provisional,PROV:TCDX:BASELINE_CONTROLS:v1,XW-ISO_IEC_27001_2022-TO-ISO_IEC_42001_2023|ISO27001-REF-A.5.25|1|ISO42001-REF-A.6.5|1
XW-ISO_IEC_27001_2022-TO-ISO_IEC_42001_2023,XW-00192,ISO27001-REF-A.5.26,1,ISO42001-REF-A.4.2,1,overlaps,bidirectional,Relación provisional basada en controles TCDX compartidos y estructura pública; no implica equivalencia jurídica ni certificatoria.,medium,draft,provisional,PROV:TCDX:BASELINE_CONTROLS:v1,XW-ISO_IEC_27001_2022-TO-ISO_IEC_42001_2023|ISO27001-REF-A.5.26|1|ISO42001-REF-A.4.2|1
XW-ISO_IEC_27001_2022-TO-ISO_IEC_42001_2023,XW-00193,ISO27001-REF-A.5.26,1,ISO42001-REF-A.5.3,1,overlaps,bidirectional,Relación provisional basada en controles TCDX compartidos y estructura pública; no implica equivalencia jurídica ni certificatoria.,medium,draft,provisional,PROV:TCDX:BASELINE_CONTROLS:v1,XW-ISO_IEC_27001_2022-TO-ISO_IEC_42001_2023|ISO27001-REF-A.5.26|1|ISO42001-REF-A.5.3|1
XW-ISO_IEC_27001_2022-TO-ISO_IEC_42001_2023,XW-00194,ISO27001-REF-A.5.26,1,ISO42001-REF-A.6.5,1,overlaps,bidirectional,Relación provisional basada en controles TCDX compartidos y estructura pública; no implica equivalencia jurídica ni certificatoria.,medium,draft,provisional,PROV:TCDX:BASELINE_CONTROLS:v1,XW-ISO_IEC_27001_2022-TO-ISO_IEC_42001_2023|ISO27001-REF-A.5.26|1|ISO42001-REF-A.6.5|1
XW-ISO_IEC_27001_2022-TO-ISO_IEC_42001_2023,XW-00195,ISO27001-REF-A.5.27,1,ISO42001-REF-A.4.2,1,overlaps,bidirectional,Relación provisional basada en controles TCDX compartidos y estructura pública; no implica equivalencia jurídica ni certificatoria.,medium,draft,provisional,PROV:TCDX:BASELINE_CONTROLS:v1,XW-ISO_IEC_27001_2022-TO-ISO_IEC_42001_2023|ISO27001-REF-A.5.27|1|ISO42001-REF-A.4.2|1
XW-ISO_IEC_27001_2022-TO-ISO_IEC_42001_2023,XW-00196,ISO27001-REF-A.5.27,1,ISO42001-REF-A.5.3,1,overlaps,bidirectional,Relación provisional basada en controles TCDX compartidos y estructura pública; no implica equivalencia jurídica ni certificatoria.,medium,draft,provisional,PROV:TCDX:BASELINE_CONTROLS:v1,XW-ISO_IEC_27001_2022-TO-ISO_IEC_42001_2023|ISO27001-REF-A.5.27|1|ISO42001-REF-A.5.3|1
XW-ISO_IEC_27001_2022-TO-ISO_IEC_42001_2023,XW-00197,ISO27001-REF-A.5.27,1,ISO42001-REF-A.6.5,1,overlaps,bidirectional,Relación provisional basada en controles TCDX compartidos y estructura pública; no implica equivalencia jurídica ni certificatoria.,medium,draft,provisional,PROV:TCDX:BASELINE_CONTROLS:v1,XW-ISO_IEC_27001_2022-TO-ISO_IEC_42001_2023|ISO27001-REF-A.5.27|1|ISO42001-REF-A.6.5|1
XW-ISO_IEC_27001_2022-TO-ISO_IEC_42001_2023,XW-00198,ISO27001-REF-A.5.28,1,ISO42001-REF-A.4.2,1,overlaps,bidirectional,Relación provisional basada en controles TCDX compartidos y estructura pública; no implica equivalencia jurídica ni certificatoria.,medium,draft,provisional,PROV:TCDX:BASELINE_CONTROLS:v1,XW-ISO_IEC_27001_2022-TO-ISO_IEC_42001_2023|ISO27001-REF-A.5.28|1|ISO42001-REF-A.4.2|1
XW-ISO_IEC_27001_2022-TO-ISO_IEC_42001_2023,XW-00199,ISO27001-REF-A.5.28,1,ISO42001-REF-A.5.3,1,overlaps,bidirectional,Relación provisional basada en controles TCDX compartidos y estructura pública; no implica equivalencia jurídica ni certificatoria.,medium,draft,provisional,PROV:TCDX:BASELINE_CONTROLS:v1,XW-ISO_IEC_27001_2022-TO-ISO_IEC_42001_2023|ISO27001-REF-A.5.28|1|ISO42001-REF-A.5.3|1
XW-ISO_IEC_27001_2022-TO-ISO_IEC_42001_2023,XW-00200,ISO27001-REF-A.5.28,1,ISO42001-REF-A.6.5,1,overlaps,bidirectional,Relación provisional basada en controles TCDX compartidos y estructura pública; no implica equivalencia jurídica ni certificatoria.,medium,draft,provisional,PROV:TCDX:BASELINE_CONTROLS:v1,XW-ISO_IEC_27001_2022-TO-ISO_IEC_42001_2023|ISO27001-REF-A.5.28|1|ISO42001-REF-A.6.5|1
XW-ISO_IEC_27001_2022-TO-ISO_IEC_42001_2023,XW-00201,ISO27001-REF-A.5.29,1,ISO42001-REF-A.4.2,1,overlaps,bidirectional,Relación provisional basada en controles TCDX compartidos y estructura pública; no implica equivalencia jurídica ni certificatoria.,medium,draft,provisional,PROV:TCDX:BASELINE_CONTROLS:v1,XW-ISO_IEC_27001_2022-TO-ISO_IEC_42001_2023|ISO27001-REF-A.5.29|1|ISO42001-REF-A.4.2|1
XW-ISO_IEC_27001_2022-TO-ISO_IEC_42001_2023,XW-00202,ISO27001-REF-A.5.29,1,ISO42001-REF-A.5.3,1,overlaps,bidirectional,Relación provisional basada en controles TCDX compartidos y estructura pública; no implica equivalencia jurídica ni certificatoria.,medium,draft,provisional,PROV:TCDX:BASELINE_CONTROLS:v1,XW-ISO_IEC_27001_2022-TO-ISO_IEC_42001_2023|ISO27001-REF-A.5.29|1|ISO42001-REF-A.5.3|1
XW-ISO_IEC_27001_2022-TO-ISO_IEC_42001_2023,XW-00203,ISO27001-REF-A.5.29,1,ISO42001-REF-A.6.5,1,overlaps,bidirectional,Relación provisional basada en controles TCDX compartidos y estructura pública; no implica equivalencia jurídica ni certificatoria.,medium,draft,provisional,PROV:TCDX:BASELINE_CONTROLS:v1,XW-ISO_IEC_27001_2022-TO-ISO_IEC_42001_2023|ISO27001-REF-A.5.29|1|ISO42001-REF-A.6.5|1
XW-ISO_IEC_27001_2022-TO-ISO_IEC_42001_2023,XW-00204,ISO27001-REF-A.5.30,1,ISO42001-REF-A.4.2,1,overlaps,bidirectional,Relación provisional basada en controles TCDX compartidos y estructura pública; no implica equivalencia jurídica ni certificatoria.,medium,draft,provisional,PROV:TCDX:BASELINE_CONTROLS:v1,XW-ISO_IEC_27001_2022-TO-ISO_IEC_42001_2023|ISO27001-REF-A.5.30|1|ISO42001-REF-A.4.2|1
XW-ISO_IEC_27001_2022-TO-ISO_IEC_42001_2023,XW-00205,ISO27001-REF-A.5.30,1,ISO42001-REF-A.5.3,1,overlaps,bidirectional,Relación provisional basada en controles TCDX compartidos y estructura pública; no implica equivalencia jurídica ni certificatoria.,medium,draft,provisional,PROV:TCDX:BASELINE_CONTROLS:v1,XW-ISO_IEC_27001_2022-TO-ISO_IEC_42001_2023|ISO27001-REF-A.5.30|1|ISO42001-REF-A.5.3|1
XW-ISO_IEC_27001_2022-TO-ISO_IEC_42001_2023,XW-00206,ISO27001-REF-A.5.30,1,ISO42001-REF-A.6.5,1,overlaps,bidirectional,Relación provisional basada en controles TCDX compartidos y estructura pública; no implica equivalencia jurídica ni certificatoria.,medium,draft,provisional,PROV:TCDX:BASELINE_CONTROLS:v1,XW-ISO_IEC_27001_2022-TO-ISO_IEC_42001_2023|ISO27001-REF-A.5.30|1|ISO42001-REF-A.6.5|1
XW-ISO_IEC_27001_2022-TO-ISO_IEC_42001_2023,XW-00207,ISO27001-REF-A.5.31,1,ISO42001-REF-A.4.2,1,overlaps,bidirectional,Relación provisional basada en controles TCDX compartidos y estructura pública; no implica equivalencia jurídica ni certificatoria.,medium,draft,provisional,PROV:TCDX:BASELINE_CONTROLS:v1,XW-ISO_IEC_27001_2022-TO-ISO_IEC_42001_2023|ISO27001-REF-A.5.31|1|ISO42001-REF-A.4.2|1
XW-ISO_IEC_27001_2022-TO-ISO_IEC_42001_2023,XW-00208,ISO27001-REF-A.5.31,1,ISO42001-REF-A.5.3,1,overlaps,bidirectional,Relación provisional basada en controles TCDX compartidos y estructura pública; no implica equivalencia jurídica ni certificatoria.,medium,draft,provisional,PROV:TCDX:BASELINE_CONTROLS:v1,XW-ISO_IEC_27001_2022-TO-ISO_IEC_42001_2023|ISO27001-REF-A.5.31|1|ISO42001-REF-A.5.3|1
XW-ISO_IEC_27001_2022-TO-ISO_IEC_42001_2023,XW-00209,ISO27001-REF-A.5.31,1,ISO42001-REF-A.6.5,1,overlaps,bidirectional,Relación provisional basada en controles TCDX compartidos y estructura pública; no implica equivalencia jurídica ni certificatoria.,medium,draft,provisional,PROV:TCDX:BASELINE_CONTROLS:v1,XW-ISO_IEC_27001_2022-TO-ISO_IEC_42001_2023|ISO27001-REF-A.5.31|1|ISO42001-REF-A.6.5|1
XW-ISO_IEC_27001_2022-TO-ISO_IEC_42001_2023,XW-00210,ISO27001-REF-A.5.32,1,ISO42001-REF-A.4.2,1,overlaps,bidirectional,Relación provisional basada en controles TCDX compartidos y estructura pública; no implica equivalencia jurídica ni certificatoria.,medium,draft,provisional,PROV:TCDX:BASELINE_CONTROLS:v1,XW-ISO_IEC_27001_2022-TO-ISO_IEC_42001_2023|ISO27001-REF-A.5.32|1|ISO42001-REF-A.4.2|1
XW-ISO_IEC_27001_2022-TO-ISO_IEC_42001_2023,XW-00211,ISO27001-REF-A.5.32,1,ISO42001-REF-A.5.3,1,overlaps,bidirectional,Relación provisional basada en controles TCDX compartidos y estructura pública; no implica equivalencia jurídica ni certificatoria.,medium,draft,provisional,PROV:TCDX:BASELINE_CONTROLS:v1,XW-ISO_IEC_27001_2022-TO-ISO_IEC_42001_2023|ISO27001-REF-A.5.32|1|ISO42001-REF-A.5.3|1
XW-ISO_IEC_27001_2022-TO-ISO_IEC_42001_2023,XW-00212,ISO27001-REF-A.5.32,1,ISO42001-REF-A.6.5,1,overlaps,bidirectional,Relación provisional basada en controles TCDX compartidos y estructura pública; no implica equivalencia jurídica ni certificatoria.,medium,draft,provisional,PROV:TCDX:BASELINE_CONTROLS:v1,XW-ISO_IEC_27001_2022-TO-ISO_IEC_42001_2023|ISO27001-REF-A.5.32|1|ISO42001-REF-A.6.5|1
XW-ISO_IEC_27001_2022-TO-ISO_IEC_42001_2023,XW-00213,ISO27001-REF-A.5.33,1,ISO42001-REF-A.4.2,1,overlaps,bidirectional,Relación provisional basada en controles TCDX compartidos y estructura pública; no implica equivalencia jurídica ni certificatoria.,medium,draft,provisional,PROV:TCDX:BASELINE_CONTROLS:v1,XW-ISO_IEC_27001_2022-TO-ISO_IEC_42001_2023|ISO27001-REF-A.5.33|1|ISO42001-REF-A.4.2|1
XW-ISO_IEC_27001_2022-TO-ISO_IEC_42001_2023,XW-00214,ISO27001-REF-A.5.33,1,ISO42001-REF-A.5.3,1,overlaps,bidirectional,Relación provisional basada en controles TCDX compartidos y estructura pública; no implica equivalencia jurídica ni certificatoria.,medium,draft,provisional,PROV:TCDX:BASELINE_CONTROLS:v1,XW-ISO_IEC_27001_2022-TO-ISO_IEC_42001_2023|ISO27001-REF-A.5.33|1|ISO42001-REF-A.5.3|1
XW-ISO_IEC_27001_2022-TO-ISO_IEC_42001_2023,XW-00215,ISO27001-REF-A.5.33,1,ISO42001-REF-A.6.5,1,overlaps,bidirectional,Relación provisional basada en controles TCDX compartidos y estructura pública; no implica equivalencia jurídica ni certificatoria.,medium,draft,provisional,PROV:TCDX:BASELINE_CONTROLS:v1,XW-ISO_IEC_27001_2022-TO-ISO_IEC_42001_2023|ISO27001-REF-A.5.33|1|ISO42001-REF-A.6.5|1
XW-ISO_IEC_27001_2022-TO-ISO_IEC_42001_2023,XW-00216,ISO27001-REF-A.5.34,1,ISO42001-REF-A.4.2,1,overlaps,bidirectional,Relación provisional basada en controles TCDX compartidos y estructura pública; no implica equivalencia jurídica ni certificatoria.,medium,draft,provisional,PROV:TCDX:BASELINE_CONTROLS:v1,XW-ISO_IEC_27001_2022-TO-ISO_IEC_42001_2023|ISO27001-REF-A.5.34|1|ISO42001-REF-A.4.2|1
XW-ISO_IEC_27001_2022-TO-ISO_IEC_42001_2023,XW-00217,ISO27001-REF-A.5.34,1,ISO42001-REF-A.5.3,1,overlaps,bidirectional,Relación provisional basada en controles TCDX compartidos y estructura pública; no implica equivalencia jurídica ni certificatoria.,medium,draft,provisional,PROV:TCDX:BASELINE_CONTROLS:v1,XW-ISO_IEC_27001_2022-TO-ISO_IEC_42001_2023|ISO27001-REF-A.5.34|1|ISO42001-REF-A.5.3|1
XW-ISO_IEC_27001_2022-TO-ISO_IEC_42001_2023,XW-00218,ISO27001-REF-A.5.34,1,ISO42001-REF-A.6.5,1,overlaps,bidirectional,Relación provisional basada en controles TCDX compartidos y estructura pública; no implica equivalencia jurídica ni certificatoria.,medium,draft,provisional,PROV:TCDX:BASELINE_CONTROLS:v1,XW-ISO_IEC_27001_2022-TO-ISO_IEC_42001_2023|ISO27001-REF-A.5.34|1|ISO42001-REF-A.6.5|1
XW-ISO_IEC_27001_2022-TO-ISO_IEC_42001_2023,XW-00219,ISO27001-REF-A.5.35,1,ISO42001-REF-A.4.2,1,overlaps,bidirectional,Relación provisional basada en controles TCDX compartidos y estructura pública; no implica equivalencia jurídica ni certificatoria.,medium,draft,provisional,PROV:TCDX:BASELINE_CONTROLS:v1,XW-ISO_IEC_27001_2022-TO-ISO_IEC_42001_2023|ISO27001-REF-A.5.35|1|ISO42001-REF-A.4.2|1
XW-ISO_IEC_27001_2022-TO-ISO_IEC_42001_2023,XW-00220,ISO27001-REF-A.5.35,1,ISO42001-REF-A.5.3,1,overlaps,bidirectional,Relación provisional basada en controles TCDX compartidos y estructura pública; no implica equivalencia jurídica ni certificatoria.,medium,draft,provisional,PROV:TCDX:BASELINE_CONTROLS:v1,XW-ISO_IEC_27001_2022-TO-ISO_IEC_42001_2023|ISO27001-REF-A.5.35|1|ISO42001-REF-A.5.3|1
XW-ISO_IEC_27001_2022-TO-ISO_IEC_42001_2023,XW-00221,ISO27001-REF-A.5.35,1,ISO42001-REF-A.6.5,1,overlaps,bidirectional,Relación provisional basada en controles TCDX compartidos y estructura pública; no implica equivalencia jurídica ni certificatoria.,medium,draft,provisional,PROV:TCDX:BASELINE_CONTROLS:v1,XW-ISO_IEC_27001_2022-TO-ISO_IEC_42001_2023|ISO27001-REF-A.5.35|1|ISO42001-REF-A.6.5|1
XW-ISO_IEC_27001_2022-TO-ISO_IEC_42001_2023,XW-00222,ISO27001-REF-A.5.36,1,ISO42001-REF-A.4.2,1,overlaps,bidirectional,Relación provisional basada en controles TCDX compartidos y estructura pública; no implica equivalencia jurídica ni certificatoria.,medium,draft,provisional,PROV:TCDX:BASELINE_CONTROLS:v1,XW-ISO_IEC_27001_2022-TO-ISO_IEC_42001_2023|ISO27001-REF-A.5.36|1|ISO42001-REF-A.4.2|1
XW-ISO_IEC_27001_2022-TO-ISO_IEC_42001_2023,XW-00223,ISO27001-REF-A.5.36,1,ISO42001-REF-A.5.3,1,overlaps,bidirectional,Relación provisional basada en controles TCDX compartidos y estructura pública; no implica equivalencia jurídica ni certificatoria.,medium,draft,provisional,PROV:TCDX:BASELINE_CONTROLS:v1,XW-ISO_IEC_27001_2022-TO-ISO_IEC_42001_2023|ISO27001-REF-A.5.36|1|ISO42001-REF-A.5.3|1
XW-ISO_IEC_27001_2022-TO-ISO_IEC_42001_2023,XW-00224,ISO27001-REF-A.5.36,1,ISO42001-REF-A.6.5,1,overlaps,bidirectional,Relación provisional basada en controles TCDX compartidos y estructura pública; no implica equivalencia jurídica ni certificatoria.,medium,draft,provisional,PROV:TCDX:BASELINE_CONTROLS:v1,XW-ISO_IEC_27001_2022-TO-ISO_IEC_42001_2023|ISO27001-REF-A.5.36|1|ISO42001-REF-A.6.5|1
XW-ISO_IEC_27001_2022-TO-ISO_IEC_42001_2023,XW-00225,ISO27001-REF-A.5.37,1,ISO42001-REF-A.4.2,1,overlaps,bidirectional,Relación provisional basada en controles TCDX compartidos y estructura pública; no implica equivalencia jurídica ni certificatoria.,medium,draft,provisional,PROV:TCDX:BASELINE_CONTROLS:v1,XW-ISO_IEC_27001_2022-TO-ISO_IEC_42001_2023|ISO27001-REF-A.5.37|1|ISO42001-REF-A.4.2|1
XW-ISO_IEC_27001_2022-TO-ISO_IEC_42001_2023,XW-00226,ISO27001-REF-A.5.37,1,ISO42001-REF-A.5.3,1,overlaps,bidirectional,Relación provisional basada en controles TCDX compartidos y estructura pública; no implica equivalencia jurídica ni certificatoria.,medium,draft,provisional,PROV:TCDX:BASELINE_CONTROLS:v1,XW-ISO_IEC_27001_2022-TO-ISO_IEC_42001_2023|ISO27001-REF-A.5.37|1|ISO42001-REF-A.5.3|1
XW-ISO_IEC_27001_2022-TO-ISO_IEC_42001_2023,XW-00227,ISO27001-REF-A.5.37,1,ISO42001-REF-A.6.5,1,overlaps,bidirectional,Relación provisional basada en controles TCDX compartidos y estructura pública; no implica equivalencia jurídica ni certificatoria.,medium,draft,provisional,PROV:TCDX:BASELINE_CONTROLS:v1,XW-ISO_IEC_27001_2022-TO-ISO_IEC_42001_2023|ISO27001-REF-A.5.37|1|ISO42001-REF-A.6.5|1
XW-ISO_IEC_27001_2022-TO-ISO_IEC_42001_2023,XW-00228,ISO27001-REF-A.6.1,1,ISO42001-REF-A.4.2,1,overlaps,bidirectional,Relación provisional basada en controles TCDX compartidos y estructura pública; no implica equivalencia jurídica ni certificatoria.,medium,draft,provisional,PROV:TCDX:BASELINE_CONTROLS:v1,XW-ISO_IEC_27001_2022-TO-ISO_IEC_42001_2023|ISO27001-REF-A.6.1|1|ISO42001-REF-A.4.2|1
XW-ISO_IEC_27001_2022-TO-ISO_IEC_42001_2023,XW-00229,ISO27001-REF-A.6.1,1,ISO42001-REF-A.5.3,1,overlaps,bidirectional,Relación provisional basada en controles TCDX compartidos y estructura pública; no implica equivalencia jurídica ni certificatoria.,medium,draft,provisional,PROV:TCDX:BASELINE_CONTROLS:v1,XW-ISO_IEC_27001_2022-TO-ISO_IEC_42001_2023|ISO27001-REF-A.6.1|1|ISO42001-REF-A.5.3|1
XW-ISO_IEC_27001_2022-TO-ISO_IEC_42001_2023,XW-00230,ISO27001-REF-A.6.1,1,ISO42001-REF-A.6.5,1,overlaps,bidirectional,Relación provisional basada en controles TCDX compartidos y estructura pública; no implica equivalencia jurídica ni certificatoria.,medium,draft,provisional,PROV:TCDX:BASELINE_CONTROLS:v1,XW-ISO_IEC_27001_2022-TO-ISO_IEC_42001_2023|ISO27001-REF-A.6.1|1|ISO42001-REF-A.6.5|1
XW-ISO_IEC_27001_2022-TO-ISO_IEC_42001_2023,XW-00231,ISO27001-REF-A.6.2,1,ISO42001-REF-A.4.2,1,overlaps,bidirectional,Relación provisional basada en controles TCDX compartidos y estructura pública; no implica equivalencia jurídica ni certificatoria.,medium,draft,provisional,PROV:TCDX:BASELINE_CONTROLS:v1,XW-ISO_IEC_27001_2022-TO-ISO_IEC_42001_2023|ISO27001-REF-A.6.2|1|ISO42001-REF-A.4.2|1
XW-ISO_IEC_27001_2022-TO-ISO_IEC_42001_2023,XW-00232,ISO27001-REF-A.6.2,1,ISO42001-REF-A.5.3,1,overlaps,bidirectional,Relación provisional basada en controles TCDX compartidos y estructura pública; no implica equivalencia jurídica ni certificatoria.,medium,draft,provisional,PROV:TCDX:BASELINE_CONTROLS:v1,XW-ISO_IEC_27001_2022-TO-ISO_IEC_42001_2023|ISO27001-REF-A.6.2|1|ISO42001-REF-A.5.3|1
XW-ISO_IEC_27001_2022-TO-ISO_IEC_42001_2023,XW-00233,ISO27001-REF-A.6.2,1,ISO42001-REF-A.6.5,1,overlaps,bidirectional,Relación provisional basada en controles TCDX compartidos y estructura pública; no implica equivalencia jurídica ni certificatoria.,medium,draft,provisional,PROV:TCDX:BASELINE_CONTROLS:v1,XW-ISO_IEC_27001_2022-TO-ISO_IEC_42001_2023|ISO27001-REF-A.6.2|1|ISO42001-REF-A.6.5|1
XW-ISO_IEC_27001_2022-TO-ISO_IEC_42001_2023,XW-00235,ISO27001-REF-A.6.3,1,ISO42001-REF-A.4.2,1,overlaps,bidirectional,Relación provisional basada en controles TCDX compartidos y estructura pública; no implica equivalencia jurídica ni certificatoria.,medium,draft,provisional,PROV:TCDX:BASELINE_CONTROLS:v1,XW-ISO_IEC_27001_2022-TO-ISO_IEC_42001_2023|ISO27001-REF-A.6.3|1|ISO42001-REF-A.4.2|1
XW-ISO_IEC_27001_2022-TO-ISO_IEC_42001_2023,XW-00236,ISO27001-REF-A.6.3,1,ISO42001-REF-A.5.3,1,overlaps,bidirectional,Relación provisional basada en controles TCDX compartidos y estructura pública; no implica equivalencia jurídica ni certificatoria.,medium,draft,provisional,PROV:TCDX:BASELINE_CONTROLS:v1,XW-ISO_IEC_27001_2022-TO-ISO_IEC_42001_2023|ISO27001-REF-A.6.3|1|ISO42001-REF-A.5.3|1
XW-ISO_IEC_27001_2022-TO-ISO_IEC_42001_2023,XW-00237,ISO27001-REF-A.6.4,1,ISO42001-REF-A.4.2,1,overlaps,bidirectional,Relación provisional basada en controles TCDX compartidos y estructura pública; no implica equivalencia jurídica ni certificatoria.,medium,draft,provisional,PROV:TCDX:BASELINE_CONTROLS:v1,XW-ISO_IEC_27001_2022-TO-ISO_IEC_42001_2023|ISO27001-REF-A.6.4|1|ISO42001-REF-A.4.2|1
XW-ISO_IEC_27001_2022-TO-ISO_IEC_42001_2023,XW-00238,ISO27001-REF-A.6.4,1,ISO42001-REF-A.5.3,1,overlaps,bidirectional,Relación provisional basada en controles TCDX compartidos y estructura pública; no implica equivalencia jurídica ni certificatoria.,medium,draft,provisional,PROV:TCDX:BASELINE_CONTROLS:v1,XW-ISO_IEC_27001_2022-TO-ISO_IEC_42001_2023|ISO27001-REF-A.6.4|1|ISO42001-REF-A.5.3|1
XW-ISO_IEC_27001_2022-TO-ISO_IEC_42001_2023,XW-00239,ISO27001-REF-A.6.4,1,ISO42001-REF-A.6.5,1,overlaps,bidirectional,Relación provisional basada en controles TCDX compartidos y estructura pública; no implica equivalencia jurídica ni certificatoria.,medium,draft,provisional,PROV:TCDX:BASELINE_CONTROLS:v1,XW-ISO_IEC_27001_2022-TO-ISO_IEC_42001_2023|ISO27001-REF-A.6.4|1|ISO42001-REF-A.6.5|1
XW-ISO_IEC_27001_2022-TO-ISO_IEC_42001_2023,XW-00240,ISO27001-REF-A.6.5,1,ISO42001-REF-A.3.2,1,overlaps,bidirectional,Relación provisional basada en controles TCDX compartidos y estructura pública; no implica equivalencia jurídica ni certificatoria.,medium,draft,provisional,PROV:TCDX:BASELINE_CONTROLS:v1,XW-ISO_IEC_27001_2022-TO-ISO_IEC_42001_2023|ISO27001-REF-A.6.5|1|ISO42001-REF-A.3.2|1
XW-ISO_IEC_27001_2022-TO-ISO_IEC_42001_2023,XW-00241,ISO27001-REF-A.6.5,1,ISO42001-REF-A.4.2,1,overlaps,bidirectional,Relación provisional basada en controles TCDX compartidos y estructura pública; no implica equivalencia jurídica ni certificatoria.,medium,draft,provisional,PROV:TCDX:BASELINE_CONTROLS:v1,XW-ISO_IEC_27001_2022-TO-ISO_IEC_42001_2023|ISO27001-REF-A.6.5|1|ISO42001-REF-A.4.2|1
XW-ISO_IEC_27001_2022-TO-ISO_IEC_42001_2023,XW-00242,ISO27001-REF-A.6.5,1,ISO42001-REF-A.5.3,1,overlaps,bidirectional,Relación provisional basada en controles TCDX compartidos y estructura pública; no implica equivalencia jurídica ni certificatoria.,medium,draft,provisional,PROV:TCDX:BASELINE_CONTROLS:v1,XW-ISO_IEC_27001_2022-TO-ISO_IEC_42001_2023|ISO27001-REF-A.6.5|1|ISO42001-REF-A.5.3|1
XW-ISO_IEC_27001_2022-TO-ISO_IEC_42001_2023,XW-00243,ISO27001-REF-A.6.6,1,ISO42001-REF-A.3.3,1,overlaps,bidirectional,Relación provisional basada en controles TCDX compartidos y estructura pública; no implica equivalencia jurídica ni certificatoria.,medium,draft,provisional,PROV:TCDX:BASELINE_CONTROLS:v1,XW-ISO_IEC_27001_2022-TO-ISO_IEC_42001_2023|ISO27001-REF-A.6.6|1|ISO42001-REF-A.3.3|1
XW-ISO_IEC_27001_2022-TO-ISO_IEC_42001_2023,XW-00244,ISO27001-REF-A.6.6,1,ISO42001-REF-A.4.2,1,overlaps,bidirectional,Relación provisional basada en controles TCDX compartidos y estructura pública; no implica equivalencia jurídica ni certificatoria.,medium,draft,provisional,PROV:TCDX:BASELINE_CONTROLS:v1,XW-ISO_IEC_27001_2022-TO-ISO_IEC_42001_2023|ISO27001-REF-A.6.6|1|ISO42001-REF-A.4.2|1
XW-ISO_IEC_27001_2022-TO-ISO_IEC_42001_2023,XW-00245,ISO27001-REF-A.6.6,1,ISO42001-REF-A.4.3,1,overlaps,bidirectional,Relación provisional basada en controles TCDX compartidos y estructura pública; no implica equivalencia jurídica ni certificatoria.,medium,draft,provisional,PROV:TCDX:BASELINE_CONTROLS:v1,XW-ISO_IEC_27001_2022-TO-ISO_IEC_42001_2023|ISO27001-REF-A.6.6|1|ISO42001-REF-A.4.3|1
XW-ISO_IEC_27001_2022-TO-ISO_IEC_42001_2023,XW-00246,ISO27001-REF-A.6.7,1,ISO42001-REF-A.4.2,1,overlaps,bidirectional,Relación provisional basada en controles TCDX compartidos y estructura pública; no implica equivalencia jurídica ni certificatoria.,medium,draft,provisional,PROV:TCDX:BASELINE_CONTROLS:v1,XW-ISO_IEC_27001_2022-TO-ISO_IEC_42001_2023|ISO27001-REF-A.6.7|1|ISO42001-REF-A.4.2|1
XW-ISO_IEC_27001_2022-TO-ISO_IEC_42001_2023,XW-00247,ISO27001-REF-A.6.7,1,ISO42001-REF-A.5.3,1,overlaps,bidirectional,Relación provisional basada en controles TCDX compartidos y estructura pública; no implica equivalencia jurídica ni certificatoria.,medium,draft,provisional,PROV:TCDX:BASELINE_CONTROLS:v1,XW-ISO_IEC_27001_2022-TO-ISO_IEC_42001_2023|ISO27001-REF-A.6.7|1|ISO42001-REF-A.5.3|1
XW-ISO_IEC_27001_2022-TO-ISO_IEC_42001_2023,XW-00248,ISO27001-REF-A.6.7,1,ISO42001-REF-A.6.5,1,overlaps,bidirectional,Relación provisional basada en controles TCDX compartidos y estructura pública; no implica equivalencia jurídica ni certificatoria.,medium,draft,provisional,PROV:TCDX:BASELINE_CONTROLS:v1,XW-ISO_IEC_27001_2022-TO-ISO_IEC_42001_2023|ISO27001-REF-A.6.7|1|ISO42001-REF-A.6.5|1
XW-ISO_IEC_27001_2022-TO-ISO_IEC_42001_2023,XW-00249,ISO27001-REF-A.6.8,1,ISO42001-REF-A.4.2,1,overlaps,bidirectional,Relación provisional basada en controles TCDX compartidos y estructura pública; no implica equivalencia jurídica ni certificatoria.,medium,draft,provisional,PROV:TCDX:BASELINE_CONTROLS:v1,XW-ISO_IEC_27001_2022-TO-ISO_IEC_42001_2023|ISO27001-REF-A.6.8|1|ISO42001-REF-A.4.2|1
XW-ISO_IEC_27001_2022-TO-ISO_IEC_42001_2023,XW-00250,ISO27001-REF-A.6.8,1,ISO42001-REF-A.5.3,1,overlaps,bidirectional,Relación provisional basada en controles TCDX compartidos y estructura pública; no implica equivalencia jurídica ni certificatoria.,medium,draft,provisional,PROV:TCDX:BASELINE_CONTROLS:v1,XW-ISO_IEC_27001_2022-TO-ISO_IEC_42001_2023|ISO27001-REF-A.6.8|1|ISO42001-REF-A.5.3|1
XW-ISO_IEC_27001_2022-TO-ISO_IEC_42001_2023,XW-00251,ISO27001-REF-A.6.8,1,ISO42001-REF-A.6.5,1,overlaps,bidirectional,Relación provisional basada en controles TCDX compartidos y estructura pública; no implica equivalencia jurídica ni certificatoria.,medium,draft,provisional,PROV:TCDX:BASELINE_CONTROLS:v1,XW-ISO_IEC_27001_2022-TO-ISO_IEC_42001_2023|ISO27001-REF-A.6.8|1|ISO42001-REF-A.6.5|1
XW-ISO_IEC_27001_2022-TO-ISO_IEC_42001_2023,XW-00252,ISO27001-REF-A.7.1,1,ISO42001-REF-A.4.2,1,overlaps,bidirectional,Relación provisional basada en controles TCDX compartidos y estructura pública; no implica equivalencia jurídica ni certificatoria.,medium,draft,provisional,PROV:TCDX:BASELINE_CONTROLS:v1,XW-ISO_IEC_27001_2022-TO-ISO_IEC_42001_2023|ISO27001-REF-A.7.1|1|ISO42001-REF-A.4.2|1
XW-ISO_IEC_27001_2022-TO-ISO_IEC_42001_2023,XW-00253,ISO27001-REF-A.7.1,1,ISO42001-REF-A.5.3,1,overlaps,bidirectional,Relación provisional basada en controles TCDX compartidos y estructura pública; no implica equivalencia jurídica ni certificatoria.,medium,draft,provisional,PROV:TCDX:BASELINE_CONTROLS:v1,XW-ISO_IEC_27001_2022-TO-ISO_IEC_42001_2023|ISO27001-REF-A.7.1|1|ISO42001-REF-A.5.3|1
XW-ISO_IEC_27001_2022-TO-ISO_IEC_42001_2023,XW-00254,ISO27001-REF-A.7.1,1,ISO42001-REF-A.6.5,1,overlaps,bidirectional,Relación provisional basada en controles TCDX compartidos y estructura pública; no implica equivalencia jurídica ni certificatoria.,medium,draft,provisional,PROV:TCDX:BASELINE_CONTROLS:v1,XW-ISO_IEC_27001_2022-TO-ISO_IEC_42001_2023|ISO27001-REF-A.7.1|1|ISO42001-REF-A.6.5|1
XW-ISO_IEC_27001_2022-TO-ISO_IEC_42001_2023,XW-00255,ISO27001-REF-A.7.2,1,ISO42001-REF-A.4.2,1,overlaps,bidirectional,Relación provisional basada en controles TCDX compartidos y estructura pública; no implica equivalencia jurídica ni certificatoria.,medium,draft,provisional,PROV:TCDX:BASELINE_CONTROLS:v1,XW-ISO_IEC_27001_2022-TO-ISO_IEC_42001_2023|ISO27001-REF-A.7.2|1|ISO42001-REF-A.4.2|1
XW-ISO_IEC_27001_2022-TO-ISO_IEC_42001_2023,XW-00256,ISO27001-REF-A.7.2,1,ISO42001-REF-A.5.3,1,overlaps,bidirectional,Relación provisional basada en controles TCDX compartidos y estructura pública; no implica equivalencia jurídica ni certificatoria.,medium,draft,provisional,PROV:TCDX:BASELINE_CONTROLS:v1,XW-ISO_IEC_27001_2022-TO-ISO_IEC_42001_2023|ISO27001-REF-A.7.2|1|ISO42001-REF-A.5.3|1
XW-ISO_IEC_27001_2022-TO-ISO_IEC_42001_2023,XW-00257,ISO27001-REF-A.7.2,1,ISO42001-REF-A.6.5,1,overlaps,bidirectional,Relación provisional basada en controles TCDX compartidos y estructura pública; no implica equivalencia jurídica ni certificatoria.,medium,draft,provisional,PROV:TCDX:BASELINE_CONTROLS:v1,XW-ISO_IEC_27001_2022-TO-ISO_IEC_42001_2023|ISO27001-REF-A.7.2|1|ISO42001-REF-A.6.5|1
XW-ISO_IEC_27001_2022-TO-ISO_IEC_42001_2023,XW-00258,ISO27001-REF-A.7.3,1,ISO42001-REF-A.4.2,1,overlaps,bidirectional,Relación provisional basada en controles TCDX compartidos y estructura pública; no implica equivalencia jurídica ni certificatoria.,medium,draft,provisional,PROV:TCDX:BASELINE_CONTROLS:v1,XW-ISO_IEC_27001_2022-TO-ISO_IEC_42001_2023|ISO27001-REF-A.7.3|1|ISO42001-REF-A.4.2|1
XW-ISO_IEC_27001_2022-TO-ISO_IEC_42001_2023,XW-00259,ISO27001-REF-A.7.3,1,ISO42001-REF-A.5.3,1,overlaps,bidirectional,Relación provisional basada en controles TCDX compartidos y estructura pública; no implica equivalencia jurídica ni certificatoria.,medium,draft,provisional,PROV:TCDX:BASELINE_CONTROLS:v1,XW-ISO_IEC_27001_2022-TO-ISO_IEC_42001_2023|ISO27001-REF-A.7.3|1|ISO42001-REF-A.5.3|1
XW-ISO_IEC_27001_2022-TO-ISO_IEC_42001_2023,XW-00260,ISO27001-REF-A.7.3,1,ISO42001-REF-A.6.5,1,overlaps,bidirectional,Relación provisional basada en controles TCDX compartidos y estructura pública; no implica equivalencia jurídica ni certificatoria.,medium,draft,provisional,PROV:TCDX:BASELINE_CONTROLS:v1,XW-ISO_IEC_27001_2022-TO-ISO_IEC_42001_2023|ISO27001-REF-A.7.3|1|ISO42001-REF-A.6.5|1
XW-ISO_IEC_27001_2022-TO-ISO_IEC_42001_2023,XW-00261,ISO27001-REF-A.7.4,1,ISO42001-REF-A.4.2,1,overlaps,bidirectional,Relación provisional basada en controles TCDX compartidos y estructura pública; no implica equivalencia jurídica ni certificatoria.,medium,draft,provisional,PROV:TCDX:BASELINE_CONTROLS:v1,XW-ISO_IEC_27001_2022-TO-ISO_IEC_42001_2023|ISO27001-REF-A.7.4|1|ISO42001-REF-A.4.2|1
XW-ISO_IEC_27001_2022-TO-ISO_IEC_42001_2023,XW-00262,ISO27001-REF-A.7.4,1,ISO42001-REF-A.5.3,1,overlaps,bidirectional,Relación provisional basada en controles TCDX compartidos y estructura pública; no implica equivalencia jurídica ni certificatoria.,medium,draft,provisional,PROV:TCDX:BASELINE_CONTROLS:v1,XW-ISO_IEC_27001_2022-TO-ISO_IEC_42001_2023|ISO27001-REF-A.7.4|1|ISO42001-REF-A.5.3|1
XW-ISO_IEC_27001_2022-TO-ISO_IEC_42001_2023,XW-00263,ISO27001-REF-A.7.4,1,ISO42001-REF-A.6.5,1,overlaps,bidirectional,Relación provisional basada en controles TCDX compartidos y estructura pública; no implica equivalencia jurídica ni certificatoria.,medium,draft,provisional,PROV:TCDX:BASELINE_CONTROLS:v1,XW-ISO_IEC_27001_2022-TO-ISO_IEC_42001_2023|ISO27001-REF-A.7.4|1|ISO42001-REF-A.6.5|1
XW-ISO_IEC_27001_2022-TO-ISO_IEC_42001_2023,XW-00264,ISO27001-REF-A.7.5,1,ISO42001-REF-A.4.2,1,overlaps,bidirectional,Relación provisional basada en controles TCDX compartidos y estructura pública; no implica equivalencia jurídica ni certificatoria.,medium,draft,provisional,PROV:TCDX:BASELINE_CONTROLS:v1,XW-ISO_IEC_27001_2022-TO-ISO_IEC_42001_2023|ISO27001-REF-A.7.5|1|ISO42001-REF-A.4.2|1
XW-ISO_IEC_27001_2022-TO-ISO_IEC_42001_2023,XW-00265,ISO27001-REF-A.7.5,1,ISO42001-REF-A.5.3,1,overlaps,bidirectional,Relación provisional basada en controles TCDX compartidos y estructura pública; no implica equivalencia jurídica ni certificatoria.,medium,draft,provisional,PROV:TCDX:BASELINE_CONTROLS:v1,XW-ISO_IEC_27001_2022-TO-ISO_IEC_42001_2023|ISO27001-REF-A.7.5|1|ISO42001-REF-A.5.3|1
XW-ISO_IEC_27001_2022-TO-ISO_IEC_42001_2023,XW-00266,ISO27001-REF-A.7.5,1,ISO42001-REF-A.6.5,1,overlaps,bidirectional,Relación provisional basada en controles TCDX compartidos y estructura pública; no implica equivalencia jurídica ni certificatoria.,medium,draft,provisional,PROV:TCDX:BASELINE_CONTROLS:v1,XW-ISO_IEC_27001_2022-TO-ISO_IEC_42001_2023|ISO27001-REF-A.7.5|1|ISO42001-REF-A.6.5|1
XW-ISO_IEC_27001_2022-TO-ISO_IEC_42001_2023,XW-00267,ISO27001-REF-A.7.6,1,ISO42001-REF-A.4.2,1,overlaps,bidirectional,Relación provisional basada en controles TCDX compartidos y estructura pública; no implica equivalencia jurídica ni certificatoria.,medium,draft,provisional,PROV:TCDX:BASELINE_CONTROLS:v1,XW-ISO_IEC_27001_2022-TO-ISO_IEC_42001_2023|ISO27001-REF-A.7.6|1|ISO42001-REF-A.4.2|1
XW-ISO_IEC_27001_2022-TO-ISO_IEC_42001_2023,XW-00268,ISO27001-REF-A.7.6,1,ISO42001-REF-A.5.3,1,overlaps,bidirectional,Relación provisional basada en controles TCDX compartidos y estructura pública; no implica equivalencia jurídica ni certificatoria.,medium,draft,provisional,PROV:TCDX:BASELINE_CONTROLS:v1,XW-ISO_IEC_27001_2022-TO-ISO_IEC_42001_2023|ISO27001-REF-A.7.6|1|ISO42001-REF-A.5.3|1
XW-ISO_IEC_27001_2022-TO-ISO_IEC_42001_2023,XW-00269,ISO27001-REF-A.7.6,1,ISO42001-REF-A.6.5,1,overlaps,bidirectional,Relación provisional basada en controles TCDX compartidos y estructura pública; no implica equivalencia jurídica ni certificatoria.,medium,draft,provisional,PROV:TCDX:BASELINE_CONTROLS:v1,XW-ISO_IEC_27001_2022-TO-ISO_IEC_42001_2023|ISO27001-REF-A.7.6|1|ISO42001-REF-A.6.5|1
XW-ISO_IEC_27001_2022-TO-ISO_IEC_42001_2023,XW-00270,ISO27001-REF-A.7.7,1,ISO42001-REF-A.3.3,1,overlaps,bidirectional,Relación provisional basada en controles TCDX compartidos y estructura pública; no implica equivalencia jurídica ni certificatoria.,medium,draft,provisional,PROV:TCDX:BASELINE_CONTROLS:v1,XW-ISO_IEC_27001_2022-TO-ISO_IEC_42001_2023|ISO27001-REF-A.7.7|1|ISO42001-REF-A.3.3|1
XW-ISO_IEC_27001_2022-TO-ISO_IEC_42001_2023,XW-00271,ISO27001-REF-A.7.7,1,ISO42001-REF-A.4.2,1,overlaps,bidirectional,Relación provisional basada en controles TCDX compartidos y estructura pública; no implica equivalencia jurídica ni certificatoria.,medium,draft,provisional,PROV:TCDX:BASELINE_CONTROLS:v1,XW-ISO_IEC_27001_2022-TO-ISO_IEC_42001_2023|ISO27001-REF-A.7.7|1|ISO42001-REF-A.4.2|1
XW-ISO_IEC_27001_2022-TO-ISO_IEC_42001_2023,XW-00272,ISO27001-REF-A.7.7,1,ISO42001-REF-A.4.3,1,overlaps,bidirectional,Relación provisional basada en controles TCDX compartidos y estructura pública; no implica equivalencia jurídica ni certificatoria.,medium,draft,provisional,PROV:TCDX:BASELINE_CONTROLS:v1,XW-ISO_IEC_27001_2022-TO-ISO_IEC_42001_2023|ISO27001-REF-A.7.7|1|ISO42001-REF-A.4.3|1
XW-ISO_IEC_27001_2022-TO-ISO_IEC_42001_2023,XW-00273,ISO27001-REF-A.7.8,1,ISO42001-REF-A.4.2,1,overlaps,bidirectional,Relación provisional basada en controles TCDX compartidos y estructura pública; no implica equivalencia jurídica ni certificatoria.,medium,draft,provisional,PROV:TCDX:BASELINE_CONTROLS:v1,XW-ISO_IEC_27001_2022-TO-ISO_IEC_42001_2023|ISO27001-REF-A.7.8|1|ISO42001-REF-A.4.2|1
XW-ISO_IEC_27001_2022-TO-ISO_IEC_42001_2023,XW-00274,ISO27001-REF-A.7.8,1,ISO42001-REF-A.5.3,1,overlaps,bidirectional,Relación provisional basada en controles TCDX compartidos y estructura pública; no implica equivalencia jurídica ni certificatoria.,medium,draft,provisional,PROV:TCDX:BASELINE_CONTROLS:v1,XW-ISO_IEC_27001_2022-TO-ISO_IEC_42001_2023|ISO27001-REF-A.7.8|1|ISO42001-REF-A.5.3|1
XW-ISO_IEC_27001_2022-TO-ISO_IEC_42001_2023,XW-00275,ISO27001-REF-A.7.8,1,ISO42001-REF-A.6.5,1,overlaps,bidirectional,Relación provisional basada en controles TCDX compartidos y estructura pública; no implica equivalencia jurídica ni certificatoria.,medium,draft,provisional,PROV:TCDX:BASELINE_CONTROLS:v1,XW-ISO_IEC_27001_2022-TO-ISO_IEC_42001_2023|ISO27001-REF-A.7.8|1|ISO42001-REF-A.6.5|1
XW-ISO_IEC_27001_2022-TO-ISO_IEC_42001_2023,XW-00276,ISO27001-REF-A.7.9,1,ISO42001-REF-A.4.2,1,overlaps,bidirectional,Relación provisional basada en controles TCDX compartidos y estructura pública; no implica equivalencia jurídica ni certificatoria.,medium,draft,provisional,PROV:TCDX:BASELINE_CONTROLS:v1,XW-ISO_IEC_27001_2022-TO-ISO_IEC_42001_2023|ISO27001-REF-A.7.9|1|ISO42001-REF-A.4.2|1
XW-ISO_IEC_27001_2022-TO-ISO_IEC_42001_2023,XW-00277,ISO27001-REF-A.7.9,1,ISO42001-REF-A.5.3,1,overlaps,bidirectional,Relación provisional basada en controles TCDX compartidos y estructura pública; no implica equivalencia jurídica ni certificatoria.,medium,draft,provisional,PROV:TCDX:BASELINE_CONTROLS:v1,XW-ISO_IEC_27001_2022-TO-ISO_IEC_42001_2023|ISO27001-REF-A.7.9|1|ISO42001-REF-A.5.3|1
XW-ISO_IEC_27001_2022-TO-ISO_IEC_42001_2023,XW-00278,ISO27001-REF-A.7.9,1,ISO42001-REF-A.6.5,1,overlaps,bidirectional,Relación provisional basada en controles TCDX compartidos y estructura pública; no implica equivalencia jurídica ni certificatoria.,medium,draft,provisional,PROV:TCDX:BASELINE_CONTROLS:v1,XW-ISO_IEC_27001_2022-TO-ISO_IEC_42001_2023|ISO27001-REF-A.7.9|1|ISO42001-REF-A.6.5|1
XW-ISO_IEC_27001_2022-TO-ISO_IEC_42001_2023,XW-00279,ISO27001-REF-A.7.10,1,ISO42001-REF-A.4.2,1,overlaps,bidirectional,Relación provisional basada en controles TCDX compartidos y estructura pública; no implica equivalencia jurídica ni certificatoria.,medium,draft,provisional,PROV:TCDX:BASELINE_CONTROLS:v1,XW-ISO_IEC_27001_2022-TO-ISO_IEC_42001_2023|ISO27001-REF-A.7.10|1|ISO42001-REF-A.4.2|1
XW-ISO_IEC_27001_2022-TO-ISO_IEC_42001_2023,XW-00280,ISO27001-REF-A.7.10,1,ISO42001-REF-A.5.3,1,overlaps,bidirectional,Relación provisional basada en controles TCDX compartidos y estructura pública; no implica equivalencia jurídica ni certificatoria.,medium,draft,provisional,PROV:TCDX:BASELINE_CONTROLS:v1,XW-ISO_IEC_27001_2022-TO-ISO_IEC_42001_2023|ISO27001-REF-A.7.10|1|ISO42001-REF-A.5.3|1
XW-ISO_IEC_27001_2022-TO-ISO_IEC_42001_2023,XW-00281,ISO27001-REF-A.7.10,1,ISO42001-REF-A.6.5,1,overlaps,bidirectional,Relación provisional basada en controles TCDX compartidos y estructura pública; no implica equivalencia jurídica ni certificatoria.,medium,draft,provisional,PROV:TCDX:BASELINE_CONTROLS:v1,XW-ISO_IEC_27001_2022-TO-ISO_IEC_42001_2023|ISO27001-REF-A.7.10|1|ISO42001-REF-A.6.5|1
XW-ISO_IEC_27001_2022-TO-ISO_IEC_42001_2023,XW-00282,ISO27001-REF-A.7.11,1,ISO42001-REF-A.4.2,1,overlaps,bidirectional,Relación provisional basada en controles TCDX compartidos y estructura pública; no implica equivalencia jurídica ni certificatoria.,medium,draft,provisional,PROV:TCDX:BASELINE_CONTROLS:v1,XW-ISO_IEC_27001_2022-TO-ISO_IEC_42001_2023|ISO27001-REF-A.7.11|1|ISO42001-REF-A.4.2|1
XW-ISO_IEC_27001_2022-TO-ISO_IEC_42001_2023,XW-00283,ISO27001-REF-A.7.11,1,ISO42001-REF-A.5.3,1,overlaps,bidirectional,Relación provisional basada en controles TCDX compartidos y estructura pública; no implica equivalencia jurídica ni certificatoria.,medium,draft,provisional,PROV:TCDX:BASELINE_CONTROLS:v1,XW-ISO_IEC_27001_2022-TO-ISO_IEC_42001_2023|ISO27001-REF-A.7.11|1|ISO42001-REF-A.5.3|1
XW-ISO_IEC_27001_2022-TO-ISO_IEC_42001_2023,XW-00284,ISO27001-REF-A.7.11,1,ISO42001-REF-A.6.5,1,overlaps,bidirectional,Relación provisional basada en controles TCDX compartidos y estructura pública; no implica equivalencia jurídica ni certificatoria.,medium,draft,provisional,PROV:TCDX:BASELINE_CONTROLS:v1,XW-ISO_IEC_27001_2022-TO-ISO_IEC_42001_2023|ISO27001-REF-A.7.11|1|ISO42001-REF-A.6.5|1
XW-ISO_IEC_27001_2022-TO-ISO_IEC_42001_2023,XW-00285,ISO27001-REF-A.7.12,1,ISO42001-REF-A.4.2,1,overlaps,bidirectional,Relación provisional basada en controles TCDX compartidos y estructura pública; no implica equivalencia jurídica ni certificatoria.,medium,draft,provisional,PROV:TCDX:BASELINE_CONTROLS:v1,XW-ISO_IEC_27001_2022-TO-ISO_IEC_42001_2023|ISO27001-REF-A.7.12|1|ISO42001-REF-A.4.2|1
XW-ISO_IEC_27001_2022-TO-ISO_IEC_42001_2023,XW-00286,ISO27001-REF-A.7.12,1,ISO42001-REF-A.5.3,1,overlaps,bidirectional,Relación provisional basada en controles TCDX compartidos y estructura pública; no implica equivalencia jurídica ni certificatoria.,medium,draft,provisional,PROV:TCDX:BASELINE_CONTROLS:v1,XW-ISO_IEC_27001_2022-TO-ISO_IEC_42001_2023|ISO27001-REF-A.7.12|1|ISO42001-REF-A.5.3|1
XW-ISO_IEC_27001_2022-TO-ISO_IEC_42001_2023,XW-00287,ISO27001-REF-A.7.12,1,ISO42001-REF-A.6.5,1,overlaps,bidirectional,Relación provisional basada en controles TCDX compartidos y estructura pública; no implica equivalencia jurídica ni certificatoria.,medium,draft,provisional,PROV:TCDX:BASELINE_CONTROLS:v1,XW-ISO_IEC_27001_2022-TO-ISO_IEC_42001_2023|ISO27001-REF-A.7.12|1|ISO42001-REF-A.6.5|1
XW-ISO_IEC_27001_2022-TO-ISO_IEC_42001_2023,XW-00288,ISO27001-REF-A.7.13,1,ISO42001-REF-A.4.2,1,overlaps,bidirectional,Relación provisional basada en controles TCDX compartidos y estructura pública; no implica equivalencia jurídica ni certificatoria.,medium,draft,provisional,PROV:TCDX:BASELINE_CONTROLS:v1,XW-ISO_IEC_27001_2022-TO-ISO_IEC_42001_2023|ISO27001-REF-A.7.13|1|ISO42001-REF-A.4.2|1
XW-ISO_IEC_27001_2022-TO-ISO_IEC_42001_2023,XW-00289,ISO27001-REF-A.7.13,1,ISO42001-REF-A.5.3,1,overlaps,bidirectional,Relación provisional basada en controles TCDX compartidos y estructura pública; no implica equivalencia jurídica ni certificatoria.,medium,draft,provisional,PROV:TCDX:BASELINE_CONTROLS:v1,XW-ISO_IEC_27001_2022-TO-ISO_IEC_42001_2023|ISO27001-REF-A.7.13|1|ISO42001-REF-A.5.3|1
XW-ISO_IEC_27001_2022-TO-ISO_IEC_42001_2023,XW-00290,ISO27001-REF-A.7.13,1,ISO42001-REF-A.6.5,1,overlaps,bidirectional,Relación provisional basada en controles TCDX compartidos y estructura pública; no implica equivalencia jurídica ni certificatoria.,medium,draft,provisional,PROV:TCDX:BASELINE_CONTROLS:v1,XW-ISO_IEC_27001_2022-TO-ISO_IEC_42001_2023|ISO27001-REF-A.7.13|1|ISO42001-REF-A.6.5|1
XW-ISO_IEC_27001_2022-TO-ISO_IEC_42001_2023,XW-00291,ISO27001-REF-A.7.14,1,ISO42001-REF-A.4.2,1,overlaps,bidirectional,Relación provisional basada en controles TCDX compartidos y estructura pública; no implica equivalencia jurídica ni certificatoria.,medium,draft,provisional,PROV:TCDX:BASELINE_CONTROLS:v1,XW-ISO_IEC_27001_2022-TO-ISO_IEC_42001_2023|ISO27001-REF-A.7.14|1|ISO42001-REF-A.4.2|1
XW-ISO_IEC_27001_2022-TO-ISO_IEC_42001_2023,XW-00292,ISO27001-REF-A.7.14,1,ISO42001-REF-A.5.3,1,overlaps,bidirectional,Relación provisional basada en controles TCDX compartidos y estructura pública; no implica equivalencia jurídica ni certificatoria.,medium,draft,provisional,PROV:TCDX:BASELINE_CONTROLS:v1,XW-ISO_IEC_27001_2022-TO-ISO_IEC_42001_2023|ISO27001-REF-A.7.14|1|ISO42001-REF-A.5.3|1
XW-ISO_IEC_27001_2022-TO-ISO_IEC_42001_2023,XW-00293,ISO27001-REF-A.7.14,1,ISO42001-REF-A.6.5,1,overlaps,bidirectional,Relación provisional basada en controles TCDX compartidos y estructura pública; no implica equivalencia jurídica ni certificatoria.,medium,draft,provisional,PROV:TCDX:BASELINE_CONTROLS:v1,XW-ISO_IEC_27001_2022-TO-ISO_IEC_42001_2023|ISO27001-REF-A.7.14|1|ISO42001-REF-A.6.5|1
XW-ISO_IEC_27001_2022-TO-ISO_IEC_42001_2023,XW-00294,ISO27001-REF-A.8.1,1,ISO42001-REF-A.4.2,1,overlaps,bidirectional,Relación provisional basada en controles TCDX compartidos y estructura pública; no implica equivalencia jurídica ni certificatoria.,medium,draft,provisional,PROV:TCDX:BASELINE_CONTROLS:v1,XW-ISO_IEC_27001_2022-TO-ISO_IEC_42001_2023|ISO27001-REF-A.8.1|1|ISO42001-REF-A.4.2|1
XW-ISO_IEC_27001_2022-TO-ISO_IEC_42001_2023,XW-00295,ISO27001-REF-A.8.1,1,ISO42001-REF-A.5.3,1,overlaps,bidirectional,Relación provisional basada en controles TCDX compartidos y estructura pública; no implica equivalencia jurídica ni certificatoria.,medium,draft,provisional,PROV:TCDX:BASELINE_CONTROLS:v1,XW-ISO_IEC_27001_2022-TO-ISO_IEC_42001_2023|ISO27001-REF-A.8.1|1|ISO42001-REF-A.5.3|1
XW-ISO_IEC_27001_2022-TO-ISO_IEC_42001_2023,XW-00296,ISO27001-REF-A.8.1,1,ISO42001-REF-A.6.5,1,overlaps,bidirectional,Relación provisional basada en controles TCDX compartidos y estructura pública; no implica equivalencia jurídica ni certificatoria.,medium,draft,provisional,PROV:TCDX:BASELINE_CONTROLS:v1,XW-ISO_IEC_27001_2022-TO-ISO_IEC_42001_2023|ISO27001-REF-A.8.1|1|ISO42001-REF-A.6.5|1
XW-ISO_IEC_27001_2022-TO-ISO_IEC_42001_2023,XW-00297,ISO27001-REF-A.8.2,1,ISO42001-REF-A.4.2,1,overlaps,bidirectional,Relación provisional basada en controles TCDX compartidos y estructura pública; no implica equivalencia jurídica ni certificatoria.,medium,draft,provisional,PROV:TCDX:BASELINE_CONTROLS:v1,XW-ISO_IEC_27001_2022-TO-ISO_IEC_42001_2023|ISO27001-REF-A.8.2|1|ISO42001-REF-A.4.2|1
XW-ISO_IEC_27001_2022-TO-ISO_IEC_42001_2023,XW-00298,ISO27001-REF-A.8.2,1,ISO42001-REF-A.5.3,1,overlaps,bidirectional,Relación provisional basada en controles TCDX compartidos y estructura pública; no implica equivalencia jurídica ni certificatoria.,medium,draft,provisional,PROV:TCDX:BASELINE_CONTROLS:v1,XW-ISO_IEC_27001_2022-TO-ISO_IEC_42001_2023|ISO27001-REF-A.8.2|1|ISO42001-REF-A.5.3|1
XW-ISO_IEC_27001_2022-TO-ISO_IEC_42001_2023,XW-00299,ISO27001-REF-A.8.2,1,ISO42001-REF-A.6.5,1,overlaps,bidirectional,Relación provisional basada en controles TCDX compartidos y estructura pública; no implica equivalencia jurídica ni certificatoria.,medium,draft,provisional,PROV:TCDX:BASELINE_CONTROLS:v1,XW-ISO_IEC_27001_2022-TO-ISO_IEC_42001_2023|ISO27001-REF-A.8.2|1|ISO42001-REF-A.6.5|1
XW-ISO_IEC_27001_2022-TO-ISO_IEC_42001_2023,XW-00300,ISO27001-REF-A.8.3,1,ISO42001-REF-A.4.2,1,overlaps,bidirectional,Relación provisional basada en controles TCDX compartidos y estructura pública; no implica equivalencia jurídica ni certificatoria.,medium,draft,provisional,PROV:TCDX:BASELINE_CONTROLS:v1,XW-ISO_IEC_27001_2022-TO-ISO_IEC_42001_2023|ISO27001-REF-A.8.3|1|ISO42001-REF-A.4.2|1
XW-ISO_IEC_27001_2022-TO-ISO_IEC_42001_2023,XW-00301,ISO27001-REF-A.8.3,1,ISO42001-REF-A.5.3,1,overlaps,bidirectional,Relación provisional basada en controles TCDX compartidos y estructura pública; no implica equivalencia jurídica ni certificatoria.,medium,draft,provisional,PROV:TCDX:BASELINE_CONTROLS:v1,XW-ISO_IEC_27001_2022-TO-ISO_IEC_42001_2023|ISO27001-REF-A.8.3|1|ISO42001-REF-A.5.3|1
XW-ISO_IEC_27001_2022-TO-ISO_IEC_42001_2023,XW-00302,ISO27001-REF-A.8.3,1,ISO42001-REF-A.6.5,1,overlaps,bidirectional,Relación provisional basada en controles TCDX compartidos y estructura pública; no implica equivalencia jurídica ni certificatoria.,medium,draft,provisional,PROV:TCDX:BASELINE_CONTROLS:v1,XW-ISO_IEC_27001_2022-TO-ISO_IEC_42001_2023|ISO27001-REF-A.8.3|1|ISO42001-REF-A.6.5|1
XW-ISO_IEC_27001_2022-TO-ISO_IEC_42001_2023,XW-00303,ISO27001-REF-A.8.4,1,ISO42001-REF-A.4.2,1,overlaps,bidirectional,Relación provisional basada en controles TCDX compartidos y estructura pública; no implica equivalencia jurídica ni certificatoria.,medium,draft,provisional,PROV:TCDX:BASELINE_CONTROLS:v1,XW-ISO_IEC_27001_2022-TO-ISO_IEC_42001_2023|ISO27001-REF-A.8.4|1|ISO42001-REF-A.4.2|1
XW-ISO_IEC_27001_2022-TO-ISO_IEC_42001_2023,XW-00304,ISO27001-REF-A.8.4,1,ISO42001-REF-A.5.3,1,overlaps,bidirectional,Relación provisional basada en controles TCDX compartidos y estructura pública; no implica equivalencia jurídica ni certificatoria.,medium,draft,provisional,PROV:TCDX:BASELINE_CONTROLS:v1,XW-ISO_IEC_27001_2022-TO-ISO_IEC_42001_2023|ISO27001-REF-A.8.4|1|ISO42001-REF-A.5.3|1
XW-ISO_IEC_27001_2022-TO-ISO_IEC_42001_2023,XW-00305,ISO27001-REF-A.8.4,1,ISO42001-REF-A.6.5,1,overlaps,bidirectional,Relación provisional basada en controles TCDX compartidos y estructura pública; no implica equivalencia jurídica ni certificatoria.,medium,draft,provisional,PROV:TCDX:BASELINE_CONTROLS:v1,XW-ISO_IEC_27001_2022-TO-ISO_IEC_42001_2023|ISO27001-REF-A.8.4|1|ISO42001-REF-A.6.5|1
XW-ISO_IEC_27001_2022-TO-ISO_IEC_42001_2023,XW-00306,ISO27001-REF-A.8.5,1,ISO42001-REF-A.4.2,1,overlaps,bidirectional,Relación provisional basada en controles TCDX compartidos y estructura pública; no implica equivalencia jurídica ni certificatoria.,medium,draft,provisional,PROV:TCDX:BASELINE_CONTROLS:v1,XW-ISO_IEC_27001_2022-TO-ISO_IEC_42001_2023|ISO27001-REF-A.8.5|1|ISO42001-REF-A.4.2|1
XW-ISO_IEC_27001_2022-TO-ISO_IEC_42001_2023,XW-00307,ISO27001-REF-A.8.5,1,ISO42001-REF-A.5.3,1,overlaps,bidirectional,Relación provisional basada en controles TCDX compartidos y estructura pública; no implica equivalencia jurídica ni certificatoria.,medium,draft,provisional,PROV:TCDX:BASELINE_CONTROLS:v1,XW-ISO_IEC_27001_2022-TO-ISO_IEC_42001_2023|ISO27001-REF-A.8.5|1|ISO42001-REF-A.5.3|1
XW-ISO_IEC_27001_2022-TO-ISO_IEC_42001_2023,XW-00308,ISO27001-REF-A.8.5,1,ISO42001-REF-A.6.5,1,overlaps,bidirectional,Relación provisional basada en controles TCDX compartidos y estructura pública; no implica equivalencia jurídica ni certificatoria.,medium,draft,provisional,PROV:TCDX:BASELINE_CONTROLS:v1,XW-ISO_IEC_27001_2022-TO-ISO_IEC_42001_2023|ISO27001-REF-A.8.5|1|ISO42001-REF-A.6.5|1
XW-ISO_IEC_27001_2022-TO-ISO_IEC_42001_2023,XW-00309,ISO27001-REF-A.8.6,1,ISO42001-REF-A.4.2,1,overlaps,bidirectional,Relación provisional basada en controles TCDX compartidos y estructura pública; no implica equivalencia jurídica ni certificatoria.,medium,draft,provisional,PROV:TCDX:BASELINE_CONTROLS:v1,XW-ISO_IEC_27001_2022-TO-ISO_IEC_42001_2023|ISO27001-REF-A.8.6|1|ISO42001-REF-A.4.2|1
XW-ISO_IEC_27001_2022-TO-ISO_IEC_42001_2023,XW-00310,ISO27001-REF-A.8.6,1,ISO42001-REF-A.5.3,1,overlaps,bidirectional,Relación provisional basada en controles TCDX compartidos y estructura pública; no implica equivalencia jurídica ni certificatoria.,medium,draft,provisional,PROV:TCDX:BASELINE_CONTROLS:v1,XW-ISO_IEC_27001_2022-TO-ISO_IEC_42001_2023|ISO27001-REF-A.8.6|1|ISO42001-REF-A.5.3|1
XW-ISO_IEC_27001_2022-TO-ISO_IEC_42001_2023,XW-00311,ISO27001-REF-A.8.6,1,ISO42001-REF-A.6.5,1,overlaps,bidirectional,Relación provisional basada en controles TCDX compartidos y estructura pública; no implica equivalencia jurídica ni certificatoria.,medium,draft,provisional,PROV:TCDX:BASELINE_CONTROLS:v1,XW-ISO_IEC_27001_2022-TO-ISO_IEC_42001_2023|ISO27001-REF-A.8.6|1|ISO42001-REF-A.6.5|1
XW-ISO_IEC_27001_2022-TO-ISO_IEC_42001_2023,XW-00312,ISO27001-REF-A.8.7,1,ISO42001-REF-A.4.2,1,overlaps,bidirectional,Relación provisional basada en controles TCDX compartidos y estructura pública; no implica equivalencia jurídica ni certificatoria.,medium,draft,provisional,PROV:TCDX:BASELINE_CONTROLS:v1,XW-ISO_IEC_27001_2022-TO-ISO_IEC_42001_2023|ISO27001-REF-A.8.7|1|ISO42001-REF-A.4.2|1
XW-ISO_IEC_27001_2022-TO-ISO_IEC_42001_2023,XW-00313,ISO27001-REF-A.8.7,1,ISO42001-REF-A.5.3,1,overlaps,bidirectional,Relación provisional basada en controles TCDX compartidos y estructura pública; no implica equivalencia jurídica ni certificatoria.,medium,draft,provisional,PROV:TCDX:BASELINE_CONTROLS:v1,XW-ISO_IEC_27001_2022-TO-ISO_IEC_42001_2023|ISO27001-REF-A.8.7|1|ISO42001-REF-A.5.3|1
XW-ISO_IEC_27001_2022-TO-ISO_IEC_42001_2023,XW-00314,ISO27001-REF-A.8.7,1,ISO42001-REF-A.6.5,1,overlaps,bidirectional,Relación provisional basada en controles TCDX compartidos y estructura pública; no implica equivalencia jurídica ni certificatoria.,medium,draft,provisional,PROV:TCDX:BASELINE_CONTROLS:v1,XW-ISO_IEC_27001_2022-TO-ISO_IEC_42001_2023|ISO27001-REF-A.8.7|1|ISO42001-REF-A.6.5|1
XW-ISO_IEC_27001_2022-TO-ISO_IEC_42001_2023,XW-00315,ISO27001-REF-A.8.8,1,ISO42001-REF-A.4.2,1,overlaps,bidirectional,Relación provisional basada en controles TCDX compartidos y estructura pública; no implica equivalencia jurídica ni certificatoria.,medium,draft,provisional,PROV:TCDX:BASELINE_CONTROLS:v1,XW-ISO_IEC_27001_2022-TO-ISO_IEC_42001_2023|ISO27001-REF-A.8.8|1|ISO42001-REF-A.4.2|1
XW-ISO_IEC_27001_2022-TO-ISO_IEC_42001_2023,XW-00316,ISO27001-REF-A.8.8,1,ISO42001-REF-A.5.3,1,overlaps,bidirectional,Relación provisional basada en controles TCDX compartidos y estructura pública; no implica equivalencia jurídica ni certificatoria.,medium,draft,provisional,PROV:TCDX:BASELINE_CONTROLS:v1,XW-ISO_IEC_27001_2022-TO-ISO_IEC_42001_2023|ISO27001-REF-A.8.8|1|ISO42001-REF-A.5.3|1
XW-ISO_IEC_27001_2022-TO-ISO_IEC_42001_2023,XW-00317,ISO27001-REF-A.8.8,1,ISO42001-REF-A.6.5,1,overlaps,bidirectional,Relación provisional basada en controles TCDX compartidos y estructura pública; no implica equivalencia jurídica ni certificatoria.,medium,draft,provisional,PROV:TCDX:BASELINE_CONTROLS:v1,XW-ISO_IEC_27001_2022-TO-ISO_IEC_42001_2023|ISO27001-REF-A.8.8|1|ISO42001-REF-A.6.5|1
XW-ISO_IEC_27001_2022-TO-ISO_IEC_42001_2023,XW-00318,ISO27001-REF-A.8.9,1,ISO42001-REF-A.4.2,1,overlaps,bidirectional,Relación provisional basada en controles TCDX compartidos y estructura pública; no implica equivalencia jurídica ni certificatoria.,medium,draft,provisional,PROV:TCDX:BASELINE_CONTROLS:v1,XW-ISO_IEC_27001_2022-TO-ISO_IEC_42001_2023|ISO27001-REF-A.8.9|1|ISO42001-REF-A.4.2|1
XW-ISO_IEC_27001_2022-TO-ISO_IEC_42001_2023,XW-00319,ISO27001-REF-A.8.9,1,ISO42001-REF-A.5.3,1,overlaps,bidirectional,Relación provisional basada en controles TCDX compartidos y estructura pública; no implica equivalencia jurídica ni certificatoria.,medium,draft,provisional,PROV:TCDX:BASELINE_CONTROLS:v1,XW-ISO_IEC_27001_2022-TO-ISO_IEC_42001_2023|ISO27001-REF-A.8.9|1|ISO42001-REF-A.5.3|1
XW-ISO_IEC_27001_2022-TO-ISO_IEC_42001_2023,XW-00320,ISO27001-REF-A.8.9,1,ISO42001-REF-A.6.5,1,overlaps,bidirectional,Relación provisional basada en controles TCDX compartidos y estructura pública; no implica equivalencia jurídica ni certificatoria.,medium,draft,provisional,PROV:TCDX:BASELINE_CONTROLS:v1,XW-ISO_IEC_27001_2022-TO-ISO_IEC_42001_2023|ISO27001-REF-A.8.9|1|ISO42001-REF-A.6.5|1
XW-ISO_IEC_27001_2022-TO-ISO_IEC_42001_2023,XW-00321,ISO27001-REF-A.8.10,1,ISO42001-REF-A.4.2,1,overlaps,bidirectional,Relación provisional basada en controles TCDX compartidos y estructura pública; no implica equivalencia jurídica ni certificatoria.,medium,draft,provisional,PROV:TCDX:BASELINE_CONTROLS:v1,XW-ISO_IEC_27001_2022-TO-ISO_IEC_42001_2023|ISO27001-REF-A.8.10|1|ISO42001-REF-A.4.2|1
XW-ISO_IEC_27001_2022-TO-ISO_IEC_42001_2023,XW-00322,ISO27001-REF-A.8.10,1,ISO42001-REF-A.5.3,1,overlaps,bidirectional,Relación provisional basada en controles TCDX compartidos y estructura pública; no implica equivalencia jurídica ni certificatoria.,medium,draft,provisional,PROV:TCDX:BASELINE_CONTROLS:v1,XW-ISO_IEC_27001_2022-TO-ISO_IEC_42001_2023|ISO27001-REF-A.8.10|1|ISO42001-REF-A.5.3|1
XW-ISO_IEC_27001_2022-TO-ISO_IEC_42001_2023,XW-00323,ISO27001-REF-A.8.10,1,ISO42001-REF-A.6.5,1,overlaps,bidirectional,Relación provisional basada en controles TCDX compartidos y estructura pública; no implica equivalencia jurídica ni certificatoria.,medium,draft,provisional,PROV:TCDX:BASELINE_CONTROLS:v1,XW-ISO_IEC_27001_2022-TO-ISO_IEC_42001_2023|ISO27001-REF-A.8.10|1|ISO42001-REF-A.6.5|1
XW-ISO_IEC_27001_2022-TO-ISO_IEC_42001_2023,XW-00324,ISO27001-REF-A.8.11,1,ISO42001-REF-A.4.2,1,overlaps,bidirectional,Relación provisional basada en controles TCDX compartidos y estructura pública; no implica equivalencia jurídica ni certificatoria.,medium,draft,provisional,PROV:TCDX:BASELINE_CONTROLS:v1,XW-ISO_IEC_27001_2022-TO-ISO_IEC_42001_2023|ISO27001-REF-A.8.11|1|ISO42001-REF-A.4.2|1
XW-ISO_IEC_27001_2022-TO-ISO_IEC_42001_2023,XW-00325,ISO27001-REF-A.8.11,1,ISO42001-REF-A.5.3,1,overlaps,bidirectional,Relación provisional basada en controles TCDX compartidos y estructura pública; no implica equivalencia jurídica ni certificatoria.,medium,draft,provisional,PROV:TCDX:BASELINE_CONTROLS:v1,XW-ISO_IEC_27001_2022-TO-ISO_IEC_42001_2023|ISO27001-REF-A.8.11|1|ISO42001-REF-A.5.3|1
XW-ISO_IEC_27001_2022-TO-ISO_IEC_42001_2023,XW-00326,ISO27001-REF-A.8.11,1,ISO42001-REF-A.6.5,1,overlaps,bidirectional,Relación provisional basada en controles TCDX compartidos y estructura pública; no implica equivalencia jurídica ni certificatoria.,medium,draft,provisional,PROV:TCDX:BASELINE_CONTROLS:v1,XW-ISO_IEC_27001_2022-TO-ISO_IEC_42001_2023|ISO27001-REF-A.8.11|1|ISO42001-REF-A.6.5|1
XW-ISO_IEC_27001_2022-TO-ISO_IEC_42001_2023,XW-00327,ISO27001-REF-A.8.12,1,ISO42001-REF-A.4.2,1,overlaps,bidirectional,Relación provisional basada en controles TCDX compartidos y estructura pública; no implica equivalencia jurídica ni certificatoria.,medium,draft,provisional,PROV:TCDX:BASELINE_CONTROLS:v1,XW-ISO_IEC_27001_2022-TO-ISO_IEC_42001_2023|ISO27001-REF-A.8.12|1|ISO42001-REF-A.4.2|1
XW-ISO_IEC_27001_2022-TO-ISO_IEC_42001_2023,XW-00328,ISO27001-REF-A.8.12,1,ISO42001-REF-A.5.3,1,overlaps,bidirectional,Relación provisional basada en controles TCDX compartidos y estructura pública; no implica equivalencia jurídica ni certificatoria.,medium,draft,provisional,PROV:TCDX:BASELINE_CONTROLS:v1,XW-ISO_IEC_27001_2022-TO-ISO_IEC_42001_2023|ISO27001-REF-A.8.12|1|ISO42001-REF-A.5.3|1
XW-ISO_IEC_27001_2022-TO-ISO_IEC_42001_2023,XW-00329,ISO27001-REF-A.8.12,1,ISO42001-REF-A.6.5,1,overlaps,bidirectional,Relación provisional basada en controles TCDX compartidos y estructura pública; no implica equivalencia jurídica ni certificatoria.,medium,draft,provisional,PROV:TCDX:BASELINE_CONTROLS:v1,XW-ISO_IEC_27001_2022-TO-ISO_IEC_42001_2023|ISO27001-REF-A.8.12|1|ISO42001-REF-A.6.5|1
XW-ISO_IEC_27001_2022-TO-ISO_IEC_42001_2023,XW-00330,ISO27001-REF-A.8.13,1,ISO42001-REF-A.4.2,1,overlaps,bidirectional,Relación provisional basada en controles TCDX compartidos y estructura pública; no implica equivalencia jurídica ni certificatoria.,medium,draft,provisional,PROV:TCDX:BASELINE_CONTROLS:v1,XW-ISO_IEC_27001_2022-TO-ISO_IEC_42001_2023|ISO27001-REF-A.8.13|1|ISO42001-REF-A.4.2|1
XW-ISO_IEC_27001_2022-TO-ISO_IEC_42001_2023,XW-00331,ISO27001-REF-A.8.13,1,ISO42001-REF-A.5.3,1,overlaps,bidirectional,Relación provisional basada en controles TCDX compartidos y estructura pública; no implica equivalencia jurídica ni certificatoria.,medium,draft,provisional,PROV:TCDX:BASELINE_CONTROLS:v1,XW-ISO_IEC_27001_2022-TO-ISO_IEC_42001_2023|ISO27001-REF-A.8.13|1|ISO42001-REF-A.5.3|1
XW-ISO_IEC_27001_2022-TO-ISO_IEC_42001_2023,XW-00332,ISO27001-REF-A.8.13,1,ISO42001-REF-A.6.5,1,overlaps,bidirectional,Relación provisional basada en controles TCDX compartidos y estructura pública; no implica equivalencia jurídica ni certificatoria.,medium,draft,provisional,PROV:TCDX:BASELINE_CONTROLS:v1,XW-ISO_IEC_27001_2022-TO-ISO_IEC_42001_2023|ISO27001-REF-A.8.13|1|ISO42001-REF-A.6.5|1
XW-ISO_IEC_27001_2022-TO-ISO_IEC_42001_2023,XW-00333,ISO27001-REF-A.8.14,1,ISO42001-REF-A.4.2,1,overlaps,bidirectional,Relación provisional basada en controles TCDX compartidos y estructura pública; no implica equivalencia jurídica ni certificatoria.,medium,draft,provisional,PROV:TCDX:BASELINE_CONTROLS:v1,XW-ISO_IEC_27001_2022-TO-ISO_IEC_42001_2023|ISO27001-REF-A.8.14|1|ISO42001-REF-A.4.2|1
XW-ISO_IEC_27001_2022-TO-ISO_IEC_42001_2023,XW-00334,ISO27001-REF-A.8.14,1,ISO42001-REF-A.5.3,1,overlaps,bidirectional,Relación provisional basada en controles TCDX compartidos y estructura pública; no implica equivalencia jurídica ni certificatoria.,medium,draft,provisional,PROV:TCDX:BASELINE_CONTROLS:v1,XW-ISO_IEC_27001_2022-TO-ISO_IEC_42001_2023|ISO27001-REF-A.8.14|1|ISO42001-REF-A.5.3|1
XW-ISO_IEC_27001_2022-TO-ISO_IEC_42001_2023,XW-00335,ISO27001-REF-A.8.14,1,ISO42001-REF-A.6.5,1,overlaps,bidirectional,Relación provisional basada en controles TCDX compartidos y estructura pública; no implica equivalencia jurídica ni certificatoria.,medium,draft,provisional,PROV:TCDX:BASELINE_CONTROLS:v1,XW-ISO_IEC_27001_2022-TO-ISO_IEC_42001_2023|ISO27001-REF-A.8.14|1|ISO42001-REF-A.6.5|1
XW-ISO_IEC_27001_2022-TO-ISO_IEC_42001_2023,XW-00336,ISO27001-REF-A.8.15,1,ISO42001-REF-A.4.2,1,overlaps,bidirectional,Relación provisional basada en controles TCDX compartidos y estructura pública; no implica equivalencia jurídica ni certificatoria.,medium,draft,provisional,PROV:TCDX:BASELINE_CONTROLS:v1,XW-ISO_IEC_27001_2022-TO-ISO_IEC_42001_2023|ISO27001-REF-A.8.15|1|ISO42001-REF-A.4.2|1
XW-ISO_IEC_27001_2022-TO-ISO_IEC_42001_2023,XW-00337,ISO27001-REF-A.8.15,1,ISO42001-REF-A.5.3,1,overlaps,bidirectional,Relación provisional basada en controles TCDX compartidos y estructura pública; no implica equivalencia jurídica ni certificatoria.,medium,draft,provisional,PROV:TCDX:BASELINE_CONTROLS:v1,XW-ISO_IEC_27001_2022-TO-ISO_IEC_42001_2023|ISO27001-REF-A.8.15|1|ISO42001-REF-A.5.3|1
XW-ISO_IEC_27001_2022-TO-ISO_IEC_42001_2023,XW-00338,ISO27001-REF-A.8.15,1,ISO42001-REF-A.6.5,1,overlaps,bidirectional,Relación provisional basada en controles TCDX compartidos y estructura pública; no implica equivalencia jurídica ni certificatoria.,medium,draft,provisional,PROV:TCDX:BASELINE_CONTROLS:v1,XW-ISO_IEC_27001_2022-TO-ISO_IEC_42001_2023|ISO27001-REF-A.8.15|1|ISO42001-REF-A.6.5|1
XW-ISO_IEC_27001_2022-TO-ISO_IEC_42001_2023,XW-00339,ISO27001-REF-A.8.16,1,ISO42001-REF-A.4.2,1,overlaps,bidirectional,Relación provisional basada en controles TCDX compartidos y estructura pública; no implica equivalencia jurídica ni certificatoria.,medium,draft,provisional,PROV:TCDX:BASELINE_CONTROLS:v1,XW-ISO_IEC_27001_2022-TO-ISO_IEC_42001_2023|ISO27001-REF-A.8.16|1|ISO42001-REF-A.4.2|1
XW-ISO_IEC_27001_2022-TO-ISO_IEC_42001_2023,XW-00340,ISO27001-REF-A.8.16,1,ISO42001-REF-A.5.3,1,overlaps,bidirectional,Relación provisional basada en controles TCDX compartidos y estructura pública; no implica equivalencia jurídica ni certificatoria.,medium,draft,provisional,PROV:TCDX:BASELINE_CONTROLS:v1,XW-ISO_IEC_27001_2022-TO-ISO_IEC_42001_2023|ISO27001-REF-A.8.16|1|ISO42001-REF-A.5.3|1
XW-ISO_IEC_27001_2022-TO-ISO_IEC_42001_2023,XW-00341,ISO27001-REF-A.8.16,1,ISO42001-REF-A.6.5,1,overlaps,bidirectional,Relación provisional basada en controles TCDX compartidos y estructura pública; no implica equivalencia jurídica ni certificatoria.,medium,draft,provisional,PROV:TCDX:BASELINE_CONTROLS:v1,XW-ISO_IEC_27001_2022-TO-ISO_IEC_42001_2023|ISO27001-REF-A.8.16|1|ISO42001-REF-A.6.5|1
XW-ISO_IEC_27001_2022-TO-ISO_IEC_42001_2023,XW-00342,ISO27001-REF-A.8.17,1,ISO42001-REF-A.4.2,1,overlaps,bidirectional,Relación provisional basada en controles TCDX compartidos y estructura pública; no implica equivalencia jurídica ni certificatoria.,medium,draft,provisional,PROV:TCDX:BASELINE_CONTROLS:v1,XW-ISO_IEC_27001_2022-TO-ISO_IEC_42001_2023|ISO27001-REF-A.8.17|1|ISO42001-REF-A.4.2|1
XW-ISO_IEC_27001_2022-TO-ISO_IEC_42001_2023,XW-00343,ISO27001-REF-A.8.17,1,ISO42001-REF-A.5.3,1,overlaps,bidirectional,Relación provisional basada en controles TCDX compartidos y estructura pública; no implica equivalencia jurídica ni certificatoria.,medium,draft,provisional,PROV:TCDX:BASELINE_CONTROLS:v1,XW-ISO_IEC_27001_2022-TO-ISO_IEC_42001_2023|ISO27001-REF-A.8.17|1|ISO42001-REF-A.5.3|1
XW-ISO_IEC_27001_2022-TO-ISO_IEC_42001_2023,XW-00344,ISO27001-REF-A.8.17,1,ISO42001-REF-A.6.5,1,overlaps,bidirectional,Relación provisional basada en controles TCDX compartidos y estructura pública; no implica equivalencia jurídica ni certificatoria.,medium,draft,provisional,PROV:TCDX:BASELINE_CONTROLS:v1,XW-ISO_IEC_27001_2022-TO-ISO_IEC_42001_2023|ISO27001-REF-A.8.17|1|ISO42001-REF-A.6.5|1
XW-ISO_IEC_27001_2022-TO-ISO_IEC_42001_2023,XW-00345,ISO27001-REF-A.8.18,1,ISO42001-REF-A.3.3,1,overlaps,bidirectional,Relación provisional basada en controles TCDX compartidos y estructura pública; no implica equivalencia jurídica ni certificatoria.,medium,draft,provisional,PROV:TCDX:BASELINE_CONTROLS:v1,XW-ISO_IEC_27001_2022-TO-ISO_IEC_42001_2023|ISO27001-REF-A.8.18|1|ISO42001-REF-A.3.3|1
XW-ISO_IEC_27001_2022-TO-ISO_IEC_42001_2023,XW-00346,ISO27001-REF-A.8.18,1,ISO42001-REF-A.4.2,1,overlaps,bidirectional,Relación provisional basada en controles TCDX compartidos y estructura pública; no implica equivalencia jurídica ni certificatoria.,medium,draft,provisional,PROV:TCDX:BASELINE_CONTROLS:v1,XW-ISO_IEC_27001_2022-TO-ISO_IEC_42001_2023|ISO27001-REF-A.8.18|1|ISO42001-REF-A.4.2|1
XW-ISO_IEC_27001_2022-TO-ISO_IEC_42001_2023,XW-00347,ISO27001-REF-A.8.18,1,ISO42001-REF-A.4.3,1,overlaps,bidirectional,Relación provisional basada en controles TCDX compartidos y estructura pública; no implica equivalencia jurídica ni certificatoria.,medium,draft,provisional,PROV:TCDX:BASELINE_CONTROLS:v1,XW-ISO_IEC_27001_2022-TO-ISO_IEC_42001_2023|ISO27001-REF-A.8.18|1|ISO42001-REF-A.4.3|1
XW-ISO_IEC_27001_2022-TO-ISO_IEC_42001_2023,XW-00348,ISO27001-REF-A.8.19,1,ISO42001-REF-A.4.2,1,overlaps,bidirectional,Relación provisional basada en controles TCDX compartidos y estructura pública; no implica equivalencia jurídica ni certificatoria.,medium,draft,provisional,PROV:TCDX:BASELINE_CONTROLS:v1,XW-ISO_IEC_27001_2022-TO-ISO_IEC_42001_2023|ISO27001-REF-A.8.19|1|ISO42001-REF-A.4.2|1
XW-ISO_IEC_27001_2022-TO-ISO_IEC_42001_2023,XW-00349,ISO27001-REF-A.8.19,1,ISO42001-REF-A.5.3,1,overlaps,bidirectional,Relación provisional basada en controles TCDX compartidos y estructura pública; no implica equivalencia jurídica ni certificatoria.,medium,draft,provisional,PROV:TCDX:BASELINE_CONTROLS:v1,XW-ISO_IEC_27001_2022-TO-ISO_IEC_42001_2023|ISO27001-REF-A.8.19|1|ISO42001-REF-A.5.3|1
XW-ISO_IEC_27001_2022-TO-ISO_IEC_42001_2023,XW-00350,ISO27001-REF-A.8.19,1,ISO42001-REF-A.6.5,1,overlaps,bidirectional,Relación provisional basada en controles TCDX compartidos y estructura pública; no implica equivalencia jurídica ni certificatoria.,medium,draft,provisional,PROV:TCDX:BASELINE_CONTROLS:v1,XW-ISO_IEC_27001_2022-TO-ISO_IEC_42001_2023|ISO27001-REF-A.8.19|1|ISO42001-REF-A.6.5|1
XW-ISO_IEC_27001_2022-TO-ISO_IEC_42001_2023,XW-00351,ISO27001-REF-A.8.20,1,ISO42001-REF-A.4.2,1,overlaps,bidirectional,Relación provisional basada en controles TCDX compartidos y estructura pública; no implica equivalencia jurídica ni certificatoria.,medium,draft,provisional,PROV:TCDX:BASELINE_CONTROLS:v1,XW-ISO_IEC_27001_2022-TO-ISO_IEC_42001_2023|ISO27001-REF-A.8.20|1|ISO42001-REF-A.4.2|1
XW-ISO_IEC_27001_2022-TO-ISO_IEC_42001_2023,XW-00352,ISO27001-REF-A.8.20,1,ISO42001-REF-A.5.3,1,overlaps,bidirectional,Relación provisional basada en controles TCDX compartidos y estructura pública; no implica equivalencia jurídica ni certificatoria.,medium,draft,provisional,PROV:TCDX:BASELINE_CONTROLS:v1,XW-ISO_IEC_27001_2022-TO-ISO_IEC_42001_2023|ISO27001-REF-A.8.20|1|ISO42001-REF-A.5.3|1
XW-ISO_IEC_27001_2022-TO-ISO_IEC_42001_2023,XW-00353,ISO27001-REF-A.8.20,1,ISO42001-REF-A.6.5,1,overlaps,bidirectional,Relación provisional basada en controles TCDX compartidos y estructura pública; no implica equivalencia jurídica ni certificatoria.,medium,draft,provisional,PROV:TCDX:BASELINE_CONTROLS:v1,XW-ISO_IEC_27001_2022-TO-ISO_IEC_42001_2023|ISO27001-REF-A.8.20|1|ISO42001-REF-A.6.5|1
XW-ISO_IEC_27001_2022-TO-ISO_IEC_42001_2023,XW-00354,ISO27001-REF-A.8.21,1,ISO42001-REF-A.4.2,1,overlaps,bidirectional,Relación provisional basada en controles TCDX compartidos y estructura pública; no implica equivalencia jurídica ni certificatoria.,medium,draft,provisional,PROV:TCDX:BASELINE_CONTROLS:v1,XW-ISO_IEC_27001_2022-TO-ISO_IEC_42001_2023|ISO27001-REF-A.8.21|1|ISO42001-REF-A.4.2|1
XW-ISO_IEC_27001_2022-TO-ISO_IEC_42001_2023,XW-00355,ISO27001-REF-A.8.21,1,ISO42001-REF-A.5.3,1,overlaps,bidirectional,Relación provisional basada en controles TCDX compartidos y estructura pública; no implica equivalencia jurídica ni certificatoria.,medium,draft,provisional,PROV:TCDX:BASELINE_CONTROLS:v1,XW-ISO_IEC_27001_2022-TO-ISO_IEC_42001_2023|ISO27001-REF-A.8.21|1|ISO42001-REF-A.5.3|1
XW-ISO_IEC_27001_2022-TO-ISO_IEC_42001_2023,XW-00356,ISO27001-REF-A.8.21,1,ISO42001-REF-A.6.5,1,overlaps,bidirectional,Relación provisional basada en controles TCDX compartidos y estructura pública; no implica equivalencia jurídica ni certificatoria.,medium,draft,provisional,PROV:TCDX:BASELINE_CONTROLS:v1,XW-ISO_IEC_27001_2022-TO-ISO_IEC_42001_2023|ISO27001-REF-A.8.21|1|ISO42001-REF-A.6.5|1
XW-ISO_IEC_27001_2022-TO-ISO_IEC_42001_2023,XW-00357,ISO27001-REF-A.8.22,1,ISO42001-REF-A.4.2,1,overlaps,bidirectional,Relación provisional basada en controles TCDX compartidos y estructura pública; no implica equivalencia jurídica ni certificatoria.,medium,draft,provisional,PROV:TCDX:BASELINE_CONTROLS:v1,XW-ISO_IEC_27001_2022-TO-ISO_IEC_42001_2023|ISO27001-REF-A.8.22|1|ISO42001-REF-A.4.2|1
XW-ISO_IEC_27001_2022-TO-ISO_IEC_42001_2023,XW-00358,ISO27001-REF-A.8.22,1,ISO42001-REF-A.5.3,1,overlaps,bidirectional,Relación provisional basada en controles TCDX compartidos y estructura pública; no implica equivalencia jurídica ni certificatoria.,medium,draft,provisional,PROV:TCDX:BASELINE_CONTROLS:v1,XW-ISO_IEC_27001_2022-TO-ISO_IEC_42001_2023|ISO27001-REF-A.8.22|1|ISO42001-REF-A.5.3|1
XW-ISO_IEC_27001_2022-TO-ISO_IEC_42001_2023,XW-00359,ISO27001-REF-A.8.22,1,ISO42001-REF-A.6.5,1,overlaps,bidirectional,Relación provisional basada en controles TCDX compartidos y estructura pública; no implica equivalencia jurídica ni certificatoria.,medium,draft,provisional,PROV:TCDX:BASELINE_CONTROLS:v1,XW-ISO_IEC_27001_2022-TO-ISO_IEC_42001_2023|ISO27001-REF-A.8.22|1|ISO42001-REF-A.6.5|1
XW-ISO_IEC_27001_2022-TO-ISO_IEC_42001_2023,XW-00360,ISO27001-REF-A.8.23,1,ISO42001-REF-A.4.2,1,overlaps,bidirectional,Relación provisional basada en controles TCDX compartidos y estructura pública; no implica equivalencia jurídica ni certificatoria.,medium,draft,provisional,PROV:TCDX:BASELINE_CONTROLS:v1,XW-ISO_IEC_27001_2022-TO-ISO_IEC_42001_2023|ISO27001-REF-A.8.23|1|ISO42001-REF-A.4.2|1
XW-ISO_IEC_27001_2022-TO-ISO_IEC_42001_2023,XW-00361,ISO27001-REF-A.8.23,1,ISO42001-REF-A.5.3,1,overlaps,bidirectional,Relación provisional basada en controles TCDX compartidos y estructura pública; no implica equivalencia jurídica ni certificatoria.,medium,draft,provisional,PROV:TCDX:BASELINE_CONTROLS:v1,XW-ISO_IEC_27001_2022-TO-ISO_IEC_42001_2023|ISO27001-REF-A.8.23|1|ISO42001-REF-A.5.3|1
XW-ISO_IEC_27001_2022-TO-ISO_IEC_42001_2023,XW-00362,ISO27001-REF-A.8.23,1,ISO42001-REF-A.6.5,1,overlaps,bidirectional,Relación provisional basada en controles TCDX compartidos y estructura pública; no implica equivalencia jurídica ni certificatoria.,medium,draft,provisional,PROV:TCDX:BASELINE_CONTROLS:v1,XW-ISO_IEC_27001_2022-TO-ISO_IEC_42001_2023|ISO27001-REF-A.8.23|1|ISO42001-REF-A.6.5|1
XW-ISO_IEC_27001_2022-TO-ISO_IEC_42001_2023,XW-00363,ISO27001-REF-A.8.24,1,ISO42001-REF-A.4.2,1,overlaps,bidirectional,Relación provisional basada en controles TCDX compartidos y estructura pública; no implica equivalencia jurídica ni certificatoria.,medium,draft,provisional,PROV:TCDX:BASELINE_CONTROLS:v1,XW-ISO_IEC_27001_2022-TO-ISO_IEC_42001_2023|ISO27001-REF-A.8.24|1|ISO42001-REF-A.4.2|1
XW-ISO_IEC_27001_2022-TO-ISO_IEC_42001_2023,XW-00364,ISO27001-REF-A.8.24,1,ISO42001-REF-A.5.3,1,overlaps,bidirectional,Relación provisional basada en controles TCDX compartidos y estructura pública; no implica equivalencia jurídica ni certificatoria.,medium,draft,provisional,PROV:TCDX:BASELINE_CONTROLS:v1,XW-ISO_IEC_27001_2022-TO-ISO_IEC_42001_2023|ISO27001-REF-A.8.24|1|ISO42001-REF-A.5.3|1
XW-ISO_IEC_27001_2022-TO-ISO_IEC_42001_2023,XW-00365,ISO27001-REF-A.8.24,1,ISO42001-REF-A.6.5,1,overlaps,bidirectional,Relación provisional basada en controles TCDX compartidos y estructura pública; no implica equivalencia jurídica ni certificatoria.,medium,draft,provisional,PROV:TCDX:BASELINE_CONTROLS:v1,XW-ISO_IEC_27001_2022-TO-ISO_IEC_42001_2023|ISO27001-REF-A.8.24|1|ISO42001-REF-A.6.5|1
XW-ISO_IEC_27001_2022-TO-ISO_IEC_42001_2023,XW-00366,ISO27001-REF-A.8.25,1,ISO42001-REF-A.4.2,1,overlaps,bidirectional,Relación provisional basada en controles TCDX compartidos y estructura pública; no implica equivalencia jurídica ni certificatoria.,medium,draft,provisional,PROV:TCDX:BASELINE_CONTROLS:v1,XW-ISO_IEC_27001_2022-TO-ISO_IEC_42001_2023|ISO27001-REF-A.8.25|1|ISO42001-REF-A.4.2|1
XW-ISO_IEC_27001_2022-TO-ISO_IEC_42001_2023,XW-00367,ISO27001-REF-A.8.25,1,ISO42001-REF-A.5.3,1,overlaps,bidirectional,Relación provisional basada en controles TCDX compartidos y estructura pública; no implica equivalencia jurídica ni certificatoria.,medium,draft,provisional,PROV:TCDX:BASELINE_CONTROLS:v1,XW-ISO_IEC_27001_2022-TO-ISO_IEC_42001_2023|ISO27001-REF-A.8.25|1|ISO42001-REF-A.5.3|1
XW-ISO_IEC_27001_2022-TO-ISO_IEC_42001_2023,XW-00368,ISO27001-REF-A.8.25,1,ISO42001-REF-A.6.5,1,overlaps,bidirectional,Relación provisional basada en controles TCDX compartidos y estructura pública; no implica equivalencia jurídica ni certificatoria.,medium,draft,provisional,PROV:TCDX:BASELINE_CONTROLS:v1,XW-ISO_IEC_27001_2022-TO-ISO_IEC_42001_2023|ISO27001-REF-A.8.25|1|ISO42001-REF-A.6.5|1
XW-ISO_IEC_27001_2022-TO-ISO_IEC_42001_2023,XW-00369,ISO27001-REF-A.8.26,1,ISO42001-REF-A.4.2,1,overlaps,bidirectional,Relación provisional basada en controles TCDX compartidos y estructura pública; no implica equivalencia jurídica ni certificatoria.,medium,draft,provisional,PROV:TCDX:BASELINE_CONTROLS:v1,XW-ISO_IEC_27001_2022-TO-ISO_IEC_42001_2023|ISO27001-REF-A.8.26|1|ISO42001-REF-A.4.2|1
XW-ISO_IEC_27001_2022-TO-ISO_IEC_42001_2023,XW-00370,ISO27001-REF-A.8.26,1,ISO42001-REF-A.5.3,1,overlaps,bidirectional,Relación provisional basada en controles TCDX compartidos y estructura pública; no implica equivalencia jurídica ni certificatoria.,medium,draft,provisional,PROV:TCDX:BASELINE_CONTROLS:v1,XW-ISO_IEC_27001_2022-TO-ISO_IEC_42001_2023|ISO27001-REF-A.8.26|1|ISO42001-REF-A.5.3|1
XW-ISO_IEC_27001_2022-TO-ISO_IEC_42001_2023,XW-00371,ISO27001-REF-A.8.26,1,ISO42001-REF-A.6.5,1,overlaps,bidirectional,Relación provisional basada en controles TCDX compartidos y estructura pública; no implica equivalencia jurídica ni certificatoria.,medium,draft,provisional,PROV:TCDX:BASELINE_CONTROLS:v1,XW-ISO_IEC_27001_2022-TO-ISO_IEC_42001_2023|ISO27001-REF-A.8.26|1|ISO42001-REF-A.6.5|1
XW-ISO_IEC_27001_2022-TO-ISO_IEC_42001_2023,XW-00372,ISO27001-REF-A.8.27,1,ISO42001-REF-A.4.2,1,overlaps,bidirectional,Relación provisional basada en controles TCDX compartidos y estructura pública; no implica equivalencia jurídica ni certificatoria.,medium,draft,provisional,PROV:TCDX:BASELINE_CONTROLS:v1,XW-ISO_IEC_27001_2022-TO-ISO_IEC_42001_2023|ISO27001-REF-A.8.27|1|ISO42001-REF-A.4.2|1
XW-ISO_IEC_27001_2022-TO-ISO_IEC_42001_2023,XW-00373,ISO27001-REF-A.8.27,1,ISO42001-REF-A.5.3,1,overlaps,bidirectional,Relación provisional basada en controles TCDX compartidos y estructura pública; no implica equivalencia jurídica ni certificatoria.,medium,draft,provisional,PROV:TCDX:BASELINE_CONTROLS:v1,XW-ISO_IEC_27001_2022-TO-ISO_IEC_42001_2023|ISO27001-REF-A.8.27|1|ISO42001-REF-A.5.3|1
XW-ISO_IEC_27001_2022-TO-ISO_IEC_42001_2023,XW-00374,ISO27001-REF-A.8.27,1,ISO42001-REF-A.6.5,1,overlaps,bidirectional,Relación provisional basada en controles TCDX compartidos y estructura pública; no implica equivalencia jurídica ni certificatoria.,medium,draft,provisional,PROV:TCDX:BASELINE_CONTROLS:v1,XW-ISO_IEC_27001_2022-TO-ISO_IEC_42001_2023|ISO27001-REF-A.8.27|1|ISO42001-REF-A.6.5|1
XW-ISO_IEC_27001_2022-TO-ISO_IEC_42001_2023,XW-00375,ISO27001-REF-A.8.28,1,ISO42001-REF-A.4.2,1,overlaps,bidirectional,Relación provisional basada en controles TCDX compartidos y estructura pública; no implica equivalencia jurídica ni certificatoria.,medium,draft,provisional,PROV:TCDX:BASELINE_CONTROLS:v1,XW-ISO_IEC_27001_2022-TO-ISO_IEC_42001_2023|ISO27001-REF-A.8.28|1|ISO42001-REF-A.4.2|1
XW-ISO_IEC_27001_2022-TO-ISO_IEC_42001_2023,XW-00376,ISO27001-REF-A.8.28,1,ISO42001-REF-A.5.3,1,overlaps,bidirectional,Relación provisional basada en controles TCDX compartidos y estructura pública; no implica equivalencia jurídica ni certificatoria.,medium,draft,provisional,PROV:TCDX:BASELINE_CONTROLS:v1,XW-ISO_IEC_27001_2022-TO-ISO_IEC_42001_2023|ISO27001-REF-A.8.28|1|ISO42001-REF-A.5.3|1
XW-ISO_IEC_27001_2022-TO-ISO_IEC_42001_2023,XW-00377,ISO27001-REF-A.8.28,1,ISO42001-REF-A.6.5,1,overlaps,bidirectional,Relación provisional basada en controles TCDX compartidos y estructura pública; no implica equivalencia jurídica ni certificatoria.,medium,draft,provisional,PROV:TCDX:BASELINE_CONTROLS:v1,XW-ISO_IEC_27001_2022-TO-ISO_IEC_42001_2023|ISO27001-REF-A.8.28|1|ISO42001-REF-A.6.5|1
XW-ISO_IEC_27001_2022-TO-ISO_IEC_42001_2023,XW-00378,ISO27001-REF-A.8.29,1,ISO42001-REF-A.4.2,1,overlaps,bidirectional,Relación provisional basada en controles TCDX compartidos y estructura pública; no implica equivalencia jurídica ni certificatoria.,medium,draft,provisional,PROV:TCDX:BASELINE_CONTROLS:v1,XW-ISO_IEC_27001_2022-TO-ISO_IEC_42001_2023|ISO27001-REF-A.8.29|1|ISO42001-REF-A.4.2|1
XW-ISO_IEC_27001_2022-TO-ISO_IEC_42001_2023,XW-00379,ISO27001-REF-A.8.29,1,ISO42001-REF-A.5.3,1,overlaps,bidirectional,Relación provisional basada en controles TCDX compartidos y estructura pública; no implica equivalencia jurídica ni certificatoria.,medium,draft,provisional,PROV:TCDX:BASELINE_CONTROLS:v1,XW-ISO_IEC_27001_2022-TO-ISO_IEC_42001_2023|ISO27001-REF-A.8.29|1|ISO42001-REF-A.5.3|1
XW-ISO_IEC_27001_2022-TO-ISO_IEC_42001_2023,XW-00380,ISO27001-REF-A.8.29,1,ISO42001-REF-A.6.5,1,overlaps,bidirectional,Relación provisional basada en controles TCDX compartidos y estructura pública; no implica equivalencia jurídica ni certificatoria.,medium,draft,provisional,PROV:TCDX:BASELINE_CONTROLS:v1,XW-ISO_IEC_27001_2022-TO-ISO_IEC_42001_2023|ISO27001-REF-A.8.29|1|ISO42001-REF-A.6.5|1
XW-ISO_IEC_27001_2022-TO-ISO_IEC_42001_2023,XW-00381,ISO27001-REF-A.8.30,1,ISO42001-REF-A.4.2,1,overlaps,bidirectional,Relación provisional basada en controles TCDX compartidos y estructura pública; no implica equivalencia jurídica ni certificatoria.,medium,draft,provisional,PROV:TCDX:BASELINE_CONTROLS:v1,XW-ISO_IEC_27001_2022-TO-ISO_IEC_42001_2023|ISO27001-REF-A.8.30|1|ISO42001-REF-A.4.2|1
XW-ISO_IEC_27001_2022-TO-ISO_IEC_42001_2023,XW-00382,ISO27001-REF-A.8.30,1,ISO42001-REF-A.5.3,1,overlaps,bidirectional,Relación provisional basada en controles TCDX compartidos y estructura pública; no implica equivalencia jurídica ni certificatoria.,medium,draft,provisional,PROV:TCDX:BASELINE_CONTROLS:v1,XW-ISO_IEC_27001_2022-TO-ISO_IEC_42001_2023|ISO27001-REF-A.8.30|1|ISO42001-REF-A.5.3|1
XW-ISO_IEC_27001_2022-TO-ISO_IEC_42001_2023,XW-00383,ISO27001-REF-A.8.30,1,ISO42001-REF-A.6.5,1,overlaps,bidirectional,Relación provisional basada en controles TCDX compartidos y estructura pública; no implica equivalencia jurídica ni certificatoria.,medium,draft,provisional,PROV:TCDX:BASELINE_CONTROLS:v1,XW-ISO_IEC_27001_2022-TO-ISO_IEC_42001_2023|ISO27001-REF-A.8.30|1|ISO42001-REF-A.6.5|1
XW-ISO_IEC_27001_2022-TO-ISO_IEC_42001_2023,XW-00384,ISO27001-REF-A.8.31,1,ISO42001-REF-A.4.2,1,overlaps,bidirectional,Relación provisional basada en controles TCDX compartidos y estructura pública; no implica equivalencia jurídica ni certificatoria.,medium,draft,provisional,PROV:TCDX:BASELINE_CONTROLS:v1,XW-ISO_IEC_27001_2022-TO-ISO_IEC_42001_2023|ISO27001-REF-A.8.31|1|ISO42001-REF-A.4.2|1
XW-ISO_IEC_27001_2022-TO-ISO_IEC_42001_2023,XW-00385,ISO27001-REF-A.8.31,1,ISO42001-REF-A.5.3,1,overlaps,bidirectional,Relación provisional basada en controles TCDX compartidos y estructura pública; no implica equivalencia jurídica ni certificatoria.,medium,draft,provisional,PROV:TCDX:BASELINE_CONTROLS:v1,XW-ISO_IEC_27001_2022-TO-ISO_IEC_42001_2023|ISO27001-REF-A.8.31|1|ISO42001-REF-A.5.3|1
XW-ISO_IEC_27001_2022-TO-ISO_IEC_42001_2023,XW-00386,ISO27001-REF-A.8.31,1,ISO42001-REF-A.6.5,1,overlaps,bidirectional,Relación provisional basada en controles TCDX compartidos y estructura pública; no implica equivalencia jurídica ni certificatoria.,medium,draft,provisional,PROV:TCDX:BASELINE_CONTROLS:v1,XW-ISO_IEC_27001_2022-TO-ISO_IEC_42001_2023|ISO27001-REF-A.8.31|1|ISO42001-REF-A.6.5|1
XW-ISO_IEC_27001_2022-TO-ISO_IEC_42001_2023,XW-00387,ISO27001-REF-A.8.32,1,ISO42001-REF-A.4.2,1,overlaps,bidirectional,Relación provisional basada en controles TCDX compartidos y estructura pública; no implica equivalencia jurídica ni certificatoria.,medium,draft,provisional,PROV:TCDX:BASELINE_CONTROLS:v1,XW-ISO_IEC_27001_2022-TO-ISO_IEC_42001_2023|ISO27001-REF-A.8.32|1|ISO42001-REF-A.4.2|1
XW-ISO_IEC_27001_2022-TO-ISO_IEC_42001_2023,XW-00388,ISO27001-REF-A.8.32,1,ISO42001-REF-A.5.3,1,overlaps,bidirectional,Relación provisional basada en controles TCDX compartidos y estructura pública; no implica equivalencia jurídica ni certificatoria.,medium,draft,provisional,PROV:TCDX:BASELINE_CONTROLS:v1,XW-ISO_IEC_27001_2022-TO-ISO_IEC_42001_2023|ISO27001-REF-A.8.32|1|ISO42001-REF-A.5.3|1
XW-ISO_IEC_27001_2022-TO-ISO_IEC_42001_2023,XW-00389,ISO27001-REF-A.8.32,1,ISO42001-REF-A.6.5,1,overlaps,bidirectional,Relación provisional basada en controles TCDX compartidos y estructura pública; no implica equivalencia jurídica ni certificatoria.,medium,draft,provisional,PROV:TCDX:BASELINE_CONTROLS:v1,XW-ISO_IEC_27001_2022-TO-ISO_IEC_42001_2023|ISO27001-REF-A.8.32|1|ISO42001-REF-A.6.5|1
XW-ISO_IEC_27001_2022-TO-ISO_IEC_42001_2023,XW-00390,ISO27001-REF-A.8.33,1,ISO42001-REF-A.4.2,1,overlaps,bidirectional,Relación provisional basada en controles TCDX compartidos y estructura pública; no implica equivalencia jurídica ni certificatoria.,medium,draft,provisional,PROV:TCDX:BASELINE_CONTROLS:v1,XW-ISO_IEC_27001_2022-TO-ISO_IEC_42001_2023|ISO27001-REF-A.8.33|1|ISO42001-REF-A.4.2|1
XW-ISO_IEC_27001_2022-TO-ISO_IEC_42001_2023,XW-00391,ISO27001-REF-A.8.33,1,ISO42001-REF-A.5.3,1,overlaps,bidirectional,Relación provisional basada en controles TCDX compartidos y estructura pública; no implica equivalencia jurídica ni certificatoria.,medium,draft,provisional,PROV:TCDX:BASELINE_CONTROLS:v1,XW-ISO_IEC_27001_2022-TO-ISO_IEC_42001_2023|ISO27001-REF-A.8.33|1|ISO42001-REF-A.5.3|1
XW-ISO_IEC_27001_2022-TO-ISO_IEC_42001_2023,XW-00392,ISO27001-REF-A.8.33,1,ISO42001-REF-A.6.5,1,overlaps,bidirectional,Relación provisional basada en controles TCDX compartidos y estructura pública; no implica equivalencia jurídica ni certificatoria.,medium,draft,provisional,PROV:TCDX:BASELINE_CONTROLS:v1,XW-ISO_IEC_27001_2022-TO-ISO_IEC_42001_2023|ISO27001-REF-A.8.33|1|ISO42001-REF-A.6.5|1
XW-ISO_IEC_27001_2022-TO-ISO_IEC_42001_2023,XW-00393,ISO27001-REF-A.8.34,1,ISO42001-REF-A.4.2,1,overlaps,bidirectional,Relación provisional basada en controles TCDX compartidos y estructura pública; no implica equivalencia jurídica ni certificatoria.,medium,draft,provisional,PROV:TCDX:BASELINE_CONTROLS:v1,XW-ISO_IEC_27001_2022-TO-ISO_IEC_42001_2023|ISO27001-REF-A.8.34|1|ISO42001-REF-A.4.2|1
XW-ISO_IEC_27001_2022-TO-ISO_IEC_42001_2023,XW-00394,ISO27001-REF-A.8.34,1,ISO42001-REF-A.5.3,1,overlaps,bidirectional,Relación provisional basada en controles TCDX compartidos y estructura pública; no implica equivalencia jurídica ni certificatoria.,medium,draft,provisional,PROV:TCDX:BASELINE_CONTROLS:v1,XW-ISO_IEC_27001_2022-TO-ISO_IEC_42001_2023|ISO27001-REF-A.8.34|1|ISO42001-REF-A.5.3|1
XW-ISO_IEC_27001_2022-TO-ISO_IEC_42001_2023,XW-00395,ISO27001-REF-A.8.34,1,ISO42001-REF-A.6.5,1,overlaps,bidirectional,Relación provisional basada en controles TCDX compartidos y estructura pública; no implica equivalencia jurídica ni certificatoria.,medium,draft,provisional,PROV:TCDX:BASELINE_CONTROLS:v1,XW-ISO_IEC_27001_2022-TO-ISO_IEC_42001_2023|ISO27001-REF-A.8.34|1|ISO42001-REF-A.6.5|1
