source_dataset,record_id,reason_code,source_key,target_key,recommended_resolution
requirement_control_mappings,MAP-00243,PSEUDO_REQUIREMENT_IS_REGULATORY_REFERENCE_CONTROL,ISO_IEC_27001_2022-R-008,GOV-003,"do_not_import; regulatory reference control is materialized as Control/ControlVersion, not Requirement"
requirement_control_mappings,MAP-00244,PSEUDO_REQUIREMENT_IS_REGULATORY_REFERENCE_CONTROL,ISO_IEC_27001_2022-R-008,RISK-001,"do_not_import; regulatory reference control is materialized as Control/ControlVersion, not Requirement"
requirement_control_mappings,MAP-00245,PSEUDO_REQUIREMENT_IS_REGULATORY_REFERENCE_CONTROL,ISO_IEC_27001_2022-R-008,RISK-002,"do_not_import; regulatory reference control is materialized as Control/ControlVersion, not Requirement"
requirement_control_mappings,MAP-00246,PSEUDO_REQUIREMENT_IS_REGULATORY_REFERENCE_CONTROL,ISO_IEC_27001_2022-R-008,DOC-001,"do_not_import; regulatory reference control is materialized as Control/ControlVersion, not Requirement"
requirement_control_mappings,MAP-00247,PSEUDO_REQUIREMENT_IS_REGULATORY_REFERENCE_CONTROL,ISO_IEC_27001_2022-R-008,REC-001,"do_not_import; regulatory reference control is materialized as Control/ControlVersion, not Requirement"
requirement_control_mappings,MAP-00248,PSEUDO_REQUIREMENT_IS_REGULATORY_REFERENCE_CONTROL,ISO_IEC_27001_2022-R-009,GOV-001,"do_not_import; regulatory reference control is materialized as Control/ControlVersion, not Requirement"
requirement_control_mappings,MAP-00249,PSEUDO_REQUIREMENT_IS_REGULATORY_REFERENCE_CONTROL,ISO_IEC_27001_2022-R-009,GOV-002,"do_not_import; regulatory reference control is materialized as Control/ControlVersion, not Requirement"
requirement_control_mappings,MAP-00250,PSEUDO_REQUIREMENT_IS_REGULATORY_REFERENCE_CONTROL,ISO_IEC_27001_2022-R-009,RISK-001,"do_not_import; regulatory reference control is materialized as Control/ControlVersion, not Requirement"
requirement_control_mappings,MAP-00251,PSEUDO_REQUIREMENT_IS_REGULATORY_REFERENCE_CONTROL,ISO_IEC_27001_2022-R-009,RISK-002,"do_not_import; regulatory reference control is materialized as Control/ControlVersion, not Requirement"
requirement_control_mappings,MAP-00252,PSEUDO_REQUIREMENT_IS_REGULATORY_REFERENCE_CONTROL,ISO_IEC_27001_2022-R-009,DOC-001,"do_not_import; regulatory reference control is materialized as Control/ControlVersion, not Requirement"
requirement_control_mappings,MAP-00253,PSEUDO_REQUIREMENT_IS_REGULATORY_REFERENCE_CONTROL,ISO_IEC_27001_2022-R-009,REC-001,"do_not_import; regulatory reference control is materialized as Control/ControlVersion, not Requirement"
requirement_control_mappings,MAP-00254,PSEUDO_REQUIREMENT_IS_REGULATORY_REFERENCE_CONTROL,ISO_IEC_27001_2022-R-010,RISK-001,"do_not_import; regulatory reference control is materialized as Control/ControlVersion, not Requirement"
requirement_control_mappings,MAP-00255,PSEUDO_REQUIREMENT_IS_REGULATORY_REFERENCE_CONTROL,ISO_IEC_27001_2022-R-010,RISK-002,"do_not_import; regulatory reference control is materialized as Control/ControlVersion, not Requirement"
requirement_control_mappings,MAP-00256,PSEUDO_REQUIREMENT_IS_REGULATORY_REFERENCE_CONTROL,ISO_IEC_27001_2022-R-010,DOC-001,"do_not_import; regulatory reference control is materialized as Control/ControlVersion, not Requirement"
requirement_control_mappings,MAP-00257,PSEUDO_REQUIREMENT_IS_REGULATORY_REFERENCE_CONTROL,ISO_IEC_27001_2022-R-010,REC-001,"do_not_import; regulatory reference control is materialized as Control/ControlVersion, not Requirement"
requirement_control_mappings,MAP-00258,PSEUDO_REQUIREMENT_IS_REGULATORY_REFERENCE_CONTROL,ISO_IEC_27001_2022-R-010,SOD-001,"do_not_import; regulatory reference control is materialized as Control/ControlVersion, not Requirement"
requirement_control_mappings,MAP-00259,PSEUDO_REQUIREMENT_IS_REGULATORY_REFERENCE_CONTROL,ISO_IEC_27001_2022-R-011,GOV-001,"do_not_import; regulatory reference control is materialized as Control/ControlVersion, not Requirement"
requirement_control_mappings,MAP-00260,PSEUDO_REQUIREMENT_IS_REGULATORY_REFERENCE_CONTROL,ISO_IEC_27001_2022-R-011,GOV-002,"do_not_import; regulatory reference control is materialized as Control/ControlVersion, not Requirement"
requirement_control_mappings,MAP-00261,PSEUDO_REQUIREMENT_IS_REGULATORY_REFERENCE_CONTROL,ISO_IEC_27001_2022-R-011,RISK-001,"do_not_import; regulatory reference control is materialized as Control/ControlVersion, not Requirement"
requirement_control_mappings,MAP-00262,PSEUDO_REQUIREMENT_IS_REGULATORY_REFERENCE_CONTROL,ISO_IEC_27001_2022-R-011,RISK-002,"do_not_import; regulatory reference control is materialized as Control/ControlVersion, not Requirement"
requirement_control_mappings,MAP-00263,PSEUDO_REQUIREMENT_IS_REGULATORY_REFERENCE_CONTROL,ISO_IEC_27001_2022-R-011,DOC-001,"do_not_import; regulatory reference control is materialized as Control/ControlVersion, not Requirement"
requirement_control_mappings,MAP-00264,PSEUDO_REQUIREMENT_IS_REGULATORY_REFERENCE_CONTROL,ISO_IEC_27001_2022-R-011,REC-001,"do_not_import; regulatory reference control is materialized as Control/ControlVersion, not Requirement"
requirement_control_mappings,MAP-00265,PSEUDO_REQUIREMENT_IS_REGULATORY_REFERENCE_CONTROL,ISO_IEC_27001_2022-R-012,RISK-001,"do_not_import; regulatory reference control is materialized as Control/ControlVersion, not Requirement"
requirement_control_mappings,MAP-00266,PSEUDO_REQUIREMENT_IS_REGULATORY_REFERENCE_CONTROL,ISO_IEC_27001_2022-R-012,RISK-002,"do_not_import; regulatory reference control is materialized as Control/ControlVersion, not Requirement"
requirement_control_mappings,MAP-00267,PSEUDO_REQUIREMENT_IS_REGULATORY_REFERENCE_CONTROL,ISO_IEC_27001_2022-R-012,DOC-001,"do_not_import; regulatory reference control is materialized as Control/ControlVersion, not Requirement"
requirement_control_mappings,MAP-00268,PSEUDO_REQUIREMENT_IS_REGULATORY_REFERENCE_CONTROL,ISO_IEC_27001_2022-R-012,REC-001,"do_not_import; regulatory reference control is materialized as Control/ControlVersion, not Requirement"
requirement_control_mappings,MAP-00269,PSEUDO_REQUIREMENT_IS_REGULATORY_REFERENCE_CONTROL,ISO_IEC_27001_2022-R-013,RISK-001,"do_not_import; regulatory reference control is materialized as Control/ControlVersion, not Requirement"
requirement_control_mappings,MAP-00270,PSEUDO_REQUIREMENT_IS_REGULATORY_REFERENCE_CONTROL,ISO_IEC_27001_2022-R-013,RISK-002,"do_not_import; regulatory reference control is materialized as Control/ControlVersion, not Requirement"
requirement_control_mappings,MAP-00271,PSEUDO_REQUIREMENT_IS_REGULATORY_REFERENCE_CONTROL,ISO_IEC_27001_2022-R-013,DOC-001,"do_not_import; regulatory reference control is materialized as Control/ControlVersion, not Requirement"
requirement_control_mappings,MAP-00272,PSEUDO_REQUIREMENT_IS_REGULATORY_REFERENCE_CONTROL,ISO_IEC_27001_2022-R-013,REC-001,"do_not_import; regulatory reference control is materialized as Control/ControlVersion, not Requirement"
requirement_control_mappings,MAP-00273,PSEUDO_REQUIREMENT_IS_REGULATORY_REFERENCE_CONTROL,ISO_IEC_27001_2022-R-013,AI-001,"do_not_import; regulatory reference control is materialized as Control/ControlVersion, not Requirement"
requirement_control_mappings,MAP-00274,PSEUDO_REQUIREMENT_IS_REGULATORY_REFERENCE_CONTROL,ISO_IEC_27001_2022-R-013,AI-003,"do_not_import; regulatory reference control is materialized as Control/ControlVersion, not Requirement"
requirement_control_mappings,MAP-00275,PSEUDO_REQUIREMENT_IS_REGULATORY_REFERENCE_CONTROL,ISO_IEC_27001_2022-R-014,RISK-001,"do_not_import; regulatory reference control is materialized as Control/ControlVersion, not Requirement"
requirement_control_mappings,MAP-00276,PSEUDO_REQUIREMENT_IS_REGULATORY_REFERENCE_CONTROL,ISO_IEC_27001_2022-R-014,RISK-002,"do_not_import; regulatory reference control is materialized as Control/ControlVersion, not Requirement"
requirement_control_mappings,MAP-00277,PSEUDO_REQUIREMENT_IS_REGULATORY_REFERENCE_CONTROL,ISO_IEC_27001_2022-R-014,DOC-001,"do_not_import; regulatory reference control is materialized as Control/ControlVersion, not Requirement"
requirement_control_mappings,MAP-00278,PSEUDO_REQUIREMENT_IS_REGULATORY_REFERENCE_CONTROL,ISO_IEC_27001_2022-R-014,REC-001,"do_not_import; regulatory reference control is materialized as Control/ControlVersion, not Requirement"
requirement_control_mappings,MAP-00279,PSEUDO_REQUIREMENT_IS_REGULATORY_REFERENCE_CONTROL,ISO_IEC_27001_2022-R-014,AI-001,"do_not_import; regulatory reference control is materialized as Control/ControlVersion, not Requirement"
requirement_control_mappings,MAP-00280,PSEUDO_REQUIREMENT_IS_REGULATORY_REFERENCE_CONTROL,ISO_IEC_27001_2022-R-014,AI-003,"do_not_import; regulatory reference control is materialized as Control/ControlVersion, not Requirement"
requirement_control_mappings,MAP-00281,PSEUDO_REQUIREMENT_IS_REGULATORY_REFERENCE_CONTROL,ISO_IEC_27001_2022-R-015,RISK-001,"do_not_import; regulatory reference control is materialized as Control/ControlVersion, not Requirement"
requirement_control_mappings,MAP-00282,PSEUDO_REQUIREMENT_IS_REGULATORY_REFERENCE_CONTROL,ISO_IEC_27001_2022-R-015,RISK-002,"do_not_import; regulatory reference control is materialized as Control/ControlVersion, not Requirement"
requirement_control_mappings,MAP-00283,PSEUDO_REQUIREMENT_IS_REGULATORY_REFERENCE_CONTROL,ISO_IEC_27001_2022-R-015,DOC-001,"do_not_import; regulatory reference control is materialized as Control/ControlVersion, not Requirement"
requirement_control_mappings,MAP-00284,PSEUDO_REQUIREMENT_IS_REGULATORY_REFERENCE_CONTROL,ISO_IEC_27001_2022-R-015,REC-001,"do_not_import; regulatory reference control is materialized as Control/ControlVersion, not Requirement"
requirement_control_mappings,MAP-00285,PSEUDO_REQUIREMENT_IS_REGULATORY_REFERENCE_CONTROL,ISO_IEC_27001_2022-R-016,RISK-001,"do_not_import; regulatory reference control is materialized as Control/ControlVersion, not Requirement"
requirement_control_mappings,MAP-00286,PSEUDO_REQUIREMENT_IS_REGULATORY_REFERENCE_CONTROL,ISO_IEC_27001_2022-R-016,RISK-002,"do_not_import; regulatory reference control is materialized as Control/ControlVersion, not Requirement"
requirement_control_mappings,MAP-00287,PSEUDO_REQUIREMENT_IS_REGULATORY_REFERENCE_CONTROL,ISO_IEC_27001_2022-R-016,COMP-001,"do_not_import; regulatory reference control is materialized as Control/ControlVersion, not Requirement"
requirement_control_mappings,MAP-00288,PSEUDO_REQUIREMENT_IS_REGULATORY_REFERENCE_CONTROL,ISO_IEC_27001_2022-R-016,DOC-001,"do_not_import; regulatory reference control is materialized as Control/ControlVersion, not Requirement"
requirement_control_mappings,MAP-00289,PSEUDO_REQUIREMENT_IS_REGULATORY_REFERENCE_CONTROL,ISO_IEC_27001_2022-R-016,REC-001,"do_not_import; regulatory reference control is materialized as Control/ControlVersion, not Requirement"
requirement_control_mappings,MAP-00290,PSEUDO_REQUIREMENT_IS_REGULATORY_REFERENCE_CONTROL,ISO_IEC_27001_2022-R-016,ASSET-001,"do_not_import; regulatory reference control is materialized as Control/ControlVersion, not Requirement"
requirement_control_mappings,MAP-00291,PSEUDO_REQUIREMENT_IS_REGULATORY_REFERENCE_CONTROL,ISO_IEC_27001_2022-R-017,RISK-001,"do_not_import; regulatory reference control is materialized as Control/ControlVersion, not Requirement"
requirement_control_mappings,MAP-00292,PSEUDO_REQUIREMENT_IS_REGULATORY_REFERENCE_CONTROL,ISO_IEC_27001_2022-R-017,RISK-002,"do_not_import; regulatory reference control is materialized as Control/ControlVersion, not Requirement"
requirement_control_mappings,MAP-00293,PSEUDO_REQUIREMENT_IS_REGULATORY_REFERENCE_CONTROL,ISO_IEC_27001_2022-R-017,DOC-001,"do_not_import; regulatory reference control is materialized as Control/ControlVersion, not Requirement"
requirement_control_mappings,MAP-00294,PSEUDO_REQUIREMENT_IS_REGULATORY_REFERENCE_CONTROL,ISO_IEC_27001_2022-R-017,REC-001,"do_not_import; regulatory reference control is materialized as Control/ControlVersion, not Requirement"
requirement_control_mappings,MAP-00295,PSEUDO_REQUIREMENT_IS_REGULATORY_REFERENCE_CONTROL,ISO_IEC_27001_2022-R-017,ASSET-001,"do_not_import; regulatory reference control is materialized as Control/ControlVersion, not Requirement"
requirement_control_mappings,MAP-00296,PSEUDO_REQUIREMENT_IS_REGULATORY_REFERENCE_CONTROL,ISO_IEC_27001_2022-R-018,RISK-001,"do_not_import; regulatory reference control is materialized as Control/ControlVersion, not Requirement"
requirement_control_mappings,MAP-00297,PSEUDO_REQUIREMENT_IS_REGULATORY_REFERENCE_CONTROL,ISO_IEC_27001_2022-R-018,RISK-002,"do_not_import; regulatory reference control is materialized as Control/ControlVersion, not Requirement"
requirement_control_mappings,MAP-00298,PSEUDO_REQUIREMENT_IS_REGULATORY_REFERENCE_CONTROL,ISO_IEC_27001_2022-R-018,DOC-001,"do_not_import; regulatory reference control is materialized as Control/ControlVersion, not Requirement"
requirement_control_mappings,MAP-00299,PSEUDO_REQUIREMENT_IS_REGULATORY_REFERENCE_CONTROL,ISO_IEC_27001_2022-R-018,REC-001,"do_not_import; regulatory reference control is materialized as Control/ControlVersion, not Requirement"
requirement_control_mappings,MAP-00300,PSEUDO_REQUIREMENT_IS_REGULATORY_REFERENCE_CONTROL,ISO_IEC_27001_2022-R-018,ASSET-001,"do_not_import; regulatory reference control is materialized as Control/ControlVersion, not Requirement"
requirement_control_mappings,MAP-00301,PSEUDO_REQUIREMENT_IS_REGULATORY_REFERENCE_CONTROL,ISO_IEC_27001_2022-R-019,RISK-001,"do_not_import; regulatory reference control is materialized as Control/ControlVersion, not Requirement"
requirement_control_mappings,MAP-00302,PSEUDO_REQUIREMENT_IS_REGULATORY_REFERENCE_CONTROL,ISO_IEC_27001_2022-R-019,RISK-002,"do_not_import; regulatory reference control is materialized as Control/ControlVersion, not Requirement"
requirement_control_mappings,MAP-00303,PSEUDO_REQUIREMENT_IS_REGULATORY_REFERENCE_CONTROL,ISO_IEC_27001_2022-R-019,COMP-001,"do_not_import; regulatory reference control is materialized as Control/ControlVersion, not Requirement"
requirement_control_mappings,MAP-00304,PSEUDO_REQUIREMENT_IS_REGULATORY_REFERENCE_CONTROL,ISO_IEC_27001_2022-R-019,DOC-001,"do_not_import; regulatory reference control is materialized as Control/ControlVersion, not Requirement"
requirement_control_mappings,MAP-00305,PSEUDO_REQUIREMENT_IS_REGULATORY_REFERENCE_CONTROL,ISO_IEC_27001_2022-R-019,REC-001,"do_not_import; regulatory reference control is materialized as Control/ControlVersion, not Requirement"
requirement_control_mappings,MAP-00306,PSEUDO_REQUIREMENT_IS_REGULATORY_REFERENCE_CONTROL,ISO_IEC_27001_2022-R-019,CLASS-001,"do_not_import; regulatory reference control is materialized as Control/ControlVersion, not Requirement"
requirement_control_mappings,MAP-00307,PSEUDO_REQUIREMENT_IS_REGULATORY_REFERENCE_CONTROL,ISO_IEC_27001_2022-R-020,RISK-001,"do_not_import; regulatory reference control is materialized as Control/ControlVersion, not Requirement"
requirement_control_mappings,MAP-00308,PSEUDO_REQUIREMENT_IS_REGULATORY_REFERENCE_CONTROL,ISO_IEC_27001_2022-R-020,RISK-002,"do_not_import; regulatory reference control is materialized as Control/ControlVersion, not Requirement"
requirement_control_mappings,MAP-00309,PSEUDO_REQUIREMENT_IS_REGULATORY_REFERENCE_CONTROL,ISO_IEC_27001_2022-R-020,COMP-001,"do_not_import; regulatory reference control is materialized as Control/ControlVersion, not Requirement"
requirement_control_mappings,MAP-00310,PSEUDO_REQUIREMENT_IS_REGULATORY_REFERENCE_CONTROL,ISO_IEC_27001_2022-R-020,DOC-001,"do_not_import; regulatory reference control is materialized as Control/ControlVersion, not Requirement"
requirement_control_mappings,MAP-00311,PSEUDO_REQUIREMENT_IS_REGULATORY_REFERENCE_CONTROL,ISO_IEC_27001_2022-R-020,REC-001,"do_not_import; regulatory reference control is materialized as Control/ControlVersion, not Requirement"
requirement_control_mappings,MAP-00312,PSEUDO_REQUIREMENT_IS_REGULATORY_REFERENCE_CONTROL,ISO_IEC_27001_2022-R-021,RISK-001,"do_not_import; regulatory reference control is materialized as Control/ControlVersion, not Requirement"
requirement_control_mappings,MAP-00313,PSEUDO_REQUIREMENT_IS_REGULATORY_REFERENCE_CONTROL,ISO_IEC_27001_2022-R-021,RISK-002,"do_not_import; regulatory reference control is materialized as Control/ControlVersion, not Requirement"
requirement_control_mappings,MAP-00314,PSEUDO_REQUIREMENT_IS_REGULATORY_REFERENCE_CONTROL,ISO_IEC_27001_2022-R-021,COMP-001,"do_not_import; regulatory reference control is materialized as Control/ControlVersion, not Requirement"
requirement_control_mappings,MAP-00315,PSEUDO_REQUIREMENT_IS_REGULATORY_REFERENCE_CONTROL,ISO_IEC_27001_2022-R-021,DOC-001,"do_not_import; regulatory reference control is materialized as Control/ControlVersion, not Requirement"
requirement_control_mappings,MAP-00316,PSEUDO_REQUIREMENT_IS_REGULATORY_REFERENCE_CONTROL,ISO_IEC_27001_2022-R-021,REC-001,"do_not_import; regulatory reference control is materialized as Control/ControlVersion, not Requirement"
requirement_control_mappings,MAP-00317,PSEUDO_REQUIREMENT_IS_REGULATORY_REFERENCE_CONTROL,ISO_IEC_27001_2022-R-021,TRANSFER-001,"do_not_import; regulatory reference control is materialized as Control/ControlVersion, not Requirement"
requirement_control_mappings,MAP-00318,PSEUDO_REQUIREMENT_IS_REGULATORY_REFERENCE_CONTROL,ISO_IEC_27001_2022-R-022,RISK-001,"do_not_import; regulatory reference control is materialized as Control/ControlVersion, not Requirement"
requirement_control_mappings,MAP-00319,PSEUDO_REQUIREMENT_IS_REGULATORY_REFERENCE_CONTROL,ISO_IEC_27001_2022-R-022,RISK-002,"do_not_import; regulatory reference control is materialized as Control/ControlVersion, not Requirement"
requirement_control_mappings,MAP-00320,PSEUDO_REQUIREMENT_IS_REGULATORY_REFERENCE_CONTROL,ISO_IEC_27001_2022-R-022,DOC-001,"do_not_import; regulatory reference control is materialized as Control/ControlVersion, not Requirement"
requirement_control_mappings,MAP-00321,PSEUDO_REQUIREMENT_IS_REGULATORY_REFERENCE_CONTROL,ISO_IEC_27001_2022-R-022,REC-001,"do_not_import; regulatory reference control is materialized as Control/ControlVersion, not Requirement"
requirement_control_mappings,MAP-00322,PSEUDO_REQUIREMENT_IS_REGULATORY_REFERENCE_CONTROL,ISO_IEC_27001_2022-R-022,ACCESS-001,"do_not_import; regulatory reference control is materialized as Control/ControlVersion, not Requirement"
requirement_control_mappings,MAP-00323,PSEUDO_REQUIREMENT_IS_REGULATORY_REFERENCE_CONTROL,ISO_IEC_27001_2022-R-022,ACCESS-002,"do_not_import; regulatory reference control is materialized as Control/ControlVersion, not Requirement"
requirement_control_mappings,MAP-00324,PSEUDO_REQUIREMENT_IS_REGULATORY_REFERENCE_CONTROL,ISO_IEC_27001_2022-R-023,RISK-001,"do_not_import; regulatory reference control is materialized as Control/ControlVersion, not Requirement"
requirement_control_mappings,MAP-00325,PSEUDO_REQUIREMENT_IS_REGULATORY_REFERENCE_CONTROL,ISO_IEC_27001_2022-R-023,RISK-002,"do_not_import; regulatory reference control is materialized as Control/ControlVersion, not Requirement"
requirement_control_mappings,MAP-00326,PSEUDO_REQUIREMENT_IS_REGULATORY_REFERENCE_CONTROL,ISO_IEC_27001_2022-R-023,DOC-001,"do_not_import; regulatory reference control is materialized as Control/ControlVersion, not Requirement"
requirement_control_mappings,MAP-00327,PSEUDO_REQUIREMENT_IS_REGULATORY_REFERENCE_CONTROL,ISO_IEC_27001_2022-R-023,REC-001,"do_not_import; regulatory reference control is materialized as Control/ControlVersion, not Requirement"
requirement_control_mappings,MAP-00328,PSEUDO_REQUIREMENT_IS_REGULATORY_REFERENCE_CONTROL,ISO_IEC_27001_2022-R-023,IAM-001,"do_not_import; regulatory reference control is materialized as Control/ControlVersion, not Requirement"
requirement_control_mappings,MAP-00329,PSEUDO_REQUIREMENT_IS_REGULATORY_REFERENCE_CONTROL,ISO_IEC_27001_2022-R-024,RISK-001,"do_not_import; regulatory reference control is materialized as Control/ControlVersion, not Requirement"
requirement_control_mappings,MAP-00330,PSEUDO_REQUIREMENT_IS_REGULATORY_REFERENCE_CONTROL,ISO_IEC_27001_2022-R-024,RISK-002,"do_not_import; regulatory reference control is materialized as Control/ControlVersion, not Requirement"
requirement_control_mappings,MAP-00331,PSEUDO_REQUIREMENT_IS_REGULATORY_REFERENCE_CONTROL,ISO_IEC_27001_2022-R-024,COMP-001,"do_not_import; regulatory reference control is materialized as Control/ControlVersion, not Requirement"
requirement_control_mappings,MAP-00332,PSEUDO_REQUIREMENT_IS_REGULATORY_REFERENCE_CONTROL,ISO_IEC_27001_2022-R-024,DOC-001,"do_not_import; regulatory reference control is materialized as Control/ControlVersion, not Requirement"
requirement_control_mappings,MAP-00333,PSEUDO_REQUIREMENT_IS_REGULATORY_REFERENCE_CONTROL,ISO_IEC_27001_2022-R-024,REC-001,"do_not_import; regulatory reference control is materialized as Control/ControlVersion, not Requirement"
requirement_control_mappings,MAP-00334,PSEUDO_REQUIREMENT_IS_REGULATORY_REFERENCE_CONTROL,ISO_IEC_27001_2022-R-024,IAM-001,"do_not_import; regulatory reference control is materialized as Control/ControlVersion, not Requirement"
requirement_control_mappings,MAP-00335,PSEUDO_REQUIREMENT_IS_REGULATORY_REFERENCE_CONTROL,ISO_IEC_27001_2022-R-025,RISK-001,"do_not_import; regulatory reference control is materialized as Control/ControlVersion, not Requirement"
requirement_control_mappings,MAP-00336,PSEUDO_REQUIREMENT_IS_REGULATORY_REFERENCE_CONTROL,ISO_IEC_27001_2022-R-025,RISK-002,"do_not_import; regulatory reference control is materialized as Control/ControlVersion, not Requirement"
requirement_control_mappings,MAP-00337,PSEUDO_REQUIREMENT_IS_REGULATORY_REFERENCE_CONTROL,ISO_IEC_27001_2022-R-025,DOC-001,"do_not_import; regulatory reference control is materialized as Control/ControlVersion, not Requirement"
requirement_control_mappings,MAP-00338,PSEUDO_REQUIREMENT_IS_REGULATORY_REFERENCE_CONTROL,ISO_IEC_27001_2022-R-025,REC-001,"do_not_import; regulatory reference control is materialized as Control/ControlVersion, not Requirement"
requirement_control_mappings,MAP-00339,PSEUDO_REQUIREMENT_IS_REGULATORY_REFERENCE_CONTROL,ISO_IEC_27001_2022-R-025,ACCESS-001,"do_not_import; regulatory reference control is materialized as Control/ControlVersion, not Requirement"
requirement_control_mappings,MAP-00340,PSEUDO_REQUIREMENT_IS_REGULATORY_REFERENCE_CONTROL,ISO_IEC_27001_2022-R-025,ACCESS-002,"do_not_import; regulatory reference control is materialized as Control/ControlVersion, not Requirement"
requirement_control_mappings,MAP-00341,PSEUDO_REQUIREMENT_IS_REGULATORY_REFERENCE_CONTROL,ISO_IEC_27001_2022-R-026,RISK-001,"do_not_import; regulatory reference control is materialized as Control/ControlVersion, not Requirement"
requirement_control_mappings,MAP-00342,PSEUDO_REQUIREMENT_IS_REGULATORY_REFERENCE_CONTROL,ISO_IEC_27001_2022-R-026,RISK-002,"do_not_import; regulatory reference control is materialized as Control/ControlVersion, not Requirement"
requirement_control_mappings,MAP-00343,PSEUDO_REQUIREMENT_IS_REGULATORY_REFERENCE_CONTROL,ISO_IEC_27001_2022-R-026,DOC-001,"do_not_import; regulatory reference control is materialized as Control/ControlVersion, not Requirement"
requirement_control_mappings,MAP-00344,PSEUDO_REQUIREMENT_IS_REGULATORY_REFERENCE_CONTROL,ISO_IEC_27001_2022-R-026,REC-001,"do_not_import; regulatory reference control is materialized as Control/ControlVersion, not Requirement"
requirement_control_mappings,MAP-00345,PSEUDO_REQUIREMENT_IS_REGULATORY_REFERENCE_CONTROL,ISO_IEC_27001_2022-R-026,SUP-001,"do_not_import; regulatory reference control is materialized as Control/ControlVersion, not Requirement"
requirement_control_mappings,MAP-00346,PSEUDO_REQUIREMENT_IS_REGULATORY_REFERENCE_CONTROL,ISO_IEC_27001_2022-R-026,CONTRACT-001,"do_not_import; regulatory reference control is materialized as Control/ControlVersion, not Requirement"
requirement_control_mappings,MAP-00347,PSEUDO_REQUIREMENT_IS_REGULATORY_REFERENCE_CONTROL,ISO_IEC_27001_2022-R-027,RISK-001,"do_not_import; regulatory reference control is materialized as Control/ControlVersion, not Requirement"
requirement_control_mappings,MAP-00348,PSEUDO_REQUIREMENT_IS_REGULATORY_REFERENCE_CONTROL,ISO_IEC_27001_2022-R-027,RISK-002,"do_not_import; regulatory reference control is materialized as Control/ControlVersion, not Requirement"
requirement_control_mappings,MAP-00349,PSEUDO_REQUIREMENT_IS_REGULATORY_REFERENCE_CONTROL,ISO_IEC_27001_2022-R-027,DOC-001,"do_not_import; regulatory reference control is materialized as Control/ControlVersion, not Requirement"
requirement_control_mappings,MAP-00350,PSEUDO_REQUIREMENT_IS_REGULATORY_REFERENCE_CONTROL,ISO_IEC_27001_2022-R-027,REC-001,"do_not_import; regulatory reference control is materialized as Control/ControlVersion, not Requirement"
requirement_control_mappings,MAP-00351,PSEUDO_REQUIREMENT_IS_REGULATORY_REFERENCE_CONTROL,ISO_IEC_27001_2022-R-027,SUP-001,"do_not_import; regulatory reference control is materialized as Control/ControlVersion, not Requirement"
requirement_control_mappings,MAP-00352,PSEUDO_REQUIREMENT_IS_REGULATORY_REFERENCE_CONTROL,ISO_IEC_27001_2022-R-027,CONTRACT-001,"do_not_import; regulatory reference control is materialized as Control/ControlVersion, not Requirement"
requirement_control_mappings,MAP-00353,PSEUDO_REQUIREMENT_IS_REGULATORY_REFERENCE_CONTROL,ISO_IEC_27001_2022-R-028,RISK-001,"do_not_import; regulatory reference control is materialized as Control/ControlVersion, not Requirement"
requirement_control_mappings,MAP-00354,PSEUDO_REQUIREMENT_IS_REGULATORY_REFERENCE_CONTROL,ISO_IEC_27001_2022-R-028,RISK-002,"do_not_import; regulatory reference control is materialized as Control/ControlVersion, not Requirement"
requirement_control_mappings,MAP-00355,PSEUDO_REQUIREMENT_IS_REGULATORY_REFERENCE_CONTROL,ISO_IEC_27001_2022-R-028,DOC-001,"do_not_import; regulatory reference control is materialized as Control/ControlVersion, not Requirement"
requirement_control_mappings,MAP-00356,PSEUDO_REQUIREMENT_IS_REGULATORY_REFERENCE_CONTROL,ISO_IEC_27001_2022-R-028,REC-001,"do_not_import; regulatory reference control is materialized as Control/ControlVersion, not Requirement"
requirement_control_mappings,MAP-00357,PSEUDO_REQUIREMENT_IS_REGULATORY_REFERENCE_CONTROL,ISO_IEC_27001_2022-R-029,RISK-001,"do_not_import; regulatory reference control is materialized as Control/ControlVersion, not Requirement"
requirement_control_mappings,MAP-00358,PSEUDO_REQUIREMENT_IS_REGULATORY_REFERENCE_CONTROL,ISO_IEC_27001_2022-R-029,RISK-002,"do_not_import; regulatory reference control is materialized as Control/ControlVersion, not Requirement"
requirement_control_mappings,MAP-00359,PSEUDO_REQUIREMENT_IS_REGULATORY_REFERENCE_CONTROL,ISO_IEC_27001_2022-R-029,DOC-001,"do_not_import; regulatory reference control is materialized as Control/ControlVersion, not Requirement"
requirement_control_mappings,MAP-00360,PSEUDO_REQUIREMENT_IS_REGULATORY_REFERENCE_CONTROL,ISO_IEC_27001_2022-R-029,REC-001,"do_not_import; regulatory reference control is materialized as Control/ControlVersion, not Requirement"
requirement_control_mappings,MAP-00361,PSEUDO_REQUIREMENT_IS_REGULATORY_REFERENCE_CONTROL,ISO_IEC_27001_2022-R-029,SUP-001,"do_not_import; regulatory reference control is materialized as Control/ControlVersion, not Requirement"
requirement_control_mappings,MAP-00362,PSEUDO_REQUIREMENT_IS_REGULATORY_REFERENCE_CONTROL,ISO_IEC_27001_2022-R-029,CONTRACT-001,"do_not_import; regulatory reference control is materialized as Control/ControlVersion, not Requirement"
requirement_control_mappings,MAP-00363,PSEUDO_REQUIREMENT_IS_REGULATORY_REFERENCE_CONTROL,ISO_IEC_27001_2022-R-030,RISK-001,"do_not_import; regulatory reference control is materialized as Control/ControlVersion, not Requirement"
requirement_control_mappings,MAP-00364,PSEUDO_REQUIREMENT_IS_REGULATORY_REFERENCE_CONTROL,ISO_IEC_27001_2022-R-030,RISK-002,"do_not_import; regulatory reference control is materialized as Control/ControlVersion, not Requirement"
requirement_control_mappings,MAP-00365,PSEUDO_REQUIREMENT_IS_REGULATORY_REFERENCE_CONTROL,ISO_IEC_27001_2022-R-030,DOC-001,"do_not_import; regulatory reference control is materialized as Control/ControlVersion, not Requirement"
requirement_control_mappings,MAP-00366,PSEUDO_REQUIREMENT_IS_REGULATORY_REFERENCE_CONTROL,ISO_IEC_27001_2022-R-030,REC-001,"do_not_import; regulatory reference control is materialized as Control/ControlVersion, not Requirement"
requirement_control_mappings,MAP-00367,PSEUDO_REQUIREMENT_IS_REGULATORY_REFERENCE_CONTROL,ISO_IEC_27001_2022-R-031,RISK-001,"do_not_import; regulatory reference control is materialized as Control/ControlVersion, not Requirement"
requirement_control_mappings,MAP-00368,PSEUDO_REQUIREMENT_IS_REGULATORY_REFERENCE_CONTROL,ISO_IEC_27001_2022-R-031,RISK-002,"do_not_import; regulatory reference control is materialized as Control/ControlVersion, not Requirement"
requirement_control_mappings,MAP-00369,PSEUDO_REQUIREMENT_IS_REGULATORY_REFERENCE_CONTROL,ISO_IEC_27001_2022-R-031,DOC-001,"do_not_import; regulatory reference control is materialized as Control/ControlVersion, not Requirement"
requirement_control_mappings,MAP-00370,PSEUDO_REQUIREMENT_IS_REGULATORY_REFERENCE_CONTROL,ISO_IEC_27001_2022-R-031,REC-001,"do_not_import; regulatory reference control is materialized as Control/ControlVersion, not Requirement"
requirement_control_mappings,MAP-00371,PSEUDO_REQUIREMENT_IS_REGULATORY_REFERENCE_CONTROL,ISO_IEC_27001_2022-R-031,INCIDENT-001,"do_not_import; regulatory reference control is materialized as Control/ControlVersion, not Requirement"
requirement_control_mappings,MAP-00372,PSEUDO_REQUIREMENT_IS_REGULATORY_REFERENCE_CONTROL,ISO_IEC_27001_2022-R-032,RISK-001,"do_not_import; regulatory reference control is materialized as Control/ControlVersion, not Requirement"
requirement_control_mappings,MAP-00373,PSEUDO_REQUIREMENT_IS_REGULATORY_REFERENCE_CONTROL,ISO_IEC_27001_2022-R-032,RISK-002,"do_not_import; regulatory reference control is materialized as Control/ControlVersion, not Requirement"
requirement_control_mappings,MAP-00374,PSEUDO_REQUIREMENT_IS_REGULATORY_REFERENCE_CONTROL,ISO_IEC_27001_2022-R-032,DOC-001,"do_not_import; regulatory reference control is materialized as Control/ControlVersion, not Requirement"
requirement_control_mappings,MAP-00375,PSEUDO_REQUIREMENT_IS_REGULATORY_REFERENCE_CONTROL,ISO_IEC_27001_2022-R-032,REC-001,"do_not_import; regulatory reference control is materialized as Control/ControlVersion, not Requirement"
requirement_control_mappings,MAP-00376,PSEUDO_REQUIREMENT_IS_REGULATORY_REFERENCE_CONTROL,ISO_IEC_27001_2022-R-033,RISK-001,"do_not_import; regulatory reference control is materialized as Control/ControlVersion, not Requirement"
requirement_control_mappings,MAP-00377,PSEUDO_REQUIREMENT_IS_REGULATORY_REFERENCE_CONTROL,ISO_IEC_27001_2022-R-033,RISK-002,"do_not_import; regulatory reference control is materialized as Control/ControlVersion, not Requirement"
requirement_control_mappings,MAP-00378,PSEUDO_REQUIREMENT_IS_REGULATORY_REFERENCE_CONTROL,ISO_IEC_27001_2022-R-033,DOC-001,"do_not_import; regulatory reference control is materialized as Control/ControlVersion, not Requirement"
requirement_control_mappings,MAP-00379,PSEUDO_REQUIREMENT_IS_REGULATORY_REFERENCE_CONTROL,ISO_IEC_27001_2022-R-033,REC-001,"do_not_import; regulatory reference control is materialized as Control/ControlVersion, not Requirement"
requirement_control_mappings,MAP-00380,PSEUDO_REQUIREMENT_IS_REGULATORY_REFERENCE_CONTROL,ISO_IEC_27001_2022-R-033,INCIDENT-001,"do_not_import; regulatory reference control is materialized as Control/ControlVersion, not Requirement"
requirement_control_mappings,MAP-00381,PSEUDO_REQUIREMENT_IS_REGULATORY_REFERENCE_CONTROL,ISO_IEC_27001_2022-R-034,RISK-001,"do_not_import; regulatory reference control is materialized as Control/ControlVersion, not Requirement"
requirement_control_mappings,MAP-00382,PSEUDO_REQUIREMENT_IS_REGULATORY_REFERENCE_CONTROL,ISO_IEC_27001_2022-R-034,RISK-002,"do_not_import; regulatory reference control is materialized as Control/ControlVersion, not Requirement"
requirement_control_mappings,MAP-00383,PSEUDO_REQUIREMENT_IS_REGULATORY_REFERENCE_CONTROL,ISO_IEC_27001_2022-R-034,DOC-001,"do_not_import; regulatory reference control is materialized as Control/ControlVersion, not Requirement"
requirement_control_mappings,MAP-00384,PSEUDO_REQUIREMENT_IS_REGULATORY_REFERENCE_CONTROL,ISO_IEC_27001_2022-R-034,REC-001,"do_not_import; regulatory reference control is materialized as Control/ControlVersion, not Requirement"
requirement_control_mappings,MAP-00385,PSEUDO_REQUIREMENT_IS_REGULATORY_REFERENCE_CONTROL,ISO_IEC_27001_2022-R-034,INCIDENT-001,"do_not_import; regulatory reference control is materialized as Control/ControlVersion, not Requirement"
requirement_control_mappings,MAP-00386,PSEUDO_REQUIREMENT_IS_REGULATORY_REFERENCE_CONTROL,ISO_IEC_27001_2022-R-035,RISK-001,"do_not_import; regulatory reference control is materialized as Control/ControlVersion, not Requirement"
requirement_control_mappings,MAP-00387,PSEUDO_REQUIREMENT_IS_REGULATORY_REFERENCE_CONTROL,ISO_IEC_27001_2022-R-035,RISK-002,"do_not_import; regulatory reference control is materialized as Control/ControlVersion, not Requirement"
requirement_control_mappings,MAP-00388,PSEUDO_REQUIREMENT_IS_REGULATORY_REFERENCE_CONTROL,ISO_IEC_27001_2022-R-035,DOC-001,"do_not_import; regulatory reference control is materialized as Control/ControlVersion, not Requirement"
requirement_control_mappings,MAP-00389,PSEUDO_REQUIREMENT_IS_REGULATORY_REFERENCE_CONTROL,ISO_IEC_27001_2022-R-035,REC-001,"do_not_import; regulatory reference control is materialized as Control/ControlVersion, not Requirement"
requirement_control_mappings,MAP-00390,PSEUDO_REQUIREMENT_IS_REGULATORY_REFERENCE_CONTROL,ISO_IEC_27001_2022-R-035,EVIDENCE-001,"do_not_import; regulatory reference control is materialized as Control/ControlVersion, not Requirement"
requirement_control_mappings,MAP-00391,PSEUDO_REQUIREMENT_IS_REGULATORY_REFERENCE_CONTROL,ISO_IEC_27001_2022-R-035,AI-001,"do_not_import; regulatory reference control is materialized as Control/ControlVersion, not Requirement"
requirement_control_mappings,MAP-00392,PSEUDO_REQUIREMENT_IS_REGULATORY_REFERENCE_CONTROL,ISO_IEC_27001_2022-R-036,RISK-001,"do_not_import; regulatory reference control is materialized as Control/ControlVersion, not Requirement"
requirement_control_mappings,MAP-00393,PSEUDO_REQUIREMENT_IS_REGULATORY_REFERENCE_CONTROL,ISO_IEC_27001_2022-R-036,RISK-002,"do_not_import; regulatory reference control is materialized as Control/ControlVersion, not Requirement"
requirement_control_mappings,MAP-00394,PSEUDO_REQUIREMENT_IS_REGULATORY_REFERENCE_CONTROL,ISO_IEC_27001_2022-R-036,DOC-001,"do_not_import; regulatory reference control is materialized as Control/ControlVersion, not Requirement"
requirement_control_mappings,MAP-00395,PSEUDO_REQUIREMENT_IS_REGULATORY_REFERENCE_CONTROL,ISO_IEC_27001_2022-R-036,REC-001,"do_not_import; regulatory reference control is materialized as Control/ControlVersion, not Requirement"
requirement_control_mappings,MAP-00396,PSEUDO_REQUIREMENT_IS_REGULATORY_REFERENCE_CONTROL,ISO_IEC_27001_2022-R-037,RISK-001,"do_not_import; regulatory reference control is materialized as Control/ControlVersion, not Requirement"
requirement_control_mappings,MAP-00397,PSEUDO_REQUIREMENT_IS_REGULATORY_REFERENCE_CONTROL,ISO_IEC_27001_2022-R-037,RISK-002,"do_not_import; regulatory reference control is materialized as Control/ControlVersion, not Requirement"
requirement_control_mappings,MAP-00398,PSEUDO_REQUIREMENT_IS_REGULATORY_REFERENCE_CONTROL,ISO_IEC_27001_2022-R-037,DOC-001,"do_not_import; regulatory reference control is materialized as Control/ControlVersion, not Requirement"
requirement_control_mappings,MAP-00399,PSEUDO_REQUIREMENT_IS_REGULATORY_REFERENCE_CONTROL,ISO_IEC_27001_2022-R-037,REC-001,"do_not_import; regulatory reference control is materialized as Control/ControlVersion, not Requirement"
requirement_control_mappings,MAP-00400,PSEUDO_REQUIREMENT_IS_REGULATORY_REFERENCE_CONTROL,ISO_IEC_27001_2022-R-037,BCM-001,"do_not_import; regulatory reference control is materialized as Control/ControlVersion, not Requirement"
requirement_control_mappings,MAP-00401,PSEUDO_REQUIREMENT_IS_REGULATORY_REFERENCE_CONTROL,ISO_IEC_27001_2022-R-038,RISK-001,"do_not_import; regulatory reference control is materialized as Control/ControlVersion, not Requirement"
requirement_control_mappings,MAP-00402,PSEUDO_REQUIREMENT_IS_REGULATORY_REFERENCE_CONTROL,ISO_IEC_27001_2022-R-038,RISK-002,"do_not_import; regulatory reference control is materialized as Control/ControlVersion, not Requirement"
requirement_control_mappings,MAP-00403,PSEUDO_REQUIREMENT_IS_REGULATORY_REFERENCE_CONTROL,ISO_IEC_27001_2022-R-038,DOC-001,"do_not_import; regulatory reference control is materialized as Control/ControlVersion, not Requirement"
requirement_control_mappings,MAP-00404,PSEUDO_REQUIREMENT_IS_REGULATORY_REFERENCE_CONTROL,ISO_IEC_27001_2022-R-038,REC-001,"do_not_import; regulatory reference control is materialized as Control/ControlVersion, not Requirement"
requirement_control_mappings,MAP-00405,PSEUDO_REQUIREMENT_IS_REGULATORY_REFERENCE_CONTROL,ISO_IEC_27001_2022-R-039,RISK-001,"do_not_import; regulatory reference control is materialized as Control/ControlVersion, not Requirement"
requirement_control_mappings,MAP-00406,PSEUDO_REQUIREMENT_IS_REGULATORY_REFERENCE_CONTROL,ISO_IEC_27001_2022-R-039,RISK-002,"do_not_import; regulatory reference control is materialized as Control/ControlVersion, not Requirement"
requirement_control_mappings,MAP-00407,PSEUDO_REQUIREMENT_IS_REGULATORY_REFERENCE_CONTROL,ISO_IEC_27001_2022-R-039,DOC-001,"do_not_import; regulatory reference control is materialized as Control/ControlVersion, not Requirement"
requirement_control_mappings,MAP-00408,PSEUDO_REQUIREMENT_IS_REGULATORY_REFERENCE_CONTROL,ISO_IEC_27001_2022-R-039,REC-001,"do_not_import; regulatory reference control is materialized as Control/ControlVersion, not Requirement"
requirement_control_mappings,MAP-00409,PSEUDO_REQUIREMENT_IS_REGULATORY_REFERENCE_CONTROL,ISO_IEC_27001_2022-R-039,PRIV-004,"do_not_import; regulatory reference control is materialized as Control/ControlVersion, not Requirement"
requirement_control_mappings,MAP-00410,PSEUDO_REQUIREMENT_IS_REGULATORY_REFERENCE_CONTROL,ISO_IEC_27001_2022-R-040,RISK-001,"do_not_import; regulatory reference control is materialized as Control/ControlVersion, not Requirement"
requirement_control_mappings,MAP-00411,PSEUDO_REQUIREMENT_IS_REGULATORY_REFERENCE_CONTROL,ISO_IEC_27001_2022-R-040,RISK-002,"do_not_import; regulatory reference control is materialized as Control/ControlVersion, not Requirement"
requirement_control_mappings,MAP-00412,PSEUDO_REQUIREMENT_IS_REGULATORY_REFERENCE_CONTROL,ISO_IEC_27001_2022-R-040,DOC-001,"do_not_import; regulatory reference control is materialized as Control/ControlVersion, not Requirement"
requirement_control_mappings,MAP-00413,PSEUDO_REQUIREMENT_IS_REGULATORY_REFERENCE_CONTROL,ISO_IEC_27001_2022-R-040,REC-001,"do_not_import; regulatory reference control is materialized as Control/ControlVersion, not Requirement"
requirement_control_mappings,MAP-00414,PSEUDO_REQUIREMENT_IS_REGULATORY_REFERENCE_CONTROL,ISO_IEC_27001_2022-R-041,RISK-001,"do_not_import; regulatory reference control is materialized as Control/ControlVersion, not Requirement"
requirement_control_mappings,MAP-00415,PSEUDO_REQUIREMENT_IS_REGULATORY_REFERENCE_CONTROL,ISO_IEC_27001_2022-R-041,RISK-002,"do_not_import; regulatory reference control is materialized as Control/ControlVersion, not Requirement"
requirement_control_mappings,MAP-00416,PSEUDO_REQUIREMENT_IS_REGULATORY_REFERENCE_CONTROL,ISO_IEC_27001_2022-R-041,DOC-001,"do_not_import; regulatory reference control is materialized as Control/ControlVersion, not Requirement"
requirement_control_mappings,MAP-00417,PSEUDO_REQUIREMENT_IS_REGULATORY_REFERENCE_CONTROL,ISO_IEC_27001_2022-R-041,REC-001,"do_not_import; regulatory reference control is materialized as Control/ControlVersion, not Requirement"
requirement_control_mappings,MAP-00418,PSEUDO_REQUIREMENT_IS_REGULATORY_REFERENCE_CONTROL,ISO_IEC_27001_2022-R-041,PRIV-001,"do_not_import; regulatory reference control is materialized as Control/ControlVersion, not Requirement"
requirement_control_mappings,MAP-00419,PSEUDO_REQUIREMENT_IS_REGULATORY_REFERENCE_CONTROL,ISO_IEC_27001_2022-R-041,PRIV-006,"do_not_import; regulatory reference control is materialized as Control/ControlVersion, not Requirement"
requirement_control_mappings,MAP-00420,PSEUDO_REQUIREMENT_IS_REGULATORY_REFERENCE_CONTROL,ISO_IEC_27001_2022-R-042,RISK-001,"do_not_import; regulatory reference control is materialized as Control/ControlVersion, not Requirement"
requirement_control_mappings,MAP-00421,PSEUDO_REQUIREMENT_IS_REGULATORY_REFERENCE_CONTROL,ISO_IEC_27001_2022-R-042,RISK-002,"do_not_import; regulatory reference control is materialized as Control/ControlVersion, not Requirement"
requirement_control_mappings,MAP-00422,PSEUDO_REQUIREMENT_IS_REGULATORY_REFERENCE_CONTROL,ISO_IEC_27001_2022-R-042,DOC-001,"do_not_import; regulatory reference control is materialized as Control/ControlVersion, not Requirement"
requirement_control_mappings,MAP-00423,PSEUDO_REQUIREMENT_IS_REGULATORY_REFERENCE_CONTROL,ISO_IEC_27001_2022-R-042,REC-001,"do_not_import; regulatory reference control is materialized as Control/ControlVersion, not Requirement"
requirement_control_mappings,MAP-00424,PSEUDO_REQUIREMENT_IS_REGULATORY_REFERENCE_CONTROL,ISO_IEC_27001_2022-R-043,GOV-003,"do_not_import; regulatory reference control is materialized as Control/ControlVersion, not Requirement"
requirement_control_mappings,MAP-00425,PSEUDO_REQUIREMENT_IS_REGULATORY_REFERENCE_CONTROL,ISO_IEC_27001_2022-R-043,RISK-001,"do_not_import; regulatory reference control is materialized as Control/ControlVersion, not Requirement"
requirement_control_mappings,MAP-00426,PSEUDO_REQUIREMENT_IS_REGULATORY_REFERENCE_CONTROL,ISO_IEC_27001_2022-R-043,RISK-002,"do_not_import; regulatory reference control is materialized as Control/ControlVersion, not Requirement"
requirement_control_mappings,MAP-00427,PSEUDO_REQUIREMENT_IS_REGULATORY_REFERENCE_CONTROL,ISO_IEC_27001_2022-R-043,DOC-001,"do_not_import; regulatory reference control is materialized as Control/ControlVersion, not Requirement"
requirement_control_mappings,MAP-00428,PSEUDO_REQUIREMENT_IS_REGULATORY_REFERENCE_CONTROL,ISO_IEC_27001_2022-R-043,REC-001,"do_not_import; regulatory reference control is materialized as Control/ControlVersion, not Requirement"
requirement_control_mappings,MAP-00429,PSEUDO_REQUIREMENT_IS_REGULATORY_REFERENCE_CONTROL,ISO_IEC_27001_2022-R-044,RISK-001,"do_not_import; regulatory reference control is materialized as Control/ControlVersion, not Requirement"
requirement_control_mappings,MAP-00430,PSEUDO_REQUIREMENT_IS_REGULATORY_REFERENCE_CONTROL,ISO_IEC_27001_2022-R-044,RISK-002,"do_not_import; regulatory reference control is materialized as Control/ControlVersion, not Requirement"
requirement_control_mappings,MAP-00431,PSEUDO_REQUIREMENT_IS_REGULATORY_REFERENCE_CONTROL,ISO_IEC_27001_2022-R-044,DOC-001,"do_not_import; regulatory reference control is materialized as Control/ControlVersion, not Requirement"
requirement_control_mappings,MAP-00432,PSEUDO_REQUIREMENT_IS_REGULATORY_REFERENCE_CONTROL,ISO_IEC_27001_2022-R-044,REC-001,"do_not_import; regulatory reference control is materialized as Control/ControlVersion, not Requirement"
requirement_control_mappings,MAP-00433,PSEUDO_REQUIREMENT_IS_REGULATORY_REFERENCE_CONTROL,ISO_IEC_27001_2022-R-045,RISK-001,"do_not_import; regulatory reference control is materialized as Control/ControlVersion, not Requirement"
requirement_control_mappings,MAP-00434,PSEUDO_REQUIREMENT_IS_REGULATORY_REFERENCE_CONTROL,ISO_IEC_27001_2022-R-045,RISK-002,"do_not_import; regulatory reference control is materialized as Control/ControlVersion, not Requirement"
requirement_control_mappings,MAP-00435,PSEUDO_REQUIREMENT_IS_REGULATORY_REFERENCE_CONTROL,ISO_IEC_27001_2022-R-045,DOC-001,"do_not_import; regulatory reference control is materialized as Control/ControlVersion, not Requirement"
requirement_control_mappings,MAP-00436,PSEUDO_REQUIREMENT_IS_REGULATORY_REFERENCE_CONTROL,ISO_IEC_27001_2022-R-045,REC-001,"do_not_import; regulatory reference control is materialized as Control/ControlVersion, not Requirement"
requirement_control_mappings,MAP-00437,PSEUDO_REQUIREMENT_IS_REGULATORY_REFERENCE_CONTROL,ISO_IEC_27001_2022-R-046,RISK-001,"do_not_import; regulatory reference control is materialized as Control/ControlVersion, not Requirement"
requirement_control_mappings,MAP-00438,PSEUDO_REQUIREMENT_IS_REGULATORY_REFERENCE_CONTROL,ISO_IEC_27001_2022-R-046,RISK-002,"do_not_import; regulatory reference control is materialized as Control/ControlVersion, not Requirement"
requirement_control_mappings,MAP-00439,PSEUDO_REQUIREMENT_IS_REGULATORY_REFERENCE_CONTROL,ISO_IEC_27001_2022-R-046,DOC-001,"do_not_import; regulatory reference control is materialized as Control/ControlVersion, not Requirement"
requirement_control_mappings,MAP-00440,PSEUDO_REQUIREMENT_IS_REGULATORY_REFERENCE_CONTROL,ISO_IEC_27001_2022-R-046,REC-001,"do_not_import; regulatory reference control is materialized as Control/ControlVersion, not Requirement"
requirement_control_mappings,MAP-00441,PSEUDO_REQUIREMENT_IS_REGULATORY_REFERENCE_CONTROL,ISO_IEC_27001_2022-R-047,RISK-001,"do_not_import; regulatory reference control is materialized as Control/ControlVersion, not Requirement"
requirement_control_mappings,MAP-00442,PSEUDO_REQUIREMENT_IS_REGULATORY_REFERENCE_CONTROL,ISO_IEC_27001_2022-R-047,RISK-002,"do_not_import; regulatory reference control is materialized as Control/ControlVersion, not Requirement"
requirement_control_mappings,MAP-00443,PSEUDO_REQUIREMENT_IS_REGULATORY_REFERENCE_CONTROL,ISO_IEC_27001_2022-R-047,COMP-001,"do_not_import; regulatory reference control is materialized as Control/ControlVersion, not Requirement"
requirement_control_mappings,MAP-00444,PSEUDO_REQUIREMENT_IS_REGULATORY_REFERENCE_CONTROL,ISO_IEC_27001_2022-R-047,AWARE-001,"do_not_import; regulatory reference control is materialized as Control/ControlVersion, not Requirement"
requirement_control_mappings,MAP-00445,PSEUDO_REQUIREMENT_IS_REGULATORY_REFERENCE_CONTROL,ISO_IEC_27001_2022-R-047,DOC-001,"do_not_import; regulatory reference control is materialized as Control/ControlVersion, not Requirement"
requirement_control_mappings,MAP-00446,PSEUDO_REQUIREMENT_IS_REGULATORY_REFERENCE_CONTROL,ISO_IEC_27001_2022-R-047,REC-001,"do_not_import; regulatory reference control is materialized as Control/ControlVersion, not Requirement"
requirement_control_mappings,MAP-00447,PSEUDO_REQUIREMENT_IS_REGULATORY_REFERENCE_CONTROL,ISO_IEC_27001_2022-R-048,RISK-001,"do_not_import; regulatory reference control is materialized as Control/ControlVersion, not Requirement"
requirement_control_mappings,MAP-00448,PSEUDO_REQUIREMENT_IS_REGULATORY_REFERENCE_CONTROL,ISO_IEC_27001_2022-R-048,RISK-002,"do_not_import; regulatory reference control is materialized as Control/ControlVersion, not Requirement"
requirement_control_mappings,MAP-00449,PSEUDO_REQUIREMENT_IS_REGULATORY_REFERENCE_CONTROL,ISO_IEC_27001_2022-R-048,DOC-001,"do_not_import; regulatory reference control is materialized as Control/ControlVersion, not Requirement"
requirement_control_mappings,MAP-00450,PSEUDO_REQUIREMENT_IS_REGULATORY_REFERENCE_CONTROL,ISO_IEC_27001_2022-R-048,REC-001,"do_not_import; regulatory reference control is materialized as Control/ControlVersion, not Requirement"
requirement_control_mappings,MAP-00451,PSEUDO_REQUIREMENT_IS_REGULATORY_REFERENCE_CONTROL,ISO_IEC_27001_2022-R-049,GOV-001,"do_not_import; regulatory reference control is materialized as Control/ControlVersion, not Requirement"
requirement_control_mappings,MAP-00452,PSEUDO_REQUIREMENT_IS_REGULATORY_REFERENCE_CONTROL,ISO_IEC_27001_2022-R-049,GOV-002,"do_not_import; regulatory reference control is materialized as Control/ControlVersion, not Requirement"
requirement_control_mappings,MAP-00453,PSEUDO_REQUIREMENT_IS_REGULATORY_REFERENCE_CONTROL,ISO_IEC_27001_2022-R-049,RISK-001,"do_not_import; regulatory reference control is materialized as Control/ControlVersion, not Requirement"
requirement_control_mappings,MAP-00454,PSEUDO_REQUIREMENT_IS_REGULATORY_REFERENCE_CONTROL,ISO_IEC_27001_2022-R-049,RISK-002,"do_not_import; regulatory reference control is materialized as Control/ControlVersion, not Requirement"
requirement_control_mappings,MAP-00455,PSEUDO_REQUIREMENT_IS_REGULATORY_REFERENCE_CONTROL,ISO_IEC_27001_2022-R-049,DOC-001,"do_not_import; regulatory reference control is materialized as Control/ControlVersion, not Requirement"
requirement_control_mappings,MAP-00456,PSEUDO_REQUIREMENT_IS_REGULATORY_REFERENCE_CONTROL,ISO_IEC_27001_2022-R-049,REC-001,"do_not_import; regulatory reference control is materialized as Control/ControlVersion, not Requirement"
requirement_control_mappings,MAP-00457,PSEUDO_REQUIREMENT_IS_REGULATORY_REFERENCE_CONTROL,ISO_IEC_27001_2022-R-050,RISK-001,"do_not_import; regulatory reference control is materialized as Control/ControlVersion, not Requirement"
requirement_control_mappings,MAP-00458,PSEUDO_REQUIREMENT_IS_REGULATORY_REFERENCE_CONTROL,ISO_IEC_27001_2022-R-050,RISK-002,"do_not_import; regulatory reference control is materialized as Control/ControlVersion, not Requirement"
requirement_control_mappings,MAP-00459,PSEUDO_REQUIREMENT_IS_REGULATORY_REFERENCE_CONTROL,ISO_IEC_27001_2022-R-050,DOC-001,"do_not_import; regulatory reference control is materialized as Control/ControlVersion, not Requirement"
requirement_control_mappings,MAP-00460,PSEUDO_REQUIREMENT_IS_REGULATORY_REFERENCE_CONTROL,ISO_IEC_27001_2022-R-050,REC-001,"do_not_import; regulatory reference control is materialized as Control/ControlVersion, not Requirement"
requirement_control_mappings,MAP-00461,PSEUDO_REQUIREMENT_IS_REGULATORY_REFERENCE_CONTROL,ISO_IEC_27001_2022-R-050,AI-001,"do_not_import; regulatory reference control is materialized as Control/ControlVersion, not Requirement"
requirement_control_mappings,MAP-00462,PSEUDO_REQUIREMENT_IS_REGULATORY_REFERENCE_CONTROL,ISO_IEC_27001_2022-R-050,AI-003,"do_not_import; regulatory reference control is materialized as Control/ControlVersion, not Requirement"
requirement_control_mappings,MAP-00463,PSEUDO_REQUIREMENT_IS_REGULATORY_REFERENCE_CONTROL,ISO_IEC_27001_2022-R-051,RISK-001,"do_not_import; regulatory reference control is materialized as Control/ControlVersion, not Requirement"
requirement_control_mappings,MAP-00464,PSEUDO_REQUIREMENT_IS_REGULATORY_REFERENCE_CONTROL,ISO_IEC_27001_2022-R-051,RISK-002,"do_not_import; regulatory reference control is materialized as Control/ControlVersion, not Requirement"
requirement_control_mappings,MAP-00465,PSEUDO_REQUIREMENT_IS_REGULATORY_REFERENCE_CONTROL,ISO_IEC_27001_2022-R-051,DOC-001,"do_not_import; regulatory reference control is materialized as Control/ControlVersion, not Requirement"
requirement_control_mappings,MAP-00466,PSEUDO_REQUIREMENT_IS_REGULATORY_REFERENCE_CONTROL,ISO_IEC_27001_2022-R-051,REC-001,"do_not_import; regulatory reference control is materialized as Control/ControlVersion, not Requirement"
requirement_control_mappings,MAP-00467,PSEUDO_REQUIREMENT_IS_REGULATORY_REFERENCE_CONTROL,ISO_IEC_27001_2022-R-052,RISK-001,"do_not_import; regulatory reference control is materialized as Control/ControlVersion, not Requirement"
requirement_control_mappings,MAP-00468,PSEUDO_REQUIREMENT_IS_REGULATORY_REFERENCE_CONTROL,ISO_IEC_27001_2022-R-052,RISK-002,"do_not_import; regulatory reference control is materialized as Control/ControlVersion, not Requirement"
requirement_control_mappings,MAP-00469,PSEUDO_REQUIREMENT_IS_REGULATORY_REFERENCE_CONTROL,ISO_IEC_27001_2022-R-052,DOC-001,"do_not_import; regulatory reference control is materialized as Control/ControlVersion, not Requirement"
requirement_control_mappings,MAP-00470,PSEUDO_REQUIREMENT_IS_REGULATORY_REFERENCE_CONTROL,ISO_IEC_27001_2022-R-052,REC-001,"do_not_import; regulatory reference control is materialized as Control/ControlVersion, not Requirement"
requirement_control_mappings,MAP-00471,PSEUDO_REQUIREMENT_IS_REGULATORY_REFERENCE_CONTROL,ISO_IEC_27001_2022-R-053,RISK-001,"do_not_import; regulatory reference control is materialized as Control/ControlVersion, not Requirement"
requirement_control_mappings,MAP-00472,PSEUDO_REQUIREMENT_IS_REGULATORY_REFERENCE_CONTROL,ISO_IEC_27001_2022-R-053,RISK-002,"do_not_import; regulatory reference control is materialized as Control/ControlVersion, not Requirement"
requirement_control_mappings,MAP-00473,PSEUDO_REQUIREMENT_IS_REGULATORY_REFERENCE_CONTROL,ISO_IEC_27001_2022-R-053,DOC-001,"do_not_import; regulatory reference control is materialized as Control/ControlVersion, not Requirement"
requirement_control_mappings,MAP-00474,PSEUDO_REQUIREMENT_IS_REGULATORY_REFERENCE_CONTROL,ISO_IEC_27001_2022-R-053,REC-001,"do_not_import; regulatory reference control is materialized as Control/ControlVersion, not Requirement"
requirement_control_mappings,MAP-00475,PSEUDO_REQUIREMENT_IS_REGULATORY_REFERENCE_CONTROL,ISO_IEC_27001_2022-R-054,RISK-001,"do_not_import; regulatory reference control is materialized as Control/ControlVersion, not Requirement"
requirement_control_mappings,MAP-00476,PSEUDO_REQUIREMENT_IS_REGULATORY_REFERENCE_CONTROL,ISO_IEC_27001_2022-R-054,RISK-002,"do_not_import; regulatory reference control is materialized as Control/ControlVersion, not Requirement"
requirement_control_mappings,MAP-00477,PSEUDO_REQUIREMENT_IS_REGULATORY_REFERENCE_CONTROL,ISO_IEC_27001_2022-R-054,DOC-001,"do_not_import; regulatory reference control is materialized as Control/ControlVersion, not Requirement"
requirement_control_mappings,MAP-00478,PSEUDO_REQUIREMENT_IS_REGULATORY_REFERENCE_CONTROL,ISO_IEC_27001_2022-R-054,REC-001,"do_not_import; regulatory reference control is materialized as Control/ControlVersion, not Requirement"
requirement_control_mappings,MAP-00479,PSEUDO_REQUIREMENT_IS_REGULATORY_REFERENCE_CONTROL,ISO_IEC_27001_2022-R-055,RISK-001,"do_not_import; regulatory reference control is materialized as Control/ControlVersion, not Requirement"
requirement_control_mappings,MAP-00480,PSEUDO_REQUIREMENT_IS_REGULATORY_REFERENCE_CONTROL,ISO_IEC_27001_2022-R-055,RISK-002,"do_not_import; regulatory reference control is materialized as Control/ControlVersion, not Requirement"
requirement_control_mappings,MAP-00481,PSEUDO_REQUIREMENT_IS_REGULATORY_REFERENCE_CONTROL,ISO_IEC_27001_2022-R-055,DOC-001,"do_not_import; regulatory reference control is materialized as Control/ControlVersion, not Requirement"
requirement_control_mappings,MAP-00482,PSEUDO_REQUIREMENT_IS_REGULATORY_REFERENCE_CONTROL,ISO_IEC_27001_2022-R-055,REC-001,"do_not_import; regulatory reference control is materialized as Control/ControlVersion, not Requirement"
requirement_control_mappings,MAP-00483,PSEUDO_REQUIREMENT_IS_REGULATORY_REFERENCE_CONTROL,ISO_IEC_27001_2022-R-056,RISK-001,"do_not_import; regulatory reference control is materialized as Control/ControlVersion, not Requirement"
requirement_control_mappings,MAP-00484,PSEUDO_REQUIREMENT_IS_REGULATORY_REFERENCE_CONTROL,ISO_IEC_27001_2022-R-056,RISK-002,"do_not_import; regulatory reference control is materialized as Control/ControlVersion, not Requirement"
requirement_control_mappings,MAP-00485,PSEUDO_REQUIREMENT_IS_REGULATORY_REFERENCE_CONTROL,ISO_IEC_27001_2022-R-056,DOC-001,"do_not_import; regulatory reference control is materialized as Control/ControlVersion, not Requirement"
requirement_control_mappings,MAP-00486,PSEUDO_REQUIREMENT_IS_REGULATORY_REFERENCE_CONTROL,ISO_IEC_27001_2022-R-056,REC-001,"do_not_import; regulatory reference control is materialized as Control/ControlVersion, not Requirement"
requirement_control_mappings,MAP-00487,PSEUDO_REQUIREMENT_IS_REGULATORY_REFERENCE_CONTROL,ISO_IEC_27001_2022-R-056,MON-001,"do_not_import; regulatory reference control is materialized as Control/ControlVersion, not Requirement"
requirement_control_mappings,MAP-00488,PSEUDO_REQUIREMENT_IS_REGULATORY_REFERENCE_CONTROL,ISO_IEC_27001_2022-R-056,METRIC-001,"do_not_import; regulatory reference control is materialized as Control/ControlVersion, not Requirement"
requirement_control_mappings,MAP-00489,PSEUDO_REQUIREMENT_IS_REGULATORY_REFERENCE_CONTROL,ISO_IEC_27001_2022-R-057,RISK-001,"do_not_import; regulatory reference control is materialized as Control/ControlVersion, not Requirement"
requirement_control_mappings,MAP-00490,PSEUDO_REQUIREMENT_IS_REGULATORY_REFERENCE_CONTROL,ISO_IEC_27001_2022-R-057,RISK-002,"do_not_import; regulatory reference control is materialized as Control/ControlVersion, not Requirement"
requirement_control_mappings,MAP-00491,PSEUDO_REQUIREMENT_IS_REGULATORY_REFERENCE_CONTROL,ISO_IEC_27001_2022-R-057,DOC-001,"do_not_import; regulatory reference control is materialized as Control/ControlVersion, not Requirement"
requirement_control_mappings,MAP-00492,PSEUDO_REQUIREMENT_IS_REGULATORY_REFERENCE_CONTROL,ISO_IEC_27001_2022-R-057,REC-001,"do_not_import; regulatory reference control is materialized as Control/ControlVersion, not Requirement"
requirement_control_mappings,MAP-00493,PSEUDO_REQUIREMENT_IS_REGULATORY_REFERENCE_CONTROL,ISO_IEC_27001_2022-R-058,RISK-001,"do_not_import; regulatory reference control is materialized as Control/ControlVersion, not Requirement"
requirement_control_mappings,MAP-00494,PSEUDO_REQUIREMENT_IS_REGULATORY_REFERENCE_CONTROL,ISO_IEC_27001_2022-R-058,RISK-002,"do_not_import; regulatory reference control is materialized as Control/ControlVersion, not Requirement"
requirement_control_mappings,MAP-00495,PSEUDO_REQUIREMENT_IS_REGULATORY_REFERENCE_CONTROL,ISO_IEC_27001_2022-R-058,DOC-001,"do_not_import; regulatory reference control is materialized as Control/ControlVersion, not Requirement"
requirement_control_mappings,MAP-00496,PSEUDO_REQUIREMENT_IS_REGULATORY_REFERENCE_CONTROL,ISO_IEC_27001_2022-R-058,REC-001,"do_not_import; regulatory reference control is materialized as Control/ControlVersion, not Requirement"
requirement_control_mappings,MAP-00497,PSEUDO_REQUIREMENT_IS_REGULATORY_REFERENCE_CONTROL,ISO_IEC_27001_2022-R-059,RISK-001,"do_not_import; regulatory reference control is materialized as Control/ControlVersion, not Requirement"
requirement_control_mappings,MAP-00498,PSEUDO_REQUIREMENT_IS_REGULATORY_REFERENCE_CONTROL,ISO_IEC_27001_2022-R-059,RISK-002,"do_not_import; regulatory reference control is materialized as Control/ControlVersion, not Requirement"
requirement_control_mappings,MAP-00499,PSEUDO_REQUIREMENT_IS_REGULATORY_REFERENCE_CONTROL,ISO_IEC_27001_2022-R-059,DOC-001,"do_not_import; regulatory reference control is materialized as Control/ControlVersion, not Requirement"
requirement_control_mappings,MAP-00500,PSEUDO_REQUIREMENT_IS_REGULATORY_REFERENCE_CONTROL,ISO_IEC_27001_2022-R-059,REC-001,"do_not_import; regulatory reference control is materialized as Control/ControlVersion, not Requirement"
requirement_control_mappings,MAP-00501,PSEUDO_REQUIREMENT_IS_REGULATORY_REFERENCE_CONTROL,ISO_IEC_27001_2022-R-059,AI-001,"do_not_import; regulatory reference control is materialized as Control/ControlVersion, not Requirement"
requirement_control_mappings,MAP-00502,PSEUDO_REQUIREMENT_IS_REGULATORY_REFERENCE_CONTROL,ISO_IEC_27001_2022-R-059,AI-003,"do_not_import; regulatory reference control is materialized as Control/ControlVersion, not Requirement"
requirement_control_mappings,MAP-00503,PSEUDO_REQUIREMENT_IS_REGULATORY_REFERENCE_CONTROL,ISO_IEC_27001_2022-R-060,RISK-001,"do_not_import; regulatory reference control is materialized as Control/ControlVersion, not Requirement"
requirement_control_mappings,MAP-00504,PSEUDO_REQUIREMENT_IS_REGULATORY_REFERENCE_CONTROL,ISO_IEC_27001_2022-R-060,RISK-002,"do_not_import; regulatory reference control is materialized as Control/ControlVersion, not Requirement"
requirement_control_mappings,MAP-00505,PSEUDO_REQUIREMENT_IS_REGULATORY_REFERENCE_CONTROL,ISO_IEC_27001_2022-R-060,DOC-001,"do_not_import; regulatory reference control is materialized as Control/ControlVersion, not Requirement"
requirement_control_mappings,MAP-00506,PSEUDO_REQUIREMENT_IS_REGULATORY_REFERENCE_CONTROL,ISO_IEC_27001_2022-R-060,REC-001,"do_not_import; regulatory reference control is materialized as Control/ControlVersion, not Requirement"
requirement_control_mappings,MAP-00507,PSEUDO_REQUIREMENT_IS_REGULATORY_REFERENCE_CONTROL,ISO_IEC_27001_2022-R-061,RISK-001,"do_not_import; regulatory reference control is materialized as Control/ControlVersion, not Requirement"
requirement_control_mappings,MAP-00508,PSEUDO_REQUIREMENT_IS_REGULATORY_REFERENCE_CONTROL,ISO_IEC_27001_2022-R-061,RISK-002,"do_not_import; regulatory reference control is materialized as Control/ControlVersion, not Requirement"
requirement_control_mappings,MAP-00509,PSEUDO_REQUIREMENT_IS_REGULATORY_REFERENCE_CONTROL,ISO_IEC_27001_2022-R-061,DOC-001,"do_not_import; regulatory reference control is materialized as Control/ControlVersion, not Requirement"
requirement_control_mappings,MAP-00510,PSEUDO_REQUIREMENT_IS_REGULATORY_REFERENCE_CONTROL,ISO_IEC_27001_2022-R-061,REC-001,"do_not_import; regulatory reference control is materialized as Control/ControlVersion, not Requirement"
requirement_control_mappings,MAP-00511,PSEUDO_REQUIREMENT_IS_REGULATORY_REFERENCE_CONTROL,ISO_IEC_27001_2022-R-061,ASSET-001,"do_not_import; regulatory reference control is materialized as Control/ControlVersion, not Requirement"
requirement_control_mappings,MAP-00512,PSEUDO_REQUIREMENT_IS_REGULATORY_REFERENCE_CONTROL,ISO_IEC_27001_2022-R-062,RISK-001,"do_not_import; regulatory reference control is materialized as Control/ControlVersion, not Requirement"
requirement_control_mappings,MAP-00513,PSEUDO_REQUIREMENT_IS_REGULATORY_REFERENCE_CONTROL,ISO_IEC_27001_2022-R-062,RISK-002,"do_not_import; regulatory reference control is materialized as Control/ControlVersion, not Requirement"
requirement_control_mappings,MAP-00514,PSEUDO_REQUIREMENT_IS_REGULATORY_REFERENCE_CONTROL,ISO_IEC_27001_2022-R-062,DOC-001,"do_not_import; regulatory reference control is materialized as Control/ControlVersion, not Requirement"
requirement_control_mappings,MAP-00515,PSEUDO_REQUIREMENT_IS_REGULATORY_REFERENCE_CONTROL,ISO_IEC_27001_2022-R-062,REC-001,"do_not_import; regulatory reference control is materialized as Control/ControlVersion, not Requirement"
requirement_control_mappings,MAP-00516,PSEUDO_REQUIREMENT_IS_REGULATORY_REFERENCE_CONTROL,ISO_IEC_27001_2022-R-063,RISK-001,"do_not_import; regulatory reference control is materialized as Control/ControlVersion, not Requirement"
requirement_control_mappings,MAP-00517,PSEUDO_REQUIREMENT_IS_REGULATORY_REFERENCE_CONTROL,ISO_IEC_27001_2022-R-063,RISK-002,"do_not_import; regulatory reference control is materialized as Control/ControlVersion, not Requirement"
requirement_control_mappings,MAP-00518,PSEUDO_REQUIREMENT_IS_REGULATORY_REFERENCE_CONTROL,ISO_IEC_27001_2022-R-063,DOC-001,"do_not_import; regulatory reference control is materialized as Control/ControlVersion, not Requirement"
requirement_control_mappings,MAP-00519,PSEUDO_REQUIREMENT_IS_REGULATORY_REFERENCE_CONTROL,ISO_IEC_27001_2022-R-063,REC-001,"do_not_import; regulatory reference control is materialized as Control/ControlVersion, not Requirement"
requirement_control_mappings,MAP-00520,PSEUDO_REQUIREMENT_IS_REGULATORY_REFERENCE_CONTROL,ISO_IEC_27001_2022-R-064,RISK-001,"do_not_import; regulatory reference control is materialized as Control/ControlVersion, not Requirement"
requirement_control_mappings,MAP-00521,PSEUDO_REQUIREMENT_IS_REGULATORY_REFERENCE_CONTROL,ISO_IEC_27001_2022-R-064,RISK-002,"do_not_import; regulatory reference control is materialized as Control/ControlVersion, not Requirement"
requirement_control_mappings,MAP-00522,PSEUDO_REQUIREMENT_IS_REGULATORY_REFERENCE_CONTROL,ISO_IEC_27001_2022-R-064,DOC-001,"do_not_import; regulatory reference control is materialized as Control/ControlVersion, not Requirement"
requirement_control_mappings,MAP-00523,PSEUDO_REQUIREMENT_IS_REGULATORY_REFERENCE_CONTROL,ISO_IEC_27001_2022-R-064,REC-001,"do_not_import; regulatory reference control is materialized as Control/ControlVersion, not Requirement"
requirement_control_mappings,MAP-00524,PSEUDO_REQUIREMENT_IS_REGULATORY_REFERENCE_CONTROL,ISO_IEC_27001_2022-R-065,RISK-001,"do_not_import; regulatory reference control is materialized as Control/ControlVersion, not Requirement"
requirement_control_mappings,MAP-00525,PSEUDO_REQUIREMENT_IS_REGULATORY_REFERENCE_CONTROL,ISO_IEC_27001_2022-R-065,RISK-002,"do_not_import; regulatory reference control is materialized as Control/ControlVersion, not Requirement"
requirement_control_mappings,MAP-00526,PSEUDO_REQUIREMENT_IS_REGULATORY_REFERENCE_CONTROL,ISO_IEC_27001_2022-R-065,DOC-001,"do_not_import; regulatory reference control is materialized as Control/ControlVersion, not Requirement"
requirement_control_mappings,MAP-00527,PSEUDO_REQUIREMENT_IS_REGULATORY_REFERENCE_CONTROL,ISO_IEC_27001_2022-R-065,REC-001,"do_not_import; regulatory reference control is materialized as Control/ControlVersion, not Requirement"
requirement_control_mappings,MAP-00528,PSEUDO_REQUIREMENT_IS_REGULATORY_REFERENCE_CONTROL,ISO_IEC_27001_2022-R-066,RISK-001,"do_not_import; regulatory reference control is materialized as Control/ControlVersion, not Requirement"
requirement_control_mappings,MAP-00529,PSEUDO_REQUIREMENT_IS_REGULATORY_REFERENCE_CONTROL,ISO_IEC_27001_2022-R-066,RISK-002,"do_not_import; regulatory reference control is materialized as Control/ControlVersion, not Requirement"
requirement_control_mappings,MAP-00530,PSEUDO_REQUIREMENT_IS_REGULATORY_REFERENCE_CONTROL,ISO_IEC_27001_2022-R-066,DOC-001,"do_not_import; regulatory reference control is materialized as Control/ControlVersion, not Requirement"
requirement_control_mappings,MAP-00531,PSEUDO_REQUIREMENT_IS_REGULATORY_REFERENCE_CONTROL,ISO_IEC_27001_2022-R-066,REC-001,"do_not_import; regulatory reference control is materialized as Control/ControlVersion, not Requirement"
requirement_control_mappings,MAP-00532,PSEUDO_REQUIREMENT_IS_REGULATORY_REFERENCE_CONTROL,ISO_IEC_27001_2022-R-066,RETENTION-001,"do_not_import; regulatory reference control is materialized as Control/ControlVersion, not Requirement"
requirement_control_mappings,MAP-00533,PSEUDO_REQUIREMENT_IS_REGULATORY_REFERENCE_CONTROL,ISO_IEC_27001_2022-R-067,RISK-001,"do_not_import; regulatory reference control is materialized as Control/ControlVersion, not Requirement"
requirement_control_mappings,MAP-00534,PSEUDO_REQUIREMENT_IS_REGULATORY_REFERENCE_CONTROL,ISO_IEC_27001_2022-R-067,RISK-002,"do_not_import; regulatory reference control is materialized as Control/ControlVersion, not Requirement"
requirement_control_mappings,MAP-00535,PSEUDO_REQUIREMENT_IS_REGULATORY_REFERENCE_CONTROL,ISO_IEC_27001_2022-R-067,DOC-001,"do_not_import; regulatory reference control is materialized as Control/ControlVersion, not Requirement"
requirement_control_mappings,MAP-00536,PSEUDO_REQUIREMENT_IS_REGULATORY_REFERENCE_CONTROL,ISO_IEC_27001_2022-R-067,REC-001,"do_not_import; regulatory reference control is materialized as Control/ControlVersion, not Requirement"
requirement_control_mappings,MAP-00537,PSEUDO_REQUIREMENT_IS_REGULATORY_REFERENCE_CONTROL,ISO_IEC_27001_2022-R-068,RISK-001,"do_not_import; regulatory reference control is materialized as Control/ControlVersion, not Requirement"
requirement_control_mappings,MAP-00538,PSEUDO_REQUIREMENT_IS_REGULATORY_REFERENCE_CONTROL,ISO_IEC_27001_2022-R-068,RISK-002,"do_not_import; regulatory reference control is materialized as Control/ControlVersion, not Requirement"
requirement_control_mappings,MAP-00539,PSEUDO_REQUIREMENT_IS_REGULATORY_REFERENCE_CONTROL,ISO_IEC_27001_2022-R-068,DOC-001,"do_not_import; regulatory reference control is materialized as Control/ControlVersion, not Requirement"
requirement_control_mappings,MAP-00540,PSEUDO_REQUIREMENT_IS_REGULATORY_REFERENCE_CONTROL,ISO_IEC_27001_2022-R-068,REC-001,"do_not_import; regulatory reference control is materialized as Control/ControlVersion, not Requirement"
requirement_control_mappings,MAP-00541,PSEUDO_REQUIREMENT_IS_REGULATORY_REFERENCE_CONTROL,ISO_IEC_27001_2022-R-068,ACCESS-001,"do_not_import; regulatory reference control is materialized as Control/ControlVersion, not Requirement"
requirement_control_mappings,MAP-00542,PSEUDO_REQUIREMENT_IS_REGULATORY_REFERENCE_CONTROL,ISO_IEC_27001_2022-R-068,ACCESS-002,"do_not_import; regulatory reference control is materialized as Control/ControlVersion, not Requirement"
requirement_control_mappings,MAP-00543,PSEUDO_REQUIREMENT_IS_REGULATORY_REFERENCE_CONTROL,ISO_IEC_27001_2022-R-069,RISK-001,"do_not_import; regulatory reference control is materialized as Control/ControlVersion, not Requirement"
requirement_control_mappings,MAP-00544,PSEUDO_REQUIREMENT_IS_REGULATORY_REFERENCE_CONTROL,ISO_IEC_27001_2022-R-069,RISK-002,"do_not_import; regulatory reference control is materialized as Control/ControlVersion, not Requirement"
requirement_control_mappings,MAP-00545,PSEUDO_REQUIREMENT_IS_REGULATORY_REFERENCE_CONTROL,ISO_IEC_27001_2022-R-069,COMP-001,"do_not_import; regulatory reference control is materialized as Control/ControlVersion, not Requirement"
requirement_control_mappings,MAP-00546,PSEUDO_REQUIREMENT_IS_REGULATORY_REFERENCE_CONTROL,ISO_IEC_27001_2022-R-069,DOC-001,"do_not_import; regulatory reference control is materialized as Control/ControlVersion, not Requirement"
requirement_control_mappings,MAP-00547,PSEUDO_REQUIREMENT_IS_REGULATORY_REFERENCE_CONTROL,ISO_IEC_27001_2022-R-069,REC-001,"do_not_import; regulatory reference control is materialized as Control/ControlVersion, not Requirement"
requirement_control_mappings,MAP-00548,PSEUDO_REQUIREMENT_IS_REGULATORY_REFERENCE_CONTROL,ISO_IEC_27001_2022-R-069,ACCESS-001,"do_not_import; regulatory reference control is materialized as Control/ControlVersion, not Requirement"
requirement_control_mappings,MAP-00549,PSEUDO_REQUIREMENT_IS_REGULATORY_REFERENCE_CONTROL,ISO_IEC_27001_2022-R-070,RISK-001,"do_not_import; regulatory reference control is materialized as Control/ControlVersion, not Requirement"
requirement_control_mappings,MAP-00550,PSEUDO_REQUIREMENT_IS_REGULATORY_REFERENCE_CONTROL,ISO_IEC_27001_2022-R-070,RISK-002,"do_not_import; regulatory reference control is materialized as Control/ControlVersion, not Requirement"
requirement_control_mappings,MAP-00551,PSEUDO_REQUIREMENT_IS_REGULATORY_REFERENCE_CONTROL,ISO_IEC_27001_2022-R-070,DOC-001,"do_not_import; regulatory reference control is materialized as Control/ControlVersion, not Requirement"
requirement_control_mappings,MAP-00552,PSEUDO_REQUIREMENT_IS_REGULATORY_REFERENCE_CONTROL,ISO_IEC_27001_2022-R-070,REC-001,"do_not_import; regulatory reference control is materialized as Control/ControlVersion, not Requirement"
requirement_control_mappings,MAP-00553,PSEUDO_REQUIREMENT_IS_REGULATORY_REFERENCE_CONTROL,ISO_IEC_27001_2022-R-070,ACCESS-001,"do_not_import; regulatory reference control is materialized as Control/ControlVersion, not Requirement"
requirement_control_mappings,MAP-00554,PSEUDO_REQUIREMENT_IS_REGULATORY_REFERENCE_CONTROL,ISO_IEC_27001_2022-R-070,ACCESS-002,"do_not_import; regulatory reference control is materialized as Control/ControlVersion, not Requirement"
requirement_control_mappings,MAP-00555,PSEUDO_REQUIREMENT_IS_REGULATORY_REFERENCE_CONTROL,ISO_IEC_27001_2022-R-071,RISK-001,"do_not_import; regulatory reference control is materialized as Control/ControlVersion, not Requirement"
requirement_control_mappings,MAP-00556,PSEUDO_REQUIREMENT_IS_REGULATORY_REFERENCE_CONTROL,ISO_IEC_27001_2022-R-071,RISK-002,"do_not_import; regulatory reference control is materialized as Control/ControlVersion, not Requirement"
requirement_control_mappings,MAP-00557,PSEUDO_REQUIREMENT_IS_REGULATORY_REFERENCE_CONTROL,ISO_IEC_27001_2022-R-071,DOC-001,"do_not_import; regulatory reference control is materialized as Control/ControlVersion, not Requirement"
requirement_control_mappings,MAP-00558,PSEUDO_REQUIREMENT_IS_REGULATORY_REFERENCE_CONTROL,ISO_IEC_27001_2022-R-071,REC-001,"do_not_import; regulatory reference control is materialized as Control/ControlVersion, not Requirement"
requirement_control_mappings,MAP-00559,PSEUDO_REQUIREMENT_IS_REGULATORY_REFERENCE_CONTROL,ISO_IEC_27001_2022-R-071,IAM-001,"do_not_import; regulatory reference control is materialized as Control/ControlVersion, not Requirement"
requirement_control_mappings,MAP-00560,PSEUDO_REQUIREMENT_IS_REGULATORY_REFERENCE_CONTROL,ISO_IEC_27001_2022-R-072,RISK-001,"do_not_import; regulatory reference control is materialized as Control/ControlVersion, not Requirement"
requirement_control_mappings,MAP-00561,PSEUDO_REQUIREMENT_IS_REGULATORY_REFERENCE_CONTROL,ISO_IEC_27001_2022-R-072,RISK-002,"do_not_import; regulatory reference control is materialized as Control/ControlVersion, not Requirement"
requirement_control_mappings,MAP-00562,PSEUDO_REQUIREMENT_IS_REGULATORY_REFERENCE_CONTROL,ISO_IEC_27001_2022-R-072,DOC-001,"do_not_import; regulatory reference control is materialized as Control/ControlVersion, not Requirement"
requirement_control_mappings,MAP-00563,PSEUDO_REQUIREMENT_IS_REGULATORY_REFERENCE_CONTROL,ISO_IEC_27001_2022-R-072,REC-001,"do_not_import; regulatory reference control is materialized as Control/ControlVersion, not Requirement"
requirement_control_mappings,MAP-00564,PSEUDO_REQUIREMENT_IS_REGULATORY_REFERENCE_CONTROL,ISO_IEC_27001_2022-R-073,RISK-001,"do_not_import; regulatory reference control is materialized as Control/ControlVersion, not Requirement"
requirement_control_mappings,MAP-00565,PSEUDO_REQUIREMENT_IS_REGULATORY_REFERENCE_CONTROL,ISO_IEC_27001_2022-R-073,RISK-002,"do_not_import; regulatory reference control is materialized as Control/ControlVersion, not Requirement"
requirement_control_mappings,MAP-00566,PSEUDO_REQUIREMENT_IS_REGULATORY_REFERENCE_CONTROL,ISO_IEC_27001_2022-R-073,DOC-001,"do_not_import; regulatory reference control is materialized as Control/ControlVersion, not Requirement"
requirement_control_mappings,MAP-00567,PSEUDO_REQUIREMENT_IS_REGULATORY_REFERENCE_CONTROL,ISO_IEC_27001_2022-R-073,REC-001,"do_not_import; regulatory reference control is materialized as Control/ControlVersion, not Requirement"
requirement_control_mappings,MAP-00568,PSEUDO_REQUIREMENT_IS_REGULATORY_REFERENCE_CONTROL,ISO_IEC_27001_2022-R-073,MAL-001,"do_not_import; regulatory reference control is materialized as Control/ControlVersion, not Requirement"
requirement_control_mappings,MAP-00569,PSEUDO_REQUIREMENT_IS_REGULATORY_REFERENCE_CONTROL,ISO_IEC_27001_2022-R-074,RISK-001,"do_not_import; regulatory reference control is materialized as Control/ControlVersion, not Requirement"
requirement_control_mappings,MAP-00570,PSEUDO_REQUIREMENT_IS_REGULATORY_REFERENCE_CONTROL,ISO_IEC_27001_2022-R-074,RISK-002,"do_not_import; regulatory reference control is materialized as Control/ControlVersion, not Requirement"
requirement_control_mappings,MAP-00571,PSEUDO_REQUIREMENT_IS_REGULATORY_REFERENCE_CONTROL,ISO_IEC_27001_2022-R-074,DOC-001,"do_not_import; regulatory reference control is materialized as Control/ControlVersion, not Requirement"
requirement_control_mappings,MAP-00572,PSEUDO_REQUIREMENT_IS_REGULATORY_REFERENCE_CONTROL,ISO_IEC_27001_2022-R-074,REC-001,"do_not_import; regulatory reference control is materialized as Control/ControlVersion, not Requirement"
requirement_control_mappings,MAP-00573,PSEUDO_REQUIREMENT_IS_REGULATORY_REFERENCE_CONTROL,ISO_IEC_27001_2022-R-074,VULN-001,"do_not_import; regulatory reference control is materialized as Control/ControlVersion, not Requirement"
requirement_control_mappings,MAP-00574,PSEUDO_REQUIREMENT_IS_REGULATORY_REFERENCE_CONTROL,ISO_IEC_27001_2022-R-075,RISK-001,"do_not_import; regulatory reference control is materialized as Control/ControlVersion, not Requirement"
requirement_control_mappings,MAP-00575,PSEUDO_REQUIREMENT_IS_REGULATORY_REFERENCE_CONTROL,ISO_IEC_27001_2022-R-075,RISK-002,"do_not_import; regulatory reference control is materialized as Control/ControlVersion, not Requirement"
requirement_control_mappings,MAP-00576,PSEUDO_REQUIREMENT_IS_REGULATORY_REFERENCE_CONTROL,ISO_IEC_27001_2022-R-075,DOC-001,"do_not_import; regulatory reference control is materialized as Control/ControlVersion, not Requirement"
requirement_control_mappings,MAP-00577,PSEUDO_REQUIREMENT_IS_REGULATORY_REFERENCE_CONTROL,ISO_IEC_27001_2022-R-075,REC-001,"do_not_import; regulatory reference control is materialized as Control/ControlVersion, not Requirement"
requirement_control_mappings,MAP-00578,PSEUDO_REQUIREMENT_IS_REGULATORY_REFERENCE_CONTROL,ISO_IEC_27001_2022-R-075,CONFIG-001,"do_not_import; regulatory reference control is materialized as Control/ControlVersion, not Requirement"
requirement_control_mappings,MAP-00579,PSEUDO_REQUIREMENT_IS_REGULATORY_REFERENCE_CONTROL,ISO_IEC_27001_2022-R-076,RISK-001,"do_not_import; regulatory reference control is materialized as Control/ControlVersion, not Requirement"
requirement_control_mappings,MAP-00580,PSEUDO_REQUIREMENT_IS_REGULATORY_REFERENCE_CONTROL,ISO_IEC_27001_2022-R-076,RISK-002,"do_not_import; regulatory reference control is materialized as Control/ControlVersion, not Requirement"
requirement_control_mappings,MAP-00581,PSEUDO_REQUIREMENT_IS_REGULATORY_REFERENCE_CONTROL,ISO_IEC_27001_2022-R-076,COMP-001,"do_not_import; regulatory reference control is materialized as Control/ControlVersion, not Requirement"
requirement_control_mappings,MAP-00582,PSEUDO_REQUIREMENT_IS_REGULATORY_REFERENCE_CONTROL,ISO_IEC_27001_2022-R-076,DOC-001,"do_not_import; regulatory reference control is materialized as Control/ControlVersion, not Requirement"
requirement_control_mappings,MAP-00583,PSEUDO_REQUIREMENT_IS_REGULATORY_REFERENCE_CONTROL,ISO_IEC_27001_2022-R-076,REC-001,"do_not_import; regulatory reference control is materialized as Control/ControlVersion, not Requirement"
requirement_control_mappings,MAP-00584,PSEUDO_REQUIREMENT_IS_REGULATORY_REFERENCE_CONTROL,ISO_IEC_27001_2022-R-076,RETENTION-001,"do_not_import; regulatory reference control is materialized as Control/ControlVersion, not Requirement"
requirement_control_mappings,MAP-00585,PSEUDO_REQUIREMENT_IS_REGULATORY_REFERENCE_CONTROL,ISO_IEC_27001_2022-R-077,RISK-001,"do_not_import; regulatory reference control is materialized as Control/ControlVersion, not Requirement"
requirement_control_mappings,MAP-00586,PSEUDO_REQUIREMENT_IS_REGULATORY_REFERENCE_CONTROL,ISO_IEC_27001_2022-R-077,RISK-002,"do_not_import; regulatory reference control is materialized as Control/ControlVersion, not Requirement"
requirement_control_mappings,MAP-00587,PSEUDO_REQUIREMENT_IS_REGULATORY_REFERENCE_CONTROL,ISO_IEC_27001_2022-R-077,DOC-001,"do_not_import; regulatory reference control is materialized as Control/ControlVersion, not Requirement"
requirement_control_mappings,MAP-00588,PSEUDO_REQUIREMENT_IS_REGULATORY_REFERENCE_CONTROL,ISO_IEC_27001_2022-R-077,REC-001,"do_not_import; regulatory reference control is materialized as Control/ControlVersion, not Requirement"
requirement_control_mappings,MAP-00589,PSEUDO_REQUIREMENT_IS_REGULATORY_REFERENCE_CONTROL,ISO_IEC_27001_2022-R-078,RISK-001,"do_not_import; regulatory reference control is materialized as Control/ControlVersion, not Requirement"
requirement_control_mappings,MAP-00590,PSEUDO_REQUIREMENT_IS_REGULATORY_REFERENCE_CONTROL,ISO_IEC_27001_2022-R-078,RISK-002,"do_not_import; regulatory reference control is materialized as Control/ControlVersion, not Requirement"
requirement_control_mappings,MAP-00591,PSEUDO_REQUIREMENT_IS_REGULATORY_REFERENCE_CONTROL,ISO_IEC_27001_2022-R-078,DOC-001,"do_not_import; regulatory reference control is materialized as Control/ControlVersion, not Requirement"
requirement_control_mappings,MAP-00592,PSEUDO_REQUIREMENT_IS_REGULATORY_REFERENCE_CONTROL,ISO_IEC_27001_2022-R-078,REC-001,"do_not_import; regulatory reference control is materialized as Control/ControlVersion, not Requirement"
requirement_control_mappings,MAP-00593,PSEUDO_REQUIREMENT_IS_REGULATORY_REFERENCE_CONTROL,ISO_IEC_27001_2022-R-079,RISK-001,"do_not_import; regulatory reference control is materialized as Control/ControlVersion, not Requirement"
requirement_control_mappings,MAP-00594,PSEUDO_REQUIREMENT_IS_REGULATORY_REFERENCE_CONTROL,ISO_IEC_27001_2022-R-079,RISK-002,"do_not_import; regulatory reference control is materialized as Control/ControlVersion, not Requirement"
requirement_control_mappings,MAP-00595,PSEUDO_REQUIREMENT_IS_REGULATORY_REFERENCE_CONTROL,ISO_IEC_27001_2022-R-079,COMP-001,"do_not_import; regulatory reference control is materialized as Control/ControlVersion, not Requirement"
requirement_control_mappings,MAP-00596,PSEUDO_REQUIREMENT_IS_REGULATORY_REFERENCE_CONTROL,ISO_IEC_27001_2022-R-079,DOC-001,"do_not_import; regulatory reference control is materialized as Control/ControlVersion, not Requirement"
requirement_control_mappings,MAP-00597,PSEUDO_REQUIREMENT_IS_REGULATORY_REFERENCE_CONTROL,ISO_IEC_27001_2022-R-079,REC-001,"do_not_import; regulatory reference control is materialized as Control/ControlVersion, not Requirement"
requirement_control_mappings,MAP-00598,PSEUDO_REQUIREMENT_IS_REGULATORY_REFERENCE_CONTROL,ISO_IEC_27001_2022-R-079,BACKUP-001,"do_not_import; regulatory reference control is materialized as Control/ControlVersion, not Requirement"
requirement_control_mappings,MAP-00599,PSEUDO_REQUIREMENT_IS_REGULATORY_REFERENCE_CONTROL,ISO_IEC_27001_2022-R-080,RISK-001,"do_not_import; regulatory reference control is materialized as Control/ControlVersion, not Requirement"
requirement_control_mappings,MAP-00600,PSEUDO_REQUIREMENT_IS_REGULATORY_REFERENCE_CONTROL,ISO_IEC_27001_2022-R-080,RISK-002,"do_not_import; regulatory reference control is materialized as Control/ControlVersion, not Requirement"
requirement_control_mappings,MAP-00601,PSEUDO_REQUIREMENT_IS_REGULATORY_REFERENCE_CONTROL,ISO_IEC_27001_2022-R-080,DOC-001,"do_not_import; regulatory reference control is materialized as Control/ControlVersion, not Requirement"
requirement_control_mappings,MAP-00602,PSEUDO_REQUIREMENT_IS_REGULATORY_REFERENCE_CONTROL,ISO_IEC_27001_2022-R-080,REC-001,"do_not_import; regulatory reference control is materialized as Control/ControlVersion, not Requirement"
requirement_control_mappings,MAP-00603,PSEUDO_REQUIREMENT_IS_REGULATORY_REFERENCE_CONTROL,ISO_IEC_27001_2022-R-080,NET-001,"do_not_import; regulatory reference control is materialized as Control/ControlVersion, not Requirement"
requirement_control_mappings,MAP-00604,PSEUDO_REQUIREMENT_IS_REGULATORY_REFERENCE_CONTROL,ISO_IEC_27001_2022-R-080,AI-001,"do_not_import; regulatory reference control is materialized as Control/ControlVersion, not Requirement"
requirement_control_mappings,MAP-00605,PSEUDO_REQUIREMENT_IS_REGULATORY_REFERENCE_CONTROL,ISO_IEC_27001_2022-R-081,RISK-001,"do_not_import; regulatory reference control is materialized as Control/ControlVersion, not Requirement"
requirement_control_mappings,MAP-00606,PSEUDO_REQUIREMENT_IS_REGULATORY_REFERENCE_CONTROL,ISO_IEC_27001_2022-R-081,RISK-002,"do_not_import; regulatory reference control is materialized as Control/ControlVersion, not Requirement"
requirement_control_mappings,MAP-00607,PSEUDO_REQUIREMENT_IS_REGULATORY_REFERENCE_CONTROL,ISO_IEC_27001_2022-R-081,DOC-001,"do_not_import; regulatory reference control is materialized as Control/ControlVersion, not Requirement"
requirement_control_mappings,MAP-00608,PSEUDO_REQUIREMENT_IS_REGULATORY_REFERENCE_CONTROL,ISO_IEC_27001_2022-R-081,REC-001,"do_not_import; regulatory reference control is materialized as Control/ControlVersion, not Requirement"
requirement_control_mappings,MAP-00609,PSEUDO_REQUIREMENT_IS_REGULATORY_REFERENCE_CONTROL,ISO_IEC_27001_2022-R-081,LOG-001,"do_not_import; regulatory reference control is materialized as Control/ControlVersion, not Requirement"
requirement_control_mappings,MAP-00610,PSEUDO_REQUIREMENT_IS_REGULATORY_REFERENCE_CONTROL,ISO_IEC_27001_2022-R-082,RISK-001,"do_not_import; regulatory reference control is materialized as Control/ControlVersion, not Requirement"
requirement_control_mappings,MAP-00611,PSEUDO_REQUIREMENT_IS_REGULATORY_REFERENCE_CONTROL,ISO_IEC_27001_2022-R-082,RISK-002,"do_not_import; regulatory reference control is materialized as Control/ControlVersion, not Requirement"
requirement_control_mappings,MAP-00612,PSEUDO_REQUIREMENT_IS_REGULATORY_REFERENCE_CONTROL,ISO_IEC_27001_2022-R-082,DOC-001,"do_not_import; regulatory reference control is materialized as Control/ControlVersion, not Requirement"
requirement_control_mappings,MAP-00613,PSEUDO_REQUIREMENT_IS_REGULATORY_REFERENCE_CONTROL,ISO_IEC_27001_2022-R-082,REC-001,"do_not_import; regulatory reference control is materialized as Control/ControlVersion, not Requirement"
requirement_control_mappings,MAP-00614,PSEUDO_REQUIREMENT_IS_REGULATORY_REFERENCE_CONTROL,ISO_IEC_27001_2022-R-082,MON-001,"do_not_import; regulatory reference control is materialized as Control/ControlVersion, not Requirement"
requirement_control_mappings,MAP-00615,PSEUDO_REQUIREMENT_IS_REGULATORY_REFERENCE_CONTROL,ISO_IEC_27001_2022-R-082,METRIC-001,"do_not_import; regulatory reference control is materialized as Control/ControlVersion, not Requirement"
requirement_control_mappings,MAP-00616,PSEUDO_REQUIREMENT_IS_REGULATORY_REFERENCE_CONTROL,ISO_IEC_27001_2022-R-083,RISK-001,"do_not_import; regulatory reference control is materialized as Control/ControlVersion, not Requirement"
requirement_control_mappings,MAP-00617,PSEUDO_REQUIREMENT_IS_REGULATORY_REFERENCE_CONTROL,ISO_IEC_27001_2022-R-083,RISK-002,"do_not_import; regulatory reference control is materialized as Control/ControlVersion, not Requirement"
requirement_control_mappings,MAP-00618,PSEUDO_REQUIREMENT_IS_REGULATORY_REFERENCE_CONTROL,ISO_IEC_27001_2022-R-083,DOC-001,"do_not_import; regulatory reference control is materialized as Control/ControlVersion, not Requirement"
requirement_control_mappings,MAP-00619,PSEUDO_REQUIREMENT_IS_REGULATORY_REFERENCE_CONTROL,ISO_IEC_27001_2022-R-083,REC-001,"do_not_import; regulatory reference control is materialized as Control/ControlVersion, not Requirement"
requirement_control_mappings,MAP-00620,PSEUDO_REQUIREMENT_IS_REGULATORY_REFERENCE_CONTROL,ISO_IEC_27001_2022-R-084,RISK-001,"do_not_import; regulatory reference control is materialized as Control/ControlVersion, not Requirement"
requirement_control_mappings,MAP-00621,PSEUDO_REQUIREMENT_IS_REGULATORY_REFERENCE_CONTROL,ISO_IEC_27001_2022-R-084,RISK-002,"do_not_import; regulatory reference control is materialized as Control/ControlVersion, not Requirement"
requirement_control_mappings,MAP-00622,PSEUDO_REQUIREMENT_IS_REGULATORY_REFERENCE_CONTROL,ISO_IEC_27001_2022-R-084,DOC-001,"do_not_import; regulatory reference control is materialized as Control/ControlVersion, not Requirement"
requirement_control_mappings,MAP-00623,PSEUDO_REQUIREMENT_IS_REGULATORY_REFERENCE_CONTROL,ISO_IEC_27001_2022-R-084,REC-001,"do_not_import; regulatory reference control is materialized as Control/ControlVersion, not Requirement"
requirement_control_mappings,MAP-00624,PSEUDO_REQUIREMENT_IS_REGULATORY_REFERENCE_CONTROL,ISO_IEC_27001_2022-R-084,AI-001,"do_not_import; regulatory reference control is materialized as Control/ControlVersion, not Requirement"
requirement_control_mappings,MAP-00625,PSEUDO_REQUIREMENT_IS_REGULATORY_REFERENCE_CONTROL,ISO_IEC_27001_2022-R-084,AI-003,"do_not_import; regulatory reference control is materialized as Control/ControlVersion, not Requirement"
requirement_control_mappings,MAP-00626,PSEUDO_REQUIREMENT_IS_REGULATORY_REFERENCE_CONTROL,ISO_IEC_27001_2022-R-085,RISK-001,"do_not_import; regulatory reference control is materialized as Control/ControlVersion, not Requirement"
requirement_control_mappings,MAP-00627,PSEUDO_REQUIREMENT_IS_REGULATORY_REFERENCE_CONTROL,ISO_IEC_27001_2022-R-085,RISK-002,"do_not_import; regulatory reference control is materialized as Control/ControlVersion, not Requirement"
requirement_control_mappings,MAP-00628,PSEUDO_REQUIREMENT_IS_REGULATORY_REFERENCE_CONTROL,ISO_IEC_27001_2022-R-085,DOC-001,"do_not_import; regulatory reference control is materialized as Control/ControlVersion, not Requirement"
requirement_control_mappings,MAP-00629,PSEUDO_REQUIREMENT_IS_REGULATORY_REFERENCE_CONTROL,ISO_IEC_27001_2022-R-085,REC-001,"do_not_import; regulatory reference control is materialized as Control/ControlVersion, not Requirement"
requirement_control_mappings,MAP-00630,PSEUDO_REQUIREMENT_IS_REGULATORY_REFERENCE_CONTROL,ISO_IEC_27001_2022-R-086,RISK-001,"do_not_import; regulatory reference control is materialized as Control/ControlVersion, not Requirement"
requirement_control_mappings,MAP-00631,PSEUDO_REQUIREMENT_IS_REGULATORY_REFERENCE_CONTROL,ISO_IEC_27001_2022-R-086,RISK-002,"do_not_import; regulatory reference control is materialized as Control/ControlVersion, not Requirement"
requirement_control_mappings,MAP-00632,PSEUDO_REQUIREMENT_IS_REGULATORY_REFERENCE_CONTROL,ISO_IEC_27001_2022-R-086,DOC-001,"do_not_import; regulatory reference control is materialized as Control/ControlVersion, not Requirement"
requirement_control_mappings,MAP-00633,PSEUDO_REQUIREMENT_IS_REGULATORY_REFERENCE_CONTROL,ISO_IEC_27001_2022-R-086,REC-001,"do_not_import; regulatory reference control is materialized as Control/ControlVersion, not Requirement"
requirement_control_mappings,MAP-00634,PSEUDO_REQUIREMENT_IS_REGULATORY_REFERENCE_CONTROL,ISO_IEC_27001_2022-R-086,NET-001,"do_not_import; regulatory reference control is materialized as Control/ControlVersion, not Requirement"
requirement_control_mappings,MAP-00635,PSEUDO_REQUIREMENT_IS_REGULATORY_REFERENCE_CONTROL,ISO_IEC_27001_2022-R-087,RISK-001,"do_not_import; regulatory reference control is materialized as Control/ControlVersion, not Requirement"
requirement_control_mappings,MAP-00636,PSEUDO_REQUIREMENT_IS_REGULATORY_REFERENCE_CONTROL,ISO_IEC_27001_2022-R-087,RISK-002,"do_not_import; regulatory reference control is materialized as Control/ControlVersion, not Requirement"
requirement_control_mappings,MAP-00637,PSEUDO_REQUIREMENT_IS_REGULATORY_REFERENCE_CONTROL,ISO_IEC_27001_2022-R-087,DOC-001,"do_not_import; regulatory reference control is materialized as Control/ControlVersion, not Requirement"
requirement_control_mappings,MAP-00638,PSEUDO_REQUIREMENT_IS_REGULATORY_REFERENCE_CONTROL,ISO_IEC_27001_2022-R-087,REC-001,"do_not_import; regulatory reference control is materialized as Control/ControlVersion, not Requirement"
requirement_control_mappings,MAP-00639,PSEUDO_REQUIREMENT_IS_REGULATORY_REFERENCE_CONTROL,ISO_IEC_27001_2022-R-087,NET-001,"do_not_import; regulatory reference control is materialized as Control/ControlVersion, not Requirement"
requirement_control_mappings,MAP-00640,PSEUDO_REQUIREMENT_IS_REGULATORY_REFERENCE_CONTROL,ISO_IEC_27001_2022-R-088,RISK-001,"do_not_import; regulatory reference control is materialized as Control/ControlVersion, not Requirement"
requirement_control_mappings,MAP-00641,PSEUDO_REQUIREMENT_IS_REGULATORY_REFERENCE_CONTROL,ISO_IEC_27001_2022-R-088,RISK-002,"do_not_import; regulatory reference control is materialized as Control/ControlVersion, not Requirement"
requirement_control_mappings,MAP-00642,PSEUDO_REQUIREMENT_IS_REGULATORY_REFERENCE_CONTROL,ISO_IEC_27001_2022-R-088,DOC-001,"do_not_import; regulatory reference control is materialized as Control/ControlVersion, not Requirement"
requirement_control_mappings,MAP-00643,PSEUDO_REQUIREMENT_IS_REGULATORY_REFERENCE_CONTROL,ISO_IEC_27001_2022-R-088,REC-001,"do_not_import; regulatory reference control is materialized as Control/ControlVersion, not Requirement"
requirement_control_mappings,MAP-00644,PSEUDO_REQUIREMENT_IS_REGULATORY_REFERENCE_CONTROL,ISO_IEC_27001_2022-R-088,SOD-001,"do_not_import; regulatory reference control is materialized as Control/ControlVersion, not Requirement"
requirement_control_mappings,MAP-00645,PSEUDO_REQUIREMENT_IS_REGULATORY_REFERENCE_CONTROL,ISO_IEC_27001_2022-R-088,NET-001,"do_not_import; regulatory reference control is materialized as Control/ControlVersion, not Requirement"
requirement_control_mappings,MAP-00646,PSEUDO_REQUIREMENT_IS_REGULATORY_REFERENCE_CONTROL,ISO_IEC_27001_2022-R-089,RISK-001,"do_not_import; regulatory reference control is materialized as Control/ControlVersion, not Requirement"
requirement_control_mappings,MAP-00647,PSEUDO_REQUIREMENT_IS_REGULATORY_REFERENCE_CONTROL,ISO_IEC_27001_2022-R-089,RISK-002,"do_not_import; regulatory reference control is materialized as Control/ControlVersion, not Requirement"
requirement_control_mappings,MAP-00648,PSEUDO_REQUIREMENT_IS_REGULATORY_REFERENCE_CONTROL,ISO_IEC_27001_2022-R-089,DOC-001,"do_not_import; regulatory reference control is materialized as Control/ControlVersion, not Requirement"
requirement_control_mappings,MAP-00649,PSEUDO_REQUIREMENT_IS_REGULATORY_REFERENCE_CONTROL,ISO_IEC_27001_2022-R-089,REC-001,"do_not_import; regulatory reference control is materialized as Control/ControlVersion, not Requirement"
requirement_control_mappings,MAP-00650,PSEUDO_REQUIREMENT_IS_REGULATORY_REFERENCE_CONTROL,ISO_IEC_27001_2022-R-090,RISK-001,"do_not_import; regulatory reference control is materialized as Control/ControlVersion, not Requirement"
requirement_control_mappings,MAP-00651,PSEUDO_REQUIREMENT_IS_REGULATORY_REFERENCE_CONTROL,ISO_IEC_27001_2022-R-090,RISK-002,"do_not_import; regulatory reference control is materialized as Control/ControlVersion, not Requirement"
requirement_control_mappings,MAP-00652,PSEUDO_REQUIREMENT_IS_REGULATORY_REFERENCE_CONTROL,ISO_IEC_27001_2022-R-090,DOC-001,"do_not_import; regulatory reference control is materialized as Control/ControlVersion, not Requirement"
requirement_control_mappings,MAP-00653,PSEUDO_REQUIREMENT_IS_REGULATORY_REFERENCE_CONTROL,ISO_IEC_27001_2022-R-090,REC-001,"do_not_import; regulatory reference control is materialized as Control/ControlVersion, not Requirement"
requirement_control_mappings,MAP-00654,PSEUDO_REQUIREMENT_IS_REGULATORY_REFERENCE_CONTROL,ISO_IEC_27001_2022-R-090,CRYPTO-001,"do_not_import; regulatory reference control is materialized as Control/ControlVersion, not Requirement"
requirement_control_mappings,MAP-00655,PSEUDO_REQUIREMENT_IS_REGULATORY_REFERENCE_CONTROL,ISO_IEC_27001_2022-R-091,RISK-001,"do_not_import; regulatory reference control is materialized as Control/ControlVersion, not Requirement"
requirement_control_mappings,MAP-00656,PSEUDO_REQUIREMENT_IS_REGULATORY_REFERENCE_CONTROL,ISO_IEC_27001_2022-R-091,RISK-002,"do_not_import; regulatory reference control is materialized as Control/ControlVersion, not Requirement"
requirement_control_mappings,MAP-00657,PSEUDO_REQUIREMENT_IS_REGULATORY_REFERENCE_CONTROL,ISO_IEC_27001_2022-R-091,DOC-001,"do_not_import; regulatory reference control is materialized as Control/ControlVersion, not Requirement"
requirement_control_mappings,MAP-00658,PSEUDO_REQUIREMENT_IS_REGULATORY_REFERENCE_CONTROL,ISO_IEC_27001_2022-R-091,REC-001,"do_not_import; regulatory reference control is materialized as Control/ControlVersion, not Requirement"
requirement_control_mappings,MAP-00659,PSEUDO_REQUIREMENT_IS_REGULATORY_REFERENCE_CONTROL,ISO_IEC_27001_2022-R-092,RISK-001,"do_not_import; regulatory reference control is materialized as Control/ControlVersion, not Requirement"
requirement_control_mappings,MAP-00660,PSEUDO_REQUIREMENT_IS_REGULATORY_REFERENCE_CONTROL,ISO_IEC_27001_2022-R-092,RISK-002,"do_not_import; regulatory reference control is materialized as Control/ControlVersion, not Requirement"
requirement_control_mappings,MAP-00661,PSEUDO_REQUIREMENT_IS_REGULATORY_REFERENCE_CONTROL,ISO_IEC_27001_2022-R-092,DOC-001,"do_not_import; regulatory reference control is materialized as Control/ControlVersion, not Requirement"
requirement_control_mappings,MAP-00662,PSEUDO_REQUIREMENT_IS_REGULATORY_REFERENCE_CONTROL,ISO_IEC_27001_2022-R-092,REC-001,"do_not_import; regulatory reference control is materialized as Control/ControlVersion, not Requirement"
requirement_control_mappings,MAP-00663,PSEUDO_REQUIREMENT_IS_REGULATORY_REFERENCE_CONTROL,ISO_IEC_27001_2022-R-093,RISK-001,"do_not_import; regulatory reference control is materialized as Control/ControlVersion, not Requirement"
requirement_control_mappings,MAP-00664,PSEUDO_REQUIREMENT_IS_REGULATORY_REFERENCE_CONTROL,ISO_IEC_27001_2022-R-093,RISK-002,"do_not_import; regulatory reference control is materialized as Control/ControlVersion, not Requirement"
requirement_control_mappings,MAP-00665,PSEUDO_REQUIREMENT_IS_REGULATORY_REFERENCE_CONTROL,ISO_IEC_27001_2022-R-093,DOC-001,"do_not_import; regulatory reference control is materialized as Control/ControlVersion, not Requirement"
requirement_control_mappings,MAP-00666,PSEUDO_REQUIREMENT_IS_REGULATORY_REFERENCE_CONTROL,ISO_IEC_27001_2022-R-093,REC-001,"do_not_import; regulatory reference control is materialized as Control/ControlVersion, not Requirement"
requirement_control_mappings,MAP-00667,PSEUDO_REQUIREMENT_IS_REGULATORY_REFERENCE_CONTROL,ISO_IEC_27001_2022-R-094,RISK-001,"do_not_import; regulatory reference control is materialized as Control/ControlVersion, not Requirement"
requirement_control_mappings,MAP-00668,PSEUDO_REQUIREMENT_IS_REGULATORY_REFERENCE_CONTROL,ISO_IEC_27001_2022-R-094,RISK-002,"do_not_import; regulatory reference control is materialized as Control/ControlVersion, not Requirement"
requirement_control_mappings,MAP-00669,PSEUDO_REQUIREMENT_IS_REGULATORY_REFERENCE_CONTROL,ISO_IEC_27001_2022-R-094,DOC-001,"do_not_import; regulatory reference control is materialized as Control/ControlVersion, not Requirement"
requirement_control_mappings,MAP-00670,PSEUDO_REQUIREMENT_IS_REGULATORY_REFERENCE_CONTROL,ISO_IEC_27001_2022-R-094,REC-001,"do_not_import; regulatory reference control is materialized as Control/ControlVersion, not Requirement"
requirement_control_mappings,MAP-00671,PSEUDO_REQUIREMENT_IS_REGULATORY_REFERENCE_CONTROL,ISO_IEC_27001_2022-R-095,RISK-001,"do_not_import; regulatory reference control is materialized as Control/ControlVersion, not Requirement"
requirement_control_mappings,MAP-00672,PSEUDO_REQUIREMENT_IS_REGULATORY_REFERENCE_CONTROL,ISO_IEC_27001_2022-R-095,RISK-002,"do_not_import; regulatory reference control is materialized as Control/ControlVersion, not Requirement"
requirement_control_mappings,MAP-00673,PSEUDO_REQUIREMENT_IS_REGULATORY_REFERENCE_CONTROL,ISO_IEC_27001_2022-R-095,DOC-001,"do_not_import; regulatory reference control is materialized as Control/ControlVersion, not Requirement"
requirement_control_mappings,MAP-00674,PSEUDO_REQUIREMENT_IS_REGULATORY_REFERENCE_CONTROL,ISO_IEC_27001_2022-R-095,REC-001,"do_not_import; regulatory reference control is materialized as Control/ControlVersion, not Requirement"
requirement_control_mappings,MAP-00675,PSEUDO_REQUIREMENT_IS_REGULATORY_REFERENCE_CONTROL,ISO_IEC_27001_2022-R-096,RISK-001,"do_not_import; regulatory reference control is materialized as Control/ControlVersion, not Requirement"
requirement_control_mappings,MAP-00676,PSEUDO_REQUIREMENT_IS_REGULATORY_REFERENCE_CONTROL,ISO_IEC_27001_2022-R-096,RISK-002,"do_not_import; regulatory reference control is materialized as Control/ControlVersion, not Requirement"
requirement_control_mappings,MAP-00677,PSEUDO_REQUIREMENT_IS_REGULATORY_REFERENCE_CONTROL,ISO_IEC_27001_2022-R-096,DOC-001,"do_not_import; regulatory reference control is materialized as Control/ControlVersion, not Requirement"
requirement_control_mappings,MAP-00678,PSEUDO_REQUIREMENT_IS_REGULATORY_REFERENCE_CONTROL,ISO_IEC_27001_2022-R-096,REC-001,"do_not_import; regulatory reference control is materialized as Control/ControlVersion, not Requirement"
requirement_control_mappings,MAP-00679,PSEUDO_REQUIREMENT_IS_REGULATORY_REFERENCE_CONTROL,ISO_IEC_27001_2022-R-097,RISK-001,"do_not_import; regulatory reference control is materialized as Control/ControlVersion, not Requirement"
requirement_control_mappings,MAP-00680,PSEUDO_REQUIREMENT_IS_REGULATORY_REFERENCE_CONTROL,ISO_IEC_27001_2022-R-097,RISK-002,"do_not_import; regulatory reference control is materialized as Control/ControlVersion, not Requirement"
requirement_control_mappings,MAP-00681,PSEUDO_REQUIREMENT_IS_REGULATORY_REFERENCE_CONTROL,ISO_IEC_27001_2022-R-097,DOC-001,"do_not_import; regulatory reference control is materialized as Control/ControlVersion, not Requirement"
requirement_control_mappings,MAP-00682,PSEUDO_REQUIREMENT_IS_REGULATORY_REFERENCE_CONTROL,ISO_IEC_27001_2022-R-097,REC-001,"do_not_import; regulatory reference control is materialized as Control/ControlVersion, not Requirement"
requirement_control_mappings,MAP-00683,PSEUDO_REQUIREMENT_IS_REGULATORY_REFERENCE_CONTROL,ISO_IEC_27001_2022-R-098,RISK-001,"do_not_import; regulatory reference control is materialized as Control/ControlVersion, not Requirement"
requirement_control_mappings,MAP-00684,PSEUDO_REQUIREMENT_IS_REGULATORY_REFERENCE_CONTROL,ISO_IEC_27001_2022-R-098,RISK-002,"do_not_import; regulatory reference control is materialized as Control/ControlVersion, not Requirement"
requirement_control_mappings,MAP-00685,PSEUDO_REQUIREMENT_IS_REGULATORY_REFERENCE_CONTROL,ISO_IEC_27001_2022-R-098,DOC-001,"do_not_import; regulatory reference control is materialized as Control/ControlVersion, not Requirement"
requirement_control_mappings,MAP-00686,PSEUDO_REQUIREMENT_IS_REGULATORY_REFERENCE_CONTROL,ISO_IEC_27001_2022-R-098,REC-001,"do_not_import; regulatory reference control is materialized as Control/ControlVersion, not Requirement"
requirement_control_mappings,MAP-00687,PSEUDO_REQUIREMENT_IS_REGULATORY_REFERENCE_CONTROL,ISO_IEC_27001_2022-R-099,RISK-001,"do_not_import; regulatory reference control is materialized as Control/ControlVersion, not Requirement"
requirement_control_mappings,MAP-00688,PSEUDO_REQUIREMENT_IS_REGULATORY_REFERENCE_CONTROL,ISO_IEC_27001_2022-R-099,RISK-002,"do_not_import; regulatory reference control is materialized as Control/ControlVersion, not Requirement"
requirement_control_mappings,MAP-00689,PSEUDO_REQUIREMENT_IS_REGULATORY_REFERENCE_CONTROL,ISO_IEC_27001_2022-R-099,DOC-001,"do_not_import; regulatory reference control is materialized as Control/ControlVersion, not Requirement"
requirement_control_mappings,MAP-00690,PSEUDO_REQUIREMENT_IS_REGULATORY_REFERENCE_CONTROL,ISO_IEC_27001_2022-R-099,REC-001,"do_not_import; regulatory reference control is materialized as Control/ControlVersion, not Requirement"
requirement_control_mappings,MAP-00691,PSEUDO_REQUIREMENT_IS_REGULATORY_REFERENCE_CONTROL,ISO_IEC_27001_2022-R-100,RISK-001,"do_not_import; regulatory reference control is materialized as Control/ControlVersion, not Requirement"
requirement_control_mappings,MAP-00692,PSEUDO_REQUIREMENT_IS_REGULATORY_REFERENCE_CONTROL,ISO_IEC_27001_2022-R-100,RISK-002,"do_not_import; regulatory reference control is materialized as Control/ControlVersion, not Requirement"
requirement_control_mappings,MAP-00693,PSEUDO_REQUIREMENT_IS_REGULATORY_REFERENCE_CONTROL,ISO_IEC_27001_2022-R-100,DOC-001,"do_not_import; regulatory reference control is materialized as Control/ControlVersion, not Requirement"
requirement_control_mappings,MAP-00694,PSEUDO_REQUIREMENT_IS_REGULATORY_REFERENCE_CONTROL,ISO_IEC_27001_2022-R-100,REC-001,"do_not_import; regulatory reference control is materialized as Control/ControlVersion, not Requirement"
requirement_control_mappings,MAP-00695,PSEUDO_REQUIREMENT_IS_REGULATORY_REFERENCE_CONTROL,ISO_IEC_27001_2022-R-100,AUDIT-001,"do_not_import; regulatory reference control is materialized as Control/ControlVersion, not Requirement"
requirement_control_mappings,MAP-00696,PSEUDO_REQUIREMENT_IS_REGULATORY_REFERENCE_CONTROL,ISO_IEC_42001_2023-R-008,CTX-001,"do_not_import; regulatory reference control is materialized as Control/ControlVersion, not Requirement"
requirement_control_mappings,MAP-00697,PSEUDO_REQUIREMENT_IS_REGULATORY_REFERENCE_CONTROL,ISO_IEC_42001_2023-R-008,SCOPE-001,"do_not_import; regulatory reference control is materialized as Control/ControlVersion, not Requirement"
requirement_control_mappings,MAP-00698,PSEUDO_REQUIREMENT_IS_REGULATORY_REFERENCE_CONTROL,ISO_IEC_42001_2023-R-008,GOV-003,"do_not_import; regulatory reference control is materialized as Control/ControlVersion, not Requirement"
requirement_control_mappings,MAP-00699,PSEUDO_REQUIREMENT_IS_REGULATORY_REFERENCE_CONTROL,ISO_IEC_42001_2023-R-008,RISK-001,"do_not_import; regulatory reference control is materialized as Control/ControlVersion, not Requirement"
requirement_control_mappings,MAP-00700,PSEUDO_REQUIREMENT_IS_REGULATORY_REFERENCE_CONTROL,ISO_IEC_42001_2023-R-008,RISK-002,"do_not_import; regulatory reference control is materialized as Control/ControlVersion, not Requirement"
requirement_control_mappings,MAP-00701,PSEUDO_REQUIREMENT_IS_REGULATORY_REFERENCE_CONTROL,ISO_IEC_42001_2023-R-008,AI-001,"do_not_import; regulatory reference control is materialized as Control/ControlVersion, not Requirement"
requirement_control_mappings,MAP-00702,PSEUDO_REQUIREMENT_IS_REGULATORY_REFERENCE_CONTROL,ISO_IEC_42001_2023-R-009,CTX-001,"do_not_import; regulatory reference control is materialized as Control/ControlVersion, not Requirement"
requirement_control_mappings,MAP-00703,PSEUDO_REQUIREMENT_IS_REGULATORY_REFERENCE_CONTROL,ISO_IEC_42001_2023-R-009,SCOPE-001,"do_not_import; regulatory reference control is materialized as Control/ControlVersion, not Requirement"
requirement_control_mappings,MAP-00704,PSEUDO_REQUIREMENT_IS_REGULATORY_REFERENCE_CONTROL,ISO_IEC_42001_2023-R-009,GOV-003,"do_not_import; regulatory reference control is materialized as Control/ControlVersion, not Requirement"
requirement_control_mappings,MAP-00705,PSEUDO_REQUIREMENT_IS_REGULATORY_REFERENCE_CONTROL,ISO_IEC_42001_2023-R-009,RISK-001,"do_not_import; regulatory reference control is materialized as Control/ControlVersion, not Requirement"
requirement_control_mappings,MAP-00706,PSEUDO_REQUIREMENT_IS_REGULATORY_REFERENCE_CONTROL,ISO_IEC_42001_2023-R-009,RISK-002,"do_not_import; regulatory reference control is materialized as Control/ControlVersion, not Requirement"
requirement_control_mappings,MAP-00707,PSEUDO_REQUIREMENT_IS_REGULATORY_REFERENCE_CONTROL,ISO_IEC_42001_2023-R-009,AI-001,"do_not_import; regulatory reference control is materialized as Control/ControlVersion, not Requirement"
requirement_control_mappings,MAP-00708,PSEUDO_REQUIREMENT_IS_REGULATORY_REFERENCE_CONTROL,ISO_IEC_42001_2023-R-010,CTX-001,"do_not_import; regulatory reference control is materialized as Control/ControlVersion, not Requirement"
requirement_control_mappings,MAP-00709,PSEUDO_REQUIREMENT_IS_REGULATORY_REFERENCE_CONTROL,ISO_IEC_42001_2023-R-010,SCOPE-001,"do_not_import; regulatory reference control is materialized as Control/ControlVersion, not Requirement"
requirement_control_mappings,MAP-00710,PSEUDO_REQUIREMENT_IS_REGULATORY_REFERENCE_CONTROL,ISO_IEC_42001_2023-R-010,GOV-003,"do_not_import; regulatory reference control is materialized as Control/ControlVersion, not Requirement"
requirement_control_mappings,MAP-00711,PSEUDO_REQUIREMENT_IS_REGULATORY_REFERENCE_CONTROL,ISO_IEC_42001_2023-R-010,RISK-001,"do_not_import; regulatory reference control is materialized as Control/ControlVersion, not Requirement"
requirement_control_mappings,MAP-00712,PSEUDO_REQUIREMENT_IS_REGULATORY_REFERENCE_CONTROL,ISO_IEC_42001_2023-R-010,RISK-002,"do_not_import; regulatory reference control is materialized as Control/ControlVersion, not Requirement"
requirement_control_mappings,MAP-00713,PSEUDO_REQUIREMENT_IS_REGULATORY_REFERENCE_CONTROL,ISO_IEC_42001_2023-R-010,AI-001,"do_not_import; regulatory reference control is materialized as Control/ControlVersion, not Requirement"
requirement_control_mappings,MAP-00714,PSEUDO_REQUIREMENT_IS_REGULATORY_REFERENCE_CONTROL,ISO_IEC_42001_2023-R-011,CTX-001,"do_not_import; regulatory reference control is materialized as Control/ControlVersion, not Requirement"
requirement_control_mappings,MAP-00715,PSEUDO_REQUIREMENT_IS_REGULATORY_REFERENCE_CONTROL,ISO_IEC_42001_2023-R-011,SCOPE-001,"do_not_import; regulatory reference control is materialized as Control/ControlVersion, not Requirement"
requirement_control_mappings,MAP-00716,PSEUDO_REQUIREMENT_IS_REGULATORY_REFERENCE_CONTROL,ISO_IEC_42001_2023-R-011,GOV-001,"do_not_import; regulatory reference control is materialized as Control/ControlVersion, not Requirement"
requirement_control_mappings,MAP-00717,PSEUDO_REQUIREMENT_IS_REGULATORY_REFERENCE_CONTROL,ISO_IEC_42001_2023-R-011,GOV-002,"do_not_import; regulatory reference control is materialized as Control/ControlVersion, not Requirement"
requirement_control_mappings,MAP-00718,PSEUDO_REQUIREMENT_IS_REGULATORY_REFERENCE_CONTROL,ISO_IEC_42001_2023-R-011,RISK-001,"do_not_import; regulatory reference control is materialized as Control/ControlVersion, not Requirement"
requirement_control_mappings,MAP-00719,PSEUDO_REQUIREMENT_IS_REGULATORY_REFERENCE_CONTROL,ISO_IEC_42001_2023-R-011,RISK-002,"do_not_import; regulatory reference control is materialized as Control/ControlVersion, not Requirement"
requirement_control_mappings,MAP-00720,PSEUDO_REQUIREMENT_IS_REGULATORY_REFERENCE_CONTROL,ISO_IEC_42001_2023-R-012,CTX-001,"do_not_import; regulatory reference control is materialized as Control/ControlVersion, not Requirement"
requirement_control_mappings,MAP-00721,PSEUDO_REQUIREMENT_IS_REGULATORY_REFERENCE_CONTROL,ISO_IEC_42001_2023-R-012,SCOPE-001,"do_not_import; regulatory reference control is materialized as Control/ControlVersion, not Requirement"
requirement_control_mappings,MAP-00722,PSEUDO_REQUIREMENT_IS_REGULATORY_REFERENCE_CONTROL,ISO_IEC_42001_2023-R-012,RISK-001,"do_not_import; regulatory reference control is materialized as Control/ControlVersion, not Requirement"
requirement_control_mappings,MAP-00723,PSEUDO_REQUIREMENT_IS_REGULATORY_REFERENCE_CONTROL,ISO_IEC_42001_2023-R-012,RISK-002,"do_not_import; regulatory reference control is materialized as Control/ControlVersion, not Requirement"
requirement_control_mappings,MAP-00724,PSEUDO_REQUIREMENT_IS_REGULATORY_REFERENCE_CONTROL,ISO_IEC_42001_2023-R-012,AI-001,"do_not_import; regulatory reference control is materialized as Control/ControlVersion, not Requirement"
requirement_control_mappings,MAP-00725,PSEUDO_REQUIREMENT_IS_REGULATORY_REFERENCE_CONTROL,ISO_IEC_42001_2023-R-012,AI-003,"do_not_import; regulatory reference control is materialized as Control/ControlVersion, not Requirement"
requirement_control_mappings,MAP-00726,PSEUDO_REQUIREMENT_IS_REGULATORY_REFERENCE_CONTROL,ISO_IEC_42001_2023-R-013,CTX-001,"do_not_import; regulatory reference control is materialized as Control/ControlVersion, not Requirement"
requirement_control_mappings,MAP-00727,PSEUDO_REQUIREMENT_IS_REGULATORY_REFERENCE_CONTROL,ISO_IEC_42001_2023-R-013,SCOPE-001,"do_not_import; regulatory reference control is materialized as Control/ControlVersion, not Requirement"
requirement_control_mappings,MAP-00728,PSEUDO_REQUIREMENT_IS_REGULATORY_REFERENCE_CONTROL,ISO_IEC_42001_2023-R-013,RISK-001,"do_not_import; regulatory reference control is materialized as Control/ControlVersion, not Requirement"
requirement_control_mappings,MAP-00729,PSEUDO_REQUIREMENT_IS_REGULATORY_REFERENCE_CONTROL,ISO_IEC_42001_2023-R-013,RISK-002,"do_not_import; regulatory reference control is materialized as Control/ControlVersion, not Requirement"
requirement_control_mappings,MAP-00730,PSEUDO_REQUIREMENT_IS_REGULATORY_REFERENCE_CONTROL,ISO_IEC_42001_2023-R-013,DOC-001,"do_not_import; regulatory reference control is materialized as Control/ControlVersion, not Requirement"
requirement_control_mappings,MAP-00731,PSEUDO_REQUIREMENT_IS_REGULATORY_REFERENCE_CONTROL,ISO_IEC_42001_2023-R-013,REC-001,"do_not_import; regulatory reference control is materialized as Control/ControlVersion, not Requirement"
requirement_control_mappings,MAP-00732,PSEUDO_REQUIREMENT_IS_REGULATORY_REFERENCE_CONTROL,ISO_IEC_42001_2023-R-014,CTX-001,"do_not_import; regulatory reference control is materialized as Control/ControlVersion, not Requirement"
requirement_control_mappings,MAP-00733,PSEUDO_REQUIREMENT_IS_REGULATORY_REFERENCE_CONTROL,ISO_IEC_42001_2023-R-014,SCOPE-001,"do_not_import; regulatory reference control is materialized as Control/ControlVersion, not Requirement"
requirement_control_mappings,MAP-00734,PSEUDO_REQUIREMENT_IS_REGULATORY_REFERENCE_CONTROL,ISO_IEC_42001_2023-R-014,RISK-001,"do_not_import; regulatory reference control is materialized as Control/ControlVersion, not Requirement"
requirement_control_mappings,MAP-00735,PSEUDO_REQUIREMENT_IS_REGULATORY_REFERENCE_CONTROL,ISO_IEC_42001_2023-R-014,RISK-002,"do_not_import; regulatory reference control is materialized as Control/ControlVersion, not Requirement"
requirement_control_mappings,MAP-00736,PSEUDO_REQUIREMENT_IS_REGULATORY_REFERENCE_CONTROL,ISO_IEC_42001_2023-R-014,AI-001,"do_not_import; regulatory reference control is materialized as Control/ControlVersion, not Requirement"
requirement_control_mappings,MAP-00737,PSEUDO_REQUIREMENT_IS_REGULATORY_REFERENCE_CONTROL,ISO_IEC_42001_2023-R-014,AI-003,"do_not_import; regulatory reference control is materialized as Control/ControlVersion, not Requirement"
requirement_control_mappings,MAP-00738,PSEUDO_REQUIREMENT_IS_REGULATORY_REFERENCE_CONTROL,ISO_IEC_42001_2023-R-015,CTX-001,"do_not_import; regulatory reference control is materialized as Control/ControlVersion, not Requirement"
requirement_control_mappings,MAP-00739,PSEUDO_REQUIREMENT_IS_REGULATORY_REFERENCE_CONTROL,ISO_IEC_42001_2023-R-015,SCOPE-001,"do_not_import; regulatory reference control is materialized as Control/ControlVersion, not Requirement"
requirement_control_mappings,MAP-00740,PSEUDO_REQUIREMENT_IS_REGULATORY_REFERENCE_CONTROL,ISO_IEC_42001_2023-R-015,RISK-001,"do_not_import; regulatory reference control is materialized as Control/ControlVersion, not Requirement"
requirement_control_mappings,MAP-00741,PSEUDO_REQUIREMENT_IS_REGULATORY_REFERENCE_CONTROL,ISO_IEC_42001_2023-R-015,RISK-002,"do_not_import; regulatory reference control is materialized as Control/ControlVersion, not Requirement"
requirement_control_mappings,MAP-00742,PSEUDO_REQUIREMENT_IS_REGULATORY_REFERENCE_CONTROL,ISO_IEC_42001_2023-R-015,AI-001,"do_not_import; regulatory reference control is materialized as Control/ControlVersion, not Requirement"
requirement_control_mappings,MAP-00743,PSEUDO_REQUIREMENT_IS_REGULATORY_REFERENCE_CONTROL,ISO_IEC_42001_2023-R-015,AI-003,"do_not_import; regulatory reference control is materialized as Control/ControlVersion, not Requirement"
requirement_control_mappings,MAP-00744,PSEUDO_REQUIREMENT_IS_REGULATORY_REFERENCE_CONTROL,ISO_IEC_42001_2023-R-016,CTX-001,"do_not_import; regulatory reference control is materialized as Control/ControlVersion, not Requirement"
requirement_control_mappings,MAP-00745,PSEUDO_REQUIREMENT_IS_REGULATORY_REFERENCE_CONTROL,ISO_IEC_42001_2023-R-016,SCOPE-001,"do_not_import; regulatory reference control is materialized as Control/ControlVersion, not Requirement"
requirement_control_mappings,MAP-00746,PSEUDO_REQUIREMENT_IS_REGULATORY_REFERENCE_CONTROL,ISO_IEC_42001_2023-R-016,RISK-001,"do_not_import; regulatory reference control is materialized as Control/ControlVersion, not Requirement"
requirement_control_mappings,MAP-00747,PSEUDO_REQUIREMENT_IS_REGULATORY_REFERENCE_CONTROL,ISO_IEC_42001_2023-R-016,RISK-002,"do_not_import; regulatory reference control is materialized as Control/ControlVersion, not Requirement"
requirement_control_mappings,MAP-00748,PSEUDO_REQUIREMENT_IS_REGULATORY_REFERENCE_CONTROL,ISO_IEC_42001_2023-R-016,AI-001,"do_not_import; regulatory reference control is materialized as Control/ControlVersion, not Requirement"
requirement_control_mappings,MAP-00749,PSEUDO_REQUIREMENT_IS_REGULATORY_REFERENCE_CONTROL,ISO_IEC_42001_2023-R-016,AI-003,"do_not_import; regulatory reference control is materialized as Control/ControlVersion, not Requirement"
requirement_control_mappings,MAP-00750,PSEUDO_REQUIREMENT_IS_REGULATORY_REFERENCE_CONTROL,ISO_IEC_42001_2023-R-017,CTX-001,"do_not_import; regulatory reference control is materialized as Control/ControlVersion, not Requirement"
requirement_control_mappings,MAP-00751,PSEUDO_REQUIREMENT_IS_REGULATORY_REFERENCE_CONTROL,ISO_IEC_42001_2023-R-017,SCOPE-001,"do_not_import; regulatory reference control is materialized as Control/ControlVersion, not Requirement"
requirement_control_mappings,MAP-00752,PSEUDO_REQUIREMENT_IS_REGULATORY_REFERENCE_CONTROL,ISO_IEC_42001_2023-R-017,RISK-001,"do_not_import; regulatory reference control is materialized as Control/ControlVersion, not Requirement"
requirement_control_mappings,MAP-00753,PSEUDO_REQUIREMENT_IS_REGULATORY_REFERENCE_CONTROL,ISO_IEC_42001_2023-R-017,RISK-002,"do_not_import; regulatory reference control is materialized as Control/ControlVersion, not Requirement"
requirement_control_mappings,MAP-00754,PSEUDO_REQUIREMENT_IS_REGULATORY_REFERENCE_CONTROL,ISO_IEC_42001_2023-R-017,AI-001,"do_not_import; regulatory reference control is materialized as Control/ControlVersion, not Requirement"
requirement_control_mappings,MAP-00755,PSEUDO_REQUIREMENT_IS_REGULATORY_REFERENCE_CONTROL,ISO_IEC_42001_2023-R-017,AI-003,"do_not_import; regulatory reference control is materialized as Control/ControlVersion, not Requirement"
requirement_control_mappings,MAP-00756,PSEUDO_REQUIREMENT_IS_REGULATORY_REFERENCE_CONTROL,ISO_IEC_42001_2023-R-018,CTX-001,"do_not_import; regulatory reference control is materialized as Control/ControlVersion, not Requirement"
requirement_control_mappings,MAP-00757,PSEUDO_REQUIREMENT_IS_REGULATORY_REFERENCE_CONTROL,ISO_IEC_42001_2023-R-018,SCOPE-001,"do_not_import; regulatory reference control is materialized as Control/ControlVersion, not Requirement"
requirement_control_mappings,MAP-00758,PSEUDO_REQUIREMENT_IS_REGULATORY_REFERENCE_CONTROL,ISO_IEC_42001_2023-R-018,RISK-001,"do_not_import; regulatory reference control is materialized as Control/ControlVersion, not Requirement"
requirement_control_mappings,MAP-00759,PSEUDO_REQUIREMENT_IS_REGULATORY_REFERENCE_CONTROL,ISO_IEC_42001_2023-R-018,RISK-002,"do_not_import; regulatory reference control is materialized as Control/ControlVersion, not Requirement"
requirement_control_mappings,MAP-00760,PSEUDO_REQUIREMENT_IS_REGULATORY_REFERENCE_CONTROL,ISO_IEC_42001_2023-R-018,AI-001,"do_not_import; regulatory reference control is materialized as Control/ControlVersion, not Requirement"
requirement_control_mappings,MAP-00761,PSEUDO_REQUIREMENT_IS_REGULATORY_REFERENCE_CONTROL,ISO_IEC_42001_2023-R-018,AI-003,"do_not_import; regulatory reference control is materialized as Control/ControlVersion, not Requirement"
requirement_control_mappings,MAP-00762,PSEUDO_REQUIREMENT_IS_REGULATORY_REFERENCE_CONTROL,ISO_IEC_42001_2023-R-019,CTX-001,"do_not_import; regulatory reference control is materialized as Control/ControlVersion, not Requirement"
requirement_control_mappings,MAP-00763,PSEUDO_REQUIREMENT_IS_REGULATORY_REFERENCE_CONTROL,ISO_IEC_42001_2023-R-019,SCOPE-001,"do_not_import; regulatory reference control is materialized as Control/ControlVersion, not Requirement"
requirement_control_mappings,MAP-00764,PSEUDO_REQUIREMENT_IS_REGULATORY_REFERENCE_CONTROL,ISO_IEC_42001_2023-R-019,RISK-001,"do_not_import; regulatory reference control is materialized as Control/ControlVersion, not Requirement"
requirement_control_mappings,MAP-00765,PSEUDO_REQUIREMENT_IS_REGULATORY_REFERENCE_CONTROL,ISO_IEC_42001_2023-R-019,RISK-002,"do_not_import; regulatory reference control is materialized as Control/ControlVersion, not Requirement"
requirement_control_mappings,MAP-00766,PSEUDO_REQUIREMENT_IS_REGULATORY_REFERENCE_CONTROL,ISO_IEC_42001_2023-R-019,DOC-001,"do_not_import; regulatory reference control is materialized as Control/ControlVersion, not Requirement"
requirement_control_mappings,MAP-00767,PSEUDO_REQUIREMENT_IS_REGULATORY_REFERENCE_CONTROL,ISO_IEC_42001_2023-R-019,REC-001,"do_not_import; regulatory reference control is materialized as Control/ControlVersion, not Requirement"
requirement_control_mappings,MAP-00768,PSEUDO_REQUIREMENT_IS_REGULATORY_REFERENCE_CONTROL,ISO_IEC_42001_2023-R-020,CTX-001,"do_not_import; regulatory reference control is materialized as Control/ControlVersion, not Requirement"
requirement_control_mappings,MAP-00769,PSEUDO_REQUIREMENT_IS_REGULATORY_REFERENCE_CONTROL,ISO_IEC_42001_2023-R-020,SCOPE-001,"do_not_import; regulatory reference control is materialized as Control/ControlVersion, not Requirement"
requirement_control_mappings,MAP-00770,PSEUDO_REQUIREMENT_IS_REGULATORY_REFERENCE_CONTROL,ISO_IEC_42001_2023-R-020,RISK-001,"do_not_import; regulatory reference control is materialized as Control/ControlVersion, not Requirement"
requirement_control_mappings,MAP-00771,PSEUDO_REQUIREMENT_IS_REGULATORY_REFERENCE_CONTROL,ISO_IEC_42001_2023-R-020,RISK-002,"do_not_import; regulatory reference control is materialized as Control/ControlVersion, not Requirement"
requirement_control_mappings,MAP-00772,PSEUDO_REQUIREMENT_IS_REGULATORY_REFERENCE_CONTROL,ISO_IEC_42001_2023-R-020,AI-001,"do_not_import; regulatory reference control is materialized as Control/ControlVersion, not Requirement"
requirement_control_mappings,MAP-00773,PSEUDO_REQUIREMENT_IS_REGULATORY_REFERENCE_CONTROL,ISO_IEC_42001_2023-R-020,AI-003,"do_not_import; regulatory reference control is materialized as Control/ControlVersion, not Requirement"
requirement_control_mappings,MAP-00774,PSEUDO_REQUIREMENT_IS_REGULATORY_REFERENCE_CONTROL,ISO_IEC_42001_2023-R-021,CTX-001,"do_not_import; regulatory reference control is materialized as Control/ControlVersion, not Requirement"
requirement_control_mappings,MAP-00775,PSEUDO_REQUIREMENT_IS_REGULATORY_REFERENCE_CONTROL,ISO_IEC_42001_2023-R-021,SCOPE-001,"do_not_import; regulatory reference control is materialized as Control/ControlVersion, not Requirement"
requirement_control_mappings,MAP-00776,PSEUDO_REQUIREMENT_IS_REGULATORY_REFERENCE_CONTROL,ISO_IEC_42001_2023-R-021,RISK-001,"do_not_import; regulatory reference control is materialized as Control/ControlVersion, not Requirement"
requirement_control_mappings,MAP-00777,PSEUDO_REQUIREMENT_IS_REGULATORY_REFERENCE_CONTROL,ISO_IEC_42001_2023-R-021,RISK-002,"do_not_import; regulatory reference control is materialized as Control/ControlVersion, not Requirement"
requirement_control_mappings,MAP-00778,PSEUDO_REQUIREMENT_IS_REGULATORY_REFERENCE_CONTROL,ISO_IEC_42001_2023-R-021,AI-001,"do_not_import; regulatory reference control is materialized as Control/ControlVersion, not Requirement"
requirement_control_mappings,MAP-00779,PSEUDO_REQUIREMENT_IS_REGULATORY_REFERENCE_CONTROL,ISO_IEC_42001_2023-R-021,AI-003,"do_not_import; regulatory reference control is materialized as Control/ControlVersion, not Requirement"
requirement_control_mappings,MAP-00780,PSEUDO_REQUIREMENT_IS_REGULATORY_REFERENCE_CONTROL,ISO_IEC_42001_2023-R-022,CTX-001,"do_not_import; regulatory reference control is materialized as Control/ControlVersion, not Requirement"
requirement_control_mappings,MAP-00781,PSEUDO_REQUIREMENT_IS_REGULATORY_REFERENCE_CONTROL,ISO_IEC_42001_2023-R-022,SCOPE-001,"do_not_import; regulatory reference control is materialized as Control/ControlVersion, not Requirement"
requirement_control_mappings,MAP-00782,PSEUDO_REQUIREMENT_IS_REGULATORY_REFERENCE_CONTROL,ISO_IEC_42001_2023-R-022,RISK-001,"do_not_import; regulatory reference control is materialized as Control/ControlVersion, not Requirement"
requirement_control_mappings,MAP-00783,PSEUDO_REQUIREMENT_IS_REGULATORY_REFERENCE_CONTROL,ISO_IEC_42001_2023-R-022,RISK-002,"do_not_import; regulatory reference control is materialized as Control/ControlVersion, not Requirement"
requirement_control_mappings,MAP-00784,PSEUDO_REQUIREMENT_IS_REGULATORY_REFERENCE_CONTROL,ISO_IEC_42001_2023-R-022,OBJ-001,"do_not_import; regulatory reference control is materialized as Control/ControlVersion, not Requirement"
requirement_control_mappings,MAP-00785,PSEUDO_REQUIREMENT_IS_REGULATORY_REFERENCE_CONTROL,ISO_IEC_42001_2023-R-022,METRIC-001,"do_not_import; regulatory reference control is materialized as Control/ControlVersion, not Requirement"
requirement_control_mappings,MAP-00786,PSEUDO_REQUIREMENT_IS_REGULATORY_REFERENCE_CONTROL,ISO_IEC_42001_2023-R-023,CTX-001,"do_not_import; regulatory reference control is materialized as Control/ControlVersion, not Requirement"
requirement_control_mappings,MAP-00787,PSEUDO_REQUIREMENT_IS_REGULATORY_REFERENCE_CONTROL,ISO_IEC_42001_2023-R-023,SCOPE-001,"do_not_import; regulatory reference control is materialized as Control/ControlVersion, not Requirement"
requirement_control_mappings,MAP-00788,PSEUDO_REQUIREMENT_IS_REGULATORY_REFERENCE_CONTROL,ISO_IEC_42001_2023-R-023,RISK-001,"do_not_import; regulatory reference control is materialized as Control/ControlVersion, not Requirement"
requirement_control_mappings,MAP-00789,PSEUDO_REQUIREMENT_IS_REGULATORY_REFERENCE_CONTROL,ISO_IEC_42001_2023-R-023,RISK-002,"do_not_import; regulatory reference control is materialized as Control/ControlVersion, not Requirement"
requirement_control_mappings,MAP-00790,PSEUDO_REQUIREMENT_IS_REGULATORY_REFERENCE_CONTROL,ISO_IEC_42001_2023-R-023,AI-001,"do_not_import; regulatory reference control is materialized as Control/ControlVersion, not Requirement"
requirement_control_mappings,MAP-00791,PSEUDO_REQUIREMENT_IS_REGULATORY_REFERENCE_CONTROL,ISO_IEC_42001_2023-R-023,AI-003,"do_not_import; regulatory reference control is materialized as Control/ControlVersion, not Requirement"
requirement_control_mappings,MAP-00792,PSEUDO_REQUIREMENT_IS_REGULATORY_REFERENCE_CONTROL,ISO_IEC_42001_2023-R-024,CTX-001,"do_not_import; regulatory reference control is materialized as Control/ControlVersion, not Requirement"
requirement_control_mappings,MAP-00793,PSEUDO_REQUIREMENT_IS_REGULATORY_REFERENCE_CONTROL,ISO_IEC_42001_2023-R-024,SCOPE-001,"do_not_import; regulatory reference control is materialized as Control/ControlVersion, not Requirement"
requirement_control_mappings,MAP-00794,PSEUDO_REQUIREMENT_IS_REGULATORY_REFERENCE_CONTROL,ISO_IEC_42001_2023-R-024,RISK-001,"do_not_import; regulatory reference control is materialized as Control/ControlVersion, not Requirement"
requirement_control_mappings,MAP-00795,PSEUDO_REQUIREMENT_IS_REGULATORY_REFERENCE_CONTROL,ISO_IEC_42001_2023-R-024,RISK-002,"do_not_import; regulatory reference control is materialized as Control/ControlVersion, not Requirement"
requirement_control_mappings,MAP-00796,PSEUDO_REQUIREMENT_IS_REGULATORY_REFERENCE_CONTROL,ISO_IEC_42001_2023-R-024,AI-001,"do_not_import; regulatory reference control is materialized as Control/ControlVersion, not Requirement"
requirement_control_mappings,MAP-00797,PSEUDO_REQUIREMENT_IS_REGULATORY_REFERENCE_CONTROL,ISO_IEC_42001_2023-R-024,AI-003,"do_not_import; regulatory reference control is materialized as Control/ControlVersion, not Requirement"
requirement_control_mappings,MAP-00798,PSEUDO_REQUIREMENT_IS_REGULATORY_REFERENCE_CONTROL,ISO_IEC_42001_2023-R-025,CTX-001,"do_not_import; regulatory reference control is materialized as Control/ControlVersion, not Requirement"
requirement_control_mappings,MAP-00799,PSEUDO_REQUIREMENT_IS_REGULATORY_REFERENCE_CONTROL,ISO_IEC_42001_2023-R-025,SCOPE-001,"do_not_import; regulatory reference control is materialized as Control/ControlVersion, not Requirement"
requirement_control_mappings,MAP-00800,PSEUDO_REQUIREMENT_IS_REGULATORY_REFERENCE_CONTROL,ISO_IEC_42001_2023-R-025,RISK-001,"do_not_import; regulatory reference control is materialized as Control/ControlVersion, not Requirement"
requirement_control_mappings,MAP-00801,PSEUDO_REQUIREMENT_IS_REGULATORY_REFERENCE_CONTROL,ISO_IEC_42001_2023-R-025,RISK-002,"do_not_import; regulatory reference control is materialized as Control/ControlVersion, not Requirement"
requirement_control_mappings,MAP-00802,PSEUDO_REQUIREMENT_IS_REGULATORY_REFERENCE_CONTROL,ISO_IEC_42001_2023-R-025,DOC-001,"do_not_import; regulatory reference control is materialized as Control/ControlVersion, not Requirement"
requirement_control_mappings,MAP-00803,PSEUDO_REQUIREMENT_IS_REGULATORY_REFERENCE_CONTROL,ISO_IEC_42001_2023-R-025,REC-001,"do_not_import; regulatory reference control is materialized as Control/ControlVersion, not Requirement"
requirement_control_mappings,MAP-00804,PSEUDO_REQUIREMENT_IS_REGULATORY_REFERENCE_CONTROL,ISO_IEC_42001_2023-R-026,CTX-001,"do_not_import; regulatory reference control is materialized as Control/ControlVersion, not Requirement"
requirement_control_mappings,MAP-00805,PSEUDO_REQUIREMENT_IS_REGULATORY_REFERENCE_CONTROL,ISO_IEC_42001_2023-R-026,SCOPE-001,"do_not_import; regulatory reference control is materialized as Control/ControlVersion, not Requirement"
requirement_control_mappings,MAP-00806,PSEUDO_REQUIREMENT_IS_REGULATORY_REFERENCE_CONTROL,ISO_IEC_42001_2023-R-026,RISK-001,"do_not_import; regulatory reference control is materialized as Control/ControlVersion, not Requirement"
requirement_control_mappings,MAP-00807,PSEUDO_REQUIREMENT_IS_REGULATORY_REFERENCE_CONTROL,ISO_IEC_42001_2023-R-026,RISK-002,"do_not_import; regulatory reference control is materialized as Control/ControlVersion, not Requirement"
requirement_control_mappings,MAP-00808,PSEUDO_REQUIREMENT_IS_REGULATORY_REFERENCE_CONTROL,ISO_IEC_42001_2023-R-026,AI-001,"do_not_import; regulatory reference control is materialized as Control/ControlVersion, not Requirement"
requirement_control_mappings,MAP-00809,PSEUDO_REQUIREMENT_IS_REGULATORY_REFERENCE_CONTROL,ISO_IEC_42001_2023-R-026,AI-003,"do_not_import; regulatory reference control is materialized as Control/ControlVersion, not Requirement"
requirement_control_mappings,MAP-00810,PSEUDO_REQUIREMENT_IS_REGULATORY_REFERENCE_CONTROL,ISO_IEC_42001_2023-R-027,CTX-001,"do_not_import; regulatory reference control is materialized as Control/ControlVersion, not Requirement"
requirement_control_mappings,MAP-00811,PSEUDO_REQUIREMENT_IS_REGULATORY_REFERENCE_CONTROL,ISO_IEC_42001_2023-R-027,SCOPE-001,"do_not_import; regulatory reference control is materialized as Control/ControlVersion, not Requirement"
requirement_control_mappings,MAP-00812,PSEUDO_REQUIREMENT_IS_REGULATORY_REFERENCE_CONTROL,ISO_IEC_42001_2023-R-027,RISK-001,"do_not_import; regulatory reference control is materialized as Control/ControlVersion, not Requirement"
requirement_control_mappings,MAP-00813,PSEUDO_REQUIREMENT_IS_REGULATORY_REFERENCE_CONTROL,ISO_IEC_42001_2023-R-027,RISK-002,"do_not_import; regulatory reference control is materialized as Control/ControlVersion, not Requirement"
requirement_control_mappings,MAP-00814,PSEUDO_REQUIREMENT_IS_REGULATORY_REFERENCE_CONTROL,ISO_IEC_42001_2023-R-027,AI-001,"do_not_import; regulatory reference control is materialized as Control/ControlVersion, not Requirement"
requirement_control_mappings,MAP-00815,PSEUDO_REQUIREMENT_IS_REGULATORY_REFERENCE_CONTROL,ISO_IEC_42001_2023-R-027,AI-003,"do_not_import; regulatory reference control is materialized as Control/ControlVersion, not Requirement"
requirement_control_mappings,MAP-00816,PSEUDO_REQUIREMENT_IS_REGULATORY_REFERENCE_CONTROL,ISO_IEC_42001_2023-R-028,CTX-001,"do_not_import; regulatory reference control is materialized as Control/ControlVersion, not Requirement"
requirement_control_mappings,MAP-00817,PSEUDO_REQUIREMENT_IS_REGULATORY_REFERENCE_CONTROL,ISO_IEC_42001_2023-R-028,SCOPE-001,"do_not_import; regulatory reference control is materialized as Control/ControlVersion, not Requirement"
requirement_control_mappings,MAP-00818,PSEUDO_REQUIREMENT_IS_REGULATORY_REFERENCE_CONTROL,ISO_IEC_42001_2023-R-028,RISK-001,"do_not_import; regulatory reference control is materialized as Control/ControlVersion, not Requirement"
requirement_control_mappings,MAP-00819,PSEUDO_REQUIREMENT_IS_REGULATORY_REFERENCE_CONTROL,ISO_IEC_42001_2023-R-028,RISK-002,"do_not_import; regulatory reference control is materialized as Control/ControlVersion, not Requirement"
requirement_control_mappings,MAP-00820,PSEUDO_REQUIREMENT_IS_REGULATORY_REFERENCE_CONTROL,ISO_IEC_42001_2023-R-028,PROC-001,"do_not_import; regulatory reference control is materialized as Control/ControlVersion, not Requirement"
requirement_control_mappings,MAP-00821,PSEUDO_REQUIREMENT_IS_REGULATORY_REFERENCE_CONTROL,ISO_IEC_42001_2023-R-028,QUALITY-004,"do_not_import; regulatory reference control is materialized as Control/ControlVersion, not Requirement"
requirement_control_mappings,MAP-00822,PSEUDO_REQUIREMENT_IS_REGULATORY_REFERENCE_CONTROL,ISO_IEC_42001_2023-R-029,CTX-001,"do_not_import; regulatory reference control is materialized as Control/ControlVersion, not Requirement"
requirement_control_mappings,MAP-00823,PSEUDO_REQUIREMENT_IS_REGULATORY_REFERENCE_CONTROL,ISO_IEC_42001_2023-R-029,SCOPE-001,"do_not_import; regulatory reference control is materialized as Control/ControlVersion, not Requirement"
requirement_control_mappings,MAP-00824,PSEUDO_REQUIREMENT_IS_REGULATORY_REFERENCE_CONTROL,ISO_IEC_42001_2023-R-029,RISK-001,"do_not_import; regulatory reference control is materialized as Control/ControlVersion, not Requirement"
requirement_control_mappings,MAP-00825,PSEUDO_REQUIREMENT_IS_REGULATORY_REFERENCE_CONTROL,ISO_IEC_42001_2023-R-029,RISK-002,"do_not_import; regulatory reference control is materialized as Control/ControlVersion, not Requirement"
requirement_control_mappings,MAP-00826,PSEUDO_REQUIREMENT_IS_REGULATORY_REFERENCE_CONTROL,ISO_IEC_42001_2023-R-029,DOC-001,"do_not_import; regulatory reference control is materialized as Control/ControlVersion, not Requirement"
requirement_control_mappings,MAP-00827,PSEUDO_REQUIREMENT_IS_REGULATORY_REFERENCE_CONTROL,ISO_IEC_42001_2023-R-029,REC-001,"do_not_import; regulatory reference control is materialized as Control/ControlVersion, not Requirement"
requirement_control_mappings,MAP-00828,PSEUDO_REQUIREMENT_IS_REGULATORY_REFERENCE_CONTROL,ISO_IEC_42001_2023-R-030,CTX-001,"do_not_import; regulatory reference control is materialized as Control/ControlVersion, not Requirement"
requirement_control_mappings,MAP-00829,PSEUDO_REQUIREMENT_IS_REGULATORY_REFERENCE_CONTROL,ISO_IEC_42001_2023-R-030,SCOPE-001,"do_not_import; regulatory reference control is materialized as Control/ControlVersion, not Requirement"
requirement_control_mappings,MAP-00830,PSEUDO_REQUIREMENT_IS_REGULATORY_REFERENCE_CONTROL,ISO_IEC_42001_2023-R-030,RISK-001,"do_not_import; regulatory reference control is materialized as Control/ControlVersion, not Requirement"
requirement_control_mappings,MAP-00831,PSEUDO_REQUIREMENT_IS_REGULATORY_REFERENCE_CONTROL,ISO_IEC_42001_2023-R-030,RISK-002,"do_not_import; regulatory reference control is materialized as Control/ControlVersion, not Requirement"
requirement_control_mappings,MAP-00832,PSEUDO_REQUIREMENT_IS_REGULATORY_REFERENCE_CONTROL,ISO_IEC_42001_2023-R-030,LOG-001,"do_not_import; regulatory reference control is materialized as Control/ControlVersion, not Requirement"
requirement_control_mappings,MAP-00833,PSEUDO_REQUIREMENT_IS_REGULATORY_REFERENCE_CONTROL,ISO_IEC_42001_2023-R-030,AI-001,"do_not_import; regulatory reference control is materialized as Control/ControlVersion, not Requirement"
requirement_control_mappings,MAP-00834,PSEUDO_REQUIREMENT_IS_REGULATORY_REFERENCE_CONTROL,ISO_IEC_42001_2023-R-031,CTX-001,"do_not_import; regulatory reference control is materialized as Control/ControlVersion, not Requirement"
requirement_control_mappings,MAP-00835,PSEUDO_REQUIREMENT_IS_REGULATORY_REFERENCE_CONTROL,ISO_IEC_42001_2023-R-031,SCOPE-001,"do_not_import; regulatory reference control is materialized as Control/ControlVersion, not Requirement"
requirement_control_mappings,MAP-00836,PSEUDO_REQUIREMENT_IS_REGULATORY_REFERENCE_CONTROL,ISO_IEC_42001_2023-R-031,RISK-001,"do_not_import; regulatory reference control is materialized as Control/ControlVersion, not Requirement"
requirement_control_mappings,MAP-00837,PSEUDO_REQUIREMENT_IS_REGULATORY_REFERENCE_CONTROL,ISO_IEC_42001_2023-R-031,RISK-002,"do_not_import; regulatory reference control is materialized as Control/ControlVersion, not Requirement"
requirement_control_mappings,MAP-00838,PSEUDO_REQUIREMENT_IS_REGULATORY_REFERENCE_CONTROL,ISO_IEC_42001_2023-R-031,AI-001,"do_not_import; regulatory reference control is materialized as Control/ControlVersion, not Requirement"
requirement_control_mappings,MAP-00839,PSEUDO_REQUIREMENT_IS_REGULATORY_REFERENCE_CONTROL,ISO_IEC_42001_2023-R-031,AI-003,"do_not_import; regulatory reference control is materialized as Control/ControlVersion, not Requirement"
requirement_control_mappings,MAP-00840,PSEUDO_REQUIREMENT_IS_REGULATORY_REFERENCE_CONTROL,ISO_IEC_42001_2023-R-032,CTX-001,"do_not_import; regulatory reference control is materialized as Control/ControlVersion, not Requirement"
requirement_control_mappings,MAP-00841,PSEUDO_REQUIREMENT_IS_REGULATORY_REFERENCE_CONTROL,ISO_IEC_42001_2023-R-032,SCOPE-001,"do_not_import; regulatory reference control is materialized as Control/ControlVersion, not Requirement"
requirement_control_mappings,MAP-00842,PSEUDO_REQUIREMENT_IS_REGULATORY_REFERENCE_CONTROL,ISO_IEC_42001_2023-R-032,RISK-001,"do_not_import; regulatory reference control is materialized as Control/ControlVersion, not Requirement"
requirement_control_mappings,MAP-00843,PSEUDO_REQUIREMENT_IS_REGULATORY_REFERENCE_CONTROL,ISO_IEC_42001_2023-R-032,RISK-002,"do_not_import; regulatory reference control is materialized as Control/ControlVersion, not Requirement"
requirement_control_mappings,MAP-00844,PSEUDO_REQUIREMENT_IS_REGULATORY_REFERENCE_CONTROL,ISO_IEC_42001_2023-R-032,AI-001,"do_not_import; regulatory reference control is materialized as Control/ControlVersion, not Requirement"
requirement_control_mappings,MAP-00845,PSEUDO_REQUIREMENT_IS_REGULATORY_REFERENCE_CONTROL,ISO_IEC_42001_2023-R-032,AI-003,"do_not_import; regulatory reference control is materialized as Control/ControlVersion, not Requirement"
requirement_control_mappings,MAP-00846,PSEUDO_REQUIREMENT_IS_REGULATORY_REFERENCE_CONTROL,ISO_IEC_42001_2023-R-033,CTX-001,"do_not_import; regulatory reference control is materialized as Control/ControlVersion, not Requirement"
requirement_control_mappings,MAP-00847,PSEUDO_REQUIREMENT_IS_REGULATORY_REFERENCE_CONTROL,ISO_IEC_42001_2023-R-033,SCOPE-001,"do_not_import; regulatory reference control is materialized as Control/ControlVersion, not Requirement"
requirement_control_mappings,MAP-00848,PSEUDO_REQUIREMENT_IS_REGULATORY_REFERENCE_CONTROL,ISO_IEC_42001_2023-R-033,RISK-001,"do_not_import; regulatory reference control is materialized as Control/ControlVersion, not Requirement"
requirement_control_mappings,MAP-00849,PSEUDO_REQUIREMENT_IS_REGULATORY_REFERENCE_CONTROL,ISO_IEC_42001_2023-R-033,RISK-002,"do_not_import; regulatory reference control is materialized as Control/ControlVersion, not Requirement"
requirement_control_mappings,MAP-00850,PSEUDO_REQUIREMENT_IS_REGULATORY_REFERENCE_CONTROL,ISO_IEC_42001_2023-R-033,PRIV-010,"do_not_import; regulatory reference control is materialized as Control/ControlVersion, not Requirement"
requirement_control_mappings,MAP-00851,PSEUDO_REQUIREMENT_IS_REGULATORY_REFERENCE_CONTROL,ISO_IEC_42001_2023-R-033,AI-001,"do_not_import; regulatory reference control is materialized as Control/ControlVersion, not Requirement"
requirement_control_mappings,MAP-00852,PSEUDO_REQUIREMENT_IS_REGULATORY_REFERENCE_CONTROL,ISO_IEC_42001_2023-R-034,CTX-001,"do_not_import; regulatory reference control is materialized as Control/ControlVersion, not Requirement"
requirement_control_mappings,MAP-00853,PSEUDO_REQUIREMENT_IS_REGULATORY_REFERENCE_CONTROL,ISO_IEC_42001_2023-R-034,SCOPE-001,"do_not_import; regulatory reference control is materialized as Control/ControlVersion, not Requirement"
requirement_control_mappings,MAP-00854,PSEUDO_REQUIREMENT_IS_REGULATORY_REFERENCE_CONTROL,ISO_IEC_42001_2023-R-034,RISK-001,"do_not_import; regulatory reference control is materialized as Control/ControlVersion, not Requirement"
requirement_control_mappings,MAP-00855,PSEUDO_REQUIREMENT_IS_REGULATORY_REFERENCE_CONTROL,ISO_IEC_42001_2023-R-034,RISK-002,"do_not_import; regulatory reference control is materialized as Control/ControlVersion, not Requirement"
requirement_control_mappings,MAP-00856,PSEUDO_REQUIREMENT_IS_REGULATORY_REFERENCE_CONTROL,ISO_IEC_42001_2023-R-034,AI-001,"do_not_import; regulatory reference control is materialized as Control/ControlVersion, not Requirement"
requirement_control_mappings,MAP-00857,PSEUDO_REQUIREMENT_IS_REGULATORY_REFERENCE_CONTROL,ISO_IEC_42001_2023-R-034,AI-003,"do_not_import; regulatory reference control is materialized as Control/ControlVersion, not Requirement"
requirement_control_mappings,MAP-00858,PSEUDO_REQUIREMENT_IS_REGULATORY_REFERENCE_CONTROL,ISO_IEC_42001_2023-R-035,CTX-001,"do_not_import; regulatory reference control is materialized as Control/ControlVersion, not Requirement"
requirement_control_mappings,MAP-00859,PSEUDO_REQUIREMENT_IS_REGULATORY_REFERENCE_CONTROL,ISO_IEC_42001_2023-R-035,SCOPE-001,"do_not_import; regulatory reference control is materialized as Control/ControlVersion, not Requirement"
requirement_control_mappings,MAP-00860,PSEUDO_REQUIREMENT_IS_REGULATORY_REFERENCE_CONTROL,ISO_IEC_42001_2023-R-035,RISK-001,"do_not_import; regulatory reference control is materialized as Control/ControlVersion, not Requirement"
requirement_control_mappings,MAP-00861,PSEUDO_REQUIREMENT_IS_REGULATORY_REFERENCE_CONTROL,ISO_IEC_42001_2023-R-035,RISK-002,"do_not_import; regulatory reference control is materialized as Control/ControlVersion, not Requirement"
requirement_control_mappings,MAP-00862,PSEUDO_REQUIREMENT_IS_REGULATORY_REFERENCE_CONTROL,ISO_IEC_42001_2023-R-035,AI-001,"do_not_import; regulatory reference control is materialized as Control/ControlVersion, not Requirement"
requirement_control_mappings,MAP-00863,PSEUDO_REQUIREMENT_IS_REGULATORY_REFERENCE_CONTROL,ISO_IEC_42001_2023-R-035,AI-003,"do_not_import; regulatory reference control is materialized as Control/ControlVersion, not Requirement"
requirement_control_mappings,MAP-00864,PSEUDO_REQUIREMENT_IS_REGULATORY_REFERENCE_CONTROL,ISO_IEC_42001_2023-R-036,CTX-001,"do_not_import; regulatory reference control is materialized as Control/ControlVersion, not Requirement"
requirement_control_mappings,MAP-00865,PSEUDO_REQUIREMENT_IS_REGULATORY_REFERENCE_CONTROL,ISO_IEC_42001_2023-R-036,SCOPE-001,"do_not_import; regulatory reference control is materialized as Control/ControlVersion, not Requirement"
requirement_control_mappings,MAP-00866,PSEUDO_REQUIREMENT_IS_REGULATORY_REFERENCE_CONTROL,ISO_IEC_42001_2023-R-036,RISK-001,"do_not_import; regulatory reference control is materialized as Control/ControlVersion, not Requirement"
requirement_control_mappings,MAP-00867,PSEUDO_REQUIREMENT_IS_REGULATORY_REFERENCE_CONTROL,ISO_IEC_42001_2023-R-036,RISK-002,"do_not_import; regulatory reference control is materialized as Control/ControlVersion, not Requirement"
requirement_control_mappings,MAP-00868,PSEUDO_REQUIREMENT_IS_REGULATORY_REFERENCE_CONTROL,ISO_IEC_42001_2023-R-036,COMP-001,"do_not_import; regulatory reference control is materialized as Control/ControlVersion, not Requirement"
requirement_control_mappings,MAP-00869,PSEUDO_REQUIREMENT_IS_REGULATORY_REFERENCE_CONTROL,ISO_IEC_42001_2023-R-036,DOC-001,"do_not_import; regulatory reference control is materialized as Control/ControlVersion, not Requirement"
requirement_control_mappings,MAP-00870,PSEUDO_REQUIREMENT_IS_REGULATORY_REFERENCE_CONTROL,ISO_IEC_42001_2023-R-037,CTX-001,"do_not_import; regulatory reference control is materialized as Control/ControlVersion, not Requirement"
requirement_control_mappings,MAP-00871,PSEUDO_REQUIREMENT_IS_REGULATORY_REFERENCE_CONTROL,ISO_IEC_42001_2023-R-037,SCOPE-001,"do_not_import; regulatory reference control is materialized as Control/ControlVersion, not Requirement"
requirement_control_mappings,MAP-00872,PSEUDO_REQUIREMENT_IS_REGULATORY_REFERENCE_CONTROL,ISO_IEC_42001_2023-R-037,RISK-001,"do_not_import; regulatory reference control is materialized as Control/ControlVersion, not Requirement"
requirement_control_mappings,MAP-00873,PSEUDO_REQUIREMENT_IS_REGULATORY_REFERENCE_CONTROL,ISO_IEC_42001_2023-R-037,RISK-002,"do_not_import; regulatory reference control is materialized as Control/ControlVersion, not Requirement"
requirement_control_mappings,MAP-00874,PSEUDO_REQUIREMENT_IS_REGULATORY_REFERENCE_CONTROL,ISO_IEC_42001_2023-R-037,AI-001,"do_not_import; regulatory reference control is materialized as Control/ControlVersion, not Requirement"
requirement_control_mappings,MAP-00875,PSEUDO_REQUIREMENT_IS_REGULATORY_REFERENCE_CONTROL,ISO_IEC_42001_2023-R-037,AI-003,"do_not_import; regulatory reference control is materialized as Control/ControlVersion, not Requirement"
requirement_control_mappings,MAP-00876,PSEUDO_REQUIREMENT_IS_REGULATORY_REFERENCE_CONTROL,ISO_IEC_42001_2023-R-038,CTX-001,"do_not_import; regulatory reference control is materialized as Control/ControlVersion, not Requirement"
requirement_control_mappings,MAP-00877,PSEUDO_REQUIREMENT_IS_REGULATORY_REFERENCE_CONTROL,ISO_IEC_42001_2023-R-038,SCOPE-001,"do_not_import; regulatory reference control is materialized as Control/ControlVersion, not Requirement"
requirement_control_mappings,MAP-00878,PSEUDO_REQUIREMENT_IS_REGULATORY_REFERENCE_CONTROL,ISO_IEC_42001_2023-R-038,RISK-001,"do_not_import; regulatory reference control is materialized as Control/ControlVersion, not Requirement"
requirement_control_mappings,MAP-00879,PSEUDO_REQUIREMENT_IS_REGULATORY_REFERENCE_CONTROL,ISO_IEC_42001_2023-R-038,RISK-002,"do_not_import; regulatory reference control is materialized as Control/ControlVersion, not Requirement"
requirement_control_mappings,MAP-00880,PSEUDO_REQUIREMENT_IS_REGULATORY_REFERENCE_CONTROL,ISO_IEC_42001_2023-R-038,COMM-001,"do_not_import; regulatory reference control is materialized as Control/ControlVersion, not Requirement"
requirement_control_mappings,MAP-00881,PSEUDO_REQUIREMENT_IS_REGULATORY_REFERENCE_CONTROL,ISO_IEC_42001_2023-R-038,INCIDENT-001,"do_not_import; regulatory reference control is materialized as Control/ControlVersion, not Requirement"
requirement_control_mappings,MAP-00882,PSEUDO_REQUIREMENT_IS_REGULATORY_REFERENCE_CONTROL,ISO_IEC_42001_2023-R-039,CTX-001,"do_not_import; regulatory reference control is materialized as Control/ControlVersion, not Requirement"
requirement_control_mappings,MAP-00883,PSEUDO_REQUIREMENT_IS_REGULATORY_REFERENCE_CONTROL,ISO_IEC_42001_2023-R-039,SCOPE-001,"do_not_import; regulatory reference control is materialized as Control/ControlVersion, not Requirement"
requirement_control_mappings,MAP-00884,PSEUDO_REQUIREMENT_IS_REGULATORY_REFERENCE_CONTROL,ISO_IEC_42001_2023-R-039,RISK-001,"do_not_import; regulatory reference control is materialized as Control/ControlVersion, not Requirement"
requirement_control_mappings,MAP-00885,PSEUDO_REQUIREMENT_IS_REGULATORY_REFERENCE_CONTROL,ISO_IEC_42001_2023-R-039,RISK-002,"do_not_import; regulatory reference control is materialized as Control/ControlVersion, not Requirement"
requirement_control_mappings,MAP-00886,PSEUDO_REQUIREMENT_IS_REGULATORY_REFERENCE_CONTROL,ISO_IEC_42001_2023-R-039,COMP-001,"do_not_import; regulatory reference control is materialized as Control/ControlVersion, not Requirement"
requirement_control_mappings,MAP-00887,PSEUDO_REQUIREMENT_IS_REGULATORY_REFERENCE_CONTROL,ISO_IEC_42001_2023-R-039,AI-001,"do_not_import; regulatory reference control is materialized as Control/ControlVersion, not Requirement"
requirement_control_mappings,MAP-00888,PSEUDO_REQUIREMENT_IS_REGULATORY_REFERENCE_CONTROL,ISO_IEC_42001_2023-R-040,CTX-001,"do_not_import; regulatory reference control is materialized as Control/ControlVersion, not Requirement"
requirement_control_mappings,MAP-00889,PSEUDO_REQUIREMENT_IS_REGULATORY_REFERENCE_CONTROL,ISO_IEC_42001_2023-R-040,SCOPE-001,"do_not_import; regulatory reference control is materialized as Control/ControlVersion, not Requirement"
requirement_control_mappings,MAP-00890,PSEUDO_REQUIREMENT_IS_REGULATORY_REFERENCE_CONTROL,ISO_IEC_42001_2023-R-040,RISK-001,"do_not_import; regulatory reference control is materialized as Control/ControlVersion, not Requirement"
requirement_control_mappings,MAP-00891,PSEUDO_REQUIREMENT_IS_REGULATORY_REFERENCE_CONTROL,ISO_IEC_42001_2023-R-040,RISK-002,"do_not_import; regulatory reference control is materialized as Control/ControlVersion, not Requirement"
requirement_control_mappings,MAP-00892,PSEUDO_REQUIREMENT_IS_REGULATORY_REFERENCE_CONTROL,ISO_IEC_42001_2023-R-040,AI-001,"do_not_import; regulatory reference control is materialized as Control/ControlVersion, not Requirement"
requirement_control_mappings,MAP-00893,PSEUDO_REQUIREMENT_IS_REGULATORY_REFERENCE_CONTROL,ISO_IEC_42001_2023-R-040,AI-003,"do_not_import; regulatory reference control is materialized as Control/ControlVersion, not Requirement"
requirement_control_mappings,MAP-00894,PSEUDO_REQUIREMENT_IS_REGULATORY_REFERENCE_CONTROL,ISO_IEC_42001_2023-R-041,CTX-001,"do_not_import; regulatory reference control is materialized as Control/ControlVersion, not Requirement"
requirement_control_mappings,MAP-00895,PSEUDO_REQUIREMENT_IS_REGULATORY_REFERENCE_CONTROL,ISO_IEC_42001_2023-R-041,SCOPE-001,"do_not_import; regulatory reference control is materialized as Control/ControlVersion, not Requirement"
requirement_control_mappings,MAP-00896,PSEUDO_REQUIREMENT_IS_REGULATORY_REFERENCE_CONTROL,ISO_IEC_42001_2023-R-041,RISK-001,"do_not_import; regulatory reference control is materialized as Control/ControlVersion, not Requirement"
requirement_control_mappings,MAP-00897,PSEUDO_REQUIREMENT_IS_REGULATORY_REFERENCE_CONTROL,ISO_IEC_42001_2023-R-041,RISK-002,"do_not_import; regulatory reference control is materialized as Control/ControlVersion, not Requirement"
requirement_control_mappings,MAP-00898,PSEUDO_REQUIREMENT_IS_REGULATORY_REFERENCE_CONTROL,ISO_IEC_42001_2023-R-041,OBJ-001,"do_not_import; regulatory reference control is materialized as Control/ControlVersion, not Requirement"
requirement_control_mappings,MAP-00899,PSEUDO_REQUIREMENT_IS_REGULATORY_REFERENCE_CONTROL,ISO_IEC_42001_2023-R-041,METRIC-001,"do_not_import; regulatory reference control is materialized as Control/ControlVersion, not Requirement"
requirement_control_mappings,MAP-00900,PSEUDO_REQUIREMENT_IS_REGULATORY_REFERENCE_CONTROL,ISO_IEC_42001_2023-R-042,CTX-001,"do_not_import; regulatory reference control is materialized as Control/ControlVersion, not Requirement"
requirement_control_mappings,MAP-00901,PSEUDO_REQUIREMENT_IS_REGULATORY_REFERENCE_CONTROL,ISO_IEC_42001_2023-R-042,SCOPE-001,"do_not_import; regulatory reference control is materialized as Control/ControlVersion, not Requirement"
requirement_control_mappings,MAP-00902,PSEUDO_REQUIREMENT_IS_REGULATORY_REFERENCE_CONTROL,ISO_IEC_42001_2023-R-042,RISK-001,"do_not_import; regulatory reference control is materialized as Control/ControlVersion, not Requirement"
requirement_control_mappings,MAP-00903,PSEUDO_REQUIREMENT_IS_REGULATORY_REFERENCE_CONTROL,ISO_IEC_42001_2023-R-042,RISK-002,"do_not_import; regulatory reference control is materialized as Control/ControlVersion, not Requirement"
requirement_control_mappings,MAP-00904,PSEUDO_REQUIREMENT_IS_REGULATORY_REFERENCE_CONTROL,ISO_IEC_42001_2023-R-042,AI-001,"do_not_import; regulatory reference control is materialized as Control/ControlVersion, not Requirement"
requirement_control_mappings,MAP-00905,PSEUDO_REQUIREMENT_IS_REGULATORY_REFERENCE_CONTROL,ISO_IEC_42001_2023-R-042,AI-003,"do_not_import; regulatory reference control is materialized as Control/ControlVersion, not Requirement"
requirement_control_mappings,MAP-00906,PSEUDO_REQUIREMENT_IS_REGULATORY_REFERENCE_CONTROL,ISO_IEC_42001_2023-R-043,CTX-001,"do_not_import; regulatory reference control is materialized as Control/ControlVersion, not Requirement"
requirement_control_mappings,MAP-00907,PSEUDO_REQUIREMENT_IS_REGULATORY_REFERENCE_CONTROL,ISO_IEC_42001_2023-R-043,SCOPE-001,"do_not_import; regulatory reference control is materialized as Control/ControlVersion, not Requirement"
requirement_control_mappings,MAP-00908,PSEUDO_REQUIREMENT_IS_REGULATORY_REFERENCE_CONTROL,ISO_IEC_42001_2023-R-043,GOV-001,"do_not_import; regulatory reference control is materialized as Control/ControlVersion, not Requirement"
requirement_control_mappings,MAP-00909,PSEUDO_REQUIREMENT_IS_REGULATORY_REFERENCE_CONTROL,ISO_IEC_42001_2023-R-043,GOV-002,"do_not_import; regulatory reference control is materialized as Control/ControlVersion, not Requirement"
requirement_control_mappings,MAP-00910,PSEUDO_REQUIREMENT_IS_REGULATORY_REFERENCE_CONTROL,ISO_IEC_42001_2023-R-043,RISK-001,"do_not_import; regulatory reference control is materialized as Control/ControlVersion, not Requirement"
requirement_control_mappings,MAP-00911,PSEUDO_REQUIREMENT_IS_REGULATORY_REFERENCE_CONTROL,ISO_IEC_42001_2023-R-043,RISK-002,"do_not_import; regulatory reference control is materialized as Control/ControlVersion, not Requirement"
requirement_control_mappings,MAP-00912,PSEUDO_REQUIREMENT_IS_REGULATORY_REFERENCE_CONTROL,ISO_IEC_42001_2023-R-044,CTX-001,"do_not_import; regulatory reference control is materialized as Control/ControlVersion, not Requirement"
requirement_control_mappings,MAP-00913,PSEUDO_REQUIREMENT_IS_REGULATORY_REFERENCE_CONTROL,ISO_IEC_42001_2023-R-044,SCOPE-001,"do_not_import; regulatory reference control is materialized as Control/ControlVersion, not Requirement"
requirement_control_mappings,MAP-00914,PSEUDO_REQUIREMENT_IS_REGULATORY_REFERENCE_CONTROL,ISO_IEC_42001_2023-R-044,RISK-001,"do_not_import; regulatory reference control is materialized as Control/ControlVersion, not Requirement"
requirement_control_mappings,MAP-00915,PSEUDO_REQUIREMENT_IS_REGULATORY_REFERENCE_CONTROL,ISO_IEC_42001_2023-R-044,RISK-002,"do_not_import; regulatory reference control is materialized as Control/ControlVersion, not Requirement"
requirement_control_mappings,MAP-00916,PSEUDO_REQUIREMENT_IS_REGULATORY_REFERENCE_CONTROL,ISO_IEC_42001_2023-R-044,SUP-001,"do_not_import; regulatory reference control is materialized as Control/ControlVersion, not Requirement"
requirement_control_mappings,MAP-00917,PSEUDO_REQUIREMENT_IS_REGULATORY_REFERENCE_CONTROL,ISO_IEC_42001_2023-R-044,CONTRACT-001,"do_not_import; regulatory reference control is materialized as Control/ControlVersion, not Requirement"
requirement_control_mappings,MAP-00918,PSEUDO_REQUIREMENT_IS_REGULATORY_REFERENCE_CONTROL,ISO_IEC_42001_2023-R-045,CTX-001,"do_not_import; regulatory reference control is materialized as Control/ControlVersion, not Requirement"
requirement_control_mappings,MAP-00919,PSEUDO_REQUIREMENT_IS_REGULATORY_REFERENCE_CONTROL,ISO_IEC_42001_2023-R-045,SCOPE-001,"do_not_import; regulatory reference control is materialized as Control/ControlVersion, not Requirement"
requirement_control_mappings,MAP-00920,PSEUDO_REQUIREMENT_IS_REGULATORY_REFERENCE_CONTROL,ISO_IEC_42001_2023-R-045,RISK-001,"do_not_import; regulatory reference control is materialized as Control/ControlVersion, not Requirement"
requirement_control_mappings,MAP-00921,PSEUDO_REQUIREMENT_IS_REGULATORY_REFERENCE_CONTROL,ISO_IEC_42001_2023-R-045,RISK-002,"do_not_import; regulatory reference control is materialized as Control/ControlVersion, not Requirement"
requirement_control_mappings,MAP-00922,PSEUDO_REQUIREMENT_IS_REGULATORY_REFERENCE_CONTROL,ISO_IEC_42001_2023-R-045,QUALITY-001,"do_not_import; regulatory reference control is materialized as Control/ControlVersion, not Requirement"
requirement_control_mappings,MAP-00923,PSEUDO_REQUIREMENT_IS_REGULATORY_REFERENCE_CONTROL,ISO_IEC_42001_2023-R-045,QUALITY-007,"do_not_import; regulatory reference control is materialized as Control/ControlVersion, not Requirement"
requirement_crosswalks,XW-00100,CROSS_ENTITY_TYPE_RELATION_NOT_CANONICAL,ISO_IEC_27001_2022-R-001,ISO_IEC_42001_2023-R-008,retain as analytical candidate only; rector requires typed RequirementCrosswalk or ControlCrosswalk and forbids generic cross-type pair
requirement_crosswalks,XW-00101,CROSS_ENTITY_TYPE_RELATION_NOT_CANONICAL,ISO_IEC_27001_2022-R-001,ISO_IEC_42001_2023-R-009,retain as analytical candidate only; rector requires typed RequirementCrosswalk or ControlCrosswalk and forbids generic cross-type pair
requirement_crosswalks,XW-00103,CROSS_ENTITY_TYPE_RELATION_NOT_CANONICAL,ISO_IEC_27001_2022-R-002,ISO_IEC_42001_2023-R-011,retain as analytical candidate only; rector requires typed RequirementCrosswalk or ControlCrosswalk and forbids generic cross-type pair
requirement_crosswalks,XW-00104,CROSS_ENTITY_TYPE_RELATION_NOT_CANONICAL,ISO_IEC_27001_2022-R-002,ISO_IEC_42001_2023-R-043,retain as analytical candidate only; rector requires typed RequirementCrosswalk or ControlCrosswalk and forbids generic cross-type pair
requirement_crosswalks,XW-00106,CROSS_ENTITY_TYPE_RELATION_NOT_CANONICAL,ISO_IEC_27001_2022-R-003,ISO_IEC_42001_2023-R-022,retain as analytical candidate only; rector requires typed RequirementCrosswalk or ControlCrosswalk and forbids generic cross-type pair
requirement_crosswalks,XW-00107,CROSS_ENTITY_TYPE_RELATION_NOT_CANONICAL,ISO_IEC_27001_2022-R-003,ISO_IEC_42001_2023-R-041,retain as analytical candidate only; rector requires typed RequirementCrosswalk or ControlCrosswalk and forbids generic cross-type pair
requirement_crosswalks,XW-00109,CROSS_ENTITY_TYPE_RELATION_NOT_CANONICAL,ISO_IEC_27001_2022-R-004,ISO_IEC_42001_2023-R-013,retain as analytical candidate only; rector requires typed RequirementCrosswalk or ControlCrosswalk and forbids generic cross-type pair
requirement_crosswalks,XW-00110,CROSS_ENTITY_TYPE_RELATION_NOT_CANONICAL,ISO_IEC_27001_2022-R-004,ISO_IEC_42001_2023-R-019,retain as analytical candidate only; rector requires typed RequirementCrosswalk or ControlCrosswalk and forbids generic cross-type pair
requirement_crosswalks,XW-00112,CROSS_ENTITY_TYPE_RELATION_NOT_CANONICAL,ISO_IEC_27001_2022-R-005,ISO_IEC_42001_2023-R-028,retain as analytical candidate only; rector requires typed RequirementCrosswalk or ControlCrosswalk and forbids generic cross-type pair
requirement_crosswalks,XW-00115,CROSS_ENTITY_TYPE_RELATION_NOT_CANONICAL,ISO_IEC_27001_2022-R-006,ISO_IEC_42001_2023-R-022,retain as analytical candidate only; rector requires typed RequirementCrosswalk or ControlCrosswalk and forbids generic cross-type pair
requirement_crosswalks,XW-00234,CROSS_ENTITY_TYPE_RELATION_NOT_CANONICAL,ISO_IEC_27001_2022-R-047,ISO_IEC_42001_2023-R-004,retain as analytical candidate only; rector requires typed RequirementCrosswalk or ControlCrosswalk and forbids generic cross-type pair
requirement_crosswalks,XW-00405,CROSS_ENTITY_TYPE_RELATION_NOT_CANONICAL,ISO_IEC_27001_2022-R-008,CL_LEY_21719-R-012,retain as analytical candidate only; rector requires typed RequirementCrosswalk or ControlCrosswalk and forbids generic cross-type pair
requirement_crosswalks,XW-00406,CROSS_ENTITY_TYPE_RELATION_NOT_CANONICAL,ISO_IEC_27001_2022-R-008,CL_LEY_21719-R-016,retain as analytical candidate only; rector requires typed RequirementCrosswalk or ControlCrosswalk and forbids generic cross-type pair
requirement_crosswalks,XW-00407,CROSS_ENTITY_TYPE_RELATION_NOT_CANONICAL,ISO_IEC_27001_2022-R-008,CL_LEY_21719-R-018,retain as analytical candidate only; rector requires typed RequirementCrosswalk or ControlCrosswalk and forbids generic cross-type pair
requirement_crosswalks,XW-00408,CROSS_ENTITY_TYPE_RELATION_NOT_CANONICAL,ISO_IEC_27001_2022-R-009,CL_LEY_21719-R-001,retain as analytical candidate only; rector requires typed RequirementCrosswalk or ControlCrosswalk and forbids generic cross-type pair
requirement_crosswalks,XW-00409,CROSS_ENTITY_TYPE_RELATION_NOT_CANONICAL,ISO_IEC_27001_2022-R-009,CL_LEY_21719-R-012,retain as analytical candidate only; rector requires typed RequirementCrosswalk or ControlCrosswalk and forbids generic cross-type pair
requirement_crosswalks,XW-00410,CROSS_ENTITY_TYPE_RELATION_NOT_CANONICAL,ISO_IEC_27001_2022-R-009,CL_LEY_21719-R-016,retain as analytical candidate only; rector requires typed RequirementCrosswalk or ControlCrosswalk and forbids generic cross-type pair
requirement_crosswalks,XW-00411,CROSS_ENTITY_TYPE_RELATION_NOT_CANONICAL,ISO_IEC_27001_2022-R-010,CL_LEY_21719-R-012,retain as analytical candidate only; rector requires typed RequirementCrosswalk or ControlCrosswalk and forbids generic cross-type pair
requirement_crosswalks,XW-00412,CROSS_ENTITY_TYPE_RELATION_NOT_CANONICAL,ISO_IEC_27001_2022-R-010,CL_LEY_21719-R-016,retain as analytical candidate only; rector requires typed RequirementCrosswalk or ControlCrosswalk and forbids generic cross-type pair
requirement_crosswalks,XW-00413,CROSS_ENTITY_TYPE_RELATION_NOT_CANONICAL,ISO_IEC_27001_2022-R-010,CL_LEY_21719-R-018,retain as analytical candidate only; rector requires typed RequirementCrosswalk or ControlCrosswalk and forbids generic cross-type pair
requirement_crosswalks,XW-00414,CROSS_ENTITY_TYPE_RELATION_NOT_CANONICAL,ISO_IEC_27001_2022-R-011,CL_LEY_21719-R-001,retain as analytical candidate only; rector requires typed RequirementCrosswalk or ControlCrosswalk and forbids generic cross-type pair
requirement_crosswalks,XW-00415,CROSS_ENTITY_TYPE_RELATION_NOT_CANONICAL,ISO_IEC_27001_2022-R-011,CL_LEY_21719-R-012,retain as analytical candidate only; rector requires typed RequirementCrosswalk or ControlCrosswalk and forbids generic cross-type pair
requirement_crosswalks,XW-00416,CROSS_ENTITY_TYPE_RELATION_NOT_CANONICAL,ISO_IEC_27001_2022-R-011,CL_LEY_21719-R-016,retain as analytical candidate only; rector requires typed RequirementCrosswalk or ControlCrosswalk and forbids generic cross-type pair
requirement_crosswalks,XW-00417,CROSS_ENTITY_TYPE_RELATION_NOT_CANONICAL,ISO_IEC_27001_2022-R-012,CL_LEY_21719-R-012,retain as analytical candidate only; rector requires typed RequirementCrosswalk or ControlCrosswalk and forbids generic cross-type pair
requirement_crosswalks,XW-00418,CROSS_ENTITY_TYPE_RELATION_NOT_CANONICAL,ISO_IEC_27001_2022-R-012,CL_LEY_21719-R-016,retain as analytical candidate only; rector requires typed RequirementCrosswalk or ControlCrosswalk and forbids generic cross-type pair
requirement_crosswalks,XW-00419,CROSS_ENTITY_TYPE_RELATION_NOT_CANONICAL,ISO_IEC_27001_2022-R-012,CL_LEY_21719-R-018,retain as analytical candidate only; rector requires typed RequirementCrosswalk or ControlCrosswalk and forbids generic cross-type pair
requirement_crosswalks,XW-00420,CROSS_ENTITY_TYPE_RELATION_NOT_CANONICAL,ISO_IEC_27001_2022-R-013,CL_LEY_21719-R-029,retain as analytical candidate only; rector requires typed RequirementCrosswalk or ControlCrosswalk and forbids generic cross-type pair
requirement_crosswalks,XW-00421,CROSS_ENTITY_TYPE_RELATION_NOT_CANONICAL,ISO_IEC_27001_2022-R-013,CL_LEY_21719-R-016,retain as analytical candidate only; rector requires typed RequirementCrosswalk or ControlCrosswalk and forbids generic cross-type pair
requirement_crosswalks,XW-00422,CROSS_ENTITY_TYPE_RELATION_NOT_CANONICAL,ISO_IEC_27001_2022-R-013,CL_LEY_21719-R-002,retain as analytical candidate only; rector requires typed RequirementCrosswalk or ControlCrosswalk and forbids generic cross-type pair
requirement_crosswalks,XW-00423,CROSS_ENTITY_TYPE_RELATION_NOT_CANONICAL,ISO_IEC_27001_2022-R-014,CL_LEY_21719-R-029,retain as analytical candidate only; rector requires typed RequirementCrosswalk or ControlCrosswalk and forbids generic cross-type pair
requirement_crosswalks,XW-00424,CROSS_ENTITY_TYPE_RELATION_NOT_CANONICAL,ISO_IEC_27001_2022-R-014,CL_LEY_21719-R-016,retain as analytical candidate only; rector requires typed RequirementCrosswalk or ControlCrosswalk and forbids generic cross-type pair
requirement_crosswalks,XW-00425,CROSS_ENTITY_TYPE_RELATION_NOT_CANONICAL,ISO_IEC_27001_2022-R-014,CL_LEY_21719-R-002,retain as analytical candidate only; rector requires typed RequirementCrosswalk or ControlCrosswalk and forbids generic cross-type pair
requirement_crosswalks,XW-00426,CROSS_ENTITY_TYPE_RELATION_NOT_CANONICAL,ISO_IEC_27001_2022-R-015,CL_LEY_21719-R-012,retain as analytical candidate only; rector requires typed RequirementCrosswalk or ControlCrosswalk and forbids generic cross-type pair
requirement_crosswalks,XW-00427,CROSS_ENTITY_TYPE_RELATION_NOT_CANONICAL,ISO_IEC_27001_2022-R-015,CL_LEY_21719-R-016,retain as analytical candidate only; rector requires typed RequirementCrosswalk or ControlCrosswalk and forbids generic cross-type pair
requirement_crosswalks,XW-00428,CROSS_ENTITY_TYPE_RELATION_NOT_CANONICAL,ISO_IEC_27001_2022-R-015,CL_LEY_21719-R-018,retain as analytical candidate only; rector requires typed RequirementCrosswalk or ControlCrosswalk and forbids generic cross-type pair
requirement_crosswalks,XW-00429,CROSS_ENTITY_TYPE_RELATION_NOT_CANONICAL,ISO_IEC_27001_2022-R-016,CL_LEY_21719-R-012,retain as analytical candidate only; rector requires typed RequirementCrosswalk or ControlCrosswalk and forbids generic cross-type pair
requirement_crosswalks,XW-00430,CROSS_ENTITY_TYPE_RELATION_NOT_CANONICAL,ISO_IEC_27001_2022-R-016,CL_LEY_21719-R-016,retain as analytical candidate only; rector requires typed RequirementCrosswalk or ControlCrosswalk and forbids generic cross-type pair
requirement_crosswalks,XW-00431,CROSS_ENTITY_TYPE_RELATION_NOT_CANONICAL,ISO_IEC_27001_2022-R-016,CL_LEY_21719-R-018,retain as analytical candidate only; rector requires typed RequirementCrosswalk or ControlCrosswalk and forbids generic cross-type pair
requirement_crosswalks,XW-00432,CROSS_ENTITY_TYPE_RELATION_NOT_CANONICAL,ISO_IEC_27001_2022-R-017,CL_LEY_21719-R-012,retain as analytical candidate only; rector requires typed RequirementCrosswalk or ControlCrosswalk and forbids generic cross-type pair
requirement_crosswalks,XW-00433,CROSS_ENTITY_TYPE_RELATION_NOT_CANONICAL,ISO_IEC_27001_2022-R-017,CL_LEY_21719-R-016,retain as analytical candidate only; rector requires typed RequirementCrosswalk or ControlCrosswalk and forbids generic cross-type pair
requirement_crosswalks,XW-00434,CROSS_ENTITY_TYPE_RELATION_NOT_CANONICAL,ISO_IEC_27001_2022-R-017,CL_LEY_21719-R-018,retain as analytical candidate only; rector requires typed RequirementCrosswalk or ControlCrosswalk and forbids generic cross-type pair
requirement_crosswalks,XW-00435,CROSS_ENTITY_TYPE_RELATION_NOT_CANONICAL,ISO_IEC_27001_2022-R-018,CL_LEY_21719-R-012,retain as analytical candidate only; rector requires typed RequirementCrosswalk or ControlCrosswalk and forbids generic cross-type pair
requirement_crosswalks,XW-00436,CROSS_ENTITY_TYPE_RELATION_NOT_CANONICAL,ISO_IEC_27001_2022-R-018,CL_LEY_21719-R-016,retain as analytical candidate only; rector requires typed RequirementCrosswalk or ControlCrosswalk and forbids generic cross-type pair
requirement_crosswalks,XW-00437,CROSS_ENTITY_TYPE_RELATION_NOT_CANONICAL,ISO_IEC_27001_2022-R-018,CL_LEY_21719-R-018,retain as analytical candidate only; rector requires typed RequirementCrosswalk or ControlCrosswalk and forbids generic cross-type pair
requirement_crosswalks,XW-00438,CROSS_ENTITY_TYPE_RELATION_NOT_CANONICAL,ISO_IEC_27001_2022-R-019,CL_LEY_21719-R-012,retain as analytical candidate only; rector requires typed RequirementCrosswalk or ControlCrosswalk and forbids generic cross-type pair
requirement_crosswalks,XW-00439,CROSS_ENTITY_TYPE_RELATION_NOT_CANONICAL,ISO_IEC_27001_2022-R-019,CL_LEY_21719-R-016,retain as analytical candidate only; rector requires typed RequirementCrosswalk or ControlCrosswalk and forbids generic cross-type pair
requirement_crosswalks,XW-00440,CROSS_ENTITY_TYPE_RELATION_NOT_CANONICAL,ISO_IEC_27001_2022-R-019,CL_LEY_21719-R-018,retain as analytical candidate only; rector requires typed RequirementCrosswalk or ControlCrosswalk and forbids generic cross-type pair
requirement_crosswalks,XW-00441,CROSS_ENTITY_TYPE_RELATION_NOT_CANONICAL,ISO_IEC_27001_2022-R-020,CL_LEY_21719-R-012,retain as analytical candidate only; rector requires typed RequirementCrosswalk or ControlCrosswalk and forbids generic cross-type pair
requirement_crosswalks,XW-00442,CROSS_ENTITY_TYPE_RELATION_NOT_CANONICAL,ISO_IEC_27001_2022-R-020,CL_LEY_21719-R-016,retain as analytical candidate only; rector requires typed RequirementCrosswalk or ControlCrosswalk and forbids generic cross-type pair
requirement_crosswalks,XW-00443,CROSS_ENTITY_TYPE_RELATION_NOT_CANONICAL,ISO_IEC_27001_2022-R-020,CL_LEY_21719-R-018,retain as analytical candidate only; rector requires typed RequirementCrosswalk or ControlCrosswalk and forbids generic cross-type pair
requirement_crosswalks,XW-00444,CROSS_ENTITY_TYPE_RELATION_NOT_CANONICAL,ISO_IEC_27001_2022-R-021,CL_LEY_21719-R-003,retain as analytical candidate only; rector requires typed RequirementCrosswalk or ControlCrosswalk and forbids generic cross-type pair
requirement_crosswalks,XW-00445,CROSS_ENTITY_TYPE_RELATION_NOT_CANONICAL,ISO_IEC_27001_2022-R-021,CL_LEY_21719-R-012,retain as analytical candidate only; rector requires typed RequirementCrosswalk or ControlCrosswalk and forbids generic cross-type pair
requirement_crosswalks,XW-00446,CROSS_ENTITY_TYPE_RELATION_NOT_CANONICAL,ISO_IEC_27001_2022-R-021,CL_LEY_21719-R-016,retain as analytical candidate only; rector requires typed RequirementCrosswalk or ControlCrosswalk and forbids generic cross-type pair
requirement_crosswalks,XW-00447,CROSS_ENTITY_TYPE_RELATION_NOT_CANONICAL,ISO_IEC_27001_2022-R-022,CL_LEY_21719-R-016,retain as analytical candidate only; rector requires typed RequirementCrosswalk or ControlCrosswalk and forbids generic cross-type pair
requirement_crosswalks,XW-00448,CROSS_ENTITY_TYPE_RELATION_NOT_CANONICAL,ISO_IEC_27001_2022-R-022,CL_LEY_21719-R-002,retain as analytical candidate only; rector requires typed RequirementCrosswalk or ControlCrosswalk and forbids generic cross-type pair
requirement_crosswalks,XW-00449,CROSS_ENTITY_TYPE_RELATION_NOT_CANONICAL,ISO_IEC_27001_2022-R-022,CL_LEY_21719-R-012,retain as analytical candidate only; rector requires typed RequirementCrosswalk or ControlCrosswalk and forbids generic cross-type pair
requirement_crosswalks,XW-00450,CROSS_ENTITY_TYPE_RELATION_NOT_CANONICAL,ISO_IEC_27001_2022-R-023,CL_LEY_21719-R-012,retain as analytical candidate only; rector requires typed RequirementCrosswalk or ControlCrosswalk and forbids generic cross-type pair
requirement_crosswalks,XW-00451,CROSS_ENTITY_TYPE_RELATION_NOT_CANONICAL,ISO_IEC_27001_2022-R-023,CL_LEY_21719-R-016,retain as analytical candidate only; rector requires typed RequirementCrosswalk or ControlCrosswalk and forbids generic cross-type pair
requirement_crosswalks,XW-00452,CROSS_ENTITY_TYPE_RELATION_NOT_CANONICAL,ISO_IEC_27001_2022-R-023,CL_LEY_21719-R-018,retain as analytical candidate only; rector requires typed RequirementCrosswalk or ControlCrosswalk and forbids generic cross-type pair
requirement_crosswalks,XW-00453,CROSS_ENTITY_TYPE_RELATION_NOT_CANONICAL,ISO_IEC_27001_2022-R-024,CL_LEY_21719-R-012,retain as analytical candidate only; rector requires typed RequirementCrosswalk or ControlCrosswalk and forbids generic cross-type pair
requirement_crosswalks,XW-00454,CROSS_ENTITY_TYPE_RELATION_NOT_CANONICAL,ISO_IEC_27001_2022-R-024,CL_LEY_21719-R-016,retain as analytical candidate only; rector requires typed RequirementCrosswalk or ControlCrosswalk and forbids generic cross-type pair
requirement_crosswalks,XW-00455,CROSS_ENTITY_TYPE_RELATION_NOT_CANONICAL,ISO_IEC_27001_2022-R-024,CL_LEY_21719-R-018,retain as analytical candidate only; rector requires typed RequirementCrosswalk or ControlCrosswalk and forbids generic cross-type pair
requirement_crosswalks,XW-00456,CROSS_ENTITY_TYPE_RELATION_NOT_CANONICAL,ISO_IEC_27001_2022-R-025,CL_LEY_21719-R-016,retain as analytical candidate only; rector requires typed RequirementCrosswalk or ControlCrosswalk and forbids generic cross-type pair
requirement_crosswalks,XW-00457,CROSS_ENTITY_TYPE_RELATION_NOT_CANONICAL,ISO_IEC_27001_2022-R-025,CL_LEY_21719-R-002,retain as analytical candidate only; rector requires typed RequirementCrosswalk or ControlCrosswalk and forbids generic cross-type pair
requirement_crosswalks,XW-00458,CROSS_ENTITY_TYPE_RELATION_NOT_CANONICAL,ISO_IEC_27001_2022-R-025,CL_LEY_21719-R-012,retain as analytical candidate only; rector requires typed RequirementCrosswalk or ControlCrosswalk and forbids generic cross-type pair
requirement_crosswalks,XW-00459,CROSS_ENTITY_TYPE_RELATION_NOT_CANONICAL,ISO_IEC_27001_2022-R-026,CL_LEY_21719-R-012,retain as analytical candidate only; rector requires typed RequirementCrosswalk or ControlCrosswalk and forbids generic cross-type pair
requirement_crosswalks,XW-00460,CROSS_ENTITY_TYPE_RELATION_NOT_CANONICAL,ISO_IEC_27001_2022-R-026,CL_LEY_21719-R-016,retain as analytical candidate only; rector requires typed RequirementCrosswalk or ControlCrosswalk and forbids generic cross-type pair
requirement_crosswalks,XW-00461,CROSS_ENTITY_TYPE_RELATION_NOT_CANONICAL,ISO_IEC_27001_2022-R-026,CL_LEY_21719-R-018,retain as analytical candidate only; rector requires typed RequirementCrosswalk or ControlCrosswalk and forbids generic cross-type pair
requirement_crosswalks,XW-00462,CROSS_ENTITY_TYPE_RELATION_NOT_CANONICAL,ISO_IEC_27001_2022-R-027,CL_LEY_21719-R-012,retain as analytical candidate only; rector requires typed RequirementCrosswalk or ControlCrosswalk and forbids generic cross-type pair
requirement_crosswalks,XW-00463,CROSS_ENTITY_TYPE_RELATION_NOT_CANONICAL,ISO_IEC_27001_2022-R-027,CL_LEY_21719-R-016,retain as analytical candidate only; rector requires typed RequirementCrosswalk or ControlCrosswalk and forbids generic cross-type pair
requirement_crosswalks,XW-00464,CROSS_ENTITY_TYPE_RELATION_NOT_CANONICAL,ISO_IEC_27001_2022-R-027,CL_LEY_21719-R-018,retain as analytical candidate only; rector requires typed RequirementCrosswalk or ControlCrosswalk and forbids generic cross-type pair
requirement_crosswalks,XW-00465,CROSS_ENTITY_TYPE_RELATION_NOT_CANONICAL,ISO_IEC_27001_2022-R-028,CL_LEY_21719-R-012,retain as analytical candidate only; rector requires typed RequirementCrosswalk or ControlCrosswalk and forbids generic cross-type pair
requirement_crosswalks,XW-00466,CROSS_ENTITY_TYPE_RELATION_NOT_CANONICAL,ISO_IEC_27001_2022-R-028,CL_LEY_21719-R-016,retain as analytical candidate only; rector requires typed RequirementCrosswalk or ControlCrosswalk and forbids generic cross-type pair
requirement_crosswalks,XW-00467,CROSS_ENTITY_TYPE_RELATION_NOT_CANONICAL,ISO_IEC_27001_2022-R-028,CL_LEY_21719-R-018,retain as analytical candidate only; rector requires typed RequirementCrosswalk or ControlCrosswalk and forbids generic cross-type pair
requirement_crosswalks,XW-00468,CROSS_ENTITY_TYPE_RELATION_NOT_CANONICAL,ISO_IEC_27001_2022-R-029,CL_LEY_21719-R-012,retain as analytical candidate only; rector requires typed RequirementCrosswalk or ControlCrosswalk and forbids generic cross-type pair
requirement_crosswalks,XW-00469,CROSS_ENTITY_TYPE_RELATION_NOT_CANONICAL,ISO_IEC_27001_2022-R-029,CL_LEY_21719-R-016,retain as analytical candidate only; rector requires typed RequirementCrosswalk or ControlCrosswalk and forbids generic cross-type pair
requirement_crosswalks,XW-00470,CROSS_ENTITY_TYPE_RELATION_NOT_CANONICAL,ISO_IEC_27001_2022-R-029,CL_LEY_21719-R-018,retain as analytical candidate only; rector requires typed RequirementCrosswalk or ControlCrosswalk and forbids generic cross-type pair
requirement_crosswalks,XW-00471,CROSS_ENTITY_TYPE_RELATION_NOT_CANONICAL,ISO_IEC_27001_2022-R-030,CL_LEY_21719-R-012,retain as analytical candidate only; rector requires typed RequirementCrosswalk or ControlCrosswalk and forbids generic cross-type pair
requirement_crosswalks,XW-00472,CROSS_ENTITY_TYPE_RELATION_NOT_CANONICAL,ISO_IEC_27001_2022-R-030,CL_LEY_21719-R-016,retain as analytical candidate only; rector requires typed RequirementCrosswalk or ControlCrosswalk and forbids generic cross-type pair
requirement_crosswalks,XW-00473,CROSS_ENTITY_TYPE_RELATION_NOT_CANONICAL,ISO_IEC_27001_2022-R-030,CL_LEY_21719-R-018,retain as analytical candidate only; rector requires typed RequirementCrosswalk or ControlCrosswalk and forbids generic cross-type pair
requirement_crosswalks,XW-00474,CROSS_ENTITY_TYPE_RELATION_NOT_CANONICAL,ISO_IEC_27001_2022-R-031,CL_LEY_21719-R-012,retain as analytical candidate only; rector requires typed RequirementCrosswalk or ControlCrosswalk and forbids generic cross-type pair
requirement_crosswalks,XW-00475,CROSS_ENTITY_TYPE_RELATION_NOT_CANONICAL,ISO_IEC_27001_2022-R-031,CL_LEY_21719-R-016,retain as analytical candidate only; rector requires typed RequirementCrosswalk or ControlCrosswalk and forbids generic cross-type pair
requirement_crosswalks,XW-00476,CROSS_ENTITY_TYPE_RELATION_NOT_CANONICAL,ISO_IEC_27001_2022-R-031,CL_LEY_21719-R-018,retain as analytical candidate only; rector requires typed RequirementCrosswalk or ControlCrosswalk and forbids generic cross-type pair
requirement_crosswalks,XW-00477,CROSS_ENTITY_TYPE_RELATION_NOT_CANONICAL,ISO_IEC_27001_2022-R-032,CL_LEY_21719-R-012,retain as analytical candidate only; rector requires typed RequirementCrosswalk or ControlCrosswalk and forbids generic cross-type pair
requirement_crosswalks,XW-00478,CROSS_ENTITY_TYPE_RELATION_NOT_CANONICAL,ISO_IEC_27001_2022-R-032,CL_LEY_21719-R-016,retain as analytical candidate only; rector requires typed RequirementCrosswalk or ControlCrosswalk and forbids generic cross-type pair
requirement_crosswalks,XW-00479,CROSS_ENTITY_TYPE_RELATION_NOT_CANONICAL,ISO_IEC_27001_2022-R-032,CL_LEY_21719-R-018,retain as analytical candidate only; rector requires typed RequirementCrosswalk or ControlCrosswalk and forbids generic cross-type pair
requirement_crosswalks,XW-00480,CROSS_ENTITY_TYPE_RELATION_NOT_CANONICAL,ISO_IEC_27001_2022-R-033,CL_LEY_21719-R-012,retain as analytical candidate only; rector requires typed RequirementCrosswalk or ControlCrosswalk and forbids generic cross-type pair
requirement_crosswalks,XW-00481,CROSS_ENTITY_TYPE_RELATION_NOT_CANONICAL,ISO_IEC_27001_2022-R-033,CL_LEY_21719-R-016,retain as analytical candidate only; rector requires typed RequirementCrosswalk or ControlCrosswalk and forbids generic cross-type pair
requirement_crosswalks,XW-00482,CROSS_ENTITY_TYPE_RELATION_NOT_CANONICAL,ISO_IEC_27001_2022-R-033,CL_LEY_21719-R-018,retain as analytical candidate only; rector requires typed RequirementCrosswalk or ControlCrosswalk and forbids generic cross-type pair
requirement_crosswalks,XW-00483,CROSS_ENTITY_TYPE_RELATION_NOT_CANONICAL,ISO_IEC_27001_2022-R-034,CL_LEY_21719-R-012,retain as analytical candidate only; rector requires typed RequirementCrosswalk or ControlCrosswalk and forbids generic cross-type pair
requirement_crosswalks,XW-00484,CROSS_ENTITY_TYPE_RELATION_NOT_CANONICAL,ISO_IEC_27001_2022-R-034,CL_LEY_21719-R-016,retain as analytical candidate only; rector requires typed RequirementCrosswalk or ControlCrosswalk and forbids generic cross-type pair
requirement_crosswalks,XW-00485,CROSS_ENTITY_TYPE_RELATION_NOT_CANONICAL,ISO_IEC_27001_2022-R-034,CL_LEY_21719-R-018,retain as analytical candidate only; rector requires typed RequirementCrosswalk or ControlCrosswalk and forbids generic cross-type pair
requirement_crosswalks,XW-00486,CROSS_ENTITY_TYPE_RELATION_NOT_CANONICAL,ISO_IEC_27001_2022-R-035,CL_LEY_21719-R-016,retain as analytical candidate only; rector requires typed RequirementCrosswalk or ControlCrosswalk and forbids generic cross-type pair
requirement_crosswalks,XW-00487,CROSS_ENTITY_TYPE_RELATION_NOT_CANONICAL,ISO_IEC_27001_2022-R-035,CL_LEY_21719-R-029,retain as analytical candidate only; rector requires typed RequirementCrosswalk or ControlCrosswalk and forbids generic cross-type pair
requirement_crosswalks,XW-00488,CROSS_ENTITY_TYPE_RELATION_NOT_CANONICAL,ISO_IEC_27001_2022-R-035,CL_LEY_21719-R-012,retain as analytical candidate only; rector requires typed RequirementCrosswalk or ControlCrosswalk and forbids generic cross-type pair
requirement_crosswalks,XW-00489,CROSS_ENTITY_TYPE_RELATION_NOT_CANONICAL,ISO_IEC_27001_2022-R-036,CL_LEY_21719-R-012,retain as analytical candidate only; rector requires typed RequirementCrosswalk or ControlCrosswalk and forbids generic cross-type pair
requirement_crosswalks,XW-00490,CROSS_ENTITY_TYPE_RELATION_NOT_CANONICAL,ISO_IEC_27001_2022-R-036,CL_LEY_21719-R-016,retain as analytical candidate only; rector requires typed RequirementCrosswalk or ControlCrosswalk and forbids generic cross-type pair
requirement_crosswalks,XW-00491,CROSS_ENTITY_TYPE_RELATION_NOT_CANONICAL,ISO_IEC_27001_2022-R-036,CL_LEY_21719-R-018,retain as analytical candidate only; rector requires typed RequirementCrosswalk or ControlCrosswalk and forbids generic cross-type pair
requirement_crosswalks,XW-00492,CROSS_ENTITY_TYPE_RELATION_NOT_CANONICAL,ISO_IEC_27001_2022-R-037,CL_LEY_21719-R-016,retain as analytical candidate only; rector requires typed RequirementCrosswalk or ControlCrosswalk and forbids generic cross-type pair
requirement_crosswalks,XW-00493,CROSS_ENTITY_TYPE_RELATION_NOT_CANONICAL,ISO_IEC_27001_2022-R-037,CL_LEY_21719-R-012,retain as analytical candidate only; rector requires typed RequirementCrosswalk or ControlCrosswalk and forbids generic cross-type pair
requirement_crosswalks,XW-00494,CROSS_ENTITY_TYPE_RELATION_NOT_CANONICAL,ISO_IEC_27001_2022-R-037,CL_LEY_21719-R-018,retain as analytical candidate only; rector requires typed RequirementCrosswalk or ControlCrosswalk and forbids generic cross-type pair
requirement_crosswalks,XW-00495,CROSS_ENTITY_TYPE_RELATION_NOT_CANONICAL,ISO_IEC_27001_2022-R-038,CL_LEY_21719-R-012,retain as analytical candidate only; rector requires typed RequirementCrosswalk or ControlCrosswalk and forbids generic cross-type pair
requirement_crosswalks,XW-00496,CROSS_ENTITY_TYPE_RELATION_NOT_CANONICAL,ISO_IEC_27001_2022-R-038,CL_LEY_21719-R-016,retain as analytical candidate only; rector requires typed RequirementCrosswalk or ControlCrosswalk and forbids generic cross-type pair
requirement_crosswalks,XW-00497,CROSS_ENTITY_TYPE_RELATION_NOT_CANONICAL,ISO_IEC_27001_2022-R-038,CL_LEY_21719-R-018,retain as analytical candidate only; rector requires typed RequirementCrosswalk or ControlCrosswalk and forbids generic cross-type pair
requirement_crosswalks,XW-00498,CROSS_ENTITY_TYPE_RELATION_NOT_CANONICAL,ISO_IEC_27001_2022-R-039,CL_LEY_21719-R-012,retain as analytical candidate only; rector requires typed RequirementCrosswalk or ControlCrosswalk and forbids generic cross-type pair
requirement_crosswalks,XW-00499,CROSS_ENTITY_TYPE_RELATION_NOT_CANONICAL,ISO_IEC_27001_2022-R-039,CL_LEY_21719-R-016,retain as analytical candidate only; rector requires typed RequirementCrosswalk or ControlCrosswalk and forbids generic cross-type pair
requirement_crosswalks,XW-00500,CROSS_ENTITY_TYPE_RELATION_NOT_CANONICAL,ISO_IEC_27001_2022-R-039,CL_LEY_21719-R-018,retain as analytical candidate only; rector requires typed RequirementCrosswalk or ControlCrosswalk and forbids generic cross-type pair
requirement_crosswalks,XW-00501,CROSS_ENTITY_TYPE_RELATION_NOT_CANONICAL,ISO_IEC_27001_2022-R-040,CL_LEY_21719-R-012,retain as analytical candidate only; rector requires typed RequirementCrosswalk or ControlCrosswalk and forbids generic cross-type pair
requirement_crosswalks,XW-00502,CROSS_ENTITY_TYPE_RELATION_NOT_CANONICAL,ISO_IEC_27001_2022-R-040,CL_LEY_21719-R-016,retain as analytical candidate only; rector requires typed RequirementCrosswalk or ControlCrosswalk and forbids generic cross-type pair
requirement_crosswalks,XW-00503,CROSS_ENTITY_TYPE_RELATION_NOT_CANONICAL,ISO_IEC_27001_2022-R-040,CL_LEY_21719-R-018,retain as analytical candidate only; rector requires typed RequirementCrosswalk or ControlCrosswalk and forbids generic cross-type pair
requirement_crosswalks,XW-00504,CROSS_ENTITY_TYPE_RELATION_NOT_CANONICAL,ISO_IEC_27001_2022-R-041,CL_LEY_21719-R-012,retain as analytical candidate only; rector requires typed RequirementCrosswalk or ControlCrosswalk and forbids generic cross-type pair
requirement_crosswalks,XW-00505,CROSS_ENTITY_TYPE_RELATION_NOT_CANONICAL,ISO_IEC_27001_2022-R-041,CL_LEY_21719-R-016,retain as analytical candidate only; rector requires typed RequirementCrosswalk or ControlCrosswalk and forbids generic cross-type pair
requirement_crosswalks,XW-00506,CROSS_ENTITY_TYPE_RELATION_NOT_CANONICAL,ISO_IEC_27001_2022-R-041,CL_LEY_21719-R-018,retain as analytical candidate only; rector requires typed RequirementCrosswalk or ControlCrosswalk and forbids generic cross-type pair
requirement_crosswalks,XW-00507,CROSS_ENTITY_TYPE_RELATION_NOT_CANONICAL,ISO_IEC_27001_2022-R-042,CL_LEY_21719-R-012,retain as analytical candidate only; rector requires typed RequirementCrosswalk or ControlCrosswalk and forbids generic cross-type pair
requirement_crosswalks,XW-00508,CROSS_ENTITY_TYPE_RELATION_NOT_CANONICAL,ISO_IEC_27001_2022-R-042,CL_LEY_21719-R-016,retain as analytical candidate only; rector requires typed RequirementCrosswalk or ControlCrosswalk and forbids generic cross-type pair
requirement_crosswalks,XW-00509,CROSS_ENTITY_TYPE_RELATION_NOT_CANONICAL,ISO_IEC_27001_2022-R-042,CL_LEY_21719-R-018,retain as analytical candidate only; rector requires typed RequirementCrosswalk or ControlCrosswalk and forbids generic cross-type pair
requirement_crosswalks,XW-00510,CROSS_ENTITY_TYPE_RELATION_NOT_CANONICAL,ISO_IEC_27001_2022-R-043,CL_LEY_21719-R-012,retain as analytical candidate only; rector requires typed RequirementCrosswalk or ControlCrosswalk and forbids generic cross-type pair
requirement_crosswalks,XW-00511,CROSS_ENTITY_TYPE_RELATION_NOT_CANONICAL,ISO_IEC_27001_2022-R-043,CL_LEY_21719-R-016,retain as analytical candidate only; rector requires typed RequirementCrosswalk or ControlCrosswalk and forbids generic cross-type pair
requirement_crosswalks,XW-00512,CROSS_ENTITY_TYPE_RELATION_NOT_CANONICAL,ISO_IEC_27001_2022-R-043,CL_LEY_21719-R-018,retain as analytical candidate only; rector requires typed RequirementCrosswalk or ControlCrosswalk and forbids generic cross-type pair
requirement_crosswalks,XW-00513,CROSS_ENTITY_TYPE_RELATION_NOT_CANONICAL,ISO_IEC_27001_2022-R-044,CL_LEY_21719-R-012,retain as analytical candidate only; rector requires typed RequirementCrosswalk or ControlCrosswalk and forbids generic cross-type pair
requirement_crosswalks,XW-00514,CROSS_ENTITY_TYPE_RELATION_NOT_CANONICAL,ISO_IEC_27001_2022-R-044,CL_LEY_21719-R-016,retain as analytical candidate only; rector requires typed RequirementCrosswalk or ControlCrosswalk and forbids generic cross-type pair
requirement_crosswalks,XW-00515,CROSS_ENTITY_TYPE_RELATION_NOT_CANONICAL,ISO_IEC_27001_2022-R-044,CL_LEY_21719-R-018,retain as analytical candidate only; rector requires typed RequirementCrosswalk or ControlCrosswalk and forbids generic cross-type pair
requirement_crosswalks,XW-00516,CROSS_ENTITY_TYPE_RELATION_NOT_CANONICAL,ISO_IEC_27001_2022-R-045,CL_LEY_21719-R-012,retain as analytical candidate only; rector requires typed RequirementCrosswalk or ControlCrosswalk and forbids generic cross-type pair
requirement_crosswalks,XW-00517,CROSS_ENTITY_TYPE_RELATION_NOT_CANONICAL,ISO_IEC_27001_2022-R-045,CL_LEY_21719-R-016,retain as analytical candidate only; rector requires typed RequirementCrosswalk or ControlCrosswalk and forbids generic cross-type pair
requirement_crosswalks,XW-00518,CROSS_ENTITY_TYPE_RELATION_NOT_CANONICAL,ISO_IEC_27001_2022-R-045,CL_LEY_21719-R-018,retain as analytical candidate only; rector requires typed RequirementCrosswalk or ControlCrosswalk and forbids generic cross-type pair
requirement_crosswalks,XW-00519,CROSS_ENTITY_TYPE_RELATION_NOT_CANONICAL,ISO_IEC_27001_2022-R-046,CL_LEY_21719-R-012,retain as analytical candidate only; rector requires typed RequirementCrosswalk or ControlCrosswalk and forbids generic cross-type pair
requirement_crosswalks,XW-00520,CROSS_ENTITY_TYPE_RELATION_NOT_CANONICAL,ISO_IEC_27001_2022-R-046,CL_LEY_21719-R-016,retain as analytical candidate only; rector requires typed RequirementCrosswalk or ControlCrosswalk and forbids generic cross-type pair
requirement_crosswalks,XW-00521,CROSS_ENTITY_TYPE_RELATION_NOT_CANONICAL,ISO_IEC_27001_2022-R-046,CL_LEY_21719-R-018,retain as analytical candidate only; rector requires typed RequirementCrosswalk or ControlCrosswalk and forbids generic cross-type pair
requirement_crosswalks,XW-00522,CROSS_ENTITY_TYPE_RELATION_NOT_CANONICAL,ISO_IEC_27001_2022-R-047,CL_LEY_21719-R-012,retain as analytical candidate only; rector requires typed RequirementCrosswalk or ControlCrosswalk and forbids generic cross-type pair
requirement_crosswalks,XW-00523,CROSS_ENTITY_TYPE_RELATION_NOT_CANONICAL,ISO_IEC_27001_2022-R-047,CL_LEY_21719-R-016,retain as analytical candidate only; rector requires typed RequirementCrosswalk or ControlCrosswalk and forbids generic cross-type pair
requirement_crosswalks,XW-00524,CROSS_ENTITY_TYPE_RELATION_NOT_CANONICAL,ISO_IEC_27001_2022-R-047,CL_LEY_21719-R-018,retain as analytical candidate only; rector requires typed RequirementCrosswalk or ControlCrosswalk and forbids generic cross-type pair
requirement_crosswalks,XW-00525,CROSS_ENTITY_TYPE_RELATION_NOT_CANONICAL,ISO_IEC_27001_2022-R-048,CL_LEY_21719-R-012,retain as analytical candidate only; rector requires typed RequirementCrosswalk or ControlCrosswalk and forbids generic cross-type pair
requirement_crosswalks,XW-00526,CROSS_ENTITY_TYPE_RELATION_NOT_CANONICAL,ISO_IEC_27001_2022-R-048,CL_LEY_21719-R-016,retain as analytical candidate only; rector requires typed RequirementCrosswalk or ControlCrosswalk and forbids generic cross-type pair
requirement_crosswalks,XW-00527,CROSS_ENTITY_TYPE_RELATION_NOT_CANONICAL,ISO_IEC_27001_2022-R-048,CL_LEY_21719-R-018,retain as analytical candidate only; rector requires typed RequirementCrosswalk or ControlCrosswalk and forbids generic cross-type pair
requirement_crosswalks,XW-00528,CROSS_ENTITY_TYPE_RELATION_NOT_CANONICAL,ISO_IEC_27001_2022-R-049,CL_LEY_21719-R-001,retain as analytical candidate only; rector requires typed RequirementCrosswalk or ControlCrosswalk and forbids generic cross-type pair
requirement_crosswalks,XW-00529,CROSS_ENTITY_TYPE_RELATION_NOT_CANONICAL,ISO_IEC_27001_2022-R-049,CL_LEY_21719-R-012,retain as analytical candidate only; rector requires typed RequirementCrosswalk or ControlCrosswalk and forbids generic cross-type pair
requirement_crosswalks,XW-00530,CROSS_ENTITY_TYPE_RELATION_NOT_CANONICAL,ISO_IEC_27001_2022-R-049,CL_LEY_21719-R-016,retain as analytical candidate only; rector requires typed RequirementCrosswalk or ControlCrosswalk and forbids generic cross-type pair
requirement_crosswalks,XW-00531,CROSS_ENTITY_TYPE_RELATION_NOT_CANONICAL,ISO_IEC_27001_2022-R-050,CL_LEY_21719-R-029,retain as analytical candidate only; rector requires typed RequirementCrosswalk or ControlCrosswalk and forbids generic cross-type pair
requirement_crosswalks,XW-00532,CROSS_ENTITY_TYPE_RELATION_NOT_CANONICAL,ISO_IEC_27001_2022-R-050,CL_LEY_21719-R-016,retain as analytical candidate only; rector requires typed RequirementCrosswalk or ControlCrosswalk and forbids generic cross-type pair
requirement_crosswalks,XW-00533,CROSS_ENTITY_TYPE_RELATION_NOT_CANONICAL,ISO_IEC_27001_2022-R-050,CL_LEY_21719-R-002,retain as analytical candidate only; rector requires typed RequirementCrosswalk or ControlCrosswalk and forbids generic cross-type pair
requirement_crosswalks,XW-00534,CROSS_ENTITY_TYPE_RELATION_NOT_CANONICAL,ISO_IEC_27001_2022-R-051,CL_LEY_21719-R-012,retain as analytical candidate only; rector requires typed RequirementCrosswalk or ControlCrosswalk and forbids generic cross-type pair
requirement_crosswalks,XW-00535,CROSS_ENTITY_TYPE_RELATION_NOT_CANONICAL,ISO_IEC_27001_2022-R-051,CL_LEY_21719-R-016,retain as analytical candidate only; rector requires typed RequirementCrosswalk or ControlCrosswalk and forbids generic cross-type pair
requirement_crosswalks,XW-00536,CROSS_ENTITY_TYPE_RELATION_NOT_CANONICAL,ISO_IEC_27001_2022-R-051,CL_LEY_21719-R-018,retain as analytical candidate only; rector requires typed RequirementCrosswalk or ControlCrosswalk and forbids generic cross-type pair
requirement_crosswalks,XW-00537,CROSS_ENTITY_TYPE_RELATION_NOT_CANONICAL,ISO_IEC_27001_2022-R-052,CL_LEY_21719-R-012,retain as analytical candidate only; rector requires typed RequirementCrosswalk or ControlCrosswalk and forbids generic cross-type pair
requirement_crosswalks,XW-00538,CROSS_ENTITY_TYPE_RELATION_NOT_CANONICAL,ISO_IEC_27001_2022-R-052,CL_LEY_21719-R-016,retain as analytical candidate only; rector requires typed RequirementCrosswalk or ControlCrosswalk and forbids generic cross-type pair
requirement_crosswalks,XW-00539,CROSS_ENTITY_TYPE_RELATION_NOT_CANONICAL,ISO_IEC_27001_2022-R-052,CL_LEY_21719-R-018,retain as analytical candidate only; rector requires typed RequirementCrosswalk or ControlCrosswalk and forbids generic cross-type pair
requirement_crosswalks,XW-00540,CROSS_ENTITY_TYPE_RELATION_NOT_CANONICAL,ISO_IEC_27001_2022-R-053,CL_LEY_21719-R-012,retain as analytical candidate only; rector requires typed RequirementCrosswalk or ControlCrosswalk and forbids generic cross-type pair
requirement_crosswalks,XW-00541,CROSS_ENTITY_TYPE_RELATION_NOT_CANONICAL,ISO_IEC_27001_2022-R-053,CL_LEY_21719-R-016,retain as analytical candidate only; rector requires typed RequirementCrosswalk or ControlCrosswalk and forbids generic cross-type pair
requirement_crosswalks,XW-00542,CROSS_ENTITY_TYPE_RELATION_NOT_CANONICAL,ISO_IEC_27001_2022-R-053,CL_LEY_21719-R-018,retain as analytical candidate only; rector requires typed RequirementCrosswalk or ControlCrosswalk and forbids generic cross-type pair
requirement_crosswalks,XW-00543,CROSS_ENTITY_TYPE_RELATION_NOT_CANONICAL,ISO_IEC_27001_2022-R-054,CL_LEY_21719-R-012,retain as analytical candidate only; rector requires typed RequirementCrosswalk or ControlCrosswalk and forbids generic cross-type pair
requirement_crosswalks,XW-00544,CROSS_ENTITY_TYPE_RELATION_NOT_CANONICAL,ISO_IEC_27001_2022-R-054,CL_LEY_21719-R-016,retain as analytical candidate only; rector requires typed RequirementCrosswalk or ControlCrosswalk and forbids generic cross-type pair
requirement_crosswalks,XW-00545,CROSS_ENTITY_TYPE_RELATION_NOT_CANONICAL,ISO_IEC_27001_2022-R-054,CL_LEY_21719-R-018,retain as analytical candidate only; rector requires typed RequirementCrosswalk or ControlCrosswalk and forbids generic cross-type pair
requirement_crosswalks,XW-00546,CROSS_ENTITY_TYPE_RELATION_NOT_CANONICAL,ISO_IEC_27001_2022-R-055,CL_LEY_21719-R-012,retain as analytical candidate only; rector requires typed RequirementCrosswalk or ControlCrosswalk and forbids generic cross-type pair
requirement_crosswalks,XW-00547,CROSS_ENTITY_TYPE_RELATION_NOT_CANONICAL,ISO_IEC_27001_2022-R-055,CL_LEY_21719-R-016,retain as analytical candidate only; rector requires typed RequirementCrosswalk or ControlCrosswalk and forbids generic cross-type pair
requirement_crosswalks,XW-00548,CROSS_ENTITY_TYPE_RELATION_NOT_CANONICAL,ISO_IEC_27001_2022-R-055,CL_LEY_21719-R-018,retain as analytical candidate only; rector requires typed RequirementCrosswalk or ControlCrosswalk and forbids generic cross-type pair
requirement_crosswalks,XW-00549,CROSS_ENTITY_TYPE_RELATION_NOT_CANONICAL,ISO_IEC_27001_2022-R-056,CL_LEY_21719-R-012,retain as analytical candidate only; rector requires typed RequirementCrosswalk or ControlCrosswalk and forbids generic cross-type pair
requirement_crosswalks,XW-00550,CROSS_ENTITY_TYPE_RELATION_NOT_CANONICAL,ISO_IEC_27001_2022-R-056,CL_LEY_21719-R-016,retain as analytical candidate only; rector requires typed RequirementCrosswalk or ControlCrosswalk and forbids generic cross-type pair
requirement_crosswalks,XW-00551,CROSS_ENTITY_TYPE_RELATION_NOT_CANONICAL,ISO_IEC_27001_2022-R-056,CL_LEY_21719-R-018,retain as analytical candidate only; rector requires typed RequirementCrosswalk or ControlCrosswalk and forbids generic cross-type pair
requirement_crosswalks,XW-00552,CROSS_ENTITY_TYPE_RELATION_NOT_CANONICAL,ISO_IEC_27001_2022-R-057,CL_LEY_21719-R-012,retain as analytical candidate only; rector requires typed RequirementCrosswalk or ControlCrosswalk and forbids generic cross-type pair
requirement_crosswalks,XW-00553,CROSS_ENTITY_TYPE_RELATION_NOT_CANONICAL,ISO_IEC_27001_2022-R-057,CL_LEY_21719-R-016,retain as analytical candidate only; rector requires typed RequirementCrosswalk or ControlCrosswalk and forbids generic cross-type pair
requirement_crosswalks,XW-00554,CROSS_ENTITY_TYPE_RELATION_NOT_CANONICAL,ISO_IEC_27001_2022-R-057,CL_LEY_21719-R-018,retain as analytical candidate only; rector requires typed RequirementCrosswalk or ControlCrosswalk and forbids generic cross-type pair
requirement_crosswalks,XW-00555,CROSS_ENTITY_TYPE_RELATION_NOT_CANONICAL,ISO_IEC_27001_2022-R-058,CL_LEY_21719-R-012,retain as analytical candidate only; rector requires typed RequirementCrosswalk or ControlCrosswalk and forbids generic cross-type pair
requirement_crosswalks,XW-00556,CROSS_ENTITY_TYPE_RELATION_NOT_CANONICAL,ISO_IEC_27001_2022-R-058,CL_LEY_21719-R-016,retain as analytical candidate only; rector requires typed RequirementCrosswalk or ControlCrosswalk and forbids generic cross-type pair
requirement_crosswalks,XW-00557,CROSS_ENTITY_TYPE_RELATION_NOT_CANONICAL,ISO_IEC_27001_2022-R-058,CL_LEY_21719-R-018,retain as analytical candidate only; rector requires typed RequirementCrosswalk or ControlCrosswalk and forbids generic cross-type pair
requirement_crosswalks,XW-00558,CROSS_ENTITY_TYPE_RELATION_NOT_CANONICAL,ISO_IEC_27001_2022-R-059,CL_LEY_21719-R-029,retain as analytical candidate only; rector requires typed RequirementCrosswalk or ControlCrosswalk and forbids generic cross-type pair
requirement_crosswalks,XW-00559,CROSS_ENTITY_TYPE_RELATION_NOT_CANONICAL,ISO_IEC_27001_2022-R-059,CL_LEY_21719-R-016,retain as analytical candidate only; rector requires typed RequirementCrosswalk or ControlCrosswalk and forbids generic cross-type pair
requirement_crosswalks,XW-00560,CROSS_ENTITY_TYPE_RELATION_NOT_CANONICAL,ISO_IEC_27001_2022-R-059,CL_LEY_21719-R-002,retain as analytical candidate only; rector requires typed RequirementCrosswalk or ControlCrosswalk and forbids generic cross-type pair
requirement_crosswalks,XW-00561,CROSS_ENTITY_TYPE_RELATION_NOT_CANONICAL,ISO_IEC_27001_2022-R-060,CL_LEY_21719-R-012,retain as analytical candidate only; rector requires typed RequirementCrosswalk or ControlCrosswalk and forbids generic cross-type pair
requirement_crosswalks,XW-00562,CROSS_ENTITY_TYPE_RELATION_NOT_CANONICAL,ISO_IEC_27001_2022-R-060,CL_LEY_21719-R-016,retain as analytical candidate only; rector requires typed RequirementCrosswalk or ControlCrosswalk and forbids generic cross-type pair
requirement_crosswalks,XW-00563,CROSS_ENTITY_TYPE_RELATION_NOT_CANONICAL,ISO_IEC_27001_2022-R-060,CL_LEY_21719-R-018,retain as analytical candidate only; rector requires typed RequirementCrosswalk or ControlCrosswalk and forbids generic cross-type pair
requirement_crosswalks,XW-00564,CROSS_ENTITY_TYPE_RELATION_NOT_CANONICAL,ISO_IEC_27001_2022-R-061,CL_LEY_21719-R-012,retain as analytical candidate only; rector requires typed RequirementCrosswalk or ControlCrosswalk and forbids generic cross-type pair
requirement_crosswalks,XW-00565,CROSS_ENTITY_TYPE_RELATION_NOT_CANONICAL,ISO_IEC_27001_2022-R-061,CL_LEY_21719-R-016,retain as analytical candidate only; rector requires typed RequirementCrosswalk or ControlCrosswalk and forbids generic cross-type pair
requirement_crosswalks,XW-00566,CROSS_ENTITY_TYPE_RELATION_NOT_CANONICAL,ISO_IEC_27001_2022-R-061,CL_LEY_21719-R-018,retain as analytical candidate only; rector requires typed RequirementCrosswalk or ControlCrosswalk and forbids generic cross-type pair
requirement_crosswalks,XW-00567,CROSS_ENTITY_TYPE_RELATION_NOT_CANONICAL,ISO_IEC_27001_2022-R-062,CL_LEY_21719-R-012,retain as analytical candidate only; rector requires typed RequirementCrosswalk or ControlCrosswalk and forbids generic cross-type pair
requirement_crosswalks,XW-00568,CROSS_ENTITY_TYPE_RELATION_NOT_CANONICAL,ISO_IEC_27001_2022-R-062,CL_LEY_21719-R-016,retain as analytical candidate only; rector requires typed RequirementCrosswalk or ControlCrosswalk and forbids generic cross-type pair
requirement_crosswalks,XW-00569,CROSS_ENTITY_TYPE_RELATION_NOT_CANONICAL,ISO_IEC_27001_2022-R-062,CL_LEY_21719-R-018,retain as analytical candidate only; rector requires typed RequirementCrosswalk or ControlCrosswalk and forbids generic cross-type pair
requirement_crosswalks,XW-00570,CROSS_ENTITY_TYPE_RELATION_NOT_CANONICAL,ISO_IEC_27001_2022-R-063,CL_LEY_21719-R-012,retain as analytical candidate only; rector requires typed RequirementCrosswalk or ControlCrosswalk and forbids generic cross-type pair
requirement_crosswalks,XW-00571,CROSS_ENTITY_TYPE_RELATION_NOT_CANONICAL,ISO_IEC_27001_2022-R-063,CL_LEY_21719-R-016,retain as analytical candidate only; rector requires typed RequirementCrosswalk or ControlCrosswalk and forbids generic cross-type pair
requirement_crosswalks,XW-00572,CROSS_ENTITY_TYPE_RELATION_NOT_CANONICAL,ISO_IEC_27001_2022-R-063,CL_LEY_21719-R-018,retain as analytical candidate only; rector requires typed RequirementCrosswalk or ControlCrosswalk and forbids generic cross-type pair
requirement_crosswalks,XW-00573,CROSS_ENTITY_TYPE_RELATION_NOT_CANONICAL,ISO_IEC_27001_2022-R-064,CL_LEY_21719-R-012,retain as analytical candidate only; rector requires typed RequirementCrosswalk or ControlCrosswalk and forbids generic cross-type pair
requirement_crosswalks,XW-00574,CROSS_ENTITY_TYPE_RELATION_NOT_CANONICAL,ISO_IEC_27001_2022-R-064,CL_LEY_21719-R-016,retain as analytical candidate only; rector requires typed RequirementCrosswalk or ControlCrosswalk and forbids generic cross-type pair
requirement_crosswalks,XW-00575,CROSS_ENTITY_TYPE_RELATION_NOT_CANONICAL,ISO_IEC_27001_2022-R-064,CL_LEY_21719-R-018,retain as analytical candidate only; rector requires typed RequirementCrosswalk or ControlCrosswalk and forbids generic cross-type pair
requirement_crosswalks,XW-00576,CROSS_ENTITY_TYPE_RELATION_NOT_CANONICAL,ISO_IEC_27001_2022-R-065,CL_LEY_21719-R-012,retain as analytical candidate only; rector requires typed RequirementCrosswalk or ControlCrosswalk and forbids generic cross-type pair
requirement_crosswalks,XW-00577,CROSS_ENTITY_TYPE_RELATION_NOT_CANONICAL,ISO_IEC_27001_2022-R-065,CL_LEY_21719-R-016,retain as analytical candidate only; rector requires typed RequirementCrosswalk or ControlCrosswalk and forbids generic cross-type pair
requirement_crosswalks,XW-00578,CROSS_ENTITY_TYPE_RELATION_NOT_CANONICAL,ISO_IEC_27001_2022-R-065,CL_LEY_21719-R-018,retain as analytical candidate only; rector requires typed RequirementCrosswalk or ControlCrosswalk and forbids generic cross-type pair
requirement_crosswalks,XW-00579,CROSS_ENTITY_TYPE_RELATION_NOT_CANONICAL,ISO_IEC_27001_2022-R-066,CL_LEY_21719-R-012,retain as analytical candidate only; rector requires typed RequirementCrosswalk or ControlCrosswalk and forbids generic cross-type pair
requirement_crosswalks,XW-00580,CROSS_ENTITY_TYPE_RELATION_NOT_CANONICAL,ISO_IEC_27001_2022-R-066,CL_LEY_21719-R-016,retain as analytical candidate only; rector requires typed RequirementCrosswalk or ControlCrosswalk and forbids generic cross-type pair
requirement_crosswalks,XW-00581,CROSS_ENTITY_TYPE_RELATION_NOT_CANONICAL,ISO_IEC_27001_2022-R-066,CL_LEY_21719-R-018,retain as analytical candidate only; rector requires typed RequirementCrosswalk or ControlCrosswalk and forbids generic cross-type pair
requirement_crosswalks,XW-00582,CROSS_ENTITY_TYPE_RELATION_NOT_CANONICAL,ISO_IEC_27001_2022-R-067,CL_LEY_21719-R-012,retain as analytical candidate only; rector requires typed RequirementCrosswalk or ControlCrosswalk and forbids generic cross-type pair
requirement_crosswalks,XW-00583,CROSS_ENTITY_TYPE_RELATION_NOT_CANONICAL,ISO_IEC_27001_2022-R-067,CL_LEY_21719-R-016,retain as analytical candidate only; rector requires typed RequirementCrosswalk or ControlCrosswalk and forbids generic cross-type pair
requirement_crosswalks,XW-00584,CROSS_ENTITY_TYPE_RELATION_NOT_CANONICAL,ISO_IEC_27001_2022-R-067,CL_LEY_21719-R-018,retain as analytical candidate only; rector requires typed RequirementCrosswalk or ControlCrosswalk and forbids generic cross-type pair
requirement_crosswalks,XW-00585,CROSS_ENTITY_TYPE_RELATION_NOT_CANONICAL,ISO_IEC_27001_2022-R-068,CL_LEY_21719-R-016,retain as analytical candidate only; rector requires typed RequirementCrosswalk or ControlCrosswalk and forbids generic cross-type pair
requirement_crosswalks,XW-00586,CROSS_ENTITY_TYPE_RELATION_NOT_CANONICAL,ISO_IEC_27001_2022-R-068,CL_LEY_21719-R-002,retain as analytical candidate only; rector requires typed RequirementCrosswalk or ControlCrosswalk and forbids generic cross-type pair
requirement_crosswalks,XW-00587,CROSS_ENTITY_TYPE_RELATION_NOT_CANONICAL,ISO_IEC_27001_2022-R-068,CL_LEY_21719-R-012,retain as analytical candidate only; rector requires typed RequirementCrosswalk or ControlCrosswalk and forbids generic cross-type pair
requirement_crosswalks,XW-00588,CROSS_ENTITY_TYPE_RELATION_NOT_CANONICAL,ISO_IEC_27001_2022-R-069,CL_LEY_21719-R-016,retain as analytical candidate only; rector requires typed RequirementCrosswalk or ControlCrosswalk and forbids generic cross-type pair
requirement_crosswalks,XW-00589,CROSS_ENTITY_TYPE_RELATION_NOT_CANONICAL,ISO_IEC_27001_2022-R-069,CL_LEY_21719-R-012,retain as analytical candidate only; rector requires typed RequirementCrosswalk or ControlCrosswalk and forbids generic cross-type pair
requirement_crosswalks,XW-00590,CROSS_ENTITY_TYPE_RELATION_NOT_CANONICAL,ISO_IEC_27001_2022-R-069,CL_LEY_21719-R-018,retain as analytical candidate only; rector requires typed RequirementCrosswalk or ControlCrosswalk and forbids generic cross-type pair
requirement_crosswalks,XW-00591,CROSS_ENTITY_TYPE_RELATION_NOT_CANONICAL,ISO_IEC_27001_2022-R-070,CL_LEY_21719-R-016,retain as analytical candidate only; rector requires typed RequirementCrosswalk or ControlCrosswalk and forbids generic cross-type pair
requirement_crosswalks,XW-00592,CROSS_ENTITY_TYPE_RELATION_NOT_CANONICAL,ISO_IEC_27001_2022-R-070,CL_LEY_21719-R-002,retain as analytical candidate only; rector requires typed RequirementCrosswalk or ControlCrosswalk and forbids generic cross-type pair
requirement_crosswalks,XW-00593,CROSS_ENTITY_TYPE_RELATION_NOT_CANONICAL,ISO_IEC_27001_2022-R-070,CL_LEY_21719-R-012,retain as analytical candidate only; rector requires typed RequirementCrosswalk or ControlCrosswalk and forbids generic cross-type pair
requirement_crosswalks,XW-00594,CROSS_ENTITY_TYPE_RELATION_NOT_CANONICAL,ISO_IEC_27001_2022-R-071,CL_LEY_21719-R-012,retain as analytical candidate only; rector requires typed RequirementCrosswalk or ControlCrosswalk and forbids generic cross-type pair
requirement_crosswalks,XW-00595,CROSS_ENTITY_TYPE_RELATION_NOT_CANONICAL,ISO_IEC_27001_2022-R-071,CL_LEY_21719-R-016,retain as analytical candidate only; rector requires typed RequirementCrosswalk or ControlCrosswalk and forbids generic cross-type pair
requirement_crosswalks,XW-00596,CROSS_ENTITY_TYPE_RELATION_NOT_CANONICAL,ISO_IEC_27001_2022-R-071,CL_LEY_21719-R-018,retain as analytical candidate only; rector requires typed RequirementCrosswalk or ControlCrosswalk and forbids generic cross-type pair
requirement_crosswalks,XW-00597,CROSS_ENTITY_TYPE_RELATION_NOT_CANONICAL,ISO_IEC_27001_2022-R-072,CL_LEY_21719-R-012,retain as analytical candidate only; rector requires typed RequirementCrosswalk or ControlCrosswalk and forbids generic cross-type pair
requirement_crosswalks,XW-00598,CROSS_ENTITY_TYPE_RELATION_NOT_CANONICAL,ISO_IEC_27001_2022-R-072,CL_LEY_21719-R-016,retain as analytical candidate only; rector requires typed RequirementCrosswalk or ControlCrosswalk and forbids generic cross-type pair
requirement_crosswalks,XW-00599,CROSS_ENTITY_TYPE_RELATION_NOT_CANONICAL,ISO_IEC_27001_2022-R-072,CL_LEY_21719-R-018,retain as analytical candidate only; rector requires typed RequirementCrosswalk or ControlCrosswalk and forbids generic cross-type pair
requirement_crosswalks,XW-00600,CROSS_ENTITY_TYPE_RELATION_NOT_CANONICAL,ISO_IEC_27001_2022-R-073,CL_LEY_21719-R-012,retain as analytical candidate only; rector requires typed RequirementCrosswalk or ControlCrosswalk and forbids generic cross-type pair
requirement_crosswalks,XW-00601,CROSS_ENTITY_TYPE_RELATION_NOT_CANONICAL,ISO_IEC_27001_2022-R-073,CL_LEY_21719-R-016,retain as analytical candidate only; rector requires typed RequirementCrosswalk or ControlCrosswalk and forbids generic cross-type pair
requirement_crosswalks,XW-00602,CROSS_ENTITY_TYPE_RELATION_NOT_CANONICAL,ISO_IEC_27001_2022-R-073,CL_LEY_21719-R-018,retain as analytical candidate only; rector requires typed RequirementCrosswalk or ControlCrosswalk and forbids generic cross-type pair
requirement_crosswalks,XW-00603,CROSS_ENTITY_TYPE_RELATION_NOT_CANONICAL,ISO_IEC_27001_2022-R-074,CL_LEY_21719-R-012,retain as analytical candidate only; rector requires typed RequirementCrosswalk or ControlCrosswalk and forbids generic cross-type pair
requirement_crosswalks,XW-00604,CROSS_ENTITY_TYPE_RELATION_NOT_CANONICAL,ISO_IEC_27001_2022-R-074,CL_LEY_21719-R-016,retain as analytical candidate only; rector requires typed RequirementCrosswalk or ControlCrosswalk and forbids generic cross-type pair
requirement_crosswalks,XW-00605,CROSS_ENTITY_TYPE_RELATION_NOT_CANONICAL,ISO_IEC_27001_2022-R-074,CL_LEY_21719-R-018,retain as analytical candidate only; rector requires typed RequirementCrosswalk or ControlCrosswalk and forbids generic cross-type pair
requirement_crosswalks,XW-00606,CROSS_ENTITY_TYPE_RELATION_NOT_CANONICAL,ISO_IEC_27001_2022-R-075,CL_LEY_21719-R-012,retain as analytical candidate only; rector requires typed RequirementCrosswalk or ControlCrosswalk and forbids generic cross-type pair
requirement_crosswalks,XW-00607,CROSS_ENTITY_TYPE_RELATION_NOT_CANONICAL,ISO_IEC_27001_2022-R-075,CL_LEY_21719-R-016,retain as analytical candidate only; rector requires typed RequirementCrosswalk or ControlCrosswalk and forbids generic cross-type pair
requirement_crosswalks,XW-00608,CROSS_ENTITY_TYPE_RELATION_NOT_CANONICAL,ISO_IEC_27001_2022-R-075,CL_LEY_21719-R-018,retain as analytical candidate only; rector requires typed RequirementCrosswalk or ControlCrosswalk and forbids generic cross-type pair
requirement_crosswalks,XW-00609,CROSS_ENTITY_TYPE_RELATION_NOT_CANONICAL,ISO_IEC_27001_2022-R-076,CL_LEY_21719-R-001,retain as analytical candidate only; rector requires typed RequirementCrosswalk or ControlCrosswalk and forbids generic cross-type pair
requirement_crosswalks,XW-00610,CROSS_ENTITY_TYPE_RELATION_NOT_CANONICAL,ISO_IEC_27001_2022-R-076,CL_LEY_21719-R-003,retain as analytical candidate only; rector requires typed RequirementCrosswalk or ControlCrosswalk and forbids generic cross-type pair
requirement_crosswalks,XW-00611,CROSS_ENTITY_TYPE_RELATION_NOT_CANONICAL,ISO_IEC_27001_2022-R-076,CL_LEY_21719-R-012,retain as analytical candidate only; rector requires typed RequirementCrosswalk or ControlCrosswalk and forbids generic cross-type pair
requirement_crosswalks,XW-00612,CROSS_ENTITY_TYPE_RELATION_NOT_CANONICAL,ISO_IEC_27001_2022-R-077,CL_LEY_21719-R-012,retain as analytical candidate only; rector requires typed RequirementCrosswalk or ControlCrosswalk and forbids generic cross-type pair
requirement_crosswalks,XW-00613,CROSS_ENTITY_TYPE_RELATION_NOT_CANONICAL,ISO_IEC_27001_2022-R-077,CL_LEY_21719-R-016,retain as analytical candidate only; rector requires typed RequirementCrosswalk or ControlCrosswalk and forbids generic cross-type pair
requirement_crosswalks,XW-00614,CROSS_ENTITY_TYPE_RELATION_NOT_CANONICAL,ISO_IEC_27001_2022-R-077,CL_LEY_21719-R-018,retain as analytical candidate only; rector requires typed RequirementCrosswalk or ControlCrosswalk and forbids generic cross-type pair
requirement_crosswalks,XW-00615,CROSS_ENTITY_TYPE_RELATION_NOT_CANONICAL,ISO_IEC_27001_2022-R-078,CL_LEY_21719-R-012,retain as analytical candidate only; rector requires typed RequirementCrosswalk or ControlCrosswalk and forbids generic cross-type pair
requirement_crosswalks,XW-00616,CROSS_ENTITY_TYPE_RELATION_NOT_CANONICAL,ISO_IEC_27001_2022-R-078,CL_LEY_21719-R-016,retain as analytical candidate only; rector requires typed RequirementCrosswalk or ControlCrosswalk and forbids generic cross-type pair
requirement_crosswalks,XW-00617,CROSS_ENTITY_TYPE_RELATION_NOT_CANONICAL,ISO_IEC_27001_2022-R-078,CL_LEY_21719-R-018,retain as analytical candidate only; rector requires typed RequirementCrosswalk or ControlCrosswalk and forbids generic cross-type pair
requirement_crosswalks,XW-00618,CROSS_ENTITY_TYPE_RELATION_NOT_CANONICAL,ISO_IEC_27001_2022-R-079,CL_LEY_21719-R-012,retain as analytical candidate only; rector requires typed RequirementCrosswalk or ControlCrosswalk and forbids generic cross-type pair
requirement_crosswalks,XW-00619,CROSS_ENTITY_TYPE_RELATION_NOT_CANONICAL,ISO_IEC_27001_2022-R-079,CL_LEY_21719-R-016,retain as analytical candidate only; rector requires typed RequirementCrosswalk or ControlCrosswalk and forbids generic cross-type pair
requirement_crosswalks,XW-00620,CROSS_ENTITY_TYPE_RELATION_NOT_CANONICAL,ISO_IEC_27001_2022-R-079,CL_LEY_21719-R-018,retain as analytical candidate only; rector requires typed RequirementCrosswalk or ControlCrosswalk and forbids generic cross-type pair
requirement_crosswalks,XW-00621,CROSS_ENTITY_TYPE_RELATION_NOT_CANONICAL,ISO_IEC_27001_2022-R-080,CL_LEY_21719-R-016,retain as analytical candidate only; rector requires typed RequirementCrosswalk or ControlCrosswalk and forbids generic cross-type pair
requirement_crosswalks,XW-00622,CROSS_ENTITY_TYPE_RELATION_NOT_CANONICAL,ISO_IEC_27001_2022-R-080,CL_LEY_21719-R-029,retain as analytical candidate only; rector requires typed RequirementCrosswalk or ControlCrosswalk and forbids generic cross-type pair
requirement_crosswalks,XW-00623,CROSS_ENTITY_TYPE_RELATION_NOT_CANONICAL,ISO_IEC_27001_2022-R-080,CL_LEY_21719-R-012,retain as analytical candidate only; rector requires typed RequirementCrosswalk or ControlCrosswalk and forbids generic cross-type pair
requirement_crosswalks,XW-00624,CROSS_ENTITY_TYPE_RELATION_NOT_CANONICAL,ISO_IEC_27001_2022-R-081,CL_LEY_21719-R-012,retain as analytical candidate only; rector requires typed RequirementCrosswalk or ControlCrosswalk and forbids generic cross-type pair
requirement_crosswalks,XW-00625,CROSS_ENTITY_TYPE_RELATION_NOT_CANONICAL,ISO_IEC_27001_2022-R-081,CL_LEY_21719-R-016,retain as analytical candidate only; rector requires typed RequirementCrosswalk or ControlCrosswalk and forbids generic cross-type pair
requirement_crosswalks,XW-00626,CROSS_ENTITY_TYPE_RELATION_NOT_CANONICAL,ISO_IEC_27001_2022-R-081,CL_LEY_21719-R-018,retain as analytical candidate only; rector requires typed RequirementCrosswalk or ControlCrosswalk and forbids generic cross-type pair
requirement_crosswalks,XW-00627,CROSS_ENTITY_TYPE_RELATION_NOT_CANONICAL,ISO_IEC_27001_2022-R-082,CL_LEY_21719-R-012,retain as analytical candidate only; rector requires typed RequirementCrosswalk or ControlCrosswalk and forbids generic cross-type pair
requirement_crosswalks,XW-00628,CROSS_ENTITY_TYPE_RELATION_NOT_CANONICAL,ISO_IEC_27001_2022-R-082,CL_LEY_21719-R-016,retain as analytical candidate only; rector requires typed RequirementCrosswalk or ControlCrosswalk and forbids generic cross-type pair
requirement_crosswalks,XW-00629,CROSS_ENTITY_TYPE_RELATION_NOT_CANONICAL,ISO_IEC_27001_2022-R-082,CL_LEY_21719-R-018,retain as analytical candidate only; rector requires typed RequirementCrosswalk or ControlCrosswalk and forbids generic cross-type pair
requirement_crosswalks,XW-00630,CROSS_ENTITY_TYPE_RELATION_NOT_CANONICAL,ISO_IEC_27001_2022-R-083,CL_LEY_21719-R-012,retain as analytical candidate only; rector requires typed RequirementCrosswalk or ControlCrosswalk and forbids generic cross-type pair
requirement_crosswalks,XW-00631,CROSS_ENTITY_TYPE_RELATION_NOT_CANONICAL,ISO_IEC_27001_2022-R-083,CL_LEY_21719-R-016,retain as analytical candidate only; rector requires typed RequirementCrosswalk or ControlCrosswalk and forbids generic cross-type pair
requirement_crosswalks,XW-00632,CROSS_ENTITY_TYPE_RELATION_NOT_CANONICAL,ISO_IEC_27001_2022-R-083,CL_LEY_21719-R-018,retain as analytical candidate only; rector requires typed RequirementCrosswalk or ControlCrosswalk and forbids generic cross-type pair
requirement_crosswalks,XW-00633,CROSS_ENTITY_TYPE_RELATION_NOT_CANONICAL,ISO_IEC_27001_2022-R-084,CL_LEY_21719-R-029,retain as analytical candidate only; rector requires typed RequirementCrosswalk or ControlCrosswalk and forbids generic cross-type pair
requirement_crosswalks,XW-00634,CROSS_ENTITY_TYPE_RELATION_NOT_CANONICAL,ISO_IEC_27001_2022-R-084,CL_LEY_21719-R-016,retain as analytical candidate only; rector requires typed RequirementCrosswalk or ControlCrosswalk and forbids generic cross-type pair
requirement_crosswalks,XW-00635,CROSS_ENTITY_TYPE_RELATION_NOT_CANONICAL,ISO_IEC_27001_2022-R-084,CL_LEY_21719-R-002,retain as analytical candidate only; rector requires typed RequirementCrosswalk or ControlCrosswalk and forbids generic cross-type pair
requirement_crosswalks,XW-00636,CROSS_ENTITY_TYPE_RELATION_NOT_CANONICAL,ISO_IEC_27001_2022-R-085,CL_LEY_21719-R-012,retain as analytical candidate only; rector requires typed RequirementCrosswalk or ControlCrosswalk and forbids generic cross-type pair
requirement_crosswalks,XW-00637,CROSS_ENTITY_TYPE_RELATION_NOT_CANONICAL,ISO_IEC_27001_2022-R-085,CL_LEY_21719-R-016,retain as analytical candidate only; rector requires typed RequirementCrosswalk or ControlCrosswalk and forbids generic cross-type pair
requirement_crosswalks,XW-00638,CROSS_ENTITY_TYPE_RELATION_NOT_CANONICAL,ISO_IEC_27001_2022-R-085,CL_LEY_21719-R-018,retain as analytical candidate only; rector requires typed RequirementCrosswalk or ControlCrosswalk and forbids generic cross-type pair
requirement_crosswalks,XW-00639,CROSS_ENTITY_TYPE_RELATION_NOT_CANONICAL,ISO_IEC_27001_2022-R-086,CL_LEY_21719-R-012,retain as analytical candidate only; rector requires typed RequirementCrosswalk or ControlCrosswalk and forbids generic cross-type pair
requirement_crosswalks,XW-00640,CROSS_ENTITY_TYPE_RELATION_NOT_CANONICAL,ISO_IEC_27001_2022-R-086,CL_LEY_21719-R-016,retain as analytical candidate only; rector requires typed RequirementCrosswalk or ControlCrosswalk and forbids generic cross-type pair
requirement_crosswalks,XW-00641,CROSS_ENTITY_TYPE_RELATION_NOT_CANONICAL,ISO_IEC_27001_2022-R-086,CL_LEY_21719-R-018,retain as analytical candidate only; rector requires typed RequirementCrosswalk or ControlCrosswalk and forbids generic cross-type pair
requirement_crosswalks,XW-00642,CROSS_ENTITY_TYPE_RELATION_NOT_CANONICAL,ISO_IEC_27001_2022-R-087,CL_LEY_21719-R-012,retain as analytical candidate only; rector requires typed RequirementCrosswalk or ControlCrosswalk and forbids generic cross-type pair
requirement_crosswalks,XW-00643,CROSS_ENTITY_TYPE_RELATION_NOT_CANONICAL,ISO_IEC_27001_2022-R-087,CL_LEY_21719-R-016,retain as analytical candidate only; rector requires typed RequirementCrosswalk or ControlCrosswalk and forbids generic cross-type pair
requirement_crosswalks,XW-00644,CROSS_ENTITY_TYPE_RELATION_NOT_CANONICAL,ISO_IEC_27001_2022-R-087,CL_LEY_21719-R-018,retain as analytical candidate only; rector requires typed RequirementCrosswalk or ControlCrosswalk and forbids generic cross-type pair
requirement_crosswalks,XW-00645,CROSS_ENTITY_TYPE_RELATION_NOT_CANONICAL,ISO_IEC_27001_2022-R-088,CL_LEY_21719-R-012,retain as analytical candidate only; rector requires typed RequirementCrosswalk or ControlCrosswalk and forbids generic cross-type pair
requirement_crosswalks,XW-00646,CROSS_ENTITY_TYPE_RELATION_NOT_CANONICAL,ISO_IEC_27001_2022-R-088,CL_LEY_21719-R-016,retain as analytical candidate only; rector requires typed RequirementCrosswalk or ControlCrosswalk and forbids generic cross-type pair
requirement_crosswalks,XW-00647,CROSS_ENTITY_TYPE_RELATION_NOT_CANONICAL,ISO_IEC_27001_2022-R-088,CL_LEY_21719-R-018,retain as analytical candidate only; rector requires typed RequirementCrosswalk or ControlCrosswalk and forbids generic cross-type pair
requirement_crosswalks,XW-00648,CROSS_ENTITY_TYPE_RELATION_NOT_CANONICAL,ISO_IEC_27001_2022-R-089,CL_LEY_21719-R-012,retain as analytical candidate only; rector requires typed RequirementCrosswalk or ControlCrosswalk and forbids generic cross-type pair
requirement_crosswalks,XW-00649,CROSS_ENTITY_TYPE_RELATION_NOT_CANONICAL,ISO_IEC_27001_2022-R-089,CL_LEY_21719-R-016,retain as analytical candidate only; rector requires typed RequirementCrosswalk or ControlCrosswalk and forbids generic cross-type pair
requirement_crosswalks,XW-00650,CROSS_ENTITY_TYPE_RELATION_NOT_CANONICAL,ISO_IEC_27001_2022-R-089,CL_LEY_21719-R-018,retain as analytical candidate only; rector requires typed RequirementCrosswalk or ControlCrosswalk and forbids generic cross-type pair
requirement_crosswalks,XW-00651,CROSS_ENTITY_TYPE_RELATION_NOT_CANONICAL,ISO_IEC_27001_2022-R-090,CL_LEY_21719-R-012,retain as analytical candidate only; rector requires typed RequirementCrosswalk or ControlCrosswalk and forbids generic cross-type pair
requirement_crosswalks,XW-00652,CROSS_ENTITY_TYPE_RELATION_NOT_CANONICAL,ISO_IEC_27001_2022-R-090,CL_LEY_21719-R-016,retain as analytical candidate only; rector requires typed RequirementCrosswalk or ControlCrosswalk and forbids generic cross-type pair
requirement_crosswalks,XW-00653,CROSS_ENTITY_TYPE_RELATION_NOT_CANONICAL,ISO_IEC_27001_2022-R-090,CL_LEY_21719-R-018,retain as analytical candidate only; rector requires typed RequirementCrosswalk or ControlCrosswalk and forbids generic cross-type pair
requirement_crosswalks,XW-00654,CROSS_ENTITY_TYPE_RELATION_NOT_CANONICAL,ISO_IEC_27001_2022-R-091,CL_LEY_21719-R-012,retain as analytical candidate only; rector requires typed RequirementCrosswalk or ControlCrosswalk and forbids generic cross-type pair
requirement_crosswalks,XW-00655,CROSS_ENTITY_TYPE_RELATION_NOT_CANONICAL,ISO_IEC_27001_2022-R-091,CL_LEY_21719-R-016,retain as analytical candidate only; rector requires typed RequirementCrosswalk or ControlCrosswalk and forbids generic cross-type pair
requirement_crosswalks,XW-00656,CROSS_ENTITY_TYPE_RELATION_NOT_CANONICAL,ISO_IEC_27001_2022-R-091,CL_LEY_21719-R-018,retain as analytical candidate only; rector requires typed RequirementCrosswalk or ControlCrosswalk and forbids generic cross-type pair
requirement_crosswalks,XW-00657,CROSS_ENTITY_TYPE_RELATION_NOT_CANONICAL,ISO_IEC_27001_2022-R-092,CL_LEY_21719-R-012,retain as analytical candidate only; rector requires typed RequirementCrosswalk or ControlCrosswalk and forbids generic cross-type pair
requirement_crosswalks,XW-00658,CROSS_ENTITY_TYPE_RELATION_NOT_CANONICAL,ISO_IEC_27001_2022-R-092,CL_LEY_21719-R-016,retain as analytical candidate only; rector requires typed RequirementCrosswalk or ControlCrosswalk and forbids generic cross-type pair
requirement_crosswalks,XW-00659,CROSS_ENTITY_TYPE_RELATION_NOT_CANONICAL,ISO_IEC_27001_2022-R-092,CL_LEY_21719-R-018,retain as analytical candidate only; rector requires typed RequirementCrosswalk or ControlCrosswalk and forbids generic cross-type pair
requirement_crosswalks,XW-00660,CROSS_ENTITY_TYPE_RELATION_NOT_CANONICAL,ISO_IEC_27001_2022-R-093,CL_LEY_21719-R-012,retain as analytical candidate only; rector requires typed RequirementCrosswalk or ControlCrosswalk and forbids generic cross-type pair
requirement_crosswalks,XW-00661,CROSS_ENTITY_TYPE_RELATION_NOT_CANONICAL,ISO_IEC_27001_2022-R-093,CL_LEY_21719-R-016,retain as analytical candidate only; rector requires typed RequirementCrosswalk or ControlCrosswalk and forbids generic cross-type pair
requirement_crosswalks,XW-00662,CROSS_ENTITY_TYPE_RELATION_NOT_CANONICAL,ISO_IEC_27001_2022-R-093,CL_LEY_21719-R-018,retain as analytical candidate only; rector requires typed RequirementCrosswalk or ControlCrosswalk and forbids generic cross-type pair
requirement_crosswalks,XW-00663,CROSS_ENTITY_TYPE_RELATION_NOT_CANONICAL,ISO_IEC_27001_2022-R-094,CL_LEY_21719-R-012,retain as analytical candidate only; rector requires typed RequirementCrosswalk or ControlCrosswalk and forbids generic cross-type pair
requirement_crosswalks,XW-00664,CROSS_ENTITY_TYPE_RELATION_NOT_CANONICAL,ISO_IEC_27001_2022-R-094,CL_LEY_21719-R-016,retain as analytical candidate only; rector requires typed RequirementCrosswalk or ControlCrosswalk and forbids generic cross-type pair
requirement_crosswalks,XW-00665,CROSS_ENTITY_TYPE_RELATION_NOT_CANONICAL,ISO_IEC_27001_2022-R-094,CL_LEY_21719-R-018,retain as analytical candidate only; rector requires typed RequirementCrosswalk or ControlCrosswalk and forbids generic cross-type pair
requirement_crosswalks,XW-00666,CROSS_ENTITY_TYPE_RELATION_NOT_CANONICAL,ISO_IEC_27001_2022-R-095,CL_LEY_21719-R-012,retain as analytical candidate only; rector requires typed RequirementCrosswalk or ControlCrosswalk and forbids generic cross-type pair
requirement_crosswalks,XW-00667,CROSS_ENTITY_TYPE_RELATION_NOT_CANONICAL,ISO_IEC_27001_2022-R-095,CL_LEY_21719-R-016,retain as analytical candidate only; rector requires typed RequirementCrosswalk or ControlCrosswalk and forbids generic cross-type pair
requirement_crosswalks,XW-00668,CROSS_ENTITY_TYPE_RELATION_NOT_CANONICAL,ISO_IEC_27001_2022-R-095,CL_LEY_21719-R-018,retain as analytical candidate only; rector requires typed RequirementCrosswalk or ControlCrosswalk and forbids generic cross-type pair
requirement_crosswalks,XW-00669,CROSS_ENTITY_TYPE_RELATION_NOT_CANONICAL,ISO_IEC_27001_2022-R-096,CL_LEY_21719-R-012,retain as analytical candidate only; rector requires typed RequirementCrosswalk or ControlCrosswalk and forbids generic cross-type pair
requirement_crosswalks,XW-00670,CROSS_ENTITY_TYPE_RELATION_NOT_CANONICAL,ISO_IEC_27001_2022-R-096,CL_LEY_21719-R-016,retain as analytical candidate only; rector requires typed RequirementCrosswalk or ControlCrosswalk and forbids generic cross-type pair
requirement_crosswalks,XW-00671,CROSS_ENTITY_TYPE_RELATION_NOT_CANONICAL,ISO_IEC_27001_2022-R-096,CL_LEY_21719-R-018,retain as analytical candidate only; rector requires typed RequirementCrosswalk or ControlCrosswalk and forbids generic cross-type pair
requirement_crosswalks,XW-00672,CROSS_ENTITY_TYPE_RELATION_NOT_CANONICAL,ISO_IEC_27001_2022-R-097,CL_LEY_21719-R-012,retain as analytical candidate only; rector requires typed RequirementCrosswalk or ControlCrosswalk and forbids generic cross-type pair
requirement_crosswalks,XW-00673,CROSS_ENTITY_TYPE_RELATION_NOT_CANONICAL,ISO_IEC_27001_2022-R-097,CL_LEY_21719-R-016,retain as analytical candidate only; rector requires typed RequirementCrosswalk or ControlCrosswalk and forbids generic cross-type pair
requirement_crosswalks,XW-00674,CROSS_ENTITY_TYPE_RELATION_NOT_CANONICAL,ISO_IEC_27001_2022-R-097,CL_LEY_21719-R-018,retain as analytical candidate only; rector requires typed RequirementCrosswalk or ControlCrosswalk and forbids generic cross-type pair
requirement_crosswalks,XW-00675,CROSS_ENTITY_TYPE_RELATION_NOT_CANONICAL,ISO_IEC_27001_2022-R-098,CL_LEY_21719-R-012,retain as analytical candidate only; rector requires typed RequirementCrosswalk or ControlCrosswalk and forbids generic cross-type pair
requirement_crosswalks,XW-00676,CROSS_ENTITY_TYPE_RELATION_NOT_CANONICAL,ISO_IEC_27001_2022-R-098,CL_LEY_21719-R-016,retain as analytical candidate only; rector requires typed RequirementCrosswalk or ControlCrosswalk and forbids generic cross-type pair
requirement_crosswalks,XW-00677,CROSS_ENTITY_TYPE_RELATION_NOT_CANONICAL,ISO_IEC_27001_2022-R-098,CL_LEY_21719-R-018,retain as analytical candidate only; rector requires typed RequirementCrosswalk or ControlCrosswalk and forbids generic cross-type pair
requirement_crosswalks,XW-00678,CROSS_ENTITY_TYPE_RELATION_NOT_CANONICAL,ISO_IEC_27001_2022-R-099,CL_LEY_21719-R-012,retain as analytical candidate only; rector requires typed RequirementCrosswalk or ControlCrosswalk and forbids generic cross-type pair
requirement_crosswalks,XW-00679,CROSS_ENTITY_TYPE_RELATION_NOT_CANONICAL,ISO_IEC_27001_2022-R-099,CL_LEY_21719-R-016,retain as analytical candidate only; rector requires typed RequirementCrosswalk or ControlCrosswalk and forbids generic cross-type pair
requirement_crosswalks,XW-00680,CROSS_ENTITY_TYPE_RELATION_NOT_CANONICAL,ISO_IEC_27001_2022-R-099,CL_LEY_21719-R-018,retain as analytical candidate only; rector requires typed RequirementCrosswalk or ControlCrosswalk and forbids generic cross-type pair
requirement_crosswalks,XW-00681,CROSS_ENTITY_TYPE_RELATION_NOT_CANONICAL,ISO_IEC_27001_2022-R-100,CL_LEY_21719-R-012,retain as analytical candidate only; rector requires typed RequirementCrosswalk or ControlCrosswalk and forbids generic cross-type pair
requirement_crosswalks,XW-00682,CROSS_ENTITY_TYPE_RELATION_NOT_CANONICAL,ISO_IEC_27001_2022-R-100,CL_LEY_21719-R-016,retain as analytical candidate only; rector requires typed RequirementCrosswalk or ControlCrosswalk and forbids generic cross-type pair
requirement_crosswalks,XW-00683,CROSS_ENTITY_TYPE_RELATION_NOT_CANONICAL,ISO_IEC_27001_2022-R-100,CL_LEY_21719-R-018,retain as analytical candidate only; rector requires typed RequirementCrosswalk or ControlCrosswalk and forbids generic cross-type pair
requirement_crosswalks,XW-00693,CROSS_ENTITY_TYPE_RELATION_NOT_CANONICAL,ISO_IEC_42001_2023-R-008,CL_LEY_21719-R-029,retain as analytical candidate only; rector requires typed RequirementCrosswalk or ControlCrosswalk and forbids generic cross-type pair
requirement_crosswalks,XW-00694,CROSS_ENTITY_TYPE_RELATION_NOT_CANONICAL,ISO_IEC_42001_2023-R-008,CL_LEY_21719-R-016,retain as analytical candidate only; rector requires typed RequirementCrosswalk or ControlCrosswalk and forbids generic cross-type pair
requirement_crosswalks,XW-00695,CROSS_ENTITY_TYPE_RELATION_NOT_CANONICAL,ISO_IEC_42001_2023-R-008,CL_LEY_21719-R-027,retain as analytical candidate only; rector requires typed RequirementCrosswalk or ControlCrosswalk and forbids generic cross-type pair
requirement_crosswalks,XW-00696,CROSS_ENTITY_TYPE_RELATION_NOT_CANONICAL,ISO_IEC_42001_2023-R-009,CL_LEY_21719-R-029,retain as analytical candidate only; rector requires typed RequirementCrosswalk or ControlCrosswalk and forbids generic cross-type pair
requirement_crosswalks,XW-00697,CROSS_ENTITY_TYPE_RELATION_NOT_CANONICAL,ISO_IEC_42001_2023-R-009,CL_LEY_21719-R-016,retain as analytical candidate only; rector requires typed RequirementCrosswalk or ControlCrosswalk and forbids generic cross-type pair
requirement_crosswalks,XW-00698,CROSS_ENTITY_TYPE_RELATION_NOT_CANONICAL,ISO_IEC_42001_2023-R-009,CL_LEY_21719-R-027,retain as analytical candidate only; rector requires typed RequirementCrosswalk or ControlCrosswalk and forbids generic cross-type pair
requirement_crosswalks,XW-00699,CROSS_ENTITY_TYPE_RELATION_NOT_CANONICAL,ISO_IEC_42001_2023-R-010,CL_LEY_21719-R-029,retain as analytical candidate only; rector requires typed RequirementCrosswalk or ControlCrosswalk and forbids generic cross-type pair
requirement_crosswalks,XW-00700,CROSS_ENTITY_TYPE_RELATION_NOT_CANONICAL,ISO_IEC_42001_2023-R-010,CL_LEY_21719-R-016,retain as analytical candidate only; rector requires typed RequirementCrosswalk or ControlCrosswalk and forbids generic cross-type pair
requirement_crosswalks,XW-00701,CROSS_ENTITY_TYPE_RELATION_NOT_CANONICAL,ISO_IEC_42001_2023-R-010,CL_LEY_21719-R-027,retain as analytical candidate only; rector requires typed RequirementCrosswalk or ControlCrosswalk and forbids generic cross-type pair
requirement_crosswalks,XW-00702,CROSS_ENTITY_TYPE_RELATION_NOT_CANONICAL,ISO_IEC_42001_2023-R-011,CL_LEY_21719-R-029,retain as analytical candidate only; rector requires typed RequirementCrosswalk or ControlCrosswalk and forbids generic cross-type pair
requirement_crosswalks,XW-00703,CROSS_ENTITY_TYPE_RELATION_NOT_CANONICAL,ISO_IEC_42001_2023-R-011,CL_LEY_21719-R-001,retain as analytical candidate only; rector requires typed RequirementCrosswalk or ControlCrosswalk and forbids generic cross-type pair
requirement_crosswalks,XW-00704,CROSS_ENTITY_TYPE_RELATION_NOT_CANONICAL,ISO_IEC_42001_2023-R-011,CL_LEY_21719-R-016,retain as analytical candidate only; rector requires typed RequirementCrosswalk or ControlCrosswalk and forbids generic cross-type pair
requirement_crosswalks,XW-00705,CROSS_ENTITY_TYPE_RELATION_NOT_CANONICAL,ISO_IEC_42001_2023-R-012,CL_LEY_21719-R-029,retain as analytical candidate only; rector requires typed RequirementCrosswalk or ControlCrosswalk and forbids generic cross-type pair
requirement_crosswalks,XW-00706,CROSS_ENTITY_TYPE_RELATION_NOT_CANONICAL,ISO_IEC_42001_2023-R-012,CL_LEY_21719-R-016,retain as analytical candidate only; rector requires typed RequirementCrosswalk or ControlCrosswalk and forbids generic cross-type pair
requirement_crosswalks,XW-00707,CROSS_ENTITY_TYPE_RELATION_NOT_CANONICAL,ISO_IEC_42001_2023-R-012,CL_LEY_21719-R-002,retain as analytical candidate only; rector requires typed RequirementCrosswalk or ControlCrosswalk and forbids generic cross-type pair
requirement_crosswalks,XW-00708,CROSS_ENTITY_TYPE_RELATION_NOT_CANONICAL,ISO_IEC_42001_2023-R-013,CL_LEY_21719-R-029,retain as analytical candidate only; rector requires typed RequirementCrosswalk or ControlCrosswalk and forbids generic cross-type pair
requirement_crosswalks,XW-00709,CROSS_ENTITY_TYPE_RELATION_NOT_CANONICAL,ISO_IEC_42001_2023-R-013,CL_LEY_21719-R-012,retain as analytical candidate only; rector requires typed RequirementCrosswalk or ControlCrosswalk and forbids generic cross-type pair
requirement_crosswalks,XW-00710,CROSS_ENTITY_TYPE_RELATION_NOT_CANONICAL,ISO_IEC_42001_2023-R-013,CL_LEY_21719-R-016,retain as analytical candidate only; rector requires typed RequirementCrosswalk or ControlCrosswalk and forbids generic cross-type pair
requirement_crosswalks,XW-00711,CROSS_ENTITY_TYPE_RELATION_NOT_CANONICAL,ISO_IEC_42001_2023-R-014,CL_LEY_21719-R-029,retain as analytical candidate only; rector requires typed RequirementCrosswalk or ControlCrosswalk and forbids generic cross-type pair
requirement_crosswalks,XW-00712,CROSS_ENTITY_TYPE_RELATION_NOT_CANONICAL,ISO_IEC_42001_2023-R-014,CL_LEY_21719-R-016,retain as analytical candidate only; rector requires typed RequirementCrosswalk or ControlCrosswalk and forbids generic cross-type pair
requirement_crosswalks,XW-00713,CROSS_ENTITY_TYPE_RELATION_NOT_CANONICAL,ISO_IEC_42001_2023-R-014,CL_LEY_21719-R-002,retain as analytical candidate only; rector requires typed RequirementCrosswalk or ControlCrosswalk and forbids generic cross-type pair
requirement_crosswalks,XW-00714,CROSS_ENTITY_TYPE_RELATION_NOT_CANONICAL,ISO_IEC_42001_2023-R-015,CL_LEY_21719-R-029,retain as analytical candidate only; rector requires typed RequirementCrosswalk or ControlCrosswalk and forbids generic cross-type pair
requirement_crosswalks,XW-00715,CROSS_ENTITY_TYPE_RELATION_NOT_CANONICAL,ISO_IEC_42001_2023-R-015,CL_LEY_21719-R-016,retain as analytical candidate only; rector requires typed RequirementCrosswalk or ControlCrosswalk and forbids generic cross-type pair
requirement_crosswalks,XW-00716,CROSS_ENTITY_TYPE_RELATION_NOT_CANONICAL,ISO_IEC_42001_2023-R-015,CL_LEY_21719-R-002,retain as analytical candidate only; rector requires typed RequirementCrosswalk or ControlCrosswalk and forbids generic cross-type pair
requirement_crosswalks,XW-00717,CROSS_ENTITY_TYPE_RELATION_NOT_CANONICAL,ISO_IEC_42001_2023-R-016,CL_LEY_21719-R-029,retain as analytical candidate only; rector requires typed RequirementCrosswalk or ControlCrosswalk and forbids generic cross-type pair
requirement_crosswalks,XW-00718,CROSS_ENTITY_TYPE_RELATION_NOT_CANONICAL,ISO_IEC_42001_2023-R-016,CL_LEY_21719-R-016,retain as analytical candidate only; rector requires typed RequirementCrosswalk or ControlCrosswalk and forbids generic cross-type pair
requirement_crosswalks,XW-00719,CROSS_ENTITY_TYPE_RELATION_NOT_CANONICAL,ISO_IEC_42001_2023-R-016,CL_LEY_21719-R-002,retain as analytical candidate only; rector requires typed RequirementCrosswalk or ControlCrosswalk and forbids generic cross-type pair
requirement_crosswalks,XW-00720,CROSS_ENTITY_TYPE_RELATION_NOT_CANONICAL,ISO_IEC_42001_2023-R-017,CL_LEY_21719-R-029,retain as analytical candidate only; rector requires typed RequirementCrosswalk or ControlCrosswalk and forbids generic cross-type pair
requirement_crosswalks,XW-00721,CROSS_ENTITY_TYPE_RELATION_NOT_CANONICAL,ISO_IEC_42001_2023-R-017,CL_LEY_21719-R-016,retain as analytical candidate only; rector requires typed RequirementCrosswalk or ControlCrosswalk and forbids generic cross-type pair
requirement_crosswalks,XW-00722,CROSS_ENTITY_TYPE_RELATION_NOT_CANONICAL,ISO_IEC_42001_2023-R-017,CL_LEY_21719-R-002,retain as analytical candidate only; rector requires typed RequirementCrosswalk or ControlCrosswalk and forbids generic cross-type pair
requirement_crosswalks,XW-00723,CROSS_ENTITY_TYPE_RELATION_NOT_CANONICAL,ISO_IEC_42001_2023-R-018,CL_LEY_21719-R-029,retain as analytical candidate only; rector requires typed RequirementCrosswalk or ControlCrosswalk and forbids generic cross-type pair
requirement_crosswalks,XW-00724,CROSS_ENTITY_TYPE_RELATION_NOT_CANONICAL,ISO_IEC_42001_2023-R-018,CL_LEY_21719-R-016,retain as analytical candidate only; rector requires typed RequirementCrosswalk or ControlCrosswalk and forbids generic cross-type pair
requirement_crosswalks,XW-00725,CROSS_ENTITY_TYPE_RELATION_NOT_CANONICAL,ISO_IEC_42001_2023-R-018,CL_LEY_21719-R-002,retain as analytical candidate only; rector requires typed RequirementCrosswalk or ControlCrosswalk and forbids generic cross-type pair
requirement_crosswalks,XW-00726,CROSS_ENTITY_TYPE_RELATION_NOT_CANONICAL,ISO_IEC_42001_2023-R-019,CL_LEY_21719-R-029,retain as analytical candidate only; rector requires typed RequirementCrosswalk or ControlCrosswalk and forbids generic cross-type pair
requirement_crosswalks,XW-00727,CROSS_ENTITY_TYPE_RELATION_NOT_CANONICAL,ISO_IEC_42001_2023-R-019,CL_LEY_21719-R-012,retain as analytical candidate only; rector requires typed RequirementCrosswalk or ControlCrosswalk and forbids generic cross-type pair
requirement_crosswalks,XW-00728,CROSS_ENTITY_TYPE_RELATION_NOT_CANONICAL,ISO_IEC_42001_2023-R-019,CL_LEY_21719-R-016,retain as analytical candidate only; rector requires typed RequirementCrosswalk or ControlCrosswalk and forbids generic cross-type pair
requirement_crosswalks,XW-00729,CROSS_ENTITY_TYPE_RELATION_NOT_CANONICAL,ISO_IEC_42001_2023-R-020,CL_LEY_21719-R-029,retain as analytical candidate only; rector requires typed RequirementCrosswalk or ControlCrosswalk and forbids generic cross-type pair
requirement_crosswalks,XW-00730,CROSS_ENTITY_TYPE_RELATION_NOT_CANONICAL,ISO_IEC_42001_2023-R-020,CL_LEY_21719-R-016,retain as analytical candidate only; rector requires typed RequirementCrosswalk or ControlCrosswalk and forbids generic cross-type pair
requirement_crosswalks,XW-00731,CROSS_ENTITY_TYPE_RELATION_NOT_CANONICAL,ISO_IEC_42001_2023-R-020,CL_LEY_21719-R-002,retain as analytical candidate only; rector requires typed RequirementCrosswalk or ControlCrosswalk and forbids generic cross-type pair
requirement_crosswalks,XW-00732,CROSS_ENTITY_TYPE_RELATION_NOT_CANONICAL,ISO_IEC_42001_2023-R-021,CL_LEY_21719-R-029,retain as analytical candidate only; rector requires typed RequirementCrosswalk or ControlCrosswalk and forbids generic cross-type pair
requirement_crosswalks,XW-00733,CROSS_ENTITY_TYPE_RELATION_NOT_CANONICAL,ISO_IEC_42001_2023-R-021,CL_LEY_21719-R-016,retain as analytical candidate only; rector requires typed RequirementCrosswalk or ControlCrosswalk and forbids generic cross-type pair
requirement_crosswalks,XW-00734,CROSS_ENTITY_TYPE_RELATION_NOT_CANONICAL,ISO_IEC_42001_2023-R-021,CL_LEY_21719-R-002,retain as analytical candidate only; rector requires typed RequirementCrosswalk or ControlCrosswalk and forbids generic cross-type pair
requirement_crosswalks,XW-00735,CROSS_ENTITY_TYPE_RELATION_NOT_CANONICAL,ISO_IEC_42001_2023-R-022,CL_LEY_21719-R-029,retain as analytical candidate only; rector requires typed RequirementCrosswalk or ControlCrosswalk and forbids generic cross-type pair
requirement_crosswalks,XW-00736,CROSS_ENTITY_TYPE_RELATION_NOT_CANONICAL,ISO_IEC_42001_2023-R-022,CL_LEY_21719-R-016,retain as analytical candidate only; rector requires typed RequirementCrosswalk or ControlCrosswalk and forbids generic cross-type pair
requirement_crosswalks,XW-00737,CROSS_ENTITY_TYPE_RELATION_NOT_CANONICAL,ISO_IEC_42001_2023-R-023,CL_LEY_21719-R-029,retain as analytical candidate only; rector requires typed RequirementCrosswalk or ControlCrosswalk and forbids generic cross-type pair
requirement_crosswalks,XW-00738,CROSS_ENTITY_TYPE_RELATION_NOT_CANONICAL,ISO_IEC_42001_2023-R-023,CL_LEY_21719-R-016,retain as analytical candidate only; rector requires typed RequirementCrosswalk or ControlCrosswalk and forbids generic cross-type pair
requirement_crosswalks,XW-00739,CROSS_ENTITY_TYPE_RELATION_NOT_CANONICAL,ISO_IEC_42001_2023-R-023,CL_LEY_21719-R-002,retain as analytical candidate only; rector requires typed RequirementCrosswalk or ControlCrosswalk and forbids generic cross-type pair
requirement_crosswalks,XW-00740,CROSS_ENTITY_TYPE_RELATION_NOT_CANONICAL,ISO_IEC_42001_2023-R-024,CL_LEY_21719-R-029,retain as analytical candidate only; rector requires typed RequirementCrosswalk or ControlCrosswalk and forbids generic cross-type pair
requirement_crosswalks,XW-00741,CROSS_ENTITY_TYPE_RELATION_NOT_CANONICAL,ISO_IEC_42001_2023-R-024,CL_LEY_21719-R-016,retain as analytical candidate only; rector requires typed RequirementCrosswalk or ControlCrosswalk and forbids generic cross-type pair
requirement_crosswalks,XW-00742,CROSS_ENTITY_TYPE_RELATION_NOT_CANONICAL,ISO_IEC_42001_2023-R-024,CL_LEY_21719-R-002,retain as analytical candidate only; rector requires typed RequirementCrosswalk or ControlCrosswalk and forbids generic cross-type pair
requirement_crosswalks,XW-00743,CROSS_ENTITY_TYPE_RELATION_NOT_CANONICAL,ISO_IEC_42001_2023-R-025,CL_LEY_21719-R-029,retain as analytical candidate only; rector requires typed RequirementCrosswalk or ControlCrosswalk and forbids generic cross-type pair
requirement_crosswalks,XW-00744,CROSS_ENTITY_TYPE_RELATION_NOT_CANONICAL,ISO_IEC_42001_2023-R-025,CL_LEY_21719-R-012,retain as analytical candidate only; rector requires typed RequirementCrosswalk or ControlCrosswalk and forbids generic cross-type pair
requirement_crosswalks,XW-00745,CROSS_ENTITY_TYPE_RELATION_NOT_CANONICAL,ISO_IEC_42001_2023-R-025,CL_LEY_21719-R-016,retain as analytical candidate only; rector requires typed RequirementCrosswalk or ControlCrosswalk and forbids generic cross-type pair
requirement_crosswalks,XW-00746,CROSS_ENTITY_TYPE_RELATION_NOT_CANONICAL,ISO_IEC_42001_2023-R-026,CL_LEY_21719-R-029,retain as analytical candidate only; rector requires typed RequirementCrosswalk or ControlCrosswalk and forbids generic cross-type pair
requirement_crosswalks,XW-00747,CROSS_ENTITY_TYPE_RELATION_NOT_CANONICAL,ISO_IEC_42001_2023-R-026,CL_LEY_21719-R-016,retain as analytical candidate only; rector requires typed RequirementCrosswalk or ControlCrosswalk and forbids generic cross-type pair
requirement_crosswalks,XW-00748,CROSS_ENTITY_TYPE_RELATION_NOT_CANONICAL,ISO_IEC_42001_2023-R-026,CL_LEY_21719-R-002,retain as analytical candidate only; rector requires typed RequirementCrosswalk or ControlCrosswalk and forbids generic cross-type pair
requirement_crosswalks,XW-00749,CROSS_ENTITY_TYPE_RELATION_NOT_CANONICAL,ISO_IEC_42001_2023-R-027,CL_LEY_21719-R-029,retain as analytical candidate only; rector requires typed RequirementCrosswalk or ControlCrosswalk and forbids generic cross-type pair
requirement_crosswalks,XW-00750,CROSS_ENTITY_TYPE_RELATION_NOT_CANONICAL,ISO_IEC_42001_2023-R-027,CL_LEY_21719-R-016,retain as analytical candidate only; rector requires typed RequirementCrosswalk or ControlCrosswalk and forbids generic cross-type pair
requirement_crosswalks,XW-00751,CROSS_ENTITY_TYPE_RELATION_NOT_CANONICAL,ISO_IEC_42001_2023-R-027,CL_LEY_21719-R-002,retain as analytical candidate only; rector requires typed RequirementCrosswalk or ControlCrosswalk and forbids generic cross-type pair
requirement_crosswalks,XW-00752,CROSS_ENTITY_TYPE_RELATION_NOT_CANONICAL,ISO_IEC_42001_2023-R-028,CL_LEY_21719-R-029,retain as analytical candidate only; rector requires typed RequirementCrosswalk or ControlCrosswalk and forbids generic cross-type pair
requirement_crosswalks,XW-00753,CROSS_ENTITY_TYPE_RELATION_NOT_CANONICAL,ISO_IEC_42001_2023-R-028,CL_LEY_21719-R-016,retain as analytical candidate only; rector requires typed RequirementCrosswalk or ControlCrosswalk and forbids generic cross-type pair
requirement_crosswalks,XW-00754,CROSS_ENTITY_TYPE_RELATION_NOT_CANONICAL,ISO_IEC_42001_2023-R-029,CL_LEY_21719-R-029,retain as analytical candidate only; rector requires typed RequirementCrosswalk or ControlCrosswalk and forbids generic cross-type pair
requirement_crosswalks,XW-00755,CROSS_ENTITY_TYPE_RELATION_NOT_CANONICAL,ISO_IEC_42001_2023-R-029,CL_LEY_21719-R-012,retain as analytical candidate only; rector requires typed RequirementCrosswalk or ControlCrosswalk and forbids generic cross-type pair
requirement_crosswalks,XW-00756,CROSS_ENTITY_TYPE_RELATION_NOT_CANONICAL,ISO_IEC_42001_2023-R-029,CL_LEY_21719-R-016,retain as analytical candidate only; rector requires typed RequirementCrosswalk or ControlCrosswalk and forbids generic cross-type pair
requirement_crosswalks,XW-00757,CROSS_ENTITY_TYPE_RELATION_NOT_CANONICAL,ISO_IEC_42001_2023-R-030,CL_LEY_21719-R-029,retain as analytical candidate only; rector requires typed RequirementCrosswalk or ControlCrosswalk and forbids generic cross-type pair
requirement_crosswalks,XW-00758,CROSS_ENTITY_TYPE_RELATION_NOT_CANONICAL,ISO_IEC_42001_2023-R-030,CL_LEY_21719-R-016,retain as analytical candidate only; rector requires typed RequirementCrosswalk or ControlCrosswalk and forbids generic cross-type pair
requirement_crosswalks,XW-00759,CROSS_ENTITY_TYPE_RELATION_NOT_CANONICAL,ISO_IEC_42001_2023-R-030,CL_LEY_21719-R-002,retain as analytical candidate only; rector requires typed RequirementCrosswalk or ControlCrosswalk and forbids generic cross-type pair
requirement_crosswalks,XW-00760,CROSS_ENTITY_TYPE_RELATION_NOT_CANONICAL,ISO_IEC_42001_2023-R-031,CL_LEY_21719-R-029,retain as analytical candidate only; rector requires typed RequirementCrosswalk or ControlCrosswalk and forbids generic cross-type pair
requirement_crosswalks,XW-00761,CROSS_ENTITY_TYPE_RELATION_NOT_CANONICAL,ISO_IEC_42001_2023-R-031,CL_LEY_21719-R-016,retain as analytical candidate only; rector requires typed RequirementCrosswalk or ControlCrosswalk and forbids generic cross-type pair
requirement_crosswalks,XW-00762,CROSS_ENTITY_TYPE_RELATION_NOT_CANONICAL,ISO_IEC_42001_2023-R-031,CL_LEY_21719-R-002,retain as analytical candidate only; rector requires typed RequirementCrosswalk or ControlCrosswalk and forbids generic cross-type pair
requirement_crosswalks,XW-00763,CROSS_ENTITY_TYPE_RELATION_NOT_CANONICAL,ISO_IEC_42001_2023-R-032,CL_LEY_21719-R-029,retain as analytical candidate only; rector requires typed RequirementCrosswalk or ControlCrosswalk and forbids generic cross-type pair
requirement_crosswalks,XW-00764,CROSS_ENTITY_TYPE_RELATION_NOT_CANONICAL,ISO_IEC_42001_2023-R-032,CL_LEY_21719-R-016,retain as analytical candidate only; rector requires typed RequirementCrosswalk or ControlCrosswalk and forbids generic cross-type pair
requirement_crosswalks,XW-00765,CROSS_ENTITY_TYPE_RELATION_NOT_CANONICAL,ISO_IEC_42001_2023-R-032,CL_LEY_21719-R-002,retain as analytical candidate only; rector requires typed RequirementCrosswalk or ControlCrosswalk and forbids generic cross-type pair
requirement_crosswalks,XW-00766,CROSS_ENTITY_TYPE_RELATION_NOT_CANONICAL,ISO_IEC_42001_2023-R-033,CL_LEY_21719-R-029,retain as analytical candidate only; rector requires typed RequirementCrosswalk or ControlCrosswalk and forbids generic cross-type pair
requirement_crosswalks,XW-00767,CROSS_ENTITY_TYPE_RELATION_NOT_CANONICAL,ISO_IEC_42001_2023-R-033,CL_LEY_21719-R-016,retain as analytical candidate only; rector requires typed RequirementCrosswalk or ControlCrosswalk and forbids generic cross-type pair
requirement_crosswalks,XW-00768,CROSS_ENTITY_TYPE_RELATION_NOT_CANONICAL,ISO_IEC_42001_2023-R-033,CL_LEY_21719-R-002,retain as analytical candidate only; rector requires typed RequirementCrosswalk or ControlCrosswalk and forbids generic cross-type pair
requirement_crosswalks,XW-00769,CROSS_ENTITY_TYPE_RELATION_NOT_CANONICAL,ISO_IEC_42001_2023-R-034,CL_LEY_21719-R-029,retain as analytical candidate only; rector requires typed RequirementCrosswalk or ControlCrosswalk and forbids generic cross-type pair
requirement_crosswalks,XW-00770,CROSS_ENTITY_TYPE_RELATION_NOT_CANONICAL,ISO_IEC_42001_2023-R-034,CL_LEY_21719-R-016,retain as analytical candidate only; rector requires typed RequirementCrosswalk or ControlCrosswalk and forbids generic cross-type pair
requirement_crosswalks,XW-00771,CROSS_ENTITY_TYPE_RELATION_NOT_CANONICAL,ISO_IEC_42001_2023-R-034,CL_LEY_21719-R-002,retain as analytical candidate only; rector requires typed RequirementCrosswalk or ControlCrosswalk and forbids generic cross-type pair
requirement_crosswalks,XW-00772,CROSS_ENTITY_TYPE_RELATION_NOT_CANONICAL,ISO_IEC_42001_2023-R-035,CL_LEY_21719-R-029,retain as analytical candidate only; rector requires typed RequirementCrosswalk or ControlCrosswalk and forbids generic cross-type pair
requirement_crosswalks,XW-00773,CROSS_ENTITY_TYPE_RELATION_NOT_CANONICAL,ISO_IEC_42001_2023-R-035,CL_LEY_21719-R-016,retain as analytical candidate only; rector requires typed RequirementCrosswalk or ControlCrosswalk and forbids generic cross-type pair
requirement_crosswalks,XW-00774,CROSS_ENTITY_TYPE_RELATION_NOT_CANONICAL,ISO_IEC_42001_2023-R-035,CL_LEY_21719-R-002,retain as analytical candidate only; rector requires typed RequirementCrosswalk or ControlCrosswalk and forbids generic cross-type pair
requirement_crosswalks,XW-00775,CROSS_ENTITY_TYPE_RELATION_NOT_CANONICAL,ISO_IEC_42001_2023-R-036,CL_LEY_21719-R-029,retain as analytical candidate only; rector requires typed RequirementCrosswalk or ControlCrosswalk and forbids generic cross-type pair
requirement_crosswalks,XW-00776,CROSS_ENTITY_TYPE_RELATION_NOT_CANONICAL,ISO_IEC_42001_2023-R-036,CL_LEY_21719-R-016,retain as analytical candidate only; rector requires typed RequirementCrosswalk or ControlCrosswalk and forbids generic cross-type pair
requirement_crosswalks,XW-00777,CROSS_ENTITY_TYPE_RELATION_NOT_CANONICAL,ISO_IEC_42001_2023-R-036,CL_LEY_21719-R-001,retain as analytical candidate only; rector requires typed RequirementCrosswalk or ControlCrosswalk and forbids generic cross-type pair
requirement_crosswalks,XW-00778,CROSS_ENTITY_TYPE_RELATION_NOT_CANONICAL,ISO_IEC_42001_2023-R-037,CL_LEY_21719-R-029,retain as analytical candidate only; rector requires typed RequirementCrosswalk or ControlCrosswalk and forbids generic cross-type pair
requirement_crosswalks,XW-00779,CROSS_ENTITY_TYPE_RELATION_NOT_CANONICAL,ISO_IEC_42001_2023-R-037,CL_LEY_21719-R-016,retain as analytical candidate only; rector requires typed RequirementCrosswalk or ControlCrosswalk and forbids generic cross-type pair
requirement_crosswalks,XW-00780,CROSS_ENTITY_TYPE_RELATION_NOT_CANONICAL,ISO_IEC_42001_2023-R-037,CL_LEY_21719-R-002,retain as analytical candidate only; rector requires typed RequirementCrosswalk or ControlCrosswalk and forbids generic cross-type pair
requirement_crosswalks,XW-00781,CROSS_ENTITY_TYPE_RELATION_NOT_CANONICAL,ISO_IEC_42001_2023-R-038,CL_LEY_21719-R-029,retain as analytical candidate only; rector requires typed RequirementCrosswalk or ControlCrosswalk and forbids generic cross-type pair
requirement_crosswalks,XW-00782,CROSS_ENTITY_TYPE_RELATION_NOT_CANONICAL,ISO_IEC_42001_2023-R-038,CL_LEY_21719-R-016,retain as analytical candidate only; rector requires typed RequirementCrosswalk or ControlCrosswalk and forbids generic cross-type pair
requirement_crosswalks,XW-00783,CROSS_ENTITY_TYPE_RELATION_NOT_CANONICAL,ISO_IEC_42001_2023-R-038,CL_LEY_21719-R-030,retain as analytical candidate only; rector requires typed RequirementCrosswalk or ControlCrosswalk and forbids generic cross-type pair
requirement_crosswalks,XW-00784,CROSS_ENTITY_TYPE_RELATION_NOT_CANONICAL,ISO_IEC_42001_2023-R-039,CL_LEY_21719-R-029,retain as analytical candidate only; rector requires typed RequirementCrosswalk or ControlCrosswalk and forbids generic cross-type pair
requirement_crosswalks,XW-00785,CROSS_ENTITY_TYPE_RELATION_NOT_CANONICAL,ISO_IEC_42001_2023-R-039,CL_LEY_21719-R-016,retain as analytical candidate only; rector requires typed RequirementCrosswalk or ControlCrosswalk and forbids generic cross-type pair
requirement_crosswalks,XW-00786,CROSS_ENTITY_TYPE_RELATION_NOT_CANONICAL,ISO_IEC_42001_2023-R-039,CL_LEY_21719-R-003,retain as analytical candidate only; rector requires typed RequirementCrosswalk or ControlCrosswalk and forbids generic cross-type pair
requirement_crosswalks,XW-00787,CROSS_ENTITY_TYPE_RELATION_NOT_CANONICAL,ISO_IEC_42001_2023-R-040,CL_LEY_21719-R-029,retain as analytical candidate only; rector requires typed RequirementCrosswalk or ControlCrosswalk and forbids generic cross-type pair
requirement_crosswalks,XW-00788,CROSS_ENTITY_TYPE_RELATION_NOT_CANONICAL,ISO_IEC_42001_2023-R-040,CL_LEY_21719-R-016,retain as analytical candidate only; rector requires typed RequirementCrosswalk or ControlCrosswalk and forbids generic cross-type pair
requirement_crosswalks,XW-00789,CROSS_ENTITY_TYPE_RELATION_NOT_CANONICAL,ISO_IEC_42001_2023-R-040,CL_LEY_21719-R-002,retain as analytical candidate only; rector requires typed RequirementCrosswalk or ControlCrosswalk and forbids generic cross-type pair
requirement_crosswalks,XW-00790,CROSS_ENTITY_TYPE_RELATION_NOT_CANONICAL,ISO_IEC_42001_2023-R-041,CL_LEY_21719-R-029,retain as analytical candidate only; rector requires typed RequirementCrosswalk or ControlCrosswalk and forbids generic cross-type pair
requirement_crosswalks,XW-00791,CROSS_ENTITY_TYPE_RELATION_NOT_CANONICAL,ISO_IEC_42001_2023-R-041,CL_LEY_21719-R-016,retain as analytical candidate only; rector requires typed RequirementCrosswalk or ControlCrosswalk and forbids generic cross-type pair
requirement_crosswalks,XW-00792,CROSS_ENTITY_TYPE_RELATION_NOT_CANONICAL,ISO_IEC_42001_2023-R-042,CL_LEY_21719-R-029,retain as analytical candidate only; rector requires typed RequirementCrosswalk or ControlCrosswalk and forbids generic cross-type pair
requirement_crosswalks,XW-00793,CROSS_ENTITY_TYPE_RELATION_NOT_CANONICAL,ISO_IEC_42001_2023-R-042,CL_LEY_21719-R-016,retain as analytical candidate only; rector requires typed RequirementCrosswalk or ControlCrosswalk and forbids generic cross-type pair
requirement_crosswalks,XW-00794,CROSS_ENTITY_TYPE_RELATION_NOT_CANONICAL,ISO_IEC_42001_2023-R-042,CL_LEY_21719-R-002,retain as analytical candidate only; rector requires typed RequirementCrosswalk or ControlCrosswalk and forbids generic cross-type pair
requirement_crosswalks,XW-00795,CROSS_ENTITY_TYPE_RELATION_NOT_CANONICAL,ISO_IEC_42001_2023-R-043,CL_LEY_21719-R-029,retain as analytical candidate only; rector requires typed RequirementCrosswalk or ControlCrosswalk and forbids generic cross-type pair
requirement_crosswalks,XW-00796,CROSS_ENTITY_TYPE_RELATION_NOT_CANONICAL,ISO_IEC_42001_2023-R-043,CL_LEY_21719-R-001,retain as analytical candidate only; rector requires typed RequirementCrosswalk or ControlCrosswalk and forbids generic cross-type pair
requirement_crosswalks,XW-00797,CROSS_ENTITY_TYPE_RELATION_NOT_CANONICAL,ISO_IEC_42001_2023-R-043,CL_LEY_21719-R-016,retain as analytical candidate only; rector requires typed RequirementCrosswalk or ControlCrosswalk and forbids generic cross-type pair
requirement_crosswalks,XW-00798,CROSS_ENTITY_TYPE_RELATION_NOT_CANONICAL,ISO_IEC_42001_2023-R-044,CL_LEY_21719-R-029,retain as analytical candidate only; rector requires typed RequirementCrosswalk or ControlCrosswalk and forbids generic cross-type pair
requirement_crosswalks,XW-00799,CROSS_ENTITY_TYPE_RELATION_NOT_CANONICAL,ISO_IEC_42001_2023-R-044,CL_LEY_21719-R-016,retain as analytical candidate only; rector requires typed RequirementCrosswalk or ControlCrosswalk and forbids generic cross-type pair
requirement_crosswalks,XW-00800,CROSS_ENTITY_TYPE_RELATION_NOT_CANONICAL,ISO_IEC_42001_2023-R-045,CL_LEY_21719-R-029,retain as analytical candidate only; rector requires typed RequirementCrosswalk or ControlCrosswalk and forbids generic cross-type pair
requirement_crosswalks,XW-00801,CROSS_ENTITY_TYPE_RELATION_NOT_CANONICAL,ISO_IEC_42001_2023-R-045,CL_LEY_21719-R-016,retain as analytical candidate only; rector requires typed RequirementCrosswalk or ControlCrosswalk and forbids generic cross-type pair
requirement_crosswalks,XW-00804,CROSS_ENTITY_TYPE_RELATION_NOT_CANONICAL,ISO_9001_2026-R-002,ISO_IEC_27001_2022-R-009,retain as analytical candidate only; rector requires typed RequirementCrosswalk or ControlCrosswalk and forbids generic cross-type pair
requirement_crosswalks,XW-00805,CROSS_ENTITY_TYPE_RELATION_NOT_CANONICAL,ISO_9001_2026-R-002,ISO_IEC_27001_2022-R-011,retain as analytical candidate only; rector requires typed RequirementCrosswalk or ControlCrosswalk and forbids generic cross-type pair
requirement_crosswalks,XW-00807,CROSS_ENTITY_TYPE_RELATION_NOT_CANONICAL,ISO_9001_2026-R-003,ISO_IEC_27001_2022-R-056,retain as analytical candidate only; rector requires typed RequirementCrosswalk or ControlCrosswalk and forbids generic cross-type pair
requirement_crosswalks,XW-00808,CROSS_ENTITY_TYPE_RELATION_NOT_CANONICAL,ISO_9001_2026-R-003,ISO_IEC_27001_2022-R-082,retain as analytical candidate only; rector requires typed RequirementCrosswalk or ControlCrosswalk and forbids generic cross-type pair
requirement_crosswalks,XW-00810,CROSS_ENTITY_TYPE_RELATION_NOT_CANONICAL,ISO_9001_2026-R-004,ISO_IEC_27001_2022-R-047,retain as analytical candidate only; rector requires typed RequirementCrosswalk or ControlCrosswalk and forbids generic cross-type pair
requirement_crosswalks,XW-00811,CROSS_ENTITY_TYPE_RELATION_NOT_CANONICAL,ISO_9001_2026-R-004,ISO_IEC_27001_2022-R-013,retain as analytical candidate only; rector requires typed RequirementCrosswalk or ControlCrosswalk and forbids generic cross-type pair
requirement_crosswalks,XW-00815,CROSS_ENTITY_TYPE_RELATION_NOT_CANONICAL,ISO_9001_2026-R-006,ISO_IEC_27001_2022-R-056,retain as analytical candidate only; rector requires typed RequirementCrosswalk or ControlCrosswalk and forbids generic cross-type pair
requirement_crosswalks,XW-00818,CROSS_ENTITY_TYPE_RELATION_NOT_CANONICAL,ISO_9001_2026-R-008,ISO_IEC_27001_2022-R-009,retain as analytical candidate only; rector requires typed RequirementCrosswalk or ControlCrosswalk and forbids generic cross-type pair
requirement_crosswalks,XW-00819,CROSS_ENTITY_TYPE_RELATION_NOT_CANONICAL,ISO_9001_2026-R-008,ISO_IEC_27001_2022-R-011,retain as analytical candidate only; rector requires typed RequirementCrosswalk or ControlCrosswalk and forbids generic cross-type pair
requirement_crosswalks,XW-00822,CROSS_ENTITY_TYPE_RELATION_NOT_CANONICAL,ISO_9001_2026-R-010,ISO_IEC_27001_2022-R-009,retain as analytical candidate only; rector requires typed RequirementCrosswalk or ControlCrosswalk and forbids generic cross-type pair
requirement_crosswalks,XW-00823,CROSS_ENTITY_TYPE_RELATION_NOT_CANONICAL,ISO_9001_2026-R-010,ISO_IEC_27001_2022-R-011,retain as analytical candidate only; rector requires typed RequirementCrosswalk or ControlCrosswalk and forbids generic cross-type pair
requirement_crosswalks,XW-00826,CROSS_ENTITY_TYPE_RELATION_NOT_CANONICAL,ISO_9001_2026-R-012,ISO_IEC_27001_2022-R-009,retain as analytical candidate only; rector requires typed RequirementCrosswalk or ControlCrosswalk and forbids generic cross-type pair
requirement_crosswalks,XW-00827,CROSS_ENTITY_TYPE_RELATION_NOT_CANONICAL,ISO_9001_2026-R-012,ISO_IEC_27001_2022-R-011,retain as analytical candidate only; rector requires typed RequirementCrosswalk or ControlCrosswalk and forbids generic cross-type pair
requirement_crosswalks,XW-00828,CROSS_ENTITY_TYPE_RELATION_NOT_CANONICAL,ISO_9001_2026-R-013,ISO_IEC_27001_2022-R-013,retain as analytical candidate only; rector requires typed RequirementCrosswalk or ControlCrosswalk and forbids generic cross-type pair
requirement_crosswalks,XW-00829,CROSS_ENTITY_TYPE_RELATION_NOT_CANONICAL,ISO_9001_2026-R-013,ISO_IEC_27001_2022-R-014,retain as analytical candidate only; rector requires typed RequirementCrosswalk or ControlCrosswalk and forbids generic cross-type pair
requirement_crosswalks,XW-00830,CROSS_ENTITY_TYPE_RELATION_NOT_CANONICAL,ISO_9001_2026-R-013,ISO_IEC_27001_2022-R-050,retain as analytical candidate only; rector requires typed RequirementCrosswalk or ControlCrosswalk and forbids generic cross-type pair
requirement_crosswalks,XW-00832,CROSS_ENTITY_TYPE_RELATION_NOT_CANONICAL,ISO_9001_2026-R-014,ISO_IEC_27001_2022-R-009,retain as analytical candidate only; rector requires typed RequirementCrosswalk or ControlCrosswalk and forbids generic cross-type pair
requirement_crosswalks,XW-00833,CROSS_ENTITY_TYPE_RELATION_NOT_CANONICAL,ISO_9001_2026-R-014,ISO_IEC_27001_2022-R-011,retain as analytical candidate only; rector requires typed RequirementCrosswalk or ControlCrosswalk and forbids generic cross-type pair
requirement_crosswalks,XW-00835,CROSS_ENTITY_TYPE_RELATION_NOT_CANONICAL,ISO_9001_2026-R-015,ISO_IEC_27001_2022-R-008,retain as analytical candidate only; rector requires typed RequirementCrosswalk or ControlCrosswalk and forbids generic cross-type pair
requirement_crosswalks,XW-00836,CROSS_ENTITY_TYPE_RELATION_NOT_CANONICAL,ISO_9001_2026-R-015,ISO_IEC_27001_2022-R-009,retain as analytical candidate only; rector requires typed RequirementCrosswalk or ControlCrosswalk and forbids generic cross-type pair
requirement_crosswalks,XW-00839,CROSS_ENTITY_TYPE_RELATION_NOT_CANONICAL,ISO_9001_2026-R-016,ISO_IEC_27001_2022-R-056,retain as analytical candidate only; rector requires typed RequirementCrosswalk or ControlCrosswalk and forbids generic cross-type pair
requirement_crosswalks,XW-00841,CROSS_ENTITY_TYPE_RELATION_NOT_CANONICAL,ISO_9001_2026-R-017,ISO_IEC_27001_2022-R-009,retain as analytical candidate only; rector requires typed RequirementCrosswalk or ControlCrosswalk and forbids generic cross-type pair
requirement_crosswalks,XW-00842,CROSS_ENTITY_TYPE_RELATION_NOT_CANONICAL,ISO_9001_2026-R-017,ISO_IEC_27001_2022-R-011,retain as analytical candidate only; rector requires typed RequirementCrosswalk or ControlCrosswalk and forbids generic cross-type pair
requirement_crosswalks,XW-00844,CROSS_ENTITY_TYPE_RELATION_NOT_CANONICAL,ISO_9001_2026-R-018,ISO_IEC_27001_2022-R-009,retain as analytical candidate only; rector requires typed RequirementCrosswalk or ControlCrosswalk and forbids generic cross-type pair
requirement_crosswalks,XW-00845,CROSS_ENTITY_TYPE_RELATION_NOT_CANONICAL,ISO_9001_2026-R-018,ISO_IEC_27001_2022-R-011,retain as analytical candidate only; rector requires typed RequirementCrosswalk or ControlCrosswalk and forbids generic cross-type pair
requirement_crosswalks,XW-00847,CROSS_ENTITY_TYPE_RELATION_NOT_CANONICAL,ISO_9001_2026-R-019,ISO_IEC_27001_2022-R-013,retain as analytical candidate only; rector requires typed RequirementCrosswalk or ControlCrosswalk and forbids generic cross-type pair
requirement_crosswalks,XW-00848,CROSS_ENTITY_TYPE_RELATION_NOT_CANONICAL,ISO_9001_2026-R-019,ISO_IEC_27001_2022-R-014,retain as analytical candidate only; rector requires typed RequirementCrosswalk or ControlCrosswalk and forbids generic cross-type pair
requirement_crosswalks,XW-00851,CROSS_ENTITY_TYPE_RELATION_NOT_CANONICAL,ISO_9001_2026-R-020,ISO_IEC_27001_2022-R-013,retain as analytical candidate only; rector requires typed RequirementCrosswalk or ControlCrosswalk and forbids generic cross-type pair
requirement_crosswalks,XW-00853,CROSS_ENTITY_TYPE_RELATION_NOT_CANONICAL,ISO_9001_2026-R-021,ISO_IEC_27001_2022-R-009,retain as analytical candidate only; rector requires typed RequirementCrosswalk or ControlCrosswalk and forbids generic cross-type pair
requirement_crosswalks,XW-00854,CROSS_ENTITY_TYPE_RELATION_NOT_CANONICAL,ISO_9001_2026-R-021,ISO_IEC_27001_2022-R-011,retain as analytical candidate only; rector requires typed RequirementCrosswalk or ControlCrosswalk and forbids generic cross-type pair
requirement_crosswalks,XW-00856,CROSS_ENTITY_TYPE_RELATION_NOT_CANONICAL,ISO_9001_2026-R-022,ISO_IEC_27001_2022-R-013,retain as analytical candidate only; rector requires typed RequirementCrosswalk or ControlCrosswalk and forbids generic cross-type pair
requirement_crosswalks,XW-00857,CROSS_ENTITY_TYPE_RELATION_NOT_CANONICAL,ISO_9001_2026-R-022,ISO_IEC_27001_2022-R-014,retain as analytical candidate only; rector requires typed RequirementCrosswalk or ControlCrosswalk and forbids generic cross-type pair
requirement_crosswalks,XW-00859,CROSS_ENTITY_TYPE_RELATION_NOT_CANONICAL,ISO_9001_2026-R-023,ISO_IEC_27001_2022-R-009,retain as analytical candidate only; rector requires typed RequirementCrosswalk or ControlCrosswalk and forbids generic cross-type pair
requirement_crosswalks,XW-00860,CROSS_ENTITY_TYPE_RELATION_NOT_CANONICAL,ISO_9001_2026-R-023,ISO_IEC_27001_2022-R-011,retain as analytical candidate only; rector requires typed RequirementCrosswalk or ControlCrosswalk and forbids generic cross-type pair
requirement_crosswalks,XW-00863,CROSS_ENTITY_TYPE_RELATION_NOT_CANONICAL,ISO_9001_2026-R-026,ISO_IEC_27001_2022-R-009,retain as analytical candidate only; rector requires typed RequirementCrosswalk or ControlCrosswalk and forbids generic cross-type pair
requirement_crosswalks,XW-00864,CROSS_ENTITY_TYPE_RELATION_NOT_CANONICAL,ISO_9001_2026-R-026,ISO_IEC_27001_2022-R-011,retain as analytical candidate only; rector requires typed RequirementCrosswalk or ControlCrosswalk and forbids generic cross-type pair
requirement_crosswalks,XW-00867,CROSS_ENTITY_TYPE_RELATION_NOT_CANONICAL,ISO_9001_2026-R-028,ISO_IEC_27001_2022-R-009,retain as analytical candidate only; rector requires typed RequirementCrosswalk or ControlCrosswalk and forbids generic cross-type pair
requirement_crosswalks,XW-00868,CROSS_ENTITY_TYPE_RELATION_NOT_CANONICAL,ISO_9001_2026-R-028,ISO_IEC_27001_2022-R-011,retain as analytical candidate only; rector requires typed RequirementCrosswalk or ControlCrosswalk and forbids generic cross-type pair
requirement_crosswalks,XW-00869,CROSS_ENTITY_TYPE_RELATION_NOT_CANONICAL,ISO_9001_2026-R-031,ISO_IEC_27001_2022-R-013,retain as analytical candidate only; rector requires typed RequirementCrosswalk or ControlCrosswalk and forbids generic cross-type pair
requirement_crosswalks,XW-00870,CROSS_ENTITY_TYPE_RELATION_NOT_CANONICAL,ISO_9001_2026-R-031,ISO_IEC_27001_2022-R-014,retain as analytical candidate only; rector requires typed RequirementCrosswalk or ControlCrosswalk and forbids generic cross-type pair
requirement_crosswalks,XW-00871,CROSS_ENTITY_TYPE_RELATION_NOT_CANONICAL,ISO_9001_2026-R-031,ISO_IEC_27001_2022-R-050,retain as analytical candidate only; rector requires typed RequirementCrosswalk or ControlCrosswalk and forbids generic cross-type pair
requirement_crosswalks,XW-00872,CROSS_ENTITY_TYPE_RELATION_NOT_CANONICAL,ISO_9001_2026-R-032,ISO_IEC_27001_2022-R-013,retain as analytical candidate only; rector requires typed RequirementCrosswalk or ControlCrosswalk and forbids generic cross-type pair
requirement_crosswalks,XW-00873,CROSS_ENTITY_TYPE_RELATION_NOT_CANONICAL,ISO_9001_2026-R-032,ISO_IEC_27001_2022-R-014,retain as analytical candidate only; rector requires typed RequirementCrosswalk or ControlCrosswalk and forbids generic cross-type pair
requirement_crosswalks,XW-00874,CROSS_ENTITY_TYPE_RELATION_NOT_CANONICAL,ISO_9001_2026-R-032,ISO_IEC_27001_2022-R-050,retain as analytical candidate only; rector requires typed RequirementCrosswalk or ControlCrosswalk and forbids generic cross-type pair
requirement_crosswalks,XW-00875,CROSS_ENTITY_TYPE_RELATION_NOT_CANONICAL,ISO_9001_2026-R-033,ISO_IEC_27001_2022-R-013,retain as analytical candidate only; rector requires typed RequirementCrosswalk or ControlCrosswalk and forbids generic cross-type pair
requirement_crosswalks,XW-00876,CROSS_ENTITY_TYPE_RELATION_NOT_CANONICAL,ISO_9001_2026-R-033,ISO_IEC_27001_2022-R-014,retain as analytical candidate only; rector requires typed RequirementCrosswalk or ControlCrosswalk and forbids generic cross-type pair
requirement_crosswalks,XW-00877,CROSS_ENTITY_TYPE_RELATION_NOT_CANONICAL,ISO_9001_2026-R-033,ISO_IEC_27001_2022-R-050,retain as analytical candidate only; rector requires typed RequirementCrosswalk or ControlCrosswalk and forbids generic cross-type pair
requirement_crosswalks,XW-00878,CROSS_ENTITY_TYPE_RELATION_NOT_CANONICAL,ISO_9001_2026-R-034,ISO_IEC_27001_2022-R-013,retain as analytical candidate only; rector requires typed RequirementCrosswalk or ControlCrosswalk and forbids generic cross-type pair
requirement_crosswalks,XW-00879,CROSS_ENTITY_TYPE_RELATION_NOT_CANONICAL,ISO_9001_2026-R-034,ISO_IEC_27001_2022-R-014,retain as analytical candidate only; rector requires typed RequirementCrosswalk or ControlCrosswalk and forbids generic cross-type pair
requirement_crosswalks,XW-00880,CROSS_ENTITY_TYPE_RELATION_NOT_CANONICAL,ISO_9001_2026-R-034,ISO_IEC_27001_2022-R-050,retain as analytical candidate only; rector requires typed RequirementCrosswalk or ControlCrosswalk and forbids generic cross-type pair
requirement_crosswalks,XW-00881,CROSS_ENTITY_TYPE_RELATION_NOT_CANONICAL,ISO_9001_2026-R-035,ISO_IEC_27001_2022-R-013,retain as analytical candidate only; rector requires typed RequirementCrosswalk or ControlCrosswalk and forbids generic cross-type pair
requirement_crosswalks,XW-00882,CROSS_ENTITY_TYPE_RELATION_NOT_CANONICAL,ISO_9001_2026-R-035,ISO_IEC_27001_2022-R-014,retain as analytical candidate only; rector requires typed RequirementCrosswalk or ControlCrosswalk and forbids generic cross-type pair
requirement_crosswalks,XW-00883,CROSS_ENTITY_TYPE_RELATION_NOT_CANONICAL,ISO_9001_2026-R-035,ISO_IEC_27001_2022-R-050,retain as analytical candidate only; rector requires typed RequirementCrosswalk or ControlCrosswalk and forbids generic cross-type pair
requirement_crosswalks,XW-00885,CROSS_ENTITY_TYPE_RELATION_NOT_CANONICAL,ISO_9001_2026-R-036,ISO_IEC_27001_2022-R-009,retain as analytical candidate only; rector requires typed RequirementCrosswalk or ControlCrosswalk and forbids generic cross-type pair
requirement_crosswalks,XW-00886,CROSS_ENTITY_TYPE_RELATION_NOT_CANONICAL,ISO_9001_2026-R-036,ISO_IEC_27001_2022-R-011,retain as analytical candidate only; rector requires typed RequirementCrosswalk or ControlCrosswalk and forbids generic cross-type pair
requirement_crosswalks,XW-00889,CROSS_ENTITY_TYPE_RELATION_NOT_CANONICAL,ISO_9001_2026-R-037,ISO_IEC_27001_2022-R-009,retain as analytical candidate only; rector requires typed RequirementCrosswalk or ControlCrosswalk and forbids generic cross-type pair
requirement_crosswalks,XW-00890,CROSS_ENTITY_TYPE_RELATION_NOT_CANONICAL,ISO_9001_2026-R-038,ISO_IEC_27001_2022-R-013,retain as analytical candidate only; rector requires typed RequirementCrosswalk or ControlCrosswalk and forbids generic cross-type pair
requirement_crosswalks,XW-00891,CROSS_ENTITY_TYPE_RELATION_NOT_CANONICAL,ISO_9001_2026-R-038,ISO_IEC_27001_2022-R-014,retain as analytical candidate only; rector requires typed RequirementCrosswalk or ControlCrosswalk and forbids generic cross-type pair
requirement_crosswalks,XW-00892,CROSS_ENTITY_TYPE_RELATION_NOT_CANONICAL,ISO_9001_2026-R-038,ISO_IEC_27001_2022-R-050,retain as analytical candidate only; rector requires typed RequirementCrosswalk or ControlCrosswalk and forbids generic cross-type pair
requirement_crosswalks,XW-00894,CROSS_ENTITY_TYPE_RELATION_NOT_CANONICAL,ISO_9001_2026-R-039,ISO_IEC_27001_2022-R-013,retain as analytical candidate only; rector requires typed RequirementCrosswalk or ControlCrosswalk and forbids generic cross-type pair
requirement_crosswalks,XW-00895,CROSS_ENTITY_TYPE_RELATION_NOT_CANONICAL,ISO_9001_2026-R-039,ISO_IEC_27001_2022-R-014,retain as analytical candidate only; rector requires typed RequirementCrosswalk or ControlCrosswalk and forbids generic cross-type pair
requirement_crosswalks,XW-00897,CROSS_ENTITY_TYPE_RELATION_NOT_CANONICAL,ISO_9001_2026-R-001,ISO_IEC_42001_2023-R-008,retain as analytical candidate only; rector requires typed RequirementCrosswalk or ControlCrosswalk and forbids generic cross-type pair
requirement_crosswalks,XW-00898,CROSS_ENTITY_TYPE_RELATION_NOT_CANONICAL,ISO_9001_2026-R-001,ISO_IEC_42001_2023-R-009,retain as analytical candidate only; rector requires typed RequirementCrosswalk or ControlCrosswalk and forbids generic cross-type pair
requirement_crosswalks,XW-00900,CROSS_ENTITY_TYPE_RELATION_NOT_CANONICAL,ISO_9001_2026-R-002,ISO_IEC_42001_2023-R-011,retain as analytical candidate only; rector requires typed RequirementCrosswalk or ControlCrosswalk and forbids generic cross-type pair
requirement_crosswalks,XW-00901,CROSS_ENTITY_TYPE_RELATION_NOT_CANONICAL,ISO_9001_2026-R-002,ISO_IEC_42001_2023-R-043,retain as analytical candidate only; rector requires typed RequirementCrosswalk or ControlCrosswalk and forbids generic cross-type pair
requirement_crosswalks,XW-00903,CROSS_ENTITY_TYPE_RELATION_NOT_CANONICAL,ISO_9001_2026-R-003,ISO_IEC_42001_2023-R-022,retain as analytical candidate only; rector requires typed RequirementCrosswalk or ControlCrosswalk and forbids generic cross-type pair
requirement_crosswalks,XW-00904,CROSS_ENTITY_TYPE_RELATION_NOT_CANONICAL,ISO_9001_2026-R-003,ISO_IEC_42001_2023-R-041,retain as analytical candidate only; rector requires typed RequirementCrosswalk or ControlCrosswalk and forbids generic cross-type pair
requirement_crosswalks,XW-00906,CROSS_ENTITY_TYPE_RELATION_NOT_CANONICAL,ISO_9001_2026-R-004,ISO_IEC_42001_2023-R-013,retain as analytical candidate only; rector requires typed RequirementCrosswalk or ControlCrosswalk and forbids generic cross-type pair
requirement_crosswalks,XW-00907,CROSS_ENTITY_TYPE_RELATION_NOT_CANONICAL,ISO_9001_2026-R-004,ISO_IEC_42001_2023-R-019,retain as analytical candidate only; rector requires typed RequirementCrosswalk or ControlCrosswalk and forbids generic cross-type pair
requirement_crosswalks,XW-00909,CROSS_ENTITY_TYPE_RELATION_NOT_CANONICAL,ISO_9001_2026-R-005,ISO_IEC_42001_2023-R-028,retain as analytical candidate only; rector requires typed RequirementCrosswalk or ControlCrosswalk and forbids generic cross-type pair
requirement_crosswalks,XW-00912,CROSS_ENTITY_TYPE_RELATION_NOT_CANONICAL,ISO_9001_2026-R-006,ISO_IEC_42001_2023-R-022,retain as analytical candidate only; rector requires typed RequirementCrosswalk or ControlCrosswalk and forbids generic cross-type pair
requirement_crosswalks,XW-00915,CROSS_ENTITY_TYPE_RELATION_NOT_CANONICAL,ISO_9001_2026-R-008,ISO_IEC_42001_2023-R-011,retain as analytical candidate only; rector requires typed RequirementCrosswalk or ControlCrosswalk and forbids generic cross-type pair
requirement_crosswalks,XW-00916,CROSS_ENTITY_TYPE_RELATION_NOT_CANONICAL,ISO_9001_2026-R-008,ISO_IEC_42001_2023-R-043,retain as analytical candidate only; rector requires typed RequirementCrosswalk or ControlCrosswalk and forbids generic cross-type pair
requirement_crosswalks,XW-00918,CROSS_ENTITY_TYPE_RELATION_NOT_CANONICAL,ISO_9001_2026-R-009,ISO_IEC_42001_2023-R-008,retain as analytical candidate only; rector requires typed RequirementCrosswalk or ControlCrosswalk and forbids generic cross-type pair
requirement_crosswalks,XW-00919,CROSS_ENTITY_TYPE_RELATION_NOT_CANONICAL,ISO_9001_2026-R-009,ISO_IEC_42001_2023-R-009,retain as analytical candidate only; rector requires typed RequirementCrosswalk or ControlCrosswalk and forbids generic cross-type pair
requirement_crosswalks,XW-00921,CROSS_ENTITY_TYPE_RELATION_NOT_CANONICAL,ISO_9001_2026-R-010,ISO_IEC_42001_2023-R-011,retain as analytical candidate only; rector requires typed RequirementCrosswalk or ControlCrosswalk and forbids generic cross-type pair
requirement_crosswalks,XW-00922,CROSS_ENTITY_TYPE_RELATION_NOT_CANONICAL,ISO_9001_2026-R-010,ISO_IEC_42001_2023-R-043,retain as analytical candidate only; rector requires typed RequirementCrosswalk or ControlCrosswalk and forbids generic cross-type pair
requirement_crosswalks,XW-00925,CROSS_ENTITY_TYPE_RELATION_NOT_CANONICAL,ISO_9001_2026-R-012,ISO_IEC_42001_2023-R-011,retain as analytical candidate only; rector requires typed RequirementCrosswalk or ControlCrosswalk and forbids generic cross-type pair
requirement_crosswalks,XW-00926,CROSS_ENTITY_TYPE_RELATION_NOT_CANONICAL,ISO_9001_2026-R-012,ISO_IEC_42001_2023-R-043,retain as analytical candidate only; rector requires typed RequirementCrosswalk or ControlCrosswalk and forbids generic cross-type pair
requirement_crosswalks,XW-00927,CROSS_ENTITY_TYPE_RELATION_NOT_CANONICAL,ISO_9001_2026-R-013,ISO_IEC_42001_2023-R-008,retain as analytical candidate only; rector requires typed RequirementCrosswalk or ControlCrosswalk and forbids generic cross-type pair
requirement_crosswalks,XW-00928,CROSS_ENTITY_TYPE_RELATION_NOT_CANONICAL,ISO_9001_2026-R-013,ISO_IEC_42001_2023-R-009,retain as analytical candidate only; rector requires typed RequirementCrosswalk or ControlCrosswalk and forbids generic cross-type pair
requirement_crosswalks,XW-00929,CROSS_ENTITY_TYPE_RELATION_NOT_CANONICAL,ISO_9001_2026-R-013,ISO_IEC_42001_2023-R-010,retain as analytical candidate only; rector requires typed RequirementCrosswalk or ControlCrosswalk and forbids generic cross-type pair
requirement_crosswalks,XW-00931,CROSS_ENTITY_TYPE_RELATION_NOT_CANONICAL,ISO_9001_2026-R-014,ISO_IEC_42001_2023-R-011,retain as analytical candidate only; rector requires typed RequirementCrosswalk or ControlCrosswalk and forbids generic cross-type pair
requirement_crosswalks,XW-00932,CROSS_ENTITY_TYPE_RELATION_NOT_CANONICAL,ISO_9001_2026-R-014,ISO_IEC_42001_2023-R-043,retain as analytical candidate only; rector requires typed RequirementCrosswalk or ControlCrosswalk and forbids generic cross-type pair
requirement_crosswalks,XW-00934,CROSS_ENTITY_TYPE_RELATION_NOT_CANONICAL,ISO_9001_2026-R-015,ISO_IEC_42001_2023-R-008,retain as analytical candidate only; rector requires typed RequirementCrosswalk or ControlCrosswalk and forbids generic cross-type pair
requirement_crosswalks,XW-00935,CROSS_ENTITY_TYPE_RELATION_NOT_CANONICAL,ISO_9001_2026-R-015,ISO_IEC_42001_2023-R-009,retain as analytical candidate only; rector requires typed RequirementCrosswalk or ControlCrosswalk and forbids generic cross-type pair
requirement_crosswalks,XW-00937,CROSS_ENTITY_TYPE_RELATION_NOT_CANONICAL,ISO_9001_2026-R-016,ISO_IEC_42001_2023-R-022,retain as analytical candidate only; rector requires typed RequirementCrosswalk or ControlCrosswalk and forbids generic cross-type pair
requirement_crosswalks,XW-00938,CROSS_ENTITY_TYPE_RELATION_NOT_CANONICAL,ISO_9001_2026-R-016,ISO_IEC_42001_2023-R-041,retain as analytical candidate only; rector requires typed RequirementCrosswalk or ControlCrosswalk and forbids generic cross-type pair
requirement_crosswalks,XW-00940,CROSS_ENTITY_TYPE_RELATION_NOT_CANONICAL,ISO_9001_2026-R-017,ISO_IEC_42001_2023-R-011,retain as analytical candidate only; rector requires typed RequirementCrosswalk or ControlCrosswalk and forbids generic cross-type pair
requirement_crosswalks,XW-00941,CROSS_ENTITY_TYPE_RELATION_NOT_CANONICAL,ISO_9001_2026-R-017,ISO_IEC_42001_2023-R-043,retain as analytical candidate only; rector requires typed RequirementCrosswalk or ControlCrosswalk and forbids generic cross-type pair
requirement_crosswalks,XW-00943,CROSS_ENTITY_TYPE_RELATION_NOT_CANONICAL,ISO_9001_2026-R-018,ISO_IEC_42001_2023-R-011,retain as analytical candidate only; rector requires typed RequirementCrosswalk or ControlCrosswalk and forbids generic cross-type pair
requirement_crosswalks,XW-00944,CROSS_ENTITY_TYPE_RELATION_NOT_CANONICAL,ISO_9001_2026-R-018,ISO_IEC_42001_2023-R-043,retain as analytical candidate only; rector requires typed RequirementCrosswalk or ControlCrosswalk and forbids generic cross-type pair
requirement_crosswalks,XW-00946,CROSS_ENTITY_TYPE_RELATION_NOT_CANONICAL,ISO_9001_2026-R-019,ISO_IEC_42001_2023-R-012,retain as analytical candidate only; rector requires typed RequirementCrosswalk or ControlCrosswalk and forbids generic cross-type pair
requirement_crosswalks,XW-00947,CROSS_ENTITY_TYPE_RELATION_NOT_CANONICAL,ISO_9001_2026-R-019,ISO_IEC_42001_2023-R-014,retain as analytical candidate only; rector requires typed RequirementCrosswalk or ControlCrosswalk and forbids generic cross-type pair
requirement_crosswalks,XW-00950,CROSS_ENTITY_TYPE_RELATION_NOT_CANONICAL,ISO_9001_2026-R-020,ISO_IEC_42001_2023-R-008,retain as analytical candidate only; rector requires typed RequirementCrosswalk or ControlCrosswalk and forbids generic cross-type pair
requirement_crosswalks,XW-00952,CROSS_ENTITY_TYPE_RELATION_NOT_CANONICAL,ISO_9001_2026-R-021,ISO_IEC_42001_2023-R-011,retain as analytical candidate only; rector requires typed RequirementCrosswalk or ControlCrosswalk and forbids generic cross-type pair
requirement_crosswalks,XW-00953,CROSS_ENTITY_TYPE_RELATION_NOT_CANONICAL,ISO_9001_2026-R-021,ISO_IEC_42001_2023-R-043,retain as analytical candidate only; rector requires typed RequirementCrosswalk or ControlCrosswalk and forbids generic cross-type pair
requirement_crosswalks,XW-00955,CROSS_ENTITY_TYPE_RELATION_NOT_CANONICAL,ISO_9001_2026-R-022,ISO_IEC_42001_2023-R-012,retain as analytical candidate only; rector requires typed RequirementCrosswalk or ControlCrosswalk and forbids generic cross-type pair
requirement_crosswalks,XW-00956,CROSS_ENTITY_TYPE_RELATION_NOT_CANONICAL,ISO_9001_2026-R-022,ISO_IEC_42001_2023-R-013,retain as analytical candidate only; rector requires typed RequirementCrosswalk or ControlCrosswalk and forbids generic cross-type pair
requirement_crosswalks,XW-00958,CROSS_ENTITY_TYPE_RELATION_NOT_CANONICAL,ISO_9001_2026-R-023,ISO_IEC_42001_2023-R-011,retain as analytical candidate only; rector requires typed RequirementCrosswalk or ControlCrosswalk and forbids generic cross-type pair
requirement_crosswalks,XW-00959,CROSS_ENTITY_TYPE_RELATION_NOT_CANONICAL,ISO_9001_2026-R-023,ISO_IEC_42001_2023-R-043,retain as analytical candidate only; rector requires typed RequirementCrosswalk or ControlCrosswalk and forbids generic cross-type pair
requirement_crosswalks,XW-00960,CROSS_ENTITY_TYPE_RELATION_NOT_CANONICAL,ISO_9001_2026-R-024,ISO_IEC_42001_2023-R-045,retain as analytical candidate only; rector requires typed RequirementCrosswalk or ControlCrosswalk and forbids generic cross-type pair
requirement_crosswalks,XW-00962,CROSS_ENTITY_TYPE_RELATION_NOT_CANONICAL,ISO_9001_2026-R-024,ISO_IEC_42001_2023-R-038,retain as analytical candidate only; rector requires typed RequirementCrosswalk or ControlCrosswalk and forbids generic cross-type pair
requirement_crosswalks,XW-00964,CROSS_ENTITY_TYPE_RELATION_NOT_CANONICAL,ISO_9001_2026-R-026,ISO_IEC_42001_2023-R-011,retain as analytical candidate only; rector requires typed RequirementCrosswalk or ControlCrosswalk and forbids generic cross-type pair
requirement_crosswalks,XW-00965,CROSS_ENTITY_TYPE_RELATION_NOT_CANONICAL,ISO_9001_2026-R-026,ISO_IEC_42001_2023-R-043,retain as analytical candidate only; rector requires typed RequirementCrosswalk or ControlCrosswalk and forbids generic cross-type pair
requirement_crosswalks,XW-00966,CROSS_ENTITY_TYPE_RELATION_NOT_CANONICAL,ISO_9001_2026-R-027,ISO_IEC_42001_2023-R-028,retain as analytical candidate only; rector requires typed RequirementCrosswalk or ControlCrosswalk and forbids generic cross-type pair
requirement_crosswalks,XW-00969,CROSS_ENTITY_TYPE_RELATION_NOT_CANONICAL,ISO_9001_2026-R-028,ISO_IEC_42001_2023-R-011,retain as analytical candidate only; rector requires typed RequirementCrosswalk or ControlCrosswalk and forbids generic cross-type pair
requirement_crosswalks,XW-00970,CROSS_ENTITY_TYPE_RELATION_NOT_CANONICAL,ISO_9001_2026-R-028,ISO_IEC_42001_2023-R-043,retain as analytical candidate only; rector requires typed RequirementCrosswalk or ControlCrosswalk and forbids generic cross-type pair
requirement_crosswalks,XW-00971,CROSS_ENTITY_TYPE_RELATION_NOT_CANONICAL,ISO_9001_2026-R-030,ISO_IEC_42001_2023-R-045,retain as analytical candidate only; rector requires typed RequirementCrosswalk or ControlCrosswalk and forbids generic cross-type pair
requirement_crosswalks,XW-00972,CROSS_ENTITY_TYPE_RELATION_NOT_CANONICAL,ISO_9001_2026-R-031,ISO_IEC_42001_2023-R-012,retain as analytical candidate only; rector requires typed RequirementCrosswalk or ControlCrosswalk and forbids generic cross-type pair
requirement_crosswalks,XW-00973,CROSS_ENTITY_TYPE_RELATION_NOT_CANONICAL,ISO_9001_2026-R-031,ISO_IEC_42001_2023-R-014,retain as analytical candidate only; rector requires typed RequirementCrosswalk or ControlCrosswalk and forbids generic cross-type pair
requirement_crosswalks,XW-00974,CROSS_ENTITY_TYPE_RELATION_NOT_CANONICAL,ISO_9001_2026-R-031,ISO_IEC_42001_2023-R-015,retain as analytical candidate only; rector requires typed RequirementCrosswalk or ControlCrosswalk and forbids generic cross-type pair
requirement_crosswalks,XW-00975,CROSS_ENTITY_TYPE_RELATION_NOT_CANONICAL,ISO_9001_2026-R-032,ISO_IEC_42001_2023-R-012,retain as analytical candidate only; rector requires typed RequirementCrosswalk or ControlCrosswalk and forbids generic cross-type pair
requirement_crosswalks,XW-00976,CROSS_ENTITY_TYPE_RELATION_NOT_CANONICAL,ISO_9001_2026-R-032,ISO_IEC_42001_2023-R-014,retain as analytical candidate only; rector requires typed RequirementCrosswalk or ControlCrosswalk and forbids generic cross-type pair
requirement_crosswalks,XW-00977,CROSS_ENTITY_TYPE_RELATION_NOT_CANONICAL,ISO_9001_2026-R-032,ISO_IEC_42001_2023-R-015,retain as analytical candidate only; rector requires typed RequirementCrosswalk or ControlCrosswalk and forbids generic cross-type pair
requirement_crosswalks,XW-00978,CROSS_ENTITY_TYPE_RELATION_NOT_CANONICAL,ISO_9001_2026-R-033,ISO_IEC_42001_2023-R-012,retain as analytical candidate only; rector requires typed RequirementCrosswalk or ControlCrosswalk and forbids generic cross-type pair
requirement_crosswalks,XW-00979,CROSS_ENTITY_TYPE_RELATION_NOT_CANONICAL,ISO_9001_2026-R-033,ISO_IEC_42001_2023-R-014,retain as analytical candidate only; rector requires typed RequirementCrosswalk or ControlCrosswalk and forbids generic cross-type pair
requirement_crosswalks,XW-00980,CROSS_ENTITY_TYPE_RELATION_NOT_CANONICAL,ISO_9001_2026-R-033,ISO_IEC_42001_2023-R-015,retain as analytical candidate only; rector requires typed RequirementCrosswalk or ControlCrosswalk and forbids generic cross-type pair
requirement_crosswalks,XW-00981,CROSS_ENTITY_TYPE_RELATION_NOT_CANONICAL,ISO_9001_2026-R-034,ISO_IEC_42001_2023-R-012,retain as analytical candidate only; rector requires typed RequirementCrosswalk or ControlCrosswalk and forbids generic cross-type pair
requirement_crosswalks,XW-00982,CROSS_ENTITY_TYPE_RELATION_NOT_CANONICAL,ISO_9001_2026-R-034,ISO_IEC_42001_2023-R-014,retain as analytical candidate only; rector requires typed RequirementCrosswalk or ControlCrosswalk and forbids generic cross-type pair
requirement_crosswalks,XW-00983,CROSS_ENTITY_TYPE_RELATION_NOT_CANONICAL,ISO_9001_2026-R-034,ISO_IEC_42001_2023-R-015,retain as analytical candidate only; rector requires typed RequirementCrosswalk or ControlCrosswalk and forbids generic cross-type pair
requirement_crosswalks,XW-00984,CROSS_ENTITY_TYPE_RELATION_NOT_CANONICAL,ISO_9001_2026-R-035,ISO_IEC_42001_2023-R-012,retain as analytical candidate only; rector requires typed RequirementCrosswalk or ControlCrosswalk and forbids generic cross-type pair
requirement_crosswalks,XW-00985,CROSS_ENTITY_TYPE_RELATION_NOT_CANONICAL,ISO_9001_2026-R-035,ISO_IEC_42001_2023-R-014,retain as analytical candidate only; rector requires typed RequirementCrosswalk or ControlCrosswalk and forbids generic cross-type pair
requirement_crosswalks,XW-00986,CROSS_ENTITY_TYPE_RELATION_NOT_CANONICAL,ISO_9001_2026-R-035,ISO_IEC_42001_2023-R-015,retain as analytical candidate only; rector requires typed RequirementCrosswalk or ControlCrosswalk and forbids generic cross-type pair
requirement_crosswalks,XW-00988,CROSS_ENTITY_TYPE_RELATION_NOT_CANONICAL,ISO_9001_2026-R-036,ISO_IEC_42001_2023-R-011,retain as analytical candidate only; rector requires typed RequirementCrosswalk or ControlCrosswalk and forbids generic cross-type pair
requirement_crosswalks,XW-00989,CROSS_ENTITY_TYPE_RELATION_NOT_CANONICAL,ISO_9001_2026-R-036,ISO_IEC_42001_2023-R-043,retain as analytical candidate only; rector requires typed RequirementCrosswalk or ControlCrosswalk and forbids generic cross-type pair
requirement_crosswalks,XW-00990,CROSS_ENTITY_TYPE_RELATION_NOT_CANONICAL,ISO_9001_2026-R-037,ISO_IEC_42001_2023-R-011,retain as analytical candidate only; rector requires typed RequirementCrosswalk or ControlCrosswalk and forbids generic cross-type pair
requirement_crosswalks,XW-00991,CROSS_ENTITY_TYPE_RELATION_NOT_CANONICAL,ISO_9001_2026-R-037,ISO_IEC_42001_2023-R-043,retain as analytical candidate only; rector requires typed RequirementCrosswalk or ControlCrosswalk and forbids generic cross-type pair
requirement_crosswalks,XW-00993,CROSS_ENTITY_TYPE_RELATION_NOT_CANONICAL,ISO_9001_2026-R-038,ISO_IEC_42001_2023-R-012,retain as analytical candidate only; rector requires typed RequirementCrosswalk or ControlCrosswalk and forbids generic cross-type pair
requirement_crosswalks,XW-00994,CROSS_ENTITY_TYPE_RELATION_NOT_CANONICAL,ISO_9001_2026-R-038,ISO_IEC_42001_2023-R-014,retain as analytical candidate only; rector requires typed RequirementCrosswalk or ControlCrosswalk and forbids generic cross-type pair
requirement_crosswalks,XW-00995,CROSS_ENTITY_TYPE_RELATION_NOT_CANONICAL,ISO_9001_2026-R-038,ISO_IEC_42001_2023-R-015,retain as analytical candidate only; rector requires typed RequirementCrosswalk or ControlCrosswalk and forbids generic cross-type pair
requirement_crosswalks,XW-00997,CROSS_ENTITY_TYPE_RELATION_NOT_CANONICAL,ISO_9001_2026-R-039,ISO_IEC_42001_2023-R-012,retain as analytical candidate only; rector requires typed RequirementCrosswalk or ControlCrosswalk and forbids generic cross-type pair
requirement_crosswalks,XW-00998,CROSS_ENTITY_TYPE_RELATION_NOT_CANONICAL,ISO_9001_2026-R-039,ISO_IEC_42001_2023-R-014,retain as analytical candidate only; rector requires typed RequirementCrosswalk or ControlCrosswalk and forbids generic cross-type pair
