mapping_code,requirement_code,control_code,control_version_number,mapping_type,coverage_contribution,coverage_class,rationale,confidence,review_status,ownership_class,tenant_id,effective_from,effective_to,provenance_ref,business_key
MAP-00001,ISO_9001_2015-R-001,CTX-001,1,satisfies,,partial,El control contribuye a operacionalizar o evidenciar el requisito; la conclusión de cumplimiento permanece específica del requisito y no se infiere automáticamente.,medium,provisional,PLATFORM_CONTROL,,,,PROV:TCDX:BASELINE_CONTROLS:v1,ISO_9001_2015-R-001|CTX-001|1|satisfies
MAP-00002,ISO_9001_2015-R-001,SCOPE-001,1,supports,,partial,El control contribuye a operacionalizar o evidenciar el requisito; la conclusión de cumplimiento permanece específica del requisito y no se infiere automáticamente.,medium,provisional,PLATFORM_CONTROL,,,,PROV:TCDX:BASELINE_CONTROLS:v1,ISO_9001_2015-R-001|SCOPE-001|1|supports
MAP-00003,ISO_9001_2015-R-002,GOV-001,1,satisfies,,partial,El control contribuye a operacionalizar o evidenciar el requisito; la conclusión de cumplimiento permanece específica del requisito y no se infiere automáticamente.,medium,provisional,PLATFORM_CONTROL,,,,PROV:TCDX:BASELINE_CONTROLS:v1,ISO_9001_2015-R-002|GOV-001|1|satisfies
MAP-00004,ISO_9001_2015-R-002,GOV-002,1,supports,,partial,El control contribuye a operacionalizar o evidenciar el requisito; la conclusión de cumplimiento permanece específica del requisito y no se infiere automáticamente.,medium,provisional,PLATFORM_CONTROL,,,,PROV:TCDX:BASELINE_CONTROLS:v1,ISO_9001_2015-R-002|GOV-002|1|supports
MAP-00005,ISO_9001_2015-R-002,GOV-003,1,supports,,partial,El control contribuye a operacionalizar o evidenciar el requisito; la conclusión de cumplimiento permanece específica del requisito y no se infiere automáticamente.,medium,provisional,PLATFORM_CONTROL,,,,PROV:TCDX:BASELINE_CONTROLS:v1,ISO_9001_2015-R-002|GOV-003|1|supports
MAP-00006,ISO_9001_2015-R-003,RISK-001,1,satisfies,,partial,El control contribuye a operacionalizar o evidenciar el requisito; la conclusión de cumplimiento permanece específica del requisito y no se infiere automáticamente.,medium,provisional,PLATFORM_CONTROL,,,,PROV:TCDX:BASELINE_CONTROLS:v1,ISO_9001_2015-R-003|RISK-001|1|satisfies
MAP-00007,ISO_9001_2015-R-003,RISK-002,1,supports,,partial,El control contribuye a operacionalizar o evidenciar el requisito; la conclusión de cumplimiento permanece específica del requisito y no se infiere automáticamente.,medium,provisional,PLATFORM_CONTROL,,,,PROV:TCDX:BASELINE_CONTROLS:v1,ISO_9001_2015-R-003|RISK-002|1|supports
MAP-00008,ISO_9001_2015-R-003,OBJ-001,1,supports,,partial,El control contribuye a operacionalizar o evidenciar el requisito; la conclusión de cumplimiento permanece específica del requisito y no se infiere automáticamente.,medium,provisional,PLATFORM_CONTROL,,,,PROV:TCDX:BASELINE_CONTROLS:v1,ISO_9001_2015-R-003|OBJ-001|1|supports
MAP-00009,ISO_9001_2015-R-003,METRIC-001,1,supports,,partial,El control contribuye a operacionalizar o evidenciar el requisito; la conclusión de cumplimiento permanece específica del requisito y no se infiere automáticamente.,medium,provisional,PLATFORM_CONTROL,,,,PROV:TCDX:BASELINE_CONTROLS:v1,ISO_9001_2015-R-003|METRIC-001|1|supports
MAP-00010,ISO_9001_2015-R-004,COMP-001,1,satisfies,,partial,El control contribuye a operacionalizar o evidenciar el requisito; la conclusión de cumplimiento permanece específica del requisito y no se infiere automáticamente.,medium,provisional,PLATFORM_CONTROL,,,,PROV:TCDX:BASELINE_CONTROLS:v1,ISO_9001_2015-R-004|COMP-001|1|satisfies
MAP-00011,ISO_9001_2015-R-004,AWARE-001,1,supports,,partial,El control contribuye a operacionalizar o evidenciar el requisito; la conclusión de cumplimiento permanece específica del requisito y no se infiere automáticamente.,medium,provisional,PLATFORM_CONTROL,,,,PROV:TCDX:BASELINE_CONTROLS:v1,ISO_9001_2015-R-004|AWARE-001|1|supports
MAP-00012,ISO_9001_2015-R-004,COMM-001,1,supports,,partial,El control contribuye a operacionalizar o evidenciar el requisito; la conclusión de cumplimiento permanece específica del requisito y no se infiere automáticamente.,medium,provisional,PLATFORM_CONTROL,,,,PROV:TCDX:BASELINE_CONTROLS:v1,ISO_9001_2015-R-004|COMM-001|1|supports
MAP-00013,ISO_9001_2015-R-004,DOC-001,1,supports,,partial,El control contribuye a operacionalizar o evidenciar el requisito; la conclusión de cumplimiento permanece específica del requisito y no se infiere automáticamente.,medium,provisional,PLATFORM_CONTROL,,,,PROV:TCDX:BASELINE_CONTROLS:v1,ISO_9001_2015-R-004|DOC-001|1|supports
MAP-00014,ISO_9001_2015-R-004,REC-001,1,supports,,partial,El control contribuye a operacionalizar o evidenciar el requisito; la conclusión de cumplimiento permanece específica del requisito y no se infiere automáticamente.,medium,provisional,PLATFORM_CONTROL,,,,PROV:TCDX:BASELINE_CONTROLS:v1,ISO_9001_2015-R-004|REC-001|1|supports
MAP-00015,ISO_9001_2015-R-004,AI-001,1,supports,,partial,El control contribuye a operacionalizar o evidenciar el requisito; la conclusión de cumplimiento permanece específica del requisito y no se infiere automáticamente.,medium,provisional,PLATFORM_CONTROL,,,,PROV:TCDX:BASELINE_CONTROLS:v1,ISO_9001_2015-R-004|AI-001|1|supports
MAP-00016,ISO_9001_2015-R-005,PROC-001,1,satisfies,1.0,full,El control contribuye a operacionalizar o evidenciar el requisito; la conclusión de cumplimiento permanece específica del requisito y no se infiere automáticamente.,medium,provisional,PLATFORM_CONTROL,,,,PROV:TCDX:BASELINE_CONTROLS:v1,ISO_9001_2015-R-005|PROC-001|1|satisfies
MAP-00017,ISO_9001_2015-R-006,METRIC-001,1,satisfies,,partial,El control contribuye a operacionalizar o evidenciar el requisito; la conclusión de cumplimiento permanece específica del requisito y no se infiere automáticamente.,medium,provisional,PLATFORM_CONTROL,,,,PROV:TCDX:BASELINE_CONTROLS:v1,ISO_9001_2015-R-006|METRIC-001|1|satisfies
MAP-00018,ISO_9001_2015-R-006,AUDIT-001,1,supports,,partial,El control contribuye a operacionalizar o evidenciar el requisito; la conclusión de cumplimiento permanece específica del requisito y no se infiere automáticamente.,medium,provisional,PLATFORM_CONTROL,,,,PROV:TCDX:BASELINE_CONTROLS:v1,ISO_9001_2015-R-006|AUDIT-001|1|supports
MAP-00019,ISO_9001_2015-R-006,GOV-004,1,supports,,partial,El control contribuye a operacionalizar o evidenciar el requisito; la conclusión de cumplimiento permanece específica del requisito y no se infiere automáticamente.,medium,provisional,PLATFORM_CONTROL,,,,PROV:TCDX:BASELINE_CONTROLS:v1,ISO_9001_2015-R-006|GOV-004|1|supports
MAP-00020,ISO_9001_2015-R-007,NC-001,1,satisfies,,partial,El control contribuye a operacionalizar o evidenciar el requisito; la conclusión de cumplimiento permanece específica del requisito y no se infiere automáticamente.,medium,provisional,PLATFORM_CONTROL,,,,PROV:TCDX:BASELINE_CONTROLS:v1,ISO_9001_2015-R-007|NC-001|1|satisfies
MAP-00021,ISO_9001_2015-R-007,IMPROVE-001,1,supports,,partial,El control contribuye a operacionalizar o evidenciar el requisito; la conclusión de cumplimiento permanece específica del requisito y no se infiere automáticamente.,medium,provisional,PLATFORM_CONTROL,,,,PROV:TCDX:BASELINE_CONTROLS:v1,ISO_9001_2015-R-007|IMPROVE-001|1|supports
MAP-00022,ISO_9001_2026-R-001,CTX-001,1,satisfies,,partial,El control contribuye a operacionalizar o evidenciar el requisito; la conclusión de cumplimiento permanece específica del requisito y no se infiere automáticamente.,medium,provisional,PLATFORM_CONTROL,,,,PROV:TCDX:BASELINE_CONTROLS:v1,ISO_9001_2026-R-001|CTX-001|1|satisfies
MAP-00023,ISO_9001_2026-R-001,SCOPE-001,1,supports,,partial,El control contribuye a operacionalizar o evidenciar el requisito; la conclusión de cumplimiento permanece específica del requisito y no se infiere automáticamente.,medium,provisional,PLATFORM_CONTROL,,,,PROV:TCDX:BASELINE_CONTROLS:v1,ISO_9001_2026-R-001|SCOPE-001|1|supports
MAP-00024,ISO_9001_2026-R-002,GOV-001,1,satisfies,,partial,El control contribuye a operacionalizar o evidenciar el requisito; la conclusión de cumplimiento permanece específica del requisito y no se infiere automáticamente.,medium,provisional,PLATFORM_CONTROL,,,,PROV:TCDX:BASELINE_CONTROLS:v1,ISO_9001_2026-R-002|GOV-001|1|satisfies
MAP-00025,ISO_9001_2026-R-002,GOV-002,1,supports,,partial,El control contribuye a operacionalizar o evidenciar el requisito; la conclusión de cumplimiento permanece específica del requisito y no se infiere automáticamente.,medium,provisional,PLATFORM_CONTROL,,,,PROV:TCDX:BASELINE_CONTROLS:v1,ISO_9001_2026-R-002|GOV-002|1|supports
MAP-00026,ISO_9001_2026-R-002,GOV-003,1,supports,,partial,El control contribuye a operacionalizar o evidenciar el requisito; la conclusión de cumplimiento permanece específica del requisito y no se infiere automáticamente.,medium,provisional,PLATFORM_CONTROL,,,,PROV:TCDX:BASELINE_CONTROLS:v1,ISO_9001_2026-R-002|GOV-003|1|supports
MAP-00027,ISO_9001_2026-R-003,RISK-001,1,satisfies,,partial,El control contribuye a operacionalizar o evidenciar el requisito; la conclusión de cumplimiento permanece específica del requisito y no se infiere automáticamente.,medium,provisional,PLATFORM_CONTROL,,,,PROV:TCDX:BASELINE_CONTROLS:v1,ISO_9001_2026-R-003|RISK-001|1|satisfies
MAP-00028,ISO_9001_2026-R-003,RISK-002,1,supports,,partial,El control contribuye a operacionalizar o evidenciar el requisito; la conclusión de cumplimiento permanece específica del requisito y no se infiere automáticamente.,medium,provisional,PLATFORM_CONTROL,,,,PROV:TCDX:BASELINE_CONTROLS:v1,ISO_9001_2026-R-003|RISK-002|1|supports
MAP-00029,ISO_9001_2026-R-003,OBJ-001,1,supports,,partial,El control contribuye a operacionalizar o evidenciar el requisito; la conclusión de cumplimiento permanece específica del requisito y no se infiere automáticamente.,medium,provisional,PLATFORM_CONTROL,,,,PROV:TCDX:BASELINE_CONTROLS:v1,ISO_9001_2026-R-003|OBJ-001|1|supports
MAP-00030,ISO_9001_2026-R-003,METRIC-001,1,supports,,partial,El control contribuye a operacionalizar o evidenciar el requisito; la conclusión de cumplimiento permanece específica del requisito y no se infiere automáticamente.,medium,provisional,PLATFORM_CONTROL,,,,PROV:TCDX:BASELINE_CONTROLS:v1,ISO_9001_2026-R-003|METRIC-001|1|supports
MAP-00031,ISO_9001_2026-R-004,COMP-001,1,satisfies,,partial,El control contribuye a operacionalizar o evidenciar el requisito; la conclusión de cumplimiento permanece específica del requisito y no se infiere automáticamente.,medium,provisional,PLATFORM_CONTROL,,,,PROV:TCDX:BASELINE_CONTROLS:v1,ISO_9001_2026-R-004|COMP-001|1|satisfies
MAP-00032,ISO_9001_2026-R-004,AWARE-001,1,supports,,partial,El control contribuye a operacionalizar o evidenciar el requisito; la conclusión de cumplimiento permanece específica del requisito y no se infiere automáticamente.,medium,provisional,PLATFORM_CONTROL,,,,PROV:TCDX:BASELINE_CONTROLS:v1,ISO_9001_2026-R-004|AWARE-001|1|supports
MAP-00033,ISO_9001_2026-R-004,COMM-001,1,supports,,partial,El control contribuye a operacionalizar o evidenciar el requisito; la conclusión de cumplimiento permanece específica del requisito y no se infiere automáticamente.,medium,provisional,PLATFORM_CONTROL,,,,PROV:TCDX:BASELINE_CONTROLS:v1,ISO_9001_2026-R-004|COMM-001|1|supports
MAP-00034,ISO_9001_2026-R-004,DOC-001,1,supports,,partial,El control contribuye a operacionalizar o evidenciar el requisito; la conclusión de cumplimiento permanece específica del requisito y no se infiere automáticamente.,medium,provisional,PLATFORM_CONTROL,,,,PROV:TCDX:BASELINE_CONTROLS:v1,ISO_9001_2026-R-004|DOC-001|1|supports
MAP-00035,ISO_9001_2026-R-004,REC-001,1,supports,,partial,El control contribuye a operacionalizar o evidenciar el requisito; la conclusión de cumplimiento permanece específica del requisito y no se infiere automáticamente.,medium,provisional,PLATFORM_CONTROL,,,,PROV:TCDX:BASELINE_CONTROLS:v1,ISO_9001_2026-R-004|REC-001|1|supports
MAP-00036,ISO_9001_2026-R-004,AI-001,1,supports,,partial,El control contribuye a operacionalizar o evidenciar el requisito; la conclusión de cumplimiento permanece específica del requisito y no se infiere automáticamente.,medium,provisional,PLATFORM_CONTROL,,,,PROV:TCDX:BASELINE_CONTROLS:v1,ISO_9001_2026-R-004|AI-001|1|supports
MAP-00037,ISO_9001_2026-R-005,PROC-001,1,satisfies,1.0,full,El control contribuye a operacionalizar o evidenciar el requisito; la conclusión de cumplimiento permanece específica del requisito y no se infiere automáticamente.,medium,provisional,PLATFORM_CONTROL,,,,PROV:TCDX:BASELINE_CONTROLS:v1,ISO_9001_2026-R-005|PROC-001|1|satisfies
MAP-00038,ISO_9001_2026-R-006,METRIC-001,1,satisfies,,partial,El control contribuye a operacionalizar o evidenciar el requisito; la conclusión de cumplimiento permanece específica del requisito y no se infiere automáticamente.,medium,provisional,PLATFORM_CONTROL,,,,PROV:TCDX:BASELINE_CONTROLS:v1,ISO_9001_2026-R-006|METRIC-001|1|satisfies
MAP-00039,ISO_9001_2026-R-006,AUDIT-001,1,supports,,partial,El control contribuye a operacionalizar o evidenciar el requisito; la conclusión de cumplimiento permanece específica del requisito y no se infiere automáticamente.,medium,provisional,PLATFORM_CONTROL,,,,PROV:TCDX:BASELINE_CONTROLS:v1,ISO_9001_2026-R-006|AUDIT-001|1|supports
MAP-00040,ISO_9001_2026-R-006,GOV-004,1,supports,,partial,El control contribuye a operacionalizar o evidenciar el requisito; la conclusión de cumplimiento permanece específica del requisito y no se infiere automáticamente.,medium,provisional,PLATFORM_CONTROL,,,,PROV:TCDX:BASELINE_CONTROLS:v1,ISO_9001_2026-R-006|GOV-004|1|supports
MAP-00041,ISO_9001_2026-R-007,NC-001,1,satisfies,,partial,El control contribuye a operacionalizar o evidenciar el requisito; la conclusión de cumplimiento permanece específica del requisito y no se infiere automáticamente.,medium,provisional,PLATFORM_CONTROL,,,,PROV:TCDX:BASELINE_CONTROLS:v1,ISO_9001_2026-R-007|NC-001|1|satisfies
MAP-00042,ISO_9001_2026-R-007,IMPROVE-001,1,supports,,partial,El control contribuye a operacionalizar o evidenciar el requisito; la conclusión de cumplimiento permanece específica del requisito y no se infiere automáticamente.,medium,provisional,PLATFORM_CONTROL,,,,PROV:TCDX:BASELINE_CONTROLS:v1,ISO_9001_2026-R-007|IMPROVE-001|1|supports
MAP-00043,ISO_IEC_27001_2022-R-001,CTX-001,1,satisfies,,partial,El control contribuye a operacionalizar o evidenciar el requisito; la conclusión de cumplimiento permanece específica del requisito y no se infiere automáticamente.,medium,provisional,PLATFORM_CONTROL,,,,PROV:TCDX:BASELINE_CONTROLS:v1,ISO_IEC_27001_2022-R-001|CTX-001|1|satisfies
MAP-00044,ISO_IEC_27001_2022-R-001,SCOPE-001,1,supports,,partial,El control contribuye a operacionalizar o evidenciar el requisito; la conclusión de cumplimiento permanece específica del requisito y no se infiere automáticamente.,medium,provisional,PLATFORM_CONTROL,,,,PROV:TCDX:BASELINE_CONTROLS:v1,ISO_IEC_27001_2022-R-001|SCOPE-001|1|supports
MAP-00045,ISO_IEC_27001_2022-R-002,GOV-001,1,satisfies,,partial,El control contribuye a operacionalizar o evidenciar el requisito; la conclusión de cumplimiento permanece específica del requisito y no se infiere automáticamente.,medium,provisional,PLATFORM_CONTROL,,,,PROV:TCDX:BASELINE_CONTROLS:v1,ISO_IEC_27001_2022-R-002|GOV-001|1|satisfies
MAP-00046,ISO_IEC_27001_2022-R-002,GOV-002,1,supports,,partial,El control contribuye a operacionalizar o evidenciar el requisito; la conclusión de cumplimiento permanece específica del requisito y no se infiere automáticamente.,medium,provisional,PLATFORM_CONTROL,,,,PROV:TCDX:BASELINE_CONTROLS:v1,ISO_IEC_27001_2022-R-002|GOV-002|1|supports
MAP-00047,ISO_IEC_27001_2022-R-002,GOV-003,1,supports,,partial,El control contribuye a operacionalizar o evidenciar el requisito; la conclusión de cumplimiento permanece específica del requisito y no se infiere automáticamente.,medium,provisional,PLATFORM_CONTROL,,,,PROV:TCDX:BASELINE_CONTROLS:v1,ISO_IEC_27001_2022-R-002|GOV-003|1|supports
MAP-00048,ISO_IEC_27001_2022-R-003,RISK-001,1,satisfies,,partial,El control contribuye a operacionalizar o evidenciar el requisito; la conclusión de cumplimiento permanece específica del requisito y no se infiere automáticamente.,medium,provisional,PLATFORM_CONTROL,,,,PROV:TCDX:BASELINE_CONTROLS:v1,ISO_IEC_27001_2022-R-003|RISK-001|1|satisfies
MAP-00049,ISO_IEC_27001_2022-R-003,RISK-002,1,supports,,partial,El control contribuye a operacionalizar o evidenciar el requisito; la conclusión de cumplimiento permanece específica del requisito y no se infiere automáticamente.,medium,provisional,PLATFORM_CONTROL,,,,PROV:TCDX:BASELINE_CONTROLS:v1,ISO_IEC_27001_2022-R-003|RISK-002|1|supports
MAP-00050,ISO_IEC_27001_2022-R-003,OBJ-001,1,supports,,partial,El control contribuye a operacionalizar o evidenciar el requisito; la conclusión de cumplimiento permanece específica del requisito y no se infiere automáticamente.,medium,provisional,PLATFORM_CONTROL,,,,PROV:TCDX:BASELINE_CONTROLS:v1,ISO_IEC_27001_2022-R-003|OBJ-001|1|supports
MAP-00051,ISO_IEC_27001_2022-R-003,METRIC-001,1,supports,,partial,El control contribuye a operacionalizar o evidenciar el requisito; la conclusión de cumplimiento permanece específica del requisito y no se infiere automáticamente.,medium,provisional,PLATFORM_CONTROL,,,,PROV:TCDX:BASELINE_CONTROLS:v1,ISO_IEC_27001_2022-R-003|METRIC-001|1|supports
MAP-00052,ISO_IEC_27001_2022-R-004,COMP-001,1,satisfies,,partial,El control contribuye a operacionalizar o evidenciar el requisito; la conclusión de cumplimiento permanece específica del requisito y no se infiere automáticamente.,medium,provisional,PLATFORM_CONTROL,,,,PROV:TCDX:BASELINE_CONTROLS:v1,ISO_IEC_27001_2022-R-004|COMP-001|1|satisfies
MAP-00053,ISO_IEC_27001_2022-R-004,AWARE-001,1,supports,,partial,El control contribuye a operacionalizar o evidenciar el requisito; la conclusión de cumplimiento permanece específica del requisito y no se infiere automáticamente.,medium,provisional,PLATFORM_CONTROL,,,,PROV:TCDX:BASELINE_CONTROLS:v1,ISO_IEC_27001_2022-R-004|AWARE-001|1|supports
MAP-00054,ISO_IEC_27001_2022-R-004,COMM-001,1,supports,,partial,El control contribuye a operacionalizar o evidenciar el requisito; la conclusión de cumplimiento permanece específica del requisito y no se infiere automáticamente.,medium,provisional,PLATFORM_CONTROL,,,,PROV:TCDX:BASELINE_CONTROLS:v1,ISO_IEC_27001_2022-R-004|COMM-001|1|supports
MAP-00055,ISO_IEC_27001_2022-R-004,DOC-001,1,supports,,partial,El control contribuye a operacionalizar o evidenciar el requisito; la conclusión de cumplimiento permanece específica del requisito y no se infiere automáticamente.,medium,provisional,PLATFORM_CONTROL,,,,PROV:TCDX:BASELINE_CONTROLS:v1,ISO_IEC_27001_2022-R-004|DOC-001|1|supports
MAP-00056,ISO_IEC_27001_2022-R-004,REC-001,1,supports,,partial,El control contribuye a operacionalizar o evidenciar el requisito; la conclusión de cumplimiento permanece específica del requisito y no se infiere automáticamente.,medium,provisional,PLATFORM_CONTROL,,,,PROV:TCDX:BASELINE_CONTROLS:v1,ISO_IEC_27001_2022-R-004|REC-001|1|supports
MAP-00057,ISO_IEC_27001_2022-R-004,AI-001,1,supports,,partial,El control contribuye a operacionalizar o evidenciar el requisito; la conclusión de cumplimiento permanece específica del requisito y no se infiere automáticamente.,medium,provisional,PLATFORM_CONTROL,,,,PROV:TCDX:BASELINE_CONTROLS:v1,ISO_IEC_27001_2022-R-004|AI-001|1|supports
MAP-00058,ISO_IEC_27001_2022-R-005,PROC-001,1,satisfies,1.0,full,El control contribuye a operacionalizar o evidenciar el requisito; la conclusión de cumplimiento permanece específica del requisito y no se infiere automáticamente.,medium,provisional,PLATFORM_CONTROL,,,,PROV:TCDX:BASELINE_CONTROLS:v1,ISO_IEC_27001_2022-R-005|PROC-001|1|satisfies
MAP-00059,ISO_IEC_27001_2022-R-006,METRIC-001,1,satisfies,,partial,El control contribuye a operacionalizar o evidenciar el requisito; la conclusión de cumplimiento permanece específica del requisito y no se infiere automáticamente.,medium,provisional,PLATFORM_CONTROL,,,,PROV:TCDX:BASELINE_CONTROLS:v1,ISO_IEC_27001_2022-R-006|METRIC-001|1|satisfies
MAP-00060,ISO_IEC_27001_2022-R-006,AUDIT-001,1,supports,,partial,El control contribuye a operacionalizar o evidenciar el requisito; la conclusión de cumplimiento permanece específica del requisito y no se infiere automáticamente.,medium,provisional,PLATFORM_CONTROL,,,,PROV:TCDX:BASELINE_CONTROLS:v1,ISO_IEC_27001_2022-R-006|AUDIT-001|1|supports
MAP-00061,ISO_IEC_27001_2022-R-006,GOV-004,1,supports,,partial,El control contribuye a operacionalizar o evidenciar el requisito; la conclusión de cumplimiento permanece específica del requisito y no se infiere automáticamente.,medium,provisional,PLATFORM_CONTROL,,,,PROV:TCDX:BASELINE_CONTROLS:v1,ISO_IEC_27001_2022-R-006|GOV-004|1|supports
MAP-00062,ISO_IEC_27001_2022-R-007,NC-001,1,satisfies,,partial,El control contribuye a operacionalizar o evidenciar el requisito; la conclusión de cumplimiento permanece específica del requisito y no se infiere automáticamente.,medium,provisional,PLATFORM_CONTROL,,,,PROV:TCDX:BASELINE_CONTROLS:v1,ISO_IEC_27001_2022-R-007|NC-001|1|satisfies
MAP-00063,ISO_IEC_27001_2022-R-007,IMPROVE-001,1,supports,,partial,El control contribuye a operacionalizar o evidenciar el requisito; la conclusión de cumplimiento permanece específica del requisito y no se infiere automáticamente.,medium,provisional,PLATFORM_CONTROL,,,,PROV:TCDX:BASELINE_CONTROLS:v1,ISO_IEC_27001_2022-R-007|IMPROVE-001|1|supports
MAP-00064,ISO_IEC_42001_2023-R-001,CTX-001,1,satisfies,,partial,El control contribuye a operacionalizar o evidenciar el requisito; la conclusión de cumplimiento permanece específica del requisito y no se infiere automáticamente.,medium,provisional,PLATFORM_CONTROL,,,,PROV:TCDX:BASELINE_CONTROLS:v1,ISO_IEC_42001_2023-R-001|CTX-001|1|satisfies
MAP-00065,ISO_IEC_42001_2023-R-001,SCOPE-001,1,supports,,partial,El control contribuye a operacionalizar o evidenciar el requisito; la conclusión de cumplimiento permanece específica del requisito y no se infiere automáticamente.,medium,provisional,PLATFORM_CONTROL,,,,PROV:TCDX:BASELINE_CONTROLS:v1,ISO_IEC_42001_2023-R-001|SCOPE-001|1|supports
MAP-00066,ISO_IEC_42001_2023-R-002,GOV-001,1,satisfies,,partial,El control contribuye a operacionalizar o evidenciar el requisito; la conclusión de cumplimiento permanece específica del requisito y no se infiere automáticamente.,medium,provisional,PLATFORM_CONTROL,,,,PROV:TCDX:BASELINE_CONTROLS:v1,ISO_IEC_42001_2023-R-002|GOV-001|1|satisfies
MAP-00067,ISO_IEC_42001_2023-R-002,GOV-002,1,supports,,partial,El control contribuye a operacionalizar o evidenciar el requisito; la conclusión de cumplimiento permanece específica del requisito y no se infiere automáticamente.,medium,provisional,PLATFORM_CONTROL,,,,PROV:TCDX:BASELINE_CONTROLS:v1,ISO_IEC_42001_2023-R-002|GOV-002|1|supports
MAP-00068,ISO_IEC_42001_2023-R-002,GOV-003,1,supports,,partial,El control contribuye a operacionalizar o evidenciar el requisito; la conclusión de cumplimiento permanece específica del requisito y no se infiere automáticamente.,medium,provisional,PLATFORM_CONTROL,,,,PROV:TCDX:BASELINE_CONTROLS:v1,ISO_IEC_42001_2023-R-002|GOV-003|1|supports
MAP-00069,ISO_IEC_42001_2023-R-003,RISK-001,1,satisfies,,partial,El control contribuye a operacionalizar o evidenciar el requisito; la conclusión de cumplimiento permanece específica del requisito y no se infiere automáticamente.,medium,provisional,PLATFORM_CONTROL,,,,PROV:TCDX:BASELINE_CONTROLS:v1,ISO_IEC_42001_2023-R-003|RISK-001|1|satisfies
MAP-00070,ISO_IEC_42001_2023-R-003,RISK-002,1,supports,,partial,El control contribuye a operacionalizar o evidenciar el requisito; la conclusión de cumplimiento permanece específica del requisito y no se infiere automáticamente.,medium,provisional,PLATFORM_CONTROL,,,,PROV:TCDX:BASELINE_CONTROLS:v1,ISO_IEC_42001_2023-R-003|RISK-002|1|supports
MAP-00071,ISO_IEC_42001_2023-R-003,OBJ-001,1,supports,,partial,El control contribuye a operacionalizar o evidenciar el requisito; la conclusión de cumplimiento permanece específica del requisito y no se infiere automáticamente.,medium,provisional,PLATFORM_CONTROL,,,,PROV:TCDX:BASELINE_CONTROLS:v1,ISO_IEC_42001_2023-R-003|OBJ-001|1|supports
MAP-00072,ISO_IEC_42001_2023-R-003,METRIC-001,1,supports,,partial,El control contribuye a operacionalizar o evidenciar el requisito; la conclusión de cumplimiento permanece específica del requisito y no se infiere automáticamente.,medium,provisional,PLATFORM_CONTROL,,,,PROV:TCDX:BASELINE_CONTROLS:v1,ISO_IEC_42001_2023-R-003|METRIC-001|1|supports
MAP-00073,ISO_IEC_42001_2023-R-004,COMP-001,1,satisfies,,partial,El control contribuye a operacionalizar o evidenciar el requisito; la conclusión de cumplimiento permanece específica del requisito y no se infiere automáticamente.,medium,provisional,PLATFORM_CONTROL,,,,PROV:TCDX:BASELINE_CONTROLS:v1,ISO_IEC_42001_2023-R-004|COMP-001|1|satisfies
MAP-00074,ISO_IEC_42001_2023-R-004,AWARE-001,1,supports,,partial,El control contribuye a operacionalizar o evidenciar el requisito; la conclusión de cumplimiento permanece específica del requisito y no se infiere automáticamente.,medium,provisional,PLATFORM_CONTROL,,,,PROV:TCDX:BASELINE_CONTROLS:v1,ISO_IEC_42001_2023-R-004|AWARE-001|1|supports
MAP-00075,ISO_IEC_42001_2023-R-004,COMM-001,1,supports,,partial,El control contribuye a operacionalizar o evidenciar el requisito; la conclusión de cumplimiento permanece específica del requisito y no se infiere automáticamente.,medium,provisional,PLATFORM_CONTROL,,,,PROV:TCDX:BASELINE_CONTROLS:v1,ISO_IEC_42001_2023-R-004|COMM-001|1|supports
MAP-00076,ISO_IEC_42001_2023-R-004,DOC-001,1,supports,,partial,El control contribuye a operacionalizar o evidenciar el requisito; la conclusión de cumplimiento permanece específica del requisito y no se infiere automáticamente.,medium,provisional,PLATFORM_CONTROL,,,,PROV:TCDX:BASELINE_CONTROLS:v1,ISO_IEC_42001_2023-R-004|DOC-001|1|supports
MAP-00077,ISO_IEC_42001_2023-R-004,REC-001,1,supports,,partial,El control contribuye a operacionalizar o evidenciar el requisito; la conclusión de cumplimiento permanece específica del requisito y no se infiere automáticamente.,medium,provisional,PLATFORM_CONTROL,,,,PROV:TCDX:BASELINE_CONTROLS:v1,ISO_IEC_42001_2023-R-004|REC-001|1|supports
MAP-00078,ISO_IEC_42001_2023-R-004,AI-001,1,supports,,partial,El control contribuye a operacionalizar o evidenciar el requisito; la conclusión de cumplimiento permanece específica del requisito y no se infiere automáticamente.,medium,provisional,PLATFORM_CONTROL,,,,PROV:TCDX:BASELINE_CONTROLS:v1,ISO_IEC_42001_2023-R-004|AI-001|1|supports
MAP-00079,ISO_IEC_42001_2023-R-005,PROC-001,1,satisfies,1.0,full,El control contribuye a operacionalizar o evidenciar el requisito; la conclusión de cumplimiento permanece específica del requisito y no se infiere automáticamente.,medium,provisional,PLATFORM_CONTROL,,,,PROV:TCDX:BASELINE_CONTROLS:v1,ISO_IEC_42001_2023-R-005|PROC-001|1|satisfies
MAP-00080,ISO_IEC_42001_2023-R-006,METRIC-001,1,satisfies,,partial,El control contribuye a operacionalizar o evidenciar el requisito; la conclusión de cumplimiento permanece específica del requisito y no se infiere automáticamente.,medium,provisional,PLATFORM_CONTROL,,,,PROV:TCDX:BASELINE_CONTROLS:v1,ISO_IEC_42001_2023-R-006|METRIC-001|1|satisfies
MAP-00081,ISO_IEC_42001_2023-R-006,AUDIT-001,1,supports,,partial,El control contribuye a operacionalizar o evidenciar el requisito; la conclusión de cumplimiento permanece específica del requisito y no se infiere automáticamente.,medium,provisional,PLATFORM_CONTROL,,,,PROV:TCDX:BASELINE_CONTROLS:v1,ISO_IEC_42001_2023-R-006|AUDIT-001|1|supports
MAP-00082,ISO_IEC_42001_2023-R-006,GOV-004,1,supports,,partial,El control contribuye a operacionalizar o evidenciar el requisito; la conclusión de cumplimiento permanece específica del requisito y no se infiere automáticamente.,medium,provisional,PLATFORM_CONTROL,,,,PROV:TCDX:BASELINE_CONTROLS:v1,ISO_IEC_42001_2023-R-006|GOV-004|1|supports
MAP-00083,ISO_IEC_42001_2023-R-007,NC-001,1,satisfies,,partial,El control contribuye a operacionalizar o evidenciar el requisito; la conclusión de cumplimiento permanece específica del requisito y no se infiere automáticamente.,medium,provisional,PLATFORM_CONTROL,,,,PROV:TCDX:BASELINE_CONTROLS:v1,ISO_IEC_42001_2023-R-007|NC-001|1|satisfies
MAP-00084,ISO_IEC_42001_2023-R-007,IMPROVE-001,1,supports,,partial,El control contribuye a operacionalizar o evidenciar el requisito; la conclusión de cumplimiento permanece específica del requisito y no se infiere automáticamente.,medium,provisional,PLATFORM_CONTROL,,,,PROV:TCDX:BASELINE_CONTROLS:v1,ISO_IEC_42001_2023-R-007|IMPROVE-001|1|supports
MAP-00085,ISO_9001_2015-R-008,GOV-001,1,satisfies,1.0,full,El control contribuye a operacionalizar o evidenciar el requisito; la conclusión de cumplimiento permanece específica del requisito y no se infiere automáticamente.,medium,provisional,PLATFORM_CONTROL,,,,PROV:TCDX:BASELINE_CONTROLS:v1,ISO_9001_2015-R-008|GOV-001|1|satisfies
MAP-00086,ISO_9001_2015-R-009,CTX-001,1,satisfies,,partial,El control contribuye a operacionalizar o evidenciar el requisito; la conclusión de cumplimiento permanece específica del requisito y no se infiere automáticamente.,medium,provisional,PLATFORM_CONTROL,,,,PROV:TCDX:BASELINE_CONTROLS:v1,ISO_9001_2015-R-009|CTX-001|1|satisfies
MAP-00087,ISO_9001_2015-R-009,SCOPE-001,1,supports,,partial,El control contribuye a operacionalizar o evidenciar el requisito; la conclusión de cumplimiento permanece específica del requisito y no se infiere automáticamente.,medium,provisional,PLATFORM_CONTROL,,,,PROV:TCDX:BASELINE_CONTROLS:v1,ISO_9001_2015-R-009|SCOPE-001|1|supports
MAP-00088,ISO_9001_2015-R-010,GOV-001,1,satisfies,1.0,full,El control contribuye a operacionalizar o evidenciar el requisito; la conclusión de cumplimiento permanece específica del requisito y no se infiere automáticamente.,medium,provisional,PLATFORM_CONTROL,,,,PROV:TCDX:BASELINE_CONTROLS:v1,ISO_9001_2015-R-010|GOV-001|1|satisfies
MAP-00089,ISO_9001_2015-R-011,IMPROVE-001,1,satisfies,1.0,full,El control contribuye a operacionalizar o evidenciar el requisito; la conclusión de cumplimiento permanece específica del requisito y no se infiere automáticamente.,medium,provisional,PLATFORM_CONTROL,,,,PROV:TCDX:BASELINE_CONTROLS:v1,ISO_9001_2015-R-011|IMPROVE-001|1|satisfies
MAP-00090,ISO_9001_2015-R-012,GOV-001,1,satisfies,,partial,El control contribuye a operacionalizar o evidenciar el requisito; la conclusión de cumplimiento permanece específica del requisito y no se infiere automáticamente.,medium,provisional,PLATFORM_CONTROL,,,,PROV:TCDX:BASELINE_CONTROLS:v1,ISO_9001_2015-R-012|GOV-001|1|satisfies
MAP-00091,ISO_9001_2015-R-012,GOV-002,1,supports,,partial,El control contribuye a operacionalizar o evidenciar el requisito; la conclusión de cumplimiento permanece específica del requisito y no se infiere automáticamente.,medium,provisional,PLATFORM_CONTROL,,,,PROV:TCDX:BASELINE_CONTROLS:v1,ISO_9001_2015-R-012|GOV-002|1|supports
MAP-00092,ISO_9001_2015-R-013,GOV-003,1,satisfies,,partial,El control contribuye a operacionalizar o evidenciar el requisito; la conclusión de cumplimiento permanece específica del requisito y no se infiere automáticamente.,medium,provisional,PLATFORM_CONTROL,,,,PROV:TCDX:BASELINE_CONTROLS:v1,ISO_9001_2015-R-013|GOV-003|1|satisfies
MAP-00093,ISO_9001_2015-R-013,AI-001,1,supports,,partial,El control contribuye a operacionalizar o evidenciar el requisito; la conclusión de cumplimiento permanece específica del requisito y no se infiere automáticamente.,medium,provisional,PLATFORM_CONTROL,,,,PROV:TCDX:BASELINE_CONTROLS:v1,ISO_9001_2015-R-013|AI-001|1|supports
MAP-00094,ISO_9001_2015-R-013,AI-003,1,supports,,partial,El control contribuye a operacionalizar o evidenciar el requisito; la conclusión de cumplimiento permanece específica del requisito y no se infiere automáticamente.,medium,provisional,PLATFORM_CONTROL,,,,PROV:TCDX:BASELINE_CONTROLS:v1,ISO_9001_2015-R-013|AI-003|1|supports
MAP-00095,ISO_9001_2015-R-013,AI-006,1,supports,,partial,El control contribuye a operacionalizar o evidenciar el requisito; la conclusión de cumplimiento permanece específica del requisito y no se infiere automáticamente.,medium,provisional,PLATFORM_CONTROL,,,,PROV:TCDX:BASELINE_CONTROLS:v1,ISO_9001_2015-R-013|AI-006|1|supports
MAP-00096,ISO_9001_2015-R-014,GOV-001,1,satisfies,,partial,El control contribuye a operacionalizar o evidenciar el requisito; la conclusión de cumplimiento permanece específica del requisito y no se infiere automáticamente.,medium,provisional,PLATFORM_CONTROL,,,,PROV:TCDX:BASELINE_CONTROLS:v1,ISO_9001_2015-R-014|GOV-001|1|satisfies
MAP-00097,ISO_9001_2015-R-014,GOV-002,1,supports,,partial,El control contribuye a operacionalizar o evidenciar el requisito; la conclusión de cumplimiento permanece específica del requisito y no se infiere automáticamente.,medium,provisional,PLATFORM_CONTROL,,,,PROV:TCDX:BASELINE_CONTROLS:v1,ISO_9001_2015-R-014|GOV-002|1|supports
MAP-00098,ISO_9001_2015-R-015,RISK-001,1,satisfies,,partial,El control contribuye a operacionalizar o evidenciar el requisito; la conclusión de cumplimiento permanece específica del requisito y no se infiere automáticamente.,medium,provisional,PLATFORM_CONTROL,,,,PROV:TCDX:BASELINE_CONTROLS:v1,ISO_9001_2015-R-015|RISK-001|1|satisfies
MAP-00099,ISO_9001_2015-R-015,RISK-002,1,supports,,partial,El control contribuye a operacionalizar o evidenciar el requisito; la conclusión de cumplimiento permanece específica del requisito y no se infiere automáticamente.,medium,provisional,PLATFORM_CONTROL,,,,PROV:TCDX:BASELINE_CONTROLS:v1,ISO_9001_2015-R-015|RISK-002|1|supports
MAP-00100,ISO_9001_2015-R-016,OBJ-001,1,satisfies,,partial,El control contribuye a operacionalizar o evidenciar el requisito; la conclusión de cumplimiento permanece específica del requisito y no se infiere automáticamente.,medium,provisional,PLATFORM_CONTROL,,,,PROV:TCDX:BASELINE_CONTROLS:v1,ISO_9001_2015-R-016|OBJ-001|1|satisfies
MAP-00101,ISO_9001_2015-R-016,METRIC-001,1,supports,,partial,El control contribuye a operacionalizar o evidenciar el requisito; la conclusión de cumplimiento permanece específica del requisito y no se infiere automáticamente.,medium,provisional,PLATFORM_CONTROL,,,,PROV:TCDX:BASELINE_CONTROLS:v1,ISO_9001_2015-R-016|METRIC-001|1|supports
MAP-00102,ISO_9001_2015-R-017,GOV-001,1,satisfies,1.0,full,El control contribuye a operacionalizar o evidenciar el requisito; la conclusión de cumplimiento permanece específica del requisito y no se infiere automáticamente.,medium,provisional,PLATFORM_CONTROL,,,,PROV:TCDX:BASELINE_CONTROLS:v1,ISO_9001_2015-R-017|GOV-001|1|satisfies
MAP-00103,ISO_9001_2015-R-018,GOV-001,1,satisfies,1.0,full,El control contribuye a operacionalizar o evidenciar el requisito; la conclusión de cumplimiento permanece específica del requisito y no se infiere automáticamente.,medium,provisional,PLATFORM_CONTROL,,,,PROV:TCDX:BASELINE_CONTROLS:v1,ISO_9001_2015-R-018|GOV-001|1|satisfies
MAP-00104,ISO_9001_2015-R-019,COMP-001,1,satisfies,,partial,El control contribuye a operacionalizar o evidenciar el requisito; la conclusión de cumplimiento permanece específica del requisito y no se infiere automáticamente.,medium,provisional,PLATFORM_CONTROL,,,,PROV:TCDX:BASELINE_CONTROLS:v1,ISO_9001_2015-R-019|COMP-001|1|satisfies
MAP-00105,ISO_9001_2015-R-019,EVIDENCE-001,1,supports,,partial,El control contribuye a operacionalizar o evidenciar el requisito; la conclusión de cumplimiento permanece específica del requisito y no se infiere automáticamente.,medium,provisional,PLATFORM_CONTROL,,,,PROV:TCDX:BASELINE_CONTROLS:v1,ISO_9001_2015-R-019|EVIDENCE-001|1|supports
MAP-00106,ISO_9001_2015-R-019,AI-001,1,supports,,partial,El control contribuye a operacionalizar o evidenciar el requisito; la conclusión de cumplimiento permanece específica del requisito y no se infiere automáticamente.,medium,provisional,PLATFORM_CONTROL,,,,PROV:TCDX:BASELINE_CONTROLS:v1,ISO_9001_2015-R-019|AI-001|1|supports
MAP-00107,ISO_9001_2015-R-019,AI-003,1,supports,,partial,El control contribuye a operacionalizar o evidenciar el requisito; la conclusión de cumplimiento permanece específica del requisito y no se infiere automáticamente.,medium,provisional,PLATFORM_CONTROL,,,,PROV:TCDX:BASELINE_CONTROLS:v1,ISO_9001_2015-R-019|AI-003|1|supports
MAP-00108,ISO_9001_2015-R-019,AI-006,1,supports,,partial,El control contribuye a operacionalizar o evidenciar el requisito; la conclusión de cumplimiento permanece específica del requisito y no se infiere automáticamente.,medium,provisional,PLATFORM_CONTROL,,,,PROV:TCDX:BASELINE_CONTROLS:v1,ISO_9001_2015-R-019|AI-006|1|supports
MAP-00109,ISO_9001_2015-R-020,GOV-003,1,satisfies,,partial,El control contribuye a operacionalizar o evidenciar el requisito; la conclusión de cumplimiento permanece específica del requisito y no se infiere automáticamente.,medium,provisional,PLATFORM_CONTROL,,,,PROV:TCDX:BASELINE_CONTROLS:v1,ISO_9001_2015-R-020|GOV-003|1|satisfies
MAP-00110,ISO_9001_2015-R-020,OBJ-001,1,supports,,partial,El control contribuye a operacionalizar o evidenciar el requisito; la conclusión de cumplimiento permanece específica del requisito y no se infiere automáticamente.,medium,provisional,PLATFORM_CONTROL,,,,PROV:TCDX:BASELINE_CONTROLS:v1,ISO_9001_2015-R-020|OBJ-001|1|supports
MAP-00111,ISO_9001_2015-R-020,METRIC-001,1,supports,,partial,El control contribuye a operacionalizar o evidenciar el requisito; la conclusión de cumplimiento permanece específica del requisito y no se infiere automáticamente.,medium,provisional,PLATFORM_CONTROL,,,,PROV:TCDX:BASELINE_CONTROLS:v1,ISO_9001_2015-R-020|METRIC-001|1|supports
MAP-00112,ISO_9001_2015-R-020,AWARE-001,1,supports,,partial,El control contribuye a operacionalizar o evidenciar el requisito; la conclusión de cumplimiento permanece específica del requisito y no se infiere automáticamente.,medium,provisional,PLATFORM_CONTROL,,,,PROV:TCDX:BASELINE_CONTROLS:v1,ISO_9001_2015-R-020|AWARE-001|1|supports
MAP-00113,ISO_9001_2015-R-020,AI-001,1,supports,,partial,El control contribuye a operacionalizar o evidenciar el requisito; la conclusión de cumplimiento permanece específica del requisito y no se infiere automáticamente.,medium,provisional,PLATFORM_CONTROL,,,,PROV:TCDX:BASELINE_CONTROLS:v1,ISO_9001_2015-R-020|AI-001|1|supports
MAP-00114,ISO_9001_2015-R-020,AI-003,1,supports,,partial,El control contribuye a operacionalizar o evidenciar el requisito; la conclusión de cumplimiento permanece específica del requisito y no se infiere automáticamente.,medium,provisional,PLATFORM_CONTROL,,,,PROV:TCDX:BASELINE_CONTROLS:v1,ISO_9001_2015-R-020|AI-003|1|supports
MAP-00115,ISO_9001_2015-R-021,GOV-001,1,satisfies,1.0,full,El control contribuye a operacionalizar o evidenciar el requisito; la conclusión de cumplimiento permanece específica del requisito y no se infiere automáticamente.,medium,provisional,PLATFORM_CONTROL,,,,PROV:TCDX:BASELINE_CONTROLS:v1,ISO_9001_2015-R-021|GOV-001|1|satisfies
MAP-00116,ISO_9001_2015-R-022,COMP-001,1,satisfies,,partial,El control contribuye a operacionalizar o evidenciar el requisito; la conclusión de cumplimiento permanece específica del requisito y no se infiere automáticamente.,medium,provisional,PLATFORM_CONTROL,,,,PROV:TCDX:BASELINE_CONTROLS:v1,ISO_9001_2015-R-022|COMP-001|1|satisfies
MAP-00117,ISO_9001_2015-R-022,DOC-001,1,supports,,partial,El control contribuye a operacionalizar o evidenciar el requisito; la conclusión de cumplimiento permanece específica del requisito y no se infiere automáticamente.,medium,provisional,PLATFORM_CONTROL,,,,PROV:TCDX:BASELINE_CONTROLS:v1,ISO_9001_2015-R-022|DOC-001|1|supports
MAP-00118,ISO_9001_2015-R-022,REC-001,1,supports,,partial,El control contribuye a operacionalizar o evidenciar el requisito; la conclusión de cumplimiento permanece específica del requisito y no se infiere automáticamente.,medium,provisional,PLATFORM_CONTROL,,,,PROV:TCDX:BASELINE_CONTROLS:v1,ISO_9001_2015-R-022|REC-001|1|supports
MAP-00119,ISO_9001_2015-R-022,AI-001,1,supports,,partial,El control contribuye a operacionalizar o evidenciar el requisito; la conclusión de cumplimiento permanece específica del requisito y no se infiere automáticamente.,medium,provisional,PLATFORM_CONTROL,,,,PROV:TCDX:BASELINE_CONTROLS:v1,ISO_9001_2015-R-022|AI-001|1|supports
MAP-00120,ISO_9001_2015-R-022,AI-003,1,supports,,partial,El control contribuye a operacionalizar o evidenciar el requisito; la conclusión de cumplimiento permanece específica del requisito y no se infiere automáticamente.,medium,provisional,PLATFORM_CONTROL,,,,PROV:TCDX:BASELINE_CONTROLS:v1,ISO_9001_2015-R-022|AI-003|1|supports
MAP-00121,ISO_9001_2015-R-022,AI-006,1,supports,,partial,El control contribuye a operacionalizar o evidenciar el requisito; la conclusión de cumplimiento permanece específica del requisito y no se infiere automáticamente.,medium,provisional,PLATFORM_CONTROL,,,,PROV:TCDX:BASELINE_CONTROLS:v1,ISO_9001_2015-R-022|AI-006|1|supports
MAP-00122,ISO_9001_2015-R-023,GOV-001,1,satisfies,1.0,full,El control contribuye a operacionalizar o evidenciar el requisito; la conclusión de cumplimiento permanece específica del requisito y no se infiere automáticamente.,medium,provisional,PLATFORM_CONTROL,,,,PROV:TCDX:BASELINE_CONTROLS:v1,ISO_9001_2015-R-023|GOV-001|1|satisfies
MAP-00123,ISO_9001_2015-R-024,COMM-001,1,satisfies,,partial,El control contribuye a operacionalizar o evidenciar el requisito; la conclusión de cumplimiento permanece específica del requisito y no se infiere automáticamente.,medium,provisional,PLATFORM_CONTROL,,,,PROV:TCDX:BASELINE_CONTROLS:v1,ISO_9001_2015-R-024|COMM-001|1|satisfies
MAP-00124,ISO_9001_2015-R-024,QUALITY-001,1,supports,,partial,El control contribuye a operacionalizar o evidenciar el requisito; la conclusión de cumplimiento permanece específica del requisito y no se infiere automáticamente.,medium,provisional,PLATFORM_CONTROL,,,,PROV:TCDX:BASELINE_CONTROLS:v1,ISO_9001_2015-R-024|QUALITY-001|1|supports
MAP-00125,ISO_9001_2015-R-024,QUALITY-007,1,supports,,partial,El control contribuye a operacionalizar o evidenciar el requisito; la conclusión de cumplimiento permanece específica del requisito y no se infiere automáticamente.,medium,provisional,PLATFORM_CONTROL,,,,PROV:TCDX:BASELINE_CONTROLS:v1,ISO_9001_2015-R-024|QUALITY-007|1|supports
MAP-00126,ISO_9001_2015-R-025,QUALITY-002,1,satisfies,,partial,El control contribuye a operacionalizar o evidenciar el requisito; la conclusión de cumplimiento permanece específica del requisito y no se infiere automáticamente.,medium,provisional,PLATFORM_CONTROL,,,,PROV:TCDX:BASELINE_CONTROLS:v1,ISO_9001_2015-R-025|QUALITY-002|1|satisfies
MAP-00127,ISO_9001_2015-R-025,DEV-001,1,supports,,partial,El control contribuye a operacionalizar o evidenciar el requisito; la conclusión de cumplimiento permanece específica del requisito y no se infiere automáticamente.,medium,provisional,PLATFORM_CONTROL,,,,PROV:TCDX:BASELINE_CONTROLS:v1,ISO_9001_2015-R-025|DEV-001|1|supports
MAP-00128,ISO_9001_2015-R-026,GOV-001,1,satisfies,1.0,full,El control contribuye a operacionalizar o evidenciar el requisito; la conclusión de cumplimiento permanece específica del requisito y no se infiere automáticamente.,medium,provisional,PLATFORM_CONTROL,,,,PROV:TCDX:BASELINE_CONTROLS:v1,ISO_9001_2015-R-026|GOV-001|1|satisfies
MAP-00129,ISO_9001_2015-R-027,PROC-001,1,satisfies,,partial,El control contribuye a operacionalizar o evidenciar el requisito; la conclusión de cumplimiento permanece específica del requisito y no se infiere automáticamente.,medium,provisional,PLATFORM_CONTROL,,,,PROV:TCDX:BASELINE_CONTROLS:v1,ISO_9001_2015-R-027|PROC-001|1|satisfies
MAP-00130,ISO_9001_2015-R-027,QUALITY-004,1,supports,,partial,El control contribuye a operacionalizar o evidenciar el requisito; la conclusión de cumplimiento permanece específica del requisito y no se infiere automáticamente.,medium,provisional,PLATFORM_CONTROL,,,,PROV:TCDX:BASELINE_CONTROLS:v1,ISO_9001_2015-R-027|QUALITY-004|1|supports
MAP-00131,ISO_9001_2015-R-028,GOV-001,1,satisfies,1.0,full,El control contribuye a operacionalizar o evidenciar el requisito; la conclusión de cumplimiento permanece específica del requisito y no se infiere automáticamente.,medium,provisional,PLATFORM_CONTROL,,,,PROV:TCDX:BASELINE_CONTROLS:v1,ISO_9001_2015-R-028|GOV-001|1|satisfies
MAP-00132,ISO_9001_2015-R-029,QUALITY-006,1,satisfies,1.0,full,El control contribuye a operacionalizar o evidenciar el requisito; la conclusión de cumplimiento permanece específica del requisito y no se infiere automáticamente.,medium,provisional,PLATFORM_CONTROL,,,,PROV:TCDX:BASELINE_CONTROLS:v1,ISO_9001_2015-R-029|QUALITY-006|1|satisfies
MAP-00133,ISO_9001_2015-R-030,QUALITY-001,1,satisfies,,partial,El control contribuye a operacionalizar o evidenciar el requisito; la conclusión de cumplimiento permanece específica del requisito y no se infiere automáticamente.,medium,provisional,PLATFORM_CONTROL,,,,PROV:TCDX:BASELINE_CONTROLS:v1,ISO_9001_2015-R-030|QUALITY-001|1|satisfies
MAP-00134,ISO_9001_2015-R-030,QUALITY-007,1,supports,,partial,El control contribuye a operacionalizar o evidenciar el requisito; la conclusión de cumplimiento permanece específica del requisito y no se infiere automáticamente.,medium,provisional,PLATFORM_CONTROL,,,,PROV:TCDX:BASELINE_CONTROLS:v1,ISO_9001_2015-R-030|QUALITY-007|1|supports
MAP-00135,ISO_9001_2015-R-031,AUDIT-001,1,satisfies,,partial,El control contribuye a operacionalizar o evidenciar el requisito; la conclusión de cumplimiento permanece específica del requisito y no se infiere automáticamente.,medium,provisional,PLATFORM_CONTROL,,,,PROV:TCDX:BASELINE_CONTROLS:v1,ISO_9001_2015-R-031|AUDIT-001|1|satisfies
MAP-00136,ISO_9001_2015-R-031,AI-001,1,supports,,partial,El control contribuye a operacionalizar o evidenciar el requisito; la conclusión de cumplimiento permanece específica del requisito y no se infiere automáticamente.,medium,provisional,PLATFORM_CONTROL,,,,PROV:TCDX:BASELINE_CONTROLS:v1,ISO_9001_2015-R-031|AI-001|1|supports
MAP-00137,ISO_9001_2015-R-031,AI-003,1,supports,,partial,El control contribuye a operacionalizar o evidenciar el requisito; la conclusión de cumplimiento permanece específica del requisito y no se infiere automáticamente.,medium,provisional,PLATFORM_CONTROL,,,,PROV:TCDX:BASELINE_CONTROLS:v1,ISO_9001_2015-R-031|AI-003|1|supports
MAP-00138,ISO_9001_2015-R-031,AI-006,1,supports,,partial,El control contribuye a operacionalizar o evidenciar el requisito; la conclusión de cumplimiento permanece específica del requisito y no se infiere automáticamente.,medium,provisional,PLATFORM_CONTROL,,,,PROV:TCDX:BASELINE_CONTROLS:v1,ISO_9001_2015-R-031|AI-006|1|supports
MAP-00139,ISO_9001_2015-R-032,AI-001,1,satisfies,,partial,El control contribuye a operacionalizar o evidenciar el requisito; la conclusión de cumplimiento permanece específica del requisito y no se infiere automáticamente.,medium,provisional,PLATFORM_CONTROL,,,,PROV:TCDX:BASELINE_CONTROLS:v1,ISO_9001_2015-R-032|AI-001|1|satisfies
MAP-00140,ISO_9001_2015-R-032,AI-003,1,supports,,partial,El control contribuye a operacionalizar o evidenciar el requisito; la conclusión de cumplimiento permanece específica del requisito y no se infiere automáticamente.,medium,provisional,PLATFORM_CONTROL,,,,PROV:TCDX:BASELINE_CONTROLS:v1,ISO_9001_2015-R-032|AI-003|1|supports
MAP-00141,ISO_9001_2015-R-032,AI-006,1,supports,,partial,El control contribuye a operacionalizar o evidenciar el requisito; la conclusión de cumplimiento permanece específica del requisito y no se infiere automáticamente.,medium,provisional,PLATFORM_CONTROL,,,,PROV:TCDX:BASELINE_CONTROLS:v1,ISO_9001_2015-R-032|AI-006|1|supports
MAP-00142,ISO_9001_2015-R-033,RISK-001,1,satisfies,,partial,El control contribuye a operacionalizar o evidenciar el requisito; la conclusión de cumplimiento permanece específica del requisito y no se infiere automáticamente.,medium,provisional,PLATFORM_CONTROL,,,,PROV:TCDX:BASELINE_CONTROLS:v1,ISO_9001_2015-R-033|RISK-001|1|satisfies
MAP-00143,ISO_9001_2015-R-033,RISK-002,1,supports,,partial,El control contribuye a operacionalizar o evidenciar el requisito; la conclusión de cumplimiento permanece específica del requisito y no se infiere automáticamente.,medium,provisional,PLATFORM_CONTROL,,,,PROV:TCDX:BASELINE_CONTROLS:v1,ISO_9001_2015-R-033|RISK-002|1|supports
MAP-00144,ISO_9001_2015-R-033,IMPROVE-001,1,supports,,partial,El control contribuye a operacionalizar o evidenciar el requisito; la conclusión de cumplimiento permanece específica del requisito y no se infiere automáticamente.,medium,provisional,PLATFORM_CONTROL,,,,PROV:TCDX:BASELINE_CONTROLS:v1,ISO_9001_2015-R-033|IMPROVE-001|1|supports
MAP-00145,ISO_9001_2015-R-033,AI-001,1,supports,,partial,El control contribuye a operacionalizar o evidenciar el requisito; la conclusión de cumplimiento permanece específica del requisito y no se infiere automáticamente.,medium,provisional,PLATFORM_CONTROL,,,,PROV:TCDX:BASELINE_CONTROLS:v1,ISO_9001_2015-R-033|AI-001|1|supports
MAP-00146,ISO_9001_2015-R-033,AI-003,1,supports,,partial,El control contribuye a operacionalizar o evidenciar el requisito; la conclusión de cumplimiento permanece específica del requisito y no se infiere automáticamente.,medium,provisional,PLATFORM_CONTROL,,,,PROV:TCDX:BASELINE_CONTROLS:v1,ISO_9001_2015-R-033|AI-003|1|supports
MAP-00147,ISO_9001_2015-R-033,AI-006,1,supports,,partial,El control contribuye a operacionalizar o evidenciar el requisito; la conclusión de cumplimiento permanece específica del requisito y no se infiere automáticamente.,medium,provisional,PLATFORM_CONTROL,,,,PROV:TCDX:BASELINE_CONTROLS:v1,ISO_9001_2015-R-033|AI-006|1|supports
MAP-00148,ISO_9001_2015-R-034,NC-001,1,satisfies,,partial,El control contribuye a operacionalizar o evidenciar el requisito; la conclusión de cumplimiento permanece específica del requisito y no se infiere automáticamente.,medium,provisional,PLATFORM_CONTROL,,,,PROV:TCDX:BASELINE_CONTROLS:v1,ISO_9001_2015-R-034|NC-001|1|satisfies
MAP-00149,ISO_9001_2015-R-034,AI-001,1,supports,,partial,El control contribuye a operacionalizar o evidenciar el requisito; la conclusión de cumplimiento permanece específica del requisito y no se infiere automáticamente.,medium,provisional,PLATFORM_CONTROL,,,,PROV:TCDX:BASELINE_CONTROLS:v1,ISO_9001_2015-R-034|AI-001|1|supports
MAP-00150,ISO_9001_2015-R-034,AI-003,1,supports,,partial,El control contribuye a operacionalizar o evidenciar el requisito; la conclusión de cumplimiento permanece específica del requisito y no se infiere automáticamente.,medium,provisional,PLATFORM_CONTROL,,,,PROV:TCDX:BASELINE_CONTROLS:v1,ISO_9001_2015-R-034|AI-003|1|supports
MAP-00151,ISO_9001_2015-R-034,AI-006,1,supports,,partial,El control contribuye a operacionalizar o evidenciar el requisito; la conclusión de cumplimiento permanece específica del requisito y no se infiere automáticamente.,medium,provisional,PLATFORM_CONTROL,,,,PROV:TCDX:BASELINE_CONTROLS:v1,ISO_9001_2015-R-034|AI-006|1|supports
MAP-00152,ISO_9001_2015-R-035,IMPROVE-001,1,satisfies,,partial,El control contribuye a operacionalizar o evidenciar el requisito; la conclusión de cumplimiento permanece específica del requisito y no se infiere automáticamente.,medium,provisional,PLATFORM_CONTROL,,,,PROV:TCDX:BASELINE_CONTROLS:v1,ISO_9001_2015-R-035|IMPROVE-001|1|satisfies
MAP-00153,ISO_9001_2015-R-035,AI-001,1,supports,,partial,El control contribuye a operacionalizar o evidenciar el requisito; la conclusión de cumplimiento permanece específica del requisito y no se infiere automáticamente.,medium,provisional,PLATFORM_CONTROL,,,,PROV:TCDX:BASELINE_CONTROLS:v1,ISO_9001_2015-R-035|AI-001|1|supports
MAP-00154,ISO_9001_2015-R-035,AI-003,1,supports,,partial,El control contribuye a operacionalizar o evidenciar el requisito; la conclusión de cumplimiento permanece específica del requisito y no se infiere automáticamente.,medium,provisional,PLATFORM_CONTROL,,,,PROV:TCDX:BASELINE_CONTROLS:v1,ISO_9001_2015-R-035|AI-003|1|supports
MAP-00155,ISO_9001_2015-R-035,AI-006,1,supports,,partial,El control contribuye a operacionalizar o evidenciar el requisito; la conclusión de cumplimiento permanece específica del requisito y no se infiere automáticamente.,medium,provisional,PLATFORM_CONTROL,,,,PROV:TCDX:BASELINE_CONTROLS:v1,ISO_9001_2015-R-035|AI-006|1|supports
MAP-00156,ISO_9001_2026-R-008,GOV-001,1,satisfies,1.0,full,El control contribuye a operacionalizar o evidenciar el requisito; la conclusión de cumplimiento permanece específica del requisito y no se infiere automáticamente.,medium,provisional,PLATFORM_CONTROL,,,,PROV:TCDX:BASELINE_CONTROLS:v1,ISO_9001_2026-R-008|GOV-001|1|satisfies
MAP-00157,ISO_9001_2026-R-009,CTX-001,1,satisfies,,partial,El control contribuye a operacionalizar o evidenciar el requisito; la conclusión de cumplimiento permanece específica del requisito y no se infiere automáticamente.,medium,provisional,PLATFORM_CONTROL,,,,PROV:TCDX:BASELINE_CONTROLS:v1,ISO_9001_2026-R-009|CTX-001|1|satisfies
MAP-00158,ISO_9001_2026-R-009,SCOPE-001,1,supports,,partial,El control contribuye a operacionalizar o evidenciar el requisito; la conclusión de cumplimiento permanece específica del requisito y no se infiere automáticamente.,medium,provisional,PLATFORM_CONTROL,,,,PROV:TCDX:BASELINE_CONTROLS:v1,ISO_9001_2026-R-009|SCOPE-001|1|supports
MAP-00159,ISO_9001_2026-R-010,GOV-001,1,satisfies,1.0,full,El control contribuye a operacionalizar o evidenciar el requisito; la conclusión de cumplimiento permanece específica del requisito y no se infiere automáticamente.,medium,provisional,PLATFORM_CONTROL,,,,PROV:TCDX:BASELINE_CONTROLS:v1,ISO_9001_2026-R-010|GOV-001|1|satisfies
MAP-00160,ISO_9001_2026-R-011,IMPROVE-001,1,satisfies,1.0,full,El control contribuye a operacionalizar o evidenciar el requisito; la conclusión de cumplimiento permanece específica del requisito y no se infiere automáticamente.,medium,provisional,PLATFORM_CONTROL,,,,PROV:TCDX:BASELINE_CONTROLS:v1,ISO_9001_2026-R-011|IMPROVE-001|1|satisfies
MAP-00161,ISO_9001_2026-R-012,GOV-001,1,satisfies,,partial,El control contribuye a operacionalizar o evidenciar el requisito; la conclusión de cumplimiento permanece específica del requisito y no se infiere automáticamente.,medium,provisional,PLATFORM_CONTROL,,,,PROV:TCDX:BASELINE_CONTROLS:v1,ISO_9001_2026-R-012|GOV-001|1|satisfies
MAP-00162,ISO_9001_2026-R-012,GOV-002,1,supports,,partial,El control contribuye a operacionalizar o evidenciar el requisito; la conclusión de cumplimiento permanece específica del requisito y no se infiere automáticamente.,medium,provisional,PLATFORM_CONTROL,,,,PROV:TCDX:BASELINE_CONTROLS:v1,ISO_9001_2026-R-012|GOV-002|1|supports
MAP-00163,ISO_9001_2026-R-013,GOV-003,1,satisfies,,partial,El control contribuye a operacionalizar o evidenciar el requisito; la conclusión de cumplimiento permanece específica del requisito y no se infiere automáticamente.,medium,provisional,PLATFORM_CONTROL,,,,PROV:TCDX:BASELINE_CONTROLS:v1,ISO_9001_2026-R-013|GOV-003|1|satisfies
MAP-00164,ISO_9001_2026-R-013,AI-001,1,supports,,partial,El control contribuye a operacionalizar o evidenciar el requisito; la conclusión de cumplimiento permanece específica del requisito y no se infiere automáticamente.,medium,provisional,PLATFORM_CONTROL,,,,PROV:TCDX:BASELINE_CONTROLS:v1,ISO_9001_2026-R-013|AI-001|1|supports
MAP-00165,ISO_9001_2026-R-013,AI-003,1,supports,,partial,El control contribuye a operacionalizar o evidenciar el requisito; la conclusión de cumplimiento permanece específica del requisito y no se infiere automáticamente.,medium,provisional,PLATFORM_CONTROL,,,,PROV:TCDX:BASELINE_CONTROLS:v1,ISO_9001_2026-R-013|AI-003|1|supports
MAP-00166,ISO_9001_2026-R-013,AI-006,1,supports,,partial,El control contribuye a operacionalizar o evidenciar el requisito; la conclusión de cumplimiento permanece específica del requisito y no se infiere automáticamente.,medium,provisional,PLATFORM_CONTROL,,,,PROV:TCDX:BASELINE_CONTROLS:v1,ISO_9001_2026-R-013|AI-006|1|supports
MAP-00167,ISO_9001_2026-R-014,GOV-001,1,satisfies,,partial,El control contribuye a operacionalizar o evidenciar el requisito; la conclusión de cumplimiento permanece específica del requisito y no se infiere automáticamente.,medium,provisional,PLATFORM_CONTROL,,,,PROV:TCDX:BASELINE_CONTROLS:v1,ISO_9001_2026-R-014|GOV-001|1|satisfies
MAP-00168,ISO_9001_2026-R-014,GOV-002,1,supports,,partial,El control contribuye a operacionalizar o evidenciar el requisito; la conclusión de cumplimiento permanece específica del requisito y no se infiere automáticamente.,medium,provisional,PLATFORM_CONTROL,,,,PROV:TCDX:BASELINE_CONTROLS:v1,ISO_9001_2026-R-014|GOV-002|1|supports
MAP-00169,ISO_9001_2026-R-015,RISK-001,1,satisfies,,partial,El control contribuye a operacionalizar o evidenciar el requisito; la conclusión de cumplimiento permanece específica del requisito y no se infiere automáticamente.,medium,provisional,PLATFORM_CONTROL,,,,PROV:TCDX:BASELINE_CONTROLS:v1,ISO_9001_2026-R-015|RISK-001|1|satisfies
MAP-00170,ISO_9001_2026-R-015,RISK-002,1,supports,,partial,El control contribuye a operacionalizar o evidenciar el requisito; la conclusión de cumplimiento permanece específica del requisito y no se infiere automáticamente.,medium,provisional,PLATFORM_CONTROL,,,,PROV:TCDX:BASELINE_CONTROLS:v1,ISO_9001_2026-R-015|RISK-002|1|supports
MAP-00171,ISO_9001_2026-R-016,OBJ-001,1,satisfies,,partial,El control contribuye a operacionalizar o evidenciar el requisito; la conclusión de cumplimiento permanece específica del requisito y no se infiere automáticamente.,medium,provisional,PLATFORM_CONTROL,,,,PROV:TCDX:BASELINE_CONTROLS:v1,ISO_9001_2026-R-016|OBJ-001|1|satisfies
MAP-00172,ISO_9001_2026-R-016,METRIC-001,1,supports,,partial,El control contribuye a operacionalizar o evidenciar el requisito; la conclusión de cumplimiento permanece específica del requisito y no se infiere automáticamente.,medium,provisional,PLATFORM_CONTROL,,,,PROV:TCDX:BASELINE_CONTROLS:v1,ISO_9001_2026-R-016|METRIC-001|1|supports
MAP-00173,ISO_9001_2026-R-017,GOV-001,1,satisfies,1.0,full,El control contribuye a operacionalizar o evidenciar el requisito; la conclusión de cumplimiento permanece específica del requisito y no se infiere automáticamente.,medium,provisional,PLATFORM_CONTROL,,,,PROV:TCDX:BASELINE_CONTROLS:v1,ISO_9001_2026-R-017|GOV-001|1|satisfies
MAP-00174,ISO_9001_2026-R-018,GOV-001,1,satisfies,1.0,full,El control contribuye a operacionalizar o evidenciar el requisito; la conclusión de cumplimiento permanece específica del requisito y no se infiere automáticamente.,medium,provisional,PLATFORM_CONTROL,,,,PROV:TCDX:BASELINE_CONTROLS:v1,ISO_9001_2026-R-018|GOV-001|1|satisfies
MAP-00175,ISO_9001_2026-R-019,COMP-001,1,satisfies,,partial,El control contribuye a operacionalizar o evidenciar el requisito; la conclusión de cumplimiento permanece específica del requisito y no se infiere automáticamente.,medium,provisional,PLATFORM_CONTROL,,,,PROV:TCDX:BASELINE_CONTROLS:v1,ISO_9001_2026-R-019|COMP-001|1|satisfies
MAP-00176,ISO_9001_2026-R-019,EVIDENCE-001,1,supports,,partial,El control contribuye a operacionalizar o evidenciar el requisito; la conclusión de cumplimiento permanece específica del requisito y no se infiere automáticamente.,medium,provisional,PLATFORM_CONTROL,,,,PROV:TCDX:BASELINE_CONTROLS:v1,ISO_9001_2026-R-019|EVIDENCE-001|1|supports
MAP-00177,ISO_9001_2026-R-019,AI-001,1,supports,,partial,El control contribuye a operacionalizar o evidenciar el requisito; la conclusión de cumplimiento permanece específica del requisito y no se infiere automáticamente.,medium,provisional,PLATFORM_CONTROL,,,,PROV:TCDX:BASELINE_CONTROLS:v1,ISO_9001_2026-R-019|AI-001|1|supports
MAP-00178,ISO_9001_2026-R-019,AI-003,1,supports,,partial,El control contribuye a operacionalizar o evidenciar el requisito; la conclusión de cumplimiento permanece específica del requisito y no se infiere automáticamente.,medium,provisional,PLATFORM_CONTROL,,,,PROV:TCDX:BASELINE_CONTROLS:v1,ISO_9001_2026-R-019|AI-003|1|supports
MAP-00179,ISO_9001_2026-R-019,AI-006,1,supports,,partial,El control contribuye a operacionalizar o evidenciar el requisito; la conclusión de cumplimiento permanece específica del requisito y no se infiere automáticamente.,medium,provisional,PLATFORM_CONTROL,,,,PROV:TCDX:BASELINE_CONTROLS:v1,ISO_9001_2026-R-019|AI-006|1|supports
MAP-00180,ISO_9001_2026-R-020,GOV-003,1,satisfies,,partial,El control contribuye a operacionalizar o evidenciar el requisito; la conclusión de cumplimiento permanece específica del requisito y no se infiere automáticamente.,medium,provisional,PLATFORM_CONTROL,,,,PROV:TCDX:BASELINE_CONTROLS:v1,ISO_9001_2026-R-020|GOV-003|1|satisfies
MAP-00181,ISO_9001_2026-R-020,OBJ-001,1,supports,,partial,El control contribuye a operacionalizar o evidenciar el requisito; la conclusión de cumplimiento permanece específica del requisito y no se infiere automáticamente.,medium,provisional,PLATFORM_CONTROL,,,,PROV:TCDX:BASELINE_CONTROLS:v1,ISO_9001_2026-R-020|OBJ-001|1|supports
MAP-00182,ISO_9001_2026-R-020,METRIC-001,1,supports,,partial,El control contribuye a operacionalizar o evidenciar el requisito; la conclusión de cumplimiento permanece específica del requisito y no se infiere automáticamente.,medium,provisional,PLATFORM_CONTROL,,,,PROV:TCDX:BASELINE_CONTROLS:v1,ISO_9001_2026-R-020|METRIC-001|1|supports
MAP-00183,ISO_9001_2026-R-020,AWARE-001,1,supports,,partial,El control contribuye a operacionalizar o evidenciar el requisito; la conclusión de cumplimiento permanece específica del requisito y no se infiere automáticamente.,medium,provisional,PLATFORM_CONTROL,,,,PROV:TCDX:BASELINE_CONTROLS:v1,ISO_9001_2026-R-020|AWARE-001|1|supports
MAP-00184,ISO_9001_2026-R-020,AI-001,1,supports,,partial,El control contribuye a operacionalizar o evidenciar el requisito; la conclusión de cumplimiento permanece específica del requisito y no se infiere automáticamente.,medium,provisional,PLATFORM_CONTROL,,,,PROV:TCDX:BASELINE_CONTROLS:v1,ISO_9001_2026-R-020|AI-001|1|supports
MAP-00185,ISO_9001_2026-R-020,AI-003,1,supports,,partial,El control contribuye a operacionalizar o evidenciar el requisito; la conclusión de cumplimiento permanece específica del requisito y no se infiere automáticamente.,medium,provisional,PLATFORM_CONTROL,,,,PROV:TCDX:BASELINE_CONTROLS:v1,ISO_9001_2026-R-020|AI-003|1|supports
MAP-00186,ISO_9001_2026-R-021,GOV-001,1,satisfies,1.0,full,El control contribuye a operacionalizar o evidenciar el requisito; la conclusión de cumplimiento permanece específica del requisito y no se infiere automáticamente.,medium,provisional,PLATFORM_CONTROL,,,,PROV:TCDX:BASELINE_CONTROLS:v1,ISO_9001_2026-R-021|GOV-001|1|satisfies
MAP-00187,ISO_9001_2026-R-022,COMP-001,1,satisfies,,partial,El control contribuye a operacionalizar o evidenciar el requisito; la conclusión de cumplimiento permanece específica del requisito y no se infiere automáticamente.,medium,provisional,PLATFORM_CONTROL,,,,PROV:TCDX:BASELINE_CONTROLS:v1,ISO_9001_2026-R-022|COMP-001|1|satisfies
MAP-00188,ISO_9001_2026-R-022,DOC-001,1,supports,,partial,El control contribuye a operacionalizar o evidenciar el requisito; la conclusión de cumplimiento permanece específica del requisito y no se infiere automáticamente.,medium,provisional,PLATFORM_CONTROL,,,,PROV:TCDX:BASELINE_CONTROLS:v1,ISO_9001_2026-R-022|DOC-001|1|supports
MAP-00189,ISO_9001_2026-R-022,REC-001,1,supports,,partial,El control contribuye a operacionalizar o evidenciar el requisito; la conclusión de cumplimiento permanece específica del requisito y no se infiere automáticamente.,medium,provisional,PLATFORM_CONTROL,,,,PROV:TCDX:BASELINE_CONTROLS:v1,ISO_9001_2026-R-022|REC-001|1|supports
MAP-00190,ISO_9001_2026-R-022,AI-001,1,supports,,partial,El control contribuye a operacionalizar o evidenciar el requisito; la conclusión de cumplimiento permanece específica del requisito y no se infiere automáticamente.,medium,provisional,PLATFORM_CONTROL,,,,PROV:TCDX:BASELINE_CONTROLS:v1,ISO_9001_2026-R-022|AI-001|1|supports
MAP-00191,ISO_9001_2026-R-022,AI-003,1,supports,,partial,El control contribuye a operacionalizar o evidenciar el requisito; la conclusión de cumplimiento permanece específica del requisito y no se infiere automáticamente.,medium,provisional,PLATFORM_CONTROL,,,,PROV:TCDX:BASELINE_CONTROLS:v1,ISO_9001_2026-R-022|AI-003|1|supports
MAP-00192,ISO_9001_2026-R-022,AI-006,1,supports,,partial,El control contribuye a operacionalizar o evidenciar el requisito; la conclusión de cumplimiento permanece específica del requisito y no se infiere automáticamente.,medium,provisional,PLATFORM_CONTROL,,,,PROV:TCDX:BASELINE_CONTROLS:v1,ISO_9001_2026-R-022|AI-006|1|supports
MAP-00193,ISO_9001_2026-R-023,GOV-001,1,satisfies,1.0,full,El control contribuye a operacionalizar o evidenciar el requisito; la conclusión de cumplimiento permanece específica del requisito y no se infiere automáticamente.,medium,provisional,PLATFORM_CONTROL,,,,PROV:TCDX:BASELINE_CONTROLS:v1,ISO_9001_2026-R-023|GOV-001|1|satisfies
MAP-00194,ISO_9001_2026-R-024,COMM-001,1,satisfies,,partial,El control contribuye a operacionalizar o evidenciar el requisito; la conclusión de cumplimiento permanece específica del requisito y no se infiere automáticamente.,medium,provisional,PLATFORM_CONTROL,,,,PROV:TCDX:BASELINE_CONTROLS:v1,ISO_9001_2026-R-024|COMM-001|1|satisfies
MAP-00195,ISO_9001_2026-R-024,QUALITY-001,1,supports,,partial,El control contribuye a operacionalizar o evidenciar el requisito; la conclusión de cumplimiento permanece específica del requisito y no se infiere automáticamente.,medium,provisional,PLATFORM_CONTROL,,,,PROV:TCDX:BASELINE_CONTROLS:v1,ISO_9001_2026-R-024|QUALITY-001|1|supports
MAP-00196,ISO_9001_2026-R-024,QUALITY-007,1,supports,,partial,El control contribuye a operacionalizar o evidenciar el requisito; la conclusión de cumplimiento permanece específica del requisito y no se infiere automáticamente.,medium,provisional,PLATFORM_CONTROL,,,,PROV:TCDX:BASELINE_CONTROLS:v1,ISO_9001_2026-R-024|QUALITY-007|1|supports
MAP-00197,ISO_9001_2026-R-025,QUALITY-002,1,satisfies,,partial,El control contribuye a operacionalizar o evidenciar el requisito; la conclusión de cumplimiento permanece específica del requisito y no se infiere automáticamente.,medium,provisional,PLATFORM_CONTROL,,,,PROV:TCDX:BASELINE_CONTROLS:v1,ISO_9001_2026-R-025|QUALITY-002|1|satisfies
MAP-00198,ISO_9001_2026-R-025,DEV-001,1,supports,,partial,El control contribuye a operacionalizar o evidenciar el requisito; la conclusión de cumplimiento permanece específica del requisito y no se infiere automáticamente.,medium,provisional,PLATFORM_CONTROL,,,,PROV:TCDX:BASELINE_CONTROLS:v1,ISO_9001_2026-R-025|DEV-001|1|supports
MAP-00199,ISO_9001_2026-R-026,GOV-001,1,satisfies,1.0,full,El control contribuye a operacionalizar o evidenciar el requisito; la conclusión de cumplimiento permanece específica del requisito y no se infiere automáticamente.,medium,provisional,PLATFORM_CONTROL,,,,PROV:TCDX:BASELINE_CONTROLS:v1,ISO_9001_2026-R-026|GOV-001|1|satisfies
MAP-00200,ISO_9001_2026-R-027,PROC-001,1,satisfies,,partial,El control contribuye a operacionalizar o evidenciar el requisito; la conclusión de cumplimiento permanece específica del requisito y no se infiere automáticamente.,medium,provisional,PLATFORM_CONTROL,,,,PROV:TCDX:BASELINE_CONTROLS:v1,ISO_9001_2026-R-027|PROC-001|1|satisfies
MAP-00201,ISO_9001_2026-R-027,QUALITY-004,1,supports,,partial,El control contribuye a operacionalizar o evidenciar el requisito; la conclusión de cumplimiento permanece específica del requisito y no se infiere automáticamente.,medium,provisional,PLATFORM_CONTROL,,,,PROV:TCDX:BASELINE_CONTROLS:v1,ISO_9001_2026-R-027|QUALITY-004|1|supports
MAP-00202,ISO_9001_2026-R-028,GOV-001,1,satisfies,1.0,full,El control contribuye a operacionalizar o evidenciar el requisito; la conclusión de cumplimiento permanece específica del requisito y no se infiere automáticamente.,medium,provisional,PLATFORM_CONTROL,,,,PROV:TCDX:BASELINE_CONTROLS:v1,ISO_9001_2026-R-028|GOV-001|1|satisfies
MAP-00203,ISO_9001_2026-R-029,QUALITY-006,1,satisfies,1.0,full,El control contribuye a operacionalizar o evidenciar el requisito; la conclusión de cumplimiento permanece específica del requisito y no se infiere automáticamente.,medium,provisional,PLATFORM_CONTROL,,,,PROV:TCDX:BASELINE_CONTROLS:v1,ISO_9001_2026-R-029|QUALITY-006|1|satisfies
MAP-00204,ISO_9001_2026-R-030,QUALITY-001,1,satisfies,,partial,El control contribuye a operacionalizar o evidenciar el requisito; la conclusión de cumplimiento permanece específica del requisito y no se infiere automáticamente.,medium,provisional,PLATFORM_CONTROL,,,,PROV:TCDX:BASELINE_CONTROLS:v1,ISO_9001_2026-R-030|QUALITY-001|1|satisfies
MAP-00205,ISO_9001_2026-R-030,QUALITY-007,1,supports,,partial,El control contribuye a operacionalizar o evidenciar el requisito; la conclusión de cumplimiento permanece específica del requisito y no se infiere automáticamente.,medium,provisional,PLATFORM_CONTROL,,,,PROV:TCDX:BASELINE_CONTROLS:v1,ISO_9001_2026-R-030|QUALITY-007|1|supports
MAP-00206,ISO_9001_2026-R-031,AUDIT-001,1,satisfies,,partial,El control contribuye a operacionalizar o evidenciar el requisito; la conclusión de cumplimiento permanece específica del requisito y no se infiere automáticamente.,medium,provisional,PLATFORM_CONTROL,,,,PROV:TCDX:BASELINE_CONTROLS:v1,ISO_9001_2026-R-031|AUDIT-001|1|satisfies
MAP-00207,ISO_9001_2026-R-031,AI-001,1,supports,,partial,El control contribuye a operacionalizar o evidenciar el requisito; la conclusión de cumplimiento permanece específica del requisito y no se infiere automáticamente.,medium,provisional,PLATFORM_CONTROL,,,,PROV:TCDX:BASELINE_CONTROLS:v1,ISO_9001_2026-R-031|AI-001|1|supports
MAP-00208,ISO_9001_2026-R-031,AI-003,1,supports,,partial,El control contribuye a operacionalizar o evidenciar el requisito; la conclusión de cumplimiento permanece específica del requisito y no se infiere automáticamente.,medium,provisional,PLATFORM_CONTROL,,,,PROV:TCDX:BASELINE_CONTROLS:v1,ISO_9001_2026-R-031|AI-003|1|supports
MAP-00209,ISO_9001_2026-R-031,AI-006,1,supports,,partial,El control contribuye a operacionalizar o evidenciar el requisito; la conclusión de cumplimiento permanece específica del requisito y no se infiere automáticamente.,medium,provisional,PLATFORM_CONTROL,,,,PROV:TCDX:BASELINE_CONTROLS:v1,ISO_9001_2026-R-031|AI-006|1|supports
MAP-00210,ISO_9001_2026-R-032,AI-001,1,satisfies,,partial,El control contribuye a operacionalizar o evidenciar el requisito; la conclusión de cumplimiento permanece específica del requisito y no se infiere automáticamente.,medium,provisional,PLATFORM_CONTROL,,,,PROV:TCDX:BASELINE_CONTROLS:v1,ISO_9001_2026-R-032|AI-001|1|satisfies
MAP-00211,ISO_9001_2026-R-032,AI-003,1,supports,,partial,El control contribuye a operacionalizar o evidenciar el requisito; la conclusión de cumplimiento permanece específica del requisito y no se infiere automáticamente.,medium,provisional,PLATFORM_CONTROL,,,,PROV:TCDX:BASELINE_CONTROLS:v1,ISO_9001_2026-R-032|AI-003|1|supports
MAP-00212,ISO_9001_2026-R-032,AI-006,1,supports,,partial,El control contribuye a operacionalizar o evidenciar el requisito; la conclusión de cumplimiento permanece específica del requisito y no se infiere automáticamente.,medium,provisional,PLATFORM_CONTROL,,,,PROV:TCDX:BASELINE_CONTROLS:v1,ISO_9001_2026-R-032|AI-006|1|supports
MAP-00213,ISO_9001_2026-R-033,RISK-001,1,satisfies,,partial,El control contribuye a operacionalizar o evidenciar el requisito; la conclusión de cumplimiento permanece específica del requisito y no se infiere automáticamente.,medium,provisional,PLATFORM_CONTROL,,,,PROV:TCDX:BASELINE_CONTROLS:v1,ISO_9001_2026-R-033|RISK-001|1|satisfies
MAP-00214,ISO_9001_2026-R-033,RISK-002,1,supports,,partial,El control contribuye a operacionalizar o evidenciar el requisito; la conclusión de cumplimiento permanece específica del requisito y no se infiere automáticamente.,medium,provisional,PLATFORM_CONTROL,,,,PROV:TCDX:BASELINE_CONTROLS:v1,ISO_9001_2026-R-033|RISK-002|1|supports
MAP-00215,ISO_9001_2026-R-033,IMPROVE-001,1,supports,,partial,El control contribuye a operacionalizar o evidenciar el requisito; la conclusión de cumplimiento permanece específica del requisito y no se infiere automáticamente.,medium,provisional,PLATFORM_CONTROL,,,,PROV:TCDX:BASELINE_CONTROLS:v1,ISO_9001_2026-R-033|IMPROVE-001|1|supports
MAP-00216,ISO_9001_2026-R-033,AI-001,1,supports,,partial,El control contribuye a operacionalizar o evidenciar el requisito; la conclusión de cumplimiento permanece específica del requisito y no se infiere automáticamente.,medium,provisional,PLATFORM_CONTROL,,,,PROV:TCDX:BASELINE_CONTROLS:v1,ISO_9001_2026-R-033|AI-001|1|supports
MAP-00217,ISO_9001_2026-R-033,AI-003,1,supports,,partial,El control contribuye a operacionalizar o evidenciar el requisito; la conclusión de cumplimiento permanece específica del requisito y no se infiere automáticamente.,medium,provisional,PLATFORM_CONTROL,,,,PROV:TCDX:BASELINE_CONTROLS:v1,ISO_9001_2026-R-033|AI-003|1|supports
MAP-00218,ISO_9001_2026-R-033,AI-006,1,supports,,partial,El control contribuye a operacionalizar o evidenciar el requisito; la conclusión de cumplimiento permanece específica del requisito y no se infiere automáticamente.,medium,provisional,PLATFORM_CONTROL,,,,PROV:TCDX:BASELINE_CONTROLS:v1,ISO_9001_2026-R-033|AI-006|1|supports
MAP-00219,ISO_9001_2026-R-034,NC-001,1,satisfies,,partial,El control contribuye a operacionalizar o evidenciar el requisito; la conclusión de cumplimiento permanece específica del requisito y no se infiere automáticamente.,medium,provisional,PLATFORM_CONTROL,,,,PROV:TCDX:BASELINE_CONTROLS:v1,ISO_9001_2026-R-034|NC-001|1|satisfies
MAP-00220,ISO_9001_2026-R-034,AI-001,1,supports,,partial,El control contribuye a operacionalizar o evidenciar el requisito; la conclusión de cumplimiento permanece específica del requisito y no se infiere automáticamente.,medium,provisional,PLATFORM_CONTROL,,,,PROV:TCDX:BASELINE_CONTROLS:v1,ISO_9001_2026-R-034|AI-001|1|supports
MAP-00221,ISO_9001_2026-R-034,AI-003,1,supports,,partial,El control contribuye a operacionalizar o evidenciar el requisito; la conclusión de cumplimiento permanece específica del requisito y no se infiere automáticamente.,medium,provisional,PLATFORM_CONTROL,,,,PROV:TCDX:BASELINE_CONTROLS:v1,ISO_9001_2026-R-034|AI-003|1|supports
MAP-00222,ISO_9001_2026-R-034,AI-006,1,supports,,partial,El control contribuye a operacionalizar o evidenciar el requisito; la conclusión de cumplimiento permanece específica del requisito y no se infiere automáticamente.,medium,provisional,PLATFORM_CONTROL,,,,PROV:TCDX:BASELINE_CONTROLS:v1,ISO_9001_2026-R-034|AI-006|1|supports
MAP-00223,ISO_9001_2026-R-035,IMPROVE-001,1,satisfies,,partial,El control contribuye a operacionalizar o evidenciar el requisito; la conclusión de cumplimiento permanece específica del requisito y no se infiere automáticamente.,medium,provisional,PLATFORM_CONTROL,,,,PROV:TCDX:BASELINE_CONTROLS:v1,ISO_9001_2026-R-035|IMPROVE-001|1|satisfies
MAP-00224,ISO_9001_2026-R-035,AI-001,1,supports,,partial,El control contribuye a operacionalizar o evidenciar el requisito; la conclusión de cumplimiento permanece específica del requisito y no se infiere automáticamente.,medium,provisional,PLATFORM_CONTROL,,,,PROV:TCDX:BASELINE_CONTROLS:v1,ISO_9001_2026-R-035|AI-001|1|supports
MAP-00225,ISO_9001_2026-R-035,AI-003,1,supports,,partial,El control contribuye a operacionalizar o evidenciar el requisito; la conclusión de cumplimiento permanece específica del requisito y no se infiere automáticamente.,medium,provisional,PLATFORM_CONTROL,,,,PROV:TCDX:BASELINE_CONTROLS:v1,ISO_9001_2026-R-035|AI-003|1|supports
MAP-00226,ISO_9001_2026-R-035,AI-006,1,supports,,partial,El control contribuye a operacionalizar o evidenciar el requisito; la conclusión de cumplimiento permanece específica del requisito y no se infiere automáticamente.,medium,provisional,PLATFORM_CONTROL,,,,PROV:TCDX:BASELINE_CONTROLS:v1,ISO_9001_2026-R-035|AI-006|1|supports
MAP-00227,ISO_9001_2026-R-036,GOV-001,1,satisfies,,partial,El control contribuye a operacionalizar o evidenciar el requisito; la conclusión de cumplimiento permanece específica del requisito y no se infiere automáticamente.,medium,provisional,PLATFORM_CONTROL,,,,PROV:TCDX:BASELINE_CONTROLS:v1,ISO_9001_2026-R-036|GOV-001|1|satisfies
MAP-00228,ISO_9001_2026-R-036,GOV-002,1,supports,,partial,El control contribuye a operacionalizar o evidenciar el requisito; la conclusión de cumplimiento permanece específica del requisito y no se infiere automáticamente.,medium,provisional,PLATFORM_CONTROL,,,,PROV:TCDX:BASELINE_CONTROLS:v1,ISO_9001_2026-R-036|GOV-002|1|supports
MAP-00229,ISO_9001_2026-R-037,CTX-001,1,satisfies,,partial,El control contribuye a operacionalizar o evidenciar el requisito; la conclusión de cumplimiento permanece específica del requisito y no se infiere automáticamente.,medium,provisional,PLATFORM_CONTROL,,,,PROV:TCDX:BASELINE_CONTROLS:v1,ISO_9001_2026-R-037|CTX-001|1|satisfies
MAP-00230,ISO_9001_2026-R-037,SCOPE-001,1,supports,,partial,El control contribuye a operacionalizar o evidenciar el requisito; la conclusión de cumplimiento permanece específica del requisito y no se infiere automáticamente.,medium,provisional,PLATFORM_CONTROL,,,,PROV:TCDX:BASELINE_CONTROLS:v1,ISO_9001_2026-R-037|SCOPE-001|1|supports
MAP-00231,ISO_9001_2026-R-037,GOV-001,1,supports,,partial,El control contribuye a operacionalizar o evidenciar el requisito; la conclusión de cumplimiento permanece específica del requisito y no se infiere automáticamente.,medium,provisional,PLATFORM_CONTROL,,,,PROV:TCDX:BASELINE_CONTROLS:v1,ISO_9001_2026-R-037|GOV-001|1|supports
MAP-00232,ISO_9001_2026-R-037,GOV-002,1,supports,,partial,El control contribuye a operacionalizar o evidenciar el requisito; la conclusión de cumplimiento permanece específica del requisito y no se infiere automáticamente.,medium,provisional,PLATFORM_CONTROL,,,,PROV:TCDX:BASELINE_CONTROLS:v1,ISO_9001_2026-R-037|GOV-002|1|supports
MAP-00233,ISO_9001_2026-R-037,GOV-003,1,supports,,partial,El control contribuye a operacionalizar o evidenciar el requisito; la conclusión de cumplimiento permanece específica del requisito y no se infiere automáticamente.,medium,provisional,PLATFORM_CONTROL,,,,PROV:TCDX:BASELINE_CONTROLS:v1,ISO_9001_2026-R-037|GOV-003|1|supports
MAP-00234,ISO_9001_2026-R-038,RISK-001,1,satisfies,,partial,El control contribuye a operacionalizar o evidenciar el requisito; la conclusión de cumplimiento permanece específica del requisito y no se infiere automáticamente.,medium,provisional,PLATFORM_CONTROL,,,,PROV:TCDX:BASELINE_CONTROLS:v1,ISO_9001_2026-R-038|RISK-001|1|satisfies
MAP-00235,ISO_9001_2026-R-038,RISK-002,1,supports,,partial,El control contribuye a operacionalizar o evidenciar el requisito; la conclusión de cumplimiento permanece específica del requisito y no se infiere automáticamente.,medium,provisional,PLATFORM_CONTROL,,,,PROV:TCDX:BASELINE_CONTROLS:v1,ISO_9001_2026-R-038|RISK-002|1|supports
MAP-00236,ISO_9001_2026-R-038,AI-001,1,supports,,partial,El control contribuye a operacionalizar o evidenciar el requisito; la conclusión de cumplimiento permanece específica del requisito y no se infiere automáticamente.,medium,provisional,PLATFORM_CONTROL,,,,PROV:TCDX:BASELINE_CONTROLS:v1,ISO_9001_2026-R-038|AI-001|1|supports
MAP-00237,ISO_9001_2026-R-038,AI-003,1,supports,,partial,El control contribuye a operacionalizar o evidenciar el requisito; la conclusión de cumplimiento permanece específica del requisito y no se infiere automáticamente.,medium,provisional,PLATFORM_CONTROL,,,,PROV:TCDX:BASELINE_CONTROLS:v1,ISO_9001_2026-R-038|AI-003|1|supports
MAP-00238,ISO_9001_2026-R-038,AI-006,1,supports,,partial,El control contribuye a operacionalizar o evidenciar el requisito; la conclusión de cumplimiento permanece específica del requisito y no se infiere automáticamente.,medium,provisional,PLATFORM_CONTROL,,,,PROV:TCDX:BASELINE_CONTROLS:v1,ISO_9001_2026-R-038|AI-006|1|supports
MAP-00239,ISO_9001_2026-R-039,AWARE-001,1,satisfies,,partial,El control contribuye a operacionalizar o evidenciar el requisito; la conclusión de cumplimiento permanece específica del requisito y no se infiere automáticamente.,medium,provisional,PLATFORM_CONTROL,,,,PROV:TCDX:BASELINE_CONTROLS:v1,ISO_9001_2026-R-039|AWARE-001|1|satisfies
MAP-00240,ISO_9001_2026-R-039,AI-001,1,supports,,partial,El control contribuye a operacionalizar o evidenciar el requisito; la conclusión de cumplimiento permanece específica del requisito y no se infiere automáticamente.,medium,provisional,PLATFORM_CONTROL,,,,PROV:TCDX:BASELINE_CONTROLS:v1,ISO_9001_2026-R-039|AI-001|1|supports
MAP-00241,ISO_9001_2026-R-039,AI-003,1,supports,,partial,El control contribuye a operacionalizar o evidenciar el requisito; la conclusión de cumplimiento permanece específica del requisito y no se infiere automáticamente.,medium,provisional,PLATFORM_CONTROL,,,,PROV:TCDX:BASELINE_CONTROLS:v1,ISO_9001_2026-R-039|AI-003|1|supports
MAP-00242,ISO_9001_2026-R-039,AI-006,1,supports,,partial,El control contribuye a operacionalizar o evidenciar el requisito; la conclusión de cumplimiento permanece específica del requisito y no se infiere automáticamente.,medium,provisional,PLATFORM_CONTROL,,,,PROV:TCDX:BASELINE_CONTROLS:v1,ISO_9001_2026-R-039|AI-006|1|supports
MAP-00924,CL_LEY_21719-R-001,GOV-001,1,satisfies,,partial,El control contribuye a operacionalizar o evidenciar el requisito; la conclusión de cumplimiento permanece específica del requisito y no se infiere automáticamente.,high,reviewed_public_source,PLATFORM_CONTROL,,,,PROV:TCDX:BASELINE_CONTROLS:v1,CL_LEY_21719-R-001|GOV-001|1|satisfies
MAP-00925,CL_LEY_21719-R-001,GOV-002,1,supports,,partial,El control contribuye a operacionalizar o evidenciar el requisito; la conclusión de cumplimiento permanece específica del requisito y no se infiere automáticamente.,high,reviewed_public_source,PLATFORM_CONTROL,,,,PROV:TCDX:BASELINE_CONTROLS:v1,CL_LEY_21719-R-001|GOV-002|1|supports
MAP-00926,CL_LEY_21719-R-001,COMP-001,1,supports,,partial,El control contribuye a operacionalizar o evidenciar el requisito; la conclusión de cumplimiento permanece específica del requisito y no se infiere automáticamente.,high,reviewed_public_source,PLATFORM_CONTROL,,,,PROV:TCDX:BASELINE_CONTROLS:v1,CL_LEY_21719-R-001|COMP-001|1|supports
MAP-00927,CL_LEY_21719-R-001,RETENTION-001,1,supports,,partial,El control contribuye a operacionalizar o evidenciar el requisito; la conclusión de cumplimiento permanece específica del requisito y no se infiere automáticamente.,high,reviewed_public_source,PLATFORM_CONTROL,,,,PROV:TCDX:BASELINE_CONTROLS:v1,CL_LEY_21719-R-001|RETENTION-001|1|supports
MAP-00928,CL_LEY_21719-R-001,PRIV-002,1,supports,,partial,El control contribuye a operacionalizar o evidenciar el requisito; la conclusión de cumplimiento permanece específica del requisito y no se infiere automáticamente.,high,reviewed_public_source,PLATFORM_CONTROL,,,,PROV:TCDX:BASELINE_CONTROLS:v1,CL_LEY_21719-R-001|PRIV-002|1|supports
MAP-00929,CL_LEY_21719-R-001,PRIV-003,1,supports,,partial,El control contribuye a operacionalizar o evidenciar el requisito; la conclusión de cumplimiento permanece específica del requisito y no se infiere automáticamente.,high,reviewed_public_source,PLATFORM_CONTROL,,,,PROV:TCDX:BASELINE_CONTROLS:v1,CL_LEY_21719-R-001|PRIV-003|1|supports
MAP-00930,CL_LEY_21719-R-002,ACCESS-001,1,satisfies,,partial,El control contribuye a operacionalizar o evidenciar el requisito; la conclusión de cumplimiento permanece específica del requisito y no se infiere automáticamente.,high,reviewed_public_source,PLATFORM_CONTROL,,,,PROV:TCDX:BASELINE_CONTROLS:v1,CL_LEY_21719-R-002|ACCESS-001|1|satisfies
MAP-00931,CL_LEY_21719-R-002,ACCESS-002,1,supports,,partial,El control contribuye a operacionalizar o evidenciar el requisito; la conclusión de cumplimiento permanece específica del requisito y no se infiere automáticamente.,high,reviewed_public_source,PLATFORM_CONTROL,,,,PROV:TCDX:BASELINE_CONTROLS:v1,CL_LEY_21719-R-002|ACCESS-002|1|supports
MAP-00932,CL_LEY_21719-R-002,RETENTION-001,1,supports,,partial,El control contribuye a operacionalizar o evidenciar el requisito; la conclusión de cumplimiento permanece específica del requisito y no se infiere automáticamente.,high,reviewed_public_source,PLATFORM_CONTROL,,,,PROV:TCDX:BASELINE_CONTROLS:v1,CL_LEY_21719-R-002|RETENTION-001|1|supports
MAP-00933,CL_LEY_21719-R-002,PRIV-004,1,supports,,partial,El control contribuye a operacionalizar o evidenciar el requisito; la conclusión de cumplimiento permanece específica del requisito y no se infiere automáticamente.,high,reviewed_public_source,PLATFORM_CONTROL,,,,PROV:TCDX:BASELINE_CONTROLS:v1,CL_LEY_21719-R-002|PRIV-004|1|supports
MAP-00934,CL_LEY_21719-R-002,AI-001,1,supports,,partial,El control contribuye a operacionalizar o evidenciar el requisito; la conclusión de cumplimiento permanece específica del requisito y no se infiere automáticamente.,high,reviewed_public_source,PLATFORM_CONTROL,,,,PROV:TCDX:BASELINE_CONTROLS:v1,CL_LEY_21719-R-002|AI-001|1|supports
MAP-00935,CL_LEY_21719-R-002,AI-003,1,supports,,partial,El control contribuye a operacionalizar o evidenciar el requisito; la conclusión de cumplimiento permanece específica del requisito y no se infiere automáticamente.,high,reviewed_public_source,PLATFORM_CONTROL,,,,PROV:TCDX:BASELINE_CONTROLS:v1,CL_LEY_21719-R-002|AI-003|1|supports
MAP-00936,CL_LEY_21719-R-003,COMP-001,1,satisfies,,partial,El control contribuye a operacionalizar o evidenciar el requisito; la conclusión de cumplimiento permanece específica del requisito y no se infiere automáticamente.,high,reviewed_public_source,PLATFORM_CONTROL,,,,PROV:TCDX:BASELINE_CONTROLS:v1,CL_LEY_21719-R-003|COMP-001|1|satisfies
MAP-00937,CL_LEY_21719-R-003,TRANSFER-001,1,supports,,partial,El control contribuye a operacionalizar o evidenciar el requisito; la conclusión de cumplimiento permanece específica del requisito y no se infiere automáticamente.,high,reviewed_public_source,PLATFORM_CONTROL,,,,PROV:TCDX:BASELINE_CONTROLS:v1,CL_LEY_21719-R-003|TRANSFER-001|1|supports
MAP-00938,CL_LEY_21719-R-003,RETENTION-001,1,supports,,partial,El control contribuye a operacionalizar o evidenciar el requisito; la conclusión de cumplimiento permanece específica del requisito y no se infiere automáticamente.,high,reviewed_public_source,PLATFORM_CONTROL,,,,PROV:TCDX:BASELINE_CONTROLS:v1,CL_LEY_21719-R-003|RETENTION-001|1|supports
MAP-00939,CL_LEY_21719-R-003,PRIV-012,1,supports,,partial,El control contribuye a operacionalizar o evidenciar el requisito; la conclusión de cumplimiento permanece específica del requisito y no se infiere automáticamente.,high,reviewed_public_source,PLATFORM_CONTROL,,,,PROV:TCDX:BASELINE_CONTROLS:v1,CL_LEY_21719-R-003|PRIV-012|1|supports
MAP-00940,CL_LEY_21719-R-003,AI-001,1,supports,,partial,El control contribuye a operacionalizar o evidenciar el requisito; la conclusión de cumplimiento permanece específica del requisito y no se infiere automáticamente.,high,reviewed_public_source,PLATFORM_CONTROL,,,,PROV:TCDX:BASELINE_CONTROLS:v1,CL_LEY_21719-R-003|AI-001|1|supports
MAP-00941,CL_LEY_21719-R-003,AI-003,1,supports,,partial,El control contribuye a operacionalizar o evidenciar el requisito; la conclusión de cumplimiento permanece específica del requisito y no se infiere automáticamente.,high,reviewed_public_source,PLATFORM_CONTROL,,,,PROV:TCDX:BASELINE_CONTROLS:v1,CL_LEY_21719-R-003|AI-003|1|supports
MAP-00942,CL_LEY_21719-R-004,GOV-001,1,satisfies,1.0,full,El control contribuye a operacionalizar o evidenciar el requisito; la conclusión de cumplimiento permanece específica del requisito y no se infiere automáticamente.,high,reviewed_public_source,PLATFORM_CONTROL,,,,PROV:TCDX:BASELINE_CONTROLS:v1,CL_LEY_21719-R-004|GOV-001|1|satisfies
MAP-00943,CL_LEY_21719-R-005,RETENTION-001,1,satisfies,1.0,full,El control contribuye a operacionalizar o evidenciar el requisito; la conclusión de cumplimiento permanece específica del requisito y no se infiere automáticamente.,high,reviewed_public_source,PLATFORM_CONTROL,,,,PROV:TCDX:BASELINE_CONTROLS:v1,CL_LEY_21719-R-005|RETENTION-001|1|satisfies
MAP-00944,CL_LEY_21719-R-006,PRIV-004,1,satisfies,1.0,full,El control contribuye a operacionalizar o evidenciar el requisito; la conclusión de cumplimiento permanece específica del requisito y no se infiere automáticamente.,high,reviewed_public_source,PLATFORM_CONTROL,,,,PROV:TCDX:BASELINE_CONTROLS:v1,CL_LEY_21719-R-006|PRIV-004|1|satisfies
MAP-00945,CL_LEY_21719-R-007,COMP-001,1,satisfies,,partial,El control contribuye a operacionalizar o evidenciar el requisito; la conclusión de cumplimiento permanece específica del requisito y no se infiere automáticamente.,high,reviewed_public_source,PLATFORM_CONTROL,,,,PROV:TCDX:BASELINE_CONTROLS:v1,CL_LEY_21719-R-007|COMP-001|1|satisfies
MAP-00946,CL_LEY_21719-R-007,PRIV-012,1,supports,,partial,El control contribuye a operacionalizar o evidenciar el requisito; la conclusión de cumplimiento permanece específica del requisito y no se infiere automáticamente.,high,reviewed_public_source,PLATFORM_CONTROL,,,,PROV:TCDX:BASELINE_CONTROLS:v1,CL_LEY_21719-R-007|PRIV-012|1|supports
MAP-00947,CL_LEY_21719-R-008,RETENTION-001,1,satisfies,,partial,El control contribuye a operacionalizar o evidenciar el requisito; la conclusión de cumplimiento permanece específica del requisito y no se infiere automáticamente.,high,reviewed_public_source,PLATFORM_CONTROL,,,,PROV:TCDX:BASELINE_CONTROLS:v1,CL_LEY_21719-R-008|RETENTION-001|1|satisfies
MAP-00948,CL_LEY_21719-R-008,PRIV-002,1,supports,,partial,El control contribuye a operacionalizar o evidenciar el requisito; la conclusión de cumplimiento permanece específica del requisito y no se infiere automáticamente.,high,reviewed_public_source,PLATFORM_CONTROL,,,,PROV:TCDX:BASELINE_CONTROLS:v1,CL_LEY_21719-R-008|PRIV-002|1|supports
MAP-00949,CL_LEY_21719-R-008,PRIV-004,1,supports,,partial,El control contribuye a operacionalizar o evidenciar el requisito; la conclusión de cumplimiento permanece específica del requisito y no se infiere automáticamente.,high,reviewed_public_source,PLATFORM_CONTROL,,,,PROV:TCDX:BASELINE_CONTROLS:v1,CL_LEY_21719-R-008|PRIV-004|1|supports
MAP-00950,CL_LEY_21719-R-009,TRANSFER-001,1,satisfies,,partial,El control contribuye a operacionalizar o evidenciar el requisito; la conclusión de cumplimiento permanece específica del requisito y no se infiere automáticamente.,high,reviewed_public_source,PLATFORM_CONTROL,,,,PROV:TCDX:BASELINE_CONTROLS:v1,CL_LEY_21719-R-009|TRANSFER-001|1|satisfies
MAP-00951,CL_LEY_21719-R-009,AI-001,1,supports,,partial,El control contribuye a operacionalizar o evidenciar el requisito; la conclusión de cumplimiento permanece específica del requisito y no se infiere automáticamente.,high,reviewed_public_source,PLATFORM_CONTROL,,,,PROV:TCDX:BASELINE_CONTROLS:v1,CL_LEY_21719-R-009|AI-001|1|supports
MAP-00952,CL_LEY_21719-R-009,AI-003,1,supports,,partial,El control contribuye a operacionalizar o evidenciar el requisito; la conclusión de cumplimiento permanece específica del requisito y no se infiere automáticamente.,high,reviewed_public_source,PLATFORM_CONTROL,,,,PROV:TCDX:BASELINE_CONTROLS:v1,CL_LEY_21719-R-009|AI-003|1|supports
MAP-00953,CL_LEY_21719-R-009,AI-006,1,supports,,partial,El control contribuye a operacionalizar o evidenciar el requisito; la conclusión de cumplimiento permanece específica del requisito y no se infiere automáticamente.,high,reviewed_public_source,PLATFORM_CONTROL,,,,PROV:TCDX:BASELINE_CONTROLS:v1,CL_LEY_21719-R-009|AI-006|1|supports
MAP-00954,CL_LEY_21719-R-010,PRIV-004,1,satisfies,1.0,full,El control contribuye a operacionalizar o evidenciar el requisito; la conclusión de cumplimiento permanece específica del requisito y no se infiere automáticamente.,high,reviewed_public_source,PLATFORM_CONTROL,,,,PROV:TCDX:BASELINE_CONTROLS:v1,CL_LEY_21719-R-010|PRIV-004|1|satisfies
MAP-00955,CL_LEY_21719-R-011,PRIV-002,1,satisfies,1.0,full,El control contribuye a operacionalizar o evidenciar el requisito; la conclusión de cumplimiento permanece específica del requisito y no se infiere automáticamente.,high,reviewed_public_source,PLATFORM_CONTROL,,,,PROV:TCDX:BASELINE_CONTROLS:v1,CL_LEY_21719-R-011|PRIV-002|1|satisfies
MAP-00956,CL_LEY_21719-R-012,DOC-001,1,satisfies,,partial,El control contribuye a operacionalizar o evidenciar el requisito; la conclusión de cumplimiento permanece específica del requisito y no se infiere automáticamente.,high,reviewed_public_source,PLATFORM_CONTROL,,,,PROV:TCDX:BASELINE_CONTROLS:v1,CL_LEY_21719-R-012|DOC-001|1|satisfies
MAP-00957,CL_LEY_21719-R-012,REC-001,1,supports,,partial,El control contribuye a operacionalizar o evidenciar el requisito; la conclusión de cumplimiento permanece específica del requisito y no se infiere automáticamente.,high,reviewed_public_source,PLATFORM_CONTROL,,,,PROV:TCDX:BASELINE_CONTROLS:v1,CL_LEY_21719-R-012|REC-001|1|supports
MAP-00958,CL_LEY_21719-R-012,PRIV-002,1,supports,,partial,El control contribuye a operacionalizar o evidenciar el requisito; la conclusión de cumplimiento permanece específica del requisito y no se infiere automáticamente.,high,reviewed_public_source,PLATFORM_CONTROL,,,,PROV:TCDX:BASELINE_CONTROLS:v1,CL_LEY_21719-R-012|PRIV-002|1|supports
MAP-00959,CL_LEY_21719-R-013,AI-001,1,satisfies,,partial,El control contribuye a operacionalizar o evidenciar el requisito; la conclusión de cumplimiento permanece específica del requisito y no se infiere automáticamente.,high,reviewed_public_source,PLATFORM_CONTROL,,,,PROV:TCDX:BASELINE_CONTROLS:v1,CL_LEY_21719-R-013|AI-001|1|satisfies
MAP-00960,CL_LEY_21719-R-013,AI-003,1,supports,,partial,El control contribuye a operacionalizar o evidenciar el requisito; la conclusión de cumplimiento permanece específica del requisito y no se infiere automáticamente.,high,reviewed_public_source,PLATFORM_CONTROL,,,,PROV:TCDX:BASELINE_CONTROLS:v1,CL_LEY_21719-R-013|AI-003|1|supports
MAP-00961,CL_LEY_21719-R-013,AI-006,1,supports,,partial,El control contribuye a operacionalizar o evidenciar el requisito; la conclusión de cumplimiento permanece específica del requisito y no se infiere automáticamente.,high,reviewed_public_source,PLATFORM_CONTROL,,,,PROV:TCDX:BASELINE_CONTROLS:v1,CL_LEY_21719-R-013|AI-006|1|supports
MAP-00962,CL_LEY_21719-R-014,COMP-001,1,satisfies,1.0,full,El control contribuye a operacionalizar o evidenciar el requisito; la conclusión de cumplimiento permanece específica del requisito y no se infiere automáticamente.,high,reviewed_public_source,PLATFORM_CONTROL,,,,PROV:TCDX:BASELINE_CONTROLS:v1,CL_LEY_21719-R-014|COMP-001|1|satisfies
MAP-00963,CL_LEY_21719-R-015,RETENTION-001,1,satisfies,,partial,El control contribuye a operacionalizar o evidenciar el requisito; la conclusión de cumplimiento permanece específica del requisito y no se infiere automáticamente.,high,reviewed_public_source,PLATFORM_CONTROL,,,,PROV:TCDX:BASELINE_CONTROLS:v1,CL_LEY_21719-R-015|RETENTION-001|1|satisfies
MAP-00964,CL_LEY_21719-R-015,PRIV-005,1,supports,,partial,El control contribuye a operacionalizar o evidenciar el requisito; la conclusión de cumplimiento permanece específica del requisito y no se infiere automáticamente.,high,reviewed_public_source,PLATFORM_CONTROL,,,,PROV:TCDX:BASELINE_CONTROLS:v1,CL_LEY_21719-R-015|PRIV-005|1|supports
MAP-00965,CL_LEY_21719-R-016,RISK-001,1,satisfies,,partial,El control contribuye a operacionalizar o evidenciar el requisito; la conclusión de cumplimiento permanece específica del requisito y no se infiere automáticamente.,high,reviewed_public_source,PLATFORM_CONTROL,,,,PROV:TCDX:BASELINE_CONTROLS:v1,CL_LEY_21719-R-016|RISK-001|1|satisfies
MAP-00966,CL_LEY_21719-R-016,RISK-002,1,supports,,partial,El control contribuye a operacionalizar o evidenciar el requisito; la conclusión de cumplimiento permanece específica del requisito y no se infiere automáticamente.,high,reviewed_public_source,PLATFORM_CONTROL,,,,PROV:TCDX:BASELINE_CONTROLS:v1,CL_LEY_21719-R-016|RISK-002|1|supports
MAP-00967,CL_LEY_21719-R-016,ACCESS-001,1,supports,,partial,El control contribuye a operacionalizar o evidenciar el requisito; la conclusión de cumplimiento permanece específica del requisito y no se infiere automáticamente.,high,reviewed_public_source,PLATFORM_CONTROL,,,,PROV:TCDX:BASELINE_CONTROLS:v1,CL_LEY_21719-R-016|ACCESS-001|1|supports
MAP-00968,CL_LEY_21719-R-016,ACCESS-002,1,supports,,partial,El control contribuye a operacionalizar o evidenciar el requisito; la conclusión de cumplimiento permanece específica del requisito y no se infiere automáticamente.,high,reviewed_public_source,PLATFORM_CONTROL,,,,PROV:TCDX:BASELINE_CONTROLS:v1,CL_LEY_21719-R-016|ACCESS-002|1|supports
MAP-00969,CL_LEY_21719-R-016,BCM-001,1,supports,,partial,El control contribuye a operacionalizar o evidenciar el requisito; la conclusión de cumplimiento permanece específica del requisito y no se infiere automáticamente.,high,reviewed_public_source,PLATFORM_CONTROL,,,,PROV:TCDX:BASELINE_CONTROLS:v1,CL_LEY_21719-R-016|BCM-001|1|supports
MAP-00970,CL_LEY_21719-R-016,AI-001,1,supports,,partial,El control contribuye a operacionalizar o evidenciar el requisito; la conclusión de cumplimiento permanece específica del requisito y no se infiere automáticamente.,high,reviewed_public_source,PLATFORM_CONTROL,,,,PROV:TCDX:BASELINE_CONTROLS:v1,CL_LEY_21719-R-016|AI-001|1|supports
MAP-00971,CL_LEY_21719-R-017,GOV-001,1,satisfies,1.0,full,El control contribuye a operacionalizar o evidenciar el requisito; la conclusión de cumplimiento permanece específica del requisito y no se infiere automáticamente.,high,reviewed_public_source,PLATFORM_CONTROL,,,,PROV:TCDX:BASELINE_CONTROLS:v1,CL_LEY_21719-R-017|GOV-001|1|satisfies
MAP-00972,CL_LEY_21719-R-018,DOC-001,1,satisfies,,partial,El control contribuye a operacionalizar o evidenciar el requisito; la conclusión de cumplimiento permanece específica del requisito y no se infiere automáticamente.,high,reviewed_public_source,PLATFORM_CONTROL,,,,PROV:TCDX:BASELINE_CONTROLS:v1,CL_LEY_21719-R-018|DOC-001|1|satisfies
MAP-00973,CL_LEY_21719-R-018,REC-001,1,supports,,partial,El control contribuye a operacionalizar o evidenciar el requisito; la conclusión de cumplimiento permanece específica del requisito y no se infiere automáticamente.,high,reviewed_public_source,PLATFORM_CONTROL,,,,PROV:TCDX:BASELINE_CONTROLS:v1,CL_LEY_21719-R-018|REC-001|1|supports
MAP-00974,CL_LEY_21719-R-018,PRIV-002,1,supports,,partial,El control contribuye a operacionalizar o evidenciar el requisito; la conclusión de cumplimiento permanece específica del requisito y no se infiere automáticamente.,high,reviewed_public_source,PLATFORM_CONTROL,,,,PROV:TCDX:BASELINE_CONTROLS:v1,CL_LEY_21719-R-018|PRIV-002|1|supports
MAP-00975,CL_LEY_21719-R-019,PRIV-007,1,satisfies,1.0,full,El control contribuye a operacionalizar o evidenciar el requisito; la conclusión de cumplimiento permanece específica del requisito y no se infiere automáticamente.,high,reviewed_public_source,PLATFORM_CONTROL,,,,PROV:TCDX:BASELINE_CONTROLS:v1,CL_LEY_21719-R-019|PRIV-007|1|satisfies
MAP-00976,CL_LEY_21719-R-020,PRIV-011,1,satisfies,1.0,full,El control contribuye a operacionalizar o evidenciar el requisito; la conclusión de cumplimiento permanece específica del requisito y no se infiere automáticamente.,high,reviewed_public_source,PLATFORM_CONTROL,,,,PROV:TCDX:BASELINE_CONTROLS:v1,CL_LEY_21719-R-020|PRIV-011|1|satisfies
MAP-00977,CL_LEY_21719-R-021,PRIV-011,1,satisfies,1.0,full,El control contribuye a operacionalizar o evidenciar el requisito; la conclusión de cumplimiento permanece específica del requisito y no se infiere automáticamente.,high,reviewed_public_source,PLATFORM_CONTROL,,,,PROV:TCDX:BASELINE_CONTROLS:v1,CL_LEY_21719-R-021|PRIV-011|1|satisfies
MAP-00978,CL_LEY_21719-R-022,TRANSFER-001,1,satisfies,,partial,El control contribuye a operacionalizar o evidenciar el requisito; la conclusión de cumplimiento permanece específica del requisito y no se infiere automáticamente.,high,reviewed_public_source,PLATFORM_CONTROL,,,,PROV:TCDX:BASELINE_CONTROLS:v1,CL_LEY_21719-R-022|TRANSFER-001|1|satisfies
MAP-00979,CL_LEY_21719-R-022,PRIV-008,1,supports,,partial,El control contribuye a operacionalizar o evidenciar el requisito; la conclusión de cumplimiento permanece específica del requisito y no se infiere automáticamente.,high,reviewed_public_source,PLATFORM_CONTROL,,,,PROV:TCDX:BASELINE_CONTROLS:v1,CL_LEY_21719-R-022|PRIV-008|1|supports
MAP-00980,CL_LEY_21719-R-022,AI-001,1,supports,,partial,El control contribuye a operacionalizar o evidenciar el requisito; la conclusión de cumplimiento permanece específica del requisito y no se infiere automáticamente.,high,reviewed_public_source,PLATFORM_CONTROL,,,,PROV:TCDX:BASELINE_CONTROLS:v1,CL_LEY_21719-R-022|AI-001|1|supports
MAP-00981,CL_LEY_21719-R-022,AI-003,1,supports,,partial,El control contribuye a operacionalizar o evidenciar el requisito; la conclusión de cumplimiento permanece específica del requisito y no se infiere automáticamente.,high,reviewed_public_source,PLATFORM_CONTROL,,,,PROV:TCDX:BASELINE_CONTROLS:v1,CL_LEY_21719-R-022|AI-003|1|supports
MAP-00982,CL_LEY_21719-R-022,AI-006,1,supports,,partial,El control contribuye a operacionalizar o evidenciar el requisito; la conclusión de cumplimiento permanece específica del requisito y no se infiere automáticamente.,high,reviewed_public_source,PLATFORM_CONTROL,,,,PROV:TCDX:BASELINE_CONTROLS:v1,CL_LEY_21719-R-022|AI-006|1|supports
MAP-00983,CL_LEY_21719-R-023,TRANSFER-001,1,satisfies,,partial,El control contribuye a operacionalizar o evidenciar el requisito; la conclusión de cumplimiento permanece específica del requisito y no se infiere automáticamente.,high,reviewed_public_source,PLATFORM_CONTROL,,,,PROV:TCDX:BASELINE_CONTROLS:v1,CL_LEY_21719-R-023|TRANSFER-001|1|satisfies
MAP-00984,CL_LEY_21719-R-023,PRIV-008,1,supports,,partial,El control contribuye a operacionalizar o evidenciar el requisito; la conclusión de cumplimiento permanece específica del requisito y no se infiere automáticamente.,high,reviewed_public_source,PLATFORM_CONTROL,,,,PROV:TCDX:BASELINE_CONTROLS:v1,CL_LEY_21719-R-023|PRIV-008|1|supports
MAP-00985,CL_LEY_21719-R-023,AI-001,1,supports,,partial,El control contribuye a operacionalizar o evidenciar el requisito; la conclusión de cumplimiento permanece específica del requisito y no se infiere automáticamente.,high,reviewed_public_source,PLATFORM_CONTROL,,,,PROV:TCDX:BASELINE_CONTROLS:v1,CL_LEY_21719-R-023|AI-001|1|supports
MAP-00986,CL_LEY_21719-R-023,AI-003,1,supports,,partial,El control contribuye a operacionalizar o evidenciar el requisito; la conclusión de cumplimiento permanece específica del requisito y no se infiere automáticamente.,high,reviewed_public_source,PLATFORM_CONTROL,,,,PROV:TCDX:BASELINE_CONTROLS:v1,CL_LEY_21719-R-023|AI-003|1|supports
MAP-00987,CL_LEY_21719-R-023,AI-006,1,supports,,partial,El control contribuye a operacionalizar o evidenciar el requisito; la conclusión de cumplimiento permanece específica del requisito y no se infiere automáticamente.,high,reviewed_public_source,PLATFORM_CONTROL,,,,PROV:TCDX:BASELINE_CONTROLS:v1,CL_LEY_21719-R-023|AI-006|1|supports
MAP-00988,CL_LEY_21719-R-024,TRANSFER-001,1,satisfies,,partial,El control contribuye a operacionalizar o evidenciar el requisito; la conclusión de cumplimiento permanece específica del requisito y no se infiere automáticamente.,high,reviewed_public_source,PLATFORM_CONTROL,,,,PROV:TCDX:BASELINE_CONTROLS:v1,CL_LEY_21719-R-024|TRANSFER-001|1|satisfies
MAP-00989,CL_LEY_21719-R-024,EVIDENCE-001,1,supports,,partial,El control contribuye a operacionalizar o evidenciar el requisito; la conclusión de cumplimiento permanece específica del requisito y no se infiere automáticamente.,high,reviewed_public_source,PLATFORM_CONTROL,,,,PROV:TCDX:BASELINE_CONTROLS:v1,CL_LEY_21719-R-024|EVIDENCE-001|1|supports
MAP-00990,CL_LEY_21719-R-024,AI-001,1,supports,,partial,El control contribuye a operacionalizar o evidenciar el requisito; la conclusión de cumplimiento permanece específica del requisito y no se infiere automáticamente.,high,reviewed_public_source,PLATFORM_CONTROL,,,,PROV:TCDX:BASELINE_CONTROLS:v1,CL_LEY_21719-R-024|AI-001|1|supports
MAP-00991,CL_LEY_21719-R-024,AI-003,1,supports,,partial,El control contribuye a operacionalizar o evidenciar el requisito; la conclusión de cumplimiento permanece específica del requisito y no se infiere automáticamente.,high,reviewed_public_source,PLATFORM_CONTROL,,,,PROV:TCDX:BASELINE_CONTROLS:v1,CL_LEY_21719-R-024|AI-003|1|supports
MAP-00992,CL_LEY_21719-R-024,AI-006,1,supports,,partial,El control contribuye a operacionalizar o evidenciar el requisito; la conclusión de cumplimiento permanece específica del requisito y no se infiere automáticamente.,high,reviewed_public_source,PLATFORM_CONTROL,,,,PROV:TCDX:BASELINE_CONTROLS:v1,CL_LEY_21719-R-024|AI-006|1|supports
MAP-00993,CL_LEY_21719-R-025,GOV-001,1,satisfies,,partial,El control contribuye a operacionalizar o evidenciar el requisito; la conclusión de cumplimiento permanece específica del requisito y no se infiere automáticamente.,high,reviewed_public_source,PLATFORM_CONTROL,,,,PROV:TCDX:BASELINE_CONTROLS:v1,CL_LEY_21719-R-025|GOV-001|1|satisfies
MAP-00994,CL_LEY_21719-R-025,GOV-002,1,supports,,partial,El control contribuye a operacionalizar o evidenciar el requisito; la conclusión de cumplimiento permanece específica del requisito y no se infiere automáticamente.,high,reviewed_public_source,PLATFORM_CONTROL,,,,PROV:TCDX:BASELINE_CONTROLS:v1,CL_LEY_21719-R-025|GOV-002|1|supports
MAP-00995,CL_LEY_21719-R-025,EVIDENCE-001,1,supports,,partial,El control contribuye a operacionalizar o evidenciar el requisito; la conclusión de cumplimiento permanece específica del requisito y no se infiere automáticamente.,high,reviewed_public_source,PLATFORM_CONTROL,,,,PROV:TCDX:BASELINE_CONTROLS:v1,CL_LEY_21719-R-025|EVIDENCE-001|1|supports
MAP-00996,CL_LEY_21719-R-025,AI-001,1,supports,,partial,El control contribuye a operacionalizar o evidenciar el requisito; la conclusión de cumplimiento permanece específica del requisito y no se infiere automáticamente.,high,reviewed_public_source,PLATFORM_CONTROL,,,,PROV:TCDX:BASELINE_CONTROLS:v1,CL_LEY_21719-R-025|AI-001|1|supports
MAP-00997,CL_LEY_21719-R-025,AI-003,1,supports,,partial,El control contribuye a operacionalizar o evidenciar el requisito; la conclusión de cumplimiento permanece específica del requisito y no se infiere automáticamente.,high,reviewed_public_source,PLATFORM_CONTROL,,,,PROV:TCDX:BASELINE_CONTROLS:v1,CL_LEY_21719-R-025|AI-003|1|supports
MAP-00998,CL_LEY_21719-R-025,AI-006,1,supports,,partial,El control contribuye a operacionalizar o evidenciar el requisito; la conclusión de cumplimiento permanece específica del requisito y no se infiere automáticamente.,high,reviewed_public_source,PLATFORM_CONTROL,,,,PROV:TCDX:BASELINE_CONTROLS:v1,CL_LEY_21719-R-025|AI-006|1|supports
MAP-00999,CL_LEY_21719-R-026,RETENTION-001,1,satisfies,,partial,El control contribuye a operacionalizar o evidenciar el requisito; la conclusión de cumplimiento permanece específica del requisito y no se infiere automáticamente.,high,reviewed_public_source,PLATFORM_CONTROL,,,,PROV:TCDX:BASELINE_CONTROLS:v1,CL_LEY_21719-R-026|RETENTION-001|1|satisfies
MAP-01000,CL_LEY_21719-R-026,PRIV-002,1,supports,,partial,El control contribuye a operacionalizar o evidenciar el requisito; la conclusión de cumplimiento permanece específica del requisito y no se infiere automáticamente.,high,reviewed_public_source,PLATFORM_CONTROL,,,,PROV:TCDX:BASELINE_CONTROLS:v1,CL_LEY_21719-R-026|PRIV-002|1|supports
MAP-01001,CL_LEY_21719-R-027,GOV-003,1,satisfies,,partial,El control contribuye a operacionalizar o evidenciar el requisito; la conclusión de cumplimiento permanece específica del requisito y no se infiere automáticamente.,high,reviewed_public_source,PLATFORM_CONTROL,,,,PROV:TCDX:BASELINE_CONTROLS:v1,CL_LEY_21719-R-027|GOV-003|1|satisfies
MAP-01002,CL_LEY_21719-R-027,PRIV-003,1,supports,,partial,El control contribuye a operacionalizar o evidenciar el requisito; la conclusión de cumplimiento permanece específica del requisito y no se infiere automáticamente.,high,reviewed_public_source,PLATFORM_CONTROL,,,,PROV:TCDX:BASELINE_CONTROLS:v1,CL_LEY_21719-R-027|PRIV-003|1|supports
MAP-01003,CL_LEY_21719-R-027,AI-001,1,supports,,partial,El control contribuye a operacionalizar o evidenciar el requisito; la conclusión de cumplimiento permanece específica del requisito y no se infiere automáticamente.,high,reviewed_public_source,PLATFORM_CONTROL,,,,PROV:TCDX:BASELINE_CONTROLS:v1,CL_LEY_21719-R-027|AI-001|1|supports
MAP-01004,CL_LEY_21719-R-027,AI-003,1,supports,,partial,El control contribuye a operacionalizar o evidenciar el requisito; la conclusión de cumplimiento permanece específica del requisito y no se infiere automáticamente.,high,reviewed_public_source,PLATFORM_CONTROL,,,,PROV:TCDX:BASELINE_CONTROLS:v1,CL_LEY_21719-R-027|AI-003|1|supports
MAP-01005,CL_LEY_21719-R-027,AI-006,1,supports,,partial,El control contribuye a operacionalizar o evidenciar el requisito; la conclusión de cumplimiento permanece específica del requisito y no se infiere automáticamente.,high,reviewed_public_source,PLATFORM_CONTROL,,,,PROV:TCDX:BASELINE_CONTROLS:v1,CL_LEY_21719-R-027|AI-006|1|supports
MAP-01006,CL_LEY_21719-R-028,GOV-001,1,satisfies,1.0,full,El control contribuye a operacionalizar o evidenciar el requisito; la conclusión de cumplimiento permanece específica del requisito y no se infiere automáticamente.,high,reviewed_public_source,PLATFORM_CONTROL,,,,PROV:TCDX:BASELINE_CONTROLS:v1,CL_LEY_21719-R-028|GOV-001|1|satisfies
MAP-01007,CL_LEY_21719-R-029,CTX-001,1,satisfies,,partial,El control contribuye a operacionalizar o evidenciar el requisito; la conclusión de cumplimiento permanece específica del requisito y no se infiere automáticamente.,high,reviewed_public_source,PLATFORM_CONTROL,,,,PROV:TCDX:BASELINE_CONTROLS:v1,CL_LEY_21719-R-029|CTX-001|1|satisfies
MAP-01008,CL_LEY_21719-R-029,SCOPE-001,1,supports,,partial,El control contribuye a operacionalizar o evidenciar el requisito; la conclusión de cumplimiento permanece específica del requisito y no se infiere automáticamente.,high,reviewed_public_source,PLATFORM_CONTROL,,,,PROV:TCDX:BASELINE_CONTROLS:v1,CL_LEY_21719-R-029|SCOPE-001|1|supports
MAP-01009,CL_LEY_21719-R-029,RISK-001,1,supports,,partial,El control contribuye a operacionalizar o evidenciar el requisito; la conclusión de cumplimiento permanece específica del requisito y no se infiere automáticamente.,high,reviewed_public_source,PLATFORM_CONTROL,,,,PROV:TCDX:BASELINE_CONTROLS:v1,CL_LEY_21719-R-029|RISK-001|1|supports
MAP-01010,CL_LEY_21719-R-029,RISK-002,1,supports,,partial,El control contribuye a operacionalizar o evidenciar el requisito; la conclusión de cumplimiento permanece específica del requisito y no se infiere automáticamente.,high,reviewed_public_source,PLATFORM_CONTROL,,,,PROV:TCDX:BASELINE_CONTROLS:v1,CL_LEY_21719-R-029|RISK-002|1|supports
MAP-01011,CL_LEY_21719-R-029,AI-001,1,supports,,partial,El control contribuye a operacionalizar o evidenciar el requisito; la conclusión de cumplimiento permanece específica del requisito y no se infiere automáticamente.,high,reviewed_public_source,PLATFORM_CONTROL,,,,PROV:TCDX:BASELINE_CONTROLS:v1,CL_LEY_21719-R-029|AI-001|1|supports
MAP-01012,CL_LEY_21719-R-029,AI-003,1,supports,,partial,El control contribuye a operacionalizar o evidenciar el requisito; la conclusión de cumplimiento permanece específica del requisito y no se infiere automáticamente.,high,reviewed_public_source,PLATFORM_CONTROL,,,,PROV:TCDX:BASELINE_CONTROLS:v1,CL_LEY_21719-R-029|AI-003|1|supports
MAP-01013,CL_LEY_21719-R-030,INCIDENT-001,1,satisfies,,partial,El control contribuye a operacionalizar o evidenciar el requisito; la conclusión de cumplimiento permanece específica del requisito y no se infiere automáticamente.,high,reviewed_public_source,PLATFORM_CONTROL,,,,PROV:TCDX:BASELINE_CONTROLS:v1,CL_LEY_21719-R-030|INCIDENT-001|1|satisfies
MAP-01014,CL_LEY_21719-R-030,PRIV-002,1,supports,,partial,El control contribuye a operacionalizar o evidenciar el requisito; la conclusión de cumplimiento permanece específica del requisito y no se infiere automáticamente.,high,reviewed_public_source,PLATFORM_CONTROL,,,,PROV:TCDX:BASELINE_CONTROLS:v1,CL_LEY_21719-R-030|PRIV-002|1|supports
