$ playwright test --workers=4 --reporter=json
{
  "config": {
    "argv": [
      "/private/tmp/tcdx-grc-npm-cache/_npx/5dad66f2cb301fc2/node_modules/node/bin/node",
      "/Users/andresbarouh/repos/tcdx-grc/node_modules/@playwright/test/cli.js",
      "test",
      "--workers=4",
      "--reporter=json"
    ],
    "configFile": "/Users/andresbarouh/repos/tcdx-grc/playwright.config.ts",
    "rootDir": "/Users/andresbarouh/repos/tcdx-grc/e2e",
    "failOnFlakyTests": false,
    "forbidOnly": false,
    "fullyParallel": false,
    "globalSetup": null,
    "globalTeardown": null,
    "globalTimeout": 0,
    "grep": {},
    "grepInvert": null,
    "maxFailures": 0,
    "metadata": {
      "actualWorkers": 4
    },
    "preserveOutput": "always",
    "projects": [
      {
        "outputDir": "/Users/andresbarouh/repos/tcdx-grc/test-results",
        "repeatEach": 1,
        "retries": 0,
        "metadata": {
          "actualWorkers": 4
        },
        "id": "chromium-desktop",
        "name": "chromium-desktop",
        "testDir": "/Users/andresbarouh/repos/tcdx-grc/e2e",
        "testIgnore": [],
        "testMatch": [
          "**/*.@(spec|test).?(c|m)[jt]s?(x)"
        ],
        "timeout": 30000
      },
      {
        "outputDir": "/Users/andresbarouh/repos/tcdx-grc/test-results",
        "repeatEach": 1,
        "retries": 0,
        "metadata": {
          "actualWorkers": 4
        },
        "id": "chromium-laptop",
        "name": "chromium-laptop",
        "testDir": "/Users/andresbarouh/repos/tcdx-grc/e2e",
        "testIgnore": [],
        "testMatch": [
          "**/*.@(spec|test).?(c|m)[jt]s?(x)"
        ],
        "timeout": 30000
      },
      {
        "outputDir": "/Users/andresbarouh/repos/tcdx-grc/test-results",
        "repeatEach": 1,
        "retries": 0,
        "metadata": {
          "actualWorkers": 4
        },
        "id": "chromium-tablet",
        "name": "chromium-tablet",
        "testDir": "/Users/andresbarouh/repos/tcdx-grc/e2e",
        "testIgnore": [],
        "testMatch": [
          "**/*.@(spec|test).?(c|m)[jt]s?(x)"
        ],
        "timeout": 30000
      },
      {
        "outputDir": "/Users/andresbarouh/repos/tcdx-grc/test-results",
        "repeatEach": 1,
        "retries": 0,
        "metadata": {
          "actualWorkers": 4
        },
        "id": "chromium-narrow",
        "name": "chromium-narrow",
        "testDir": "/Users/andresbarouh/repos/tcdx-grc/e2e",
        "testIgnore": [],
        "testMatch": [
          "**/*.@(spec|test).?(c|m)[jt]s?(x)"
        ],
        "timeout": 30000
      }
    ],
    "quiet": false,
    "reporter": [
      [
        "json"
      ]
    ],
    "reportSlowTests": {
      "max": 5,
      "threshold": 300000
    },
    "shard": null,
    "tags": [],
    "updateSnapshots": "missing",
    "updateSourceMethod": "patch",
    "version": "1.63.0",
    "workers": 4,
    "webServer": {
      "command": "npm --prefix apps/frontend run dev -- --host 127.0.0.1 --port 4173",
      "url": "http://127.0.0.1:4173",
      "reuseExistingServer": true
    }
  },
  "suites": [
    {
      "title": "branding.spec.ts",
      "file": "branding.spec.ts",
      "column": 0,
      "line": 0,
      "specs": [
        {
          "title": "login branding loads the packaged canonical logo after deep navigation and reload",
          "ok": true,
          "tags": [],
          "tests": [
            {
              "timeout": 30000,
              "annotations": [],
              "expectedStatus": "passed",
              "projectId": "chromium-desktop",
              "projectName": "chromium-desktop",
              "results": [
                {
                  "workerIndex": 0,
                  "parallelIndex": 0,
                  "status": "passed",
                  "duration": 1154,
                  "errors": [],
                  "stdout": [],
                  "stderr": [],
                  "retry": 0,
                  "startTime": "2026-10-07T20:13:22.636Z",
                  "annotations": [],
                  "attachments": []
                }
              ],
              "status": "expected"
            }
          ],
          "id": "c7f19e806919ac620bf8-fa45862594c121ef0477",
          "file": "branding.spec.ts",
          "line": 22,
          "column": 1
        },
        {
          "title": "dashboard branding uses the same logo with responsive navigation",
          "ok": true,
          "tags": [],
          "tests": [
            {
              "timeout": 30000,
              "annotations": [],
              "expectedStatus": "passed",
              "projectId": "chromium-desktop",
              "projectName": "chromium-desktop",
              "results": [
                {
                  "workerIndex": 0,
                  "parallelIndex": 0,
                  "status": "passed",
                  "duration": 683,
                  "errors": [],
                  "stdout": [],
                  "stderr": [],
                  "retry": 0,
                  "startTime": "2026-10-07T20:13:24.250Z",
                  "annotations": [],
                  "attachments": []
                }
              ],
              "status": "expected"
            }
          ],
          "id": "c7f19e806919ac620bf8-74a05666488e15e07ff2",
          "file": "branding.spec.ts",
          "line": 43,
          "column": 1
        },
        {
          "title": "login branding loads the packaged canonical logo after deep navigation and reload",
          "ok": true,
          "tags": [],
          "tests": [
            {
              "timeout": 30000,
              "annotations": [],
              "expectedStatus": "passed",
              "projectId": "chromium-laptop",
              "projectName": "chromium-laptop",
              "results": [
                {
                  "workerIndex": 5,
                  "parallelIndex": 3,
                  "status": "passed",
                  "duration": 663,
                  "errors": [],
                  "stdout": [],
                  "stderr": [],
                  "retry": 0,
                  "startTime": "2026-10-07T20:13:30.735Z",
                  "annotations": [],
                  "attachments": []
                }
              ],
              "status": "expected"
            }
          ],
          "id": "c7f19e806919ac620bf8-ae8a0f24ac676d246d92",
          "file": "branding.spec.ts",
          "line": 22,
          "column": 1
        },
        {
          "title": "dashboard branding uses the same logo with responsive navigation",
          "ok": true,
          "tags": [],
          "tests": [
            {
              "timeout": 30000,
              "annotations": [],
              "expectedStatus": "passed",
              "projectId": "chromium-laptop",
              "projectName": "chromium-laptop",
              "results": [
                {
                  "workerIndex": 5,
                  "parallelIndex": 3,
                  "status": "passed",
                  "duration": 455,
                  "errors": [],
                  "stdout": [],
                  "stderr": [],
                  "retry": 0,
                  "startTime": "2026-10-07T20:13:31.551Z",
                  "annotations": [],
                  "attachments": []
                }
              ],
              "status": "expected"
            }
          ],
          "id": "c7f19e806919ac620bf8-f2a7c2ea6ae6e49f76d2",
          "file": "branding.spec.ts",
          "line": 43,
          "column": 1
        },
        {
          "title": "login branding loads the packaged canonical logo after deep navigation and reload",
          "ok": true,
          "tags": [],
          "tests": [
            {
              "timeout": 30000,
              "annotations": [],
              "expectedStatus": "passed",
              "projectId": "chromium-tablet",
              "projectName": "chromium-tablet",
              "results": [
                {
                  "workerIndex": 8,
                  "parallelIndex": 1,
                  "status": "passed",
                  "duration": 1315,
                  "errors": [],
                  "stdout": [],
                  "stderr": [],
                  "retry": 0,
                  "startTime": "2026-10-07T20:13:46.863Z",
                  "annotations": [],
                  "attachments": []
                }
              ],
              "status": "expected"
            }
          ],
          "id": "c7f19e806919ac620bf8-53c0e34754ba87c6dee7",
          "file": "branding.spec.ts",
          "line": 22,
          "column": 1
        },
        {
          "title": "dashboard branding uses the same logo with responsive navigation",
          "ok": true,
          "tags": [],
          "tests": [
            {
              "timeout": 30000,
              "annotations": [],
              "expectedStatus": "passed",
              "projectId": "chromium-tablet",
              "projectName": "chromium-tablet",
              "results": [
                {
                  "workerIndex": 8,
                  "parallelIndex": 1,
                  "status": "passed",
                  "duration": 536,
                  "errors": [],
                  "stdout": [],
                  "stderr": [],
                  "retry": 0,
                  "startTime": "2026-10-07T20:13:48.382Z",
                  "annotations": [],
                  "attachments": []
                }
              ],
              "status": "expected"
            }
          ],
          "id": "c7f19e806919ac620bf8-800a5a44ebeb239193b0",
          "file": "branding.spec.ts",
          "line": 43,
          "column": 1
        },
        {
          "title": "login branding loads the packaged canonical logo after deep navigation and reload",
          "ok": true,
          "tags": [],
          "tests": [
            {
              "timeout": 30000,
              "annotations": [],
              "expectedStatus": "passed",
              "projectId": "chromium-narrow",
              "projectName": "chromium-narrow",
              "results": [
                {
                  "workerIndex": 12,
                  "parallelIndex": 3,
                  "status": "passed",
                  "duration": 1194,
                  "errors": [],
                  "stdout": [],
                  "stderr": [],
                  "retry": 0,
                  "startTime": "2026-10-07T20:14:06.080Z",
                  "annotations": [],
                  "attachments": []
                }
              ],
              "status": "expected"
            }
          ],
          "id": "c7f19e806919ac620bf8-1b4b14f0ac5956566fa5",
          "file": "branding.spec.ts",
          "line": 22,
          "column": 1
        },
        {
          "title": "dashboard branding uses the same logo with responsive navigation",
          "ok": true,
          "tags": [],
          "tests": [
            {
              "timeout": 30000,
              "annotations": [],
              "expectedStatus": "passed",
              "projectId": "chromium-narrow",
              "projectName": "chromium-narrow",
              "results": [
                {
                  "workerIndex": 12,
                  "parallelIndex": 3,
                  "status": "passed",
                  "duration": 578,
                  "errors": [],
                  "stdout": [],
                  "stderr": [],
                  "retry": 0,
                  "startTime": "2026-10-07T20:14:07.542Z",
                  "annotations": [],
                  "attachments": []
                }
              ],
              "status": "expected"
            }
          ],
          "id": "c7f19e806919ac620bf8-6417b33e9f67e0c8d058",
          "file": "branding.spec.ts",
          "line": 43,
          "column": 1
        }
      ]
    },
    {
      "title": "core-grc-ui.spec.ts",
      "file": "core-grc-ui.spec.ts",
      "column": 0,
      "line": 0,
      "specs": [
        {
          "title": "Control base selector resolves an authorized ControlVersion without a human UUID field",
          "ok": true,
          "tags": [],
          "tests": [
            {
              "timeout": 30000,
              "annotations": [],
              "expectedStatus": "passed",
              "projectId": "chromium-desktop",
              "projectName": "chromium-desktop",
              "results": [
                {
                  "workerIndex": 4,
                  "parallelIndex": 2,
                  "status": "passed",
                  "duration": 707,
                  "errors": [],
                  "stdout": [],
                  "stderr": [],
                  "retry": 0,
                  "startTime": "2026-10-07T20:13:30.723Z",
                  "annotations": [],
                  "attachments": []
                }
              ],
              "status": "expected"
            }
          ],
          "id": "69da6a877a1448e4f3c4-c8912ed4fd04d90e8b93",
          "file": "core-grc-ui.spec.ts",
          "line": 140,
          "column": 1
        },
        {
          "title": "Control catalog filters by an effective contracted framework",
          "ok": true,
          "tags": [],
          "tests": [
            {
              "timeout": 30000,
              "annotations": [],
              "expectedStatus": "passed",
              "projectId": "chromium-desktop",
              "projectName": "chromium-desktop",
              "results": [
                {
                  "workerIndex": 4,
                  "parallelIndex": 2,
                  "status": "passed",
                  "duration": 458,
                  "errors": [],
                  "stdout": [],
                  "stderr": [],
                  "retry": 0,
                  "startTime": "2026-10-07T20:13:31.595Z",
                  "annotations": [],
                  "attachments": []
                }
              ],
              "status": "expected"
            }
          ],
          "id": "69da6a877a1448e4f3c4-3e4cc6636453dd166324",
          "file": "core-grc-ui.spec.ts",
          "line": 162,
          "column": 1
        },
        {
          "title": "Applicability offers only the approved decisions and requires a No aplica rationale",
          "ok": true,
          "tags": [],
          "tests": [
            {
              "timeout": 30000,
              "annotations": [],
              "expectedStatus": "passed",
              "projectId": "chromium-desktop",
              "projectName": "chromium-desktop",
              "results": [
                {
                  "workerIndex": 4,
                  "parallelIndex": 2,
                  "status": "passed",
                  "duration": 632,
                  "errors": [],
                  "stdout": [],
                  "stderr": [],
                  "retry": 0,
                  "startTime": "2026-10-07T20:13:32.058Z",
                  "annotations": [],
                  "attachments": []
                }
              ],
              "status": "expected"
            }
          ],
          "id": "69da6a877a1448e4f3c4-d984d28eeea1f86b4f3b",
          "file": "core-grc-ui.spec.ts",
          "line": 179,
          "column": 1
        },
        {
          "title": "Tenant Admin sees own contracted frameworks without commercial commands",
          "ok": true,
          "tags": [],
          "tests": [
            {
              "timeout": 30000,
              "annotations": [],
              "expectedStatus": "passed",
              "projectId": "chromium-desktop",
              "projectName": "chromium-desktop",
              "results": [
                {
                  "workerIndex": 4,
                  "parallelIndex": 2,
                  "status": "passed",
                  "duration": 431,
                  "errors": [],
                  "stdout": [],
                  "stderr": [],
                  "retry": 0,
                  "startTime": "2026-10-07T20:13:32.697Z",
                  "annotations": [],
                  "attachments": []
                }
              ],
              "status": "expected"
            }
          ],
          "id": "69da6a877a1448e4f3c4-5d47c55caed872a49204",
          "file": "core-grc-ui.spec.ts",
          "line": 192,
          "column": 1
        },
        {
          "title": "Tenant Admin reads validation access without platform actions",
          "ok": true,
          "tags": [],
          "tests": [
            {
              "timeout": 30000,
              "annotations": [],
              "expectedStatus": "passed",
              "projectId": "chromium-desktop",
              "projectName": "chromium-desktop",
              "results": [
                {
                  "workerIndex": 4,
                  "parallelIndex": 2,
                  "status": "passed",
                  "duration": 408,
                  "errors": [],
                  "stdout": [],
                  "stderr": [],
                  "retry": 0,
                  "startTime": "2026-10-07T20:13:33.137Z",
                  "annotations": [],
                  "attachments": []
                }
              ],
              "status": "expected"
            }
          ],
          "id": "69da6a877a1448e4f3c4-eae70a14e1db76f9c4bf",
          "file": "core-grc-ui.spec.ts",
          "line": 201,
          "column": 1
        },
        {
          "title": "Platform Admin creates exact non-authoritative access from canonical candidates",
          "ok": true,
          "tags": [],
          "tests": [
            {
              "timeout": 30000,
              "annotations": [],
              "expectedStatus": "passed",
              "projectId": "chromium-desktop",
              "projectName": "chromium-desktop",
              "results": [
                {
                  "workerIndex": 4,
                  "parallelIndex": 2,
                  "status": "passed",
                  "duration": 1168,
                  "errors": [],
                  "stdout": [],
                  "stderr": [],
                  "retry": 0,
                  "startTime": "2026-10-07T20:13:33.554Z",
                  "annotations": [],
                  "attachments": []
                }
              ],
              "status": "expected"
            }
          ],
          "id": "69da6a877a1448e4f3c4-6a9009fb3c555c06e8c8",
          "file": "core-grc-ui.spec.ts",
          "line": 221,
          "column": 1
        },
        {
          "title": "Candidate empty and error states have no manual ID fallback",
          "ok": true,
          "tags": [],
          "tests": [
            {
              "timeout": 30000,
              "annotations": [],
              "expectedStatus": "passed",
              "projectId": "chromium-desktop",
              "projectName": "chromium-desktop",
              "results": [
                {
                  "workerIndex": 4,
                  "parallelIndex": 2,
                  "status": "passed",
                  "duration": 798,
                  "errors": [],
                  "stdout": [],
                  "stderr": [],
                  "retry": 0,
                  "startTime": "2026-10-07T20:13:34.731Z",
                  "annotations": [],
                  "attachments": []
                }
              ],
              "status": "expected"
            }
          ],
          "id": "69da6a877a1448e4f3c4-ad4e8bd798cc95f08b15",
          "file": "core-grc-ui.spec.ts",
          "line": 298,
          "column": 1
        },
        {
          "title": "Validation CREATE 400 displays the canonical denial and preserves list authority",
          "ok": true,
          "tags": [],
          "tests": [
            {
              "timeout": 30000,
              "annotations": [],
              "expectedStatus": "passed",
              "projectId": "chromium-desktop",
              "projectName": "chromium-desktop",
              "results": [
                {
                  "workerIndex": 4,
                  "parallelIndex": 2,
                  "status": "passed",
                  "duration": 855,
                  "errors": [],
                  "stdout": [],
                  "stderr": [],
                  "retry": 0,
                  "startTime": "2026-10-07T20:13:35.539Z",
                  "annotations": [],
                  "attachments": []
                }
              ],
              "status": "expected"
            }
          ],
          "id": "69da6a877a1448e4f3c4-d735630021ae15011402",
          "file": "core-grc-ui.spec.ts",
          "line": 319,
          "column": 3
        },
        {
          "title": "Validation CREATE 401 displays the canonical denial and preserves list authority",
          "ok": true,
          "tags": [],
          "tests": [
            {
              "timeout": 30000,
              "annotations": [],
              "expectedStatus": "passed",
              "projectId": "chromium-desktop",
              "projectName": "chromium-desktop",
              "results": [
                {
                  "workerIndex": 4,
                  "parallelIndex": 2,
                  "status": "passed",
                  "duration": 798,
                  "errors": [],
                  "stdout": [],
                  "stderr": [],
                  "retry": 0,
                  "startTime": "2026-10-07T20:13:36.402Z",
                  "annotations": [],
                  "attachments": []
                }
              ],
              "status": "expected"
            }
          ],
          "id": "69da6a877a1448e4f3c4-79616266bfe0a38f6552",
          "file": "core-grc-ui.spec.ts",
          "line": 319,
          "column": 3
        },
        {
          "title": "Validation CREATE 403 displays the canonical denial and preserves list authority",
          "ok": true,
          "tags": [],
          "tests": [
            {
              "timeout": 30000,
              "annotations": [],
              "expectedStatus": "passed",
              "projectId": "chromium-desktop",
              "projectName": "chromium-desktop",
              "results": [
                {
                  "workerIndex": 4,
                  "parallelIndex": 2,
                  "status": "passed",
                  "duration": 726,
                  "errors": [],
                  "stdout": [],
                  "stderr": [],
                  "retry": 0,
                  "startTime": "2026-10-07T20:13:37.217Z",
                  "annotations": [],
                  "attachments": []
                }
              ],
              "status": "expected"
            }
          ],
          "id": "69da6a877a1448e4f3c4-829ae3f3c7ef8a217c6b",
          "file": "core-grc-ui.spec.ts",
          "line": 319,
          "column": 3
        },
        {
          "title": "Validation CREATE 404 displays the canonical denial and preserves list authority",
          "ok": true,
          "tags": [],
          "tests": [
            {
              "timeout": 30000,
              "annotations": [],
              "expectedStatus": "passed",
              "projectId": "chromium-desktop",
              "projectName": "chromium-desktop",
              "results": [
                {
                  "workerIndex": 4,
                  "parallelIndex": 2,
                  "status": "passed",
                  "duration": 745,
                  "errors": [],
                  "stdout": [],
                  "stderr": [],
                  "retry": 0,
                  "startTime": "2026-10-07T20:13:37.949Z",
                  "annotations": [],
                  "attachments": []
                }
              ],
              "status": "expected"
            }
          ],
          "id": "69da6a877a1448e4f3c4-a3113780a57e3a21d9ca",
          "file": "core-grc-ui.spec.ts",
          "line": 319,
          "column": 3
        },
        {
          "title": "Validation CREATE 409 displays the canonical denial and preserves list authority",
          "ok": true,
          "tags": [],
          "tests": [
            {
              "timeout": 30000,
              "annotations": [],
              "expectedStatus": "passed",
              "projectId": "chromium-desktop",
              "projectName": "chromium-desktop",
              "results": [
                {
                  "workerIndex": 4,
                  "parallelIndex": 2,
                  "status": "passed",
                  "duration": 777,
                  "errors": [],
                  "stdout": [],
                  "stderr": [],
                  "retry": 0,
                  "startTime": "2026-10-07T20:13:38.698Z",
                  "annotations": [],
                  "attachments": []
                }
              ],
              "status": "expected"
            }
          ],
          "id": "69da6a877a1448e4f3c4-4fc95cc4f3a705a87f39",
          "file": "core-grc-ui.spec.ts",
          "line": 319,
          "column": 3
        },
        {
          "title": "Validation CREATE ignores a repeated click while the POST is pending",
          "ok": true,
          "tags": [],
          "tests": [
            {
              "timeout": 30000,
              "annotations": [],
              "expectedStatus": "passed",
              "projectId": "chromium-desktop",
              "projectName": "chromium-desktop",
              "results": [
                {
                  "workerIndex": 4,
                  "parallelIndex": 2,
                  "status": "passed",
                  "duration": 782,
                  "errors": [],
                  "stdout": [],
                  "stderr": [],
                  "retry": 0,
                  "startTime": "2026-10-07T20:13:39.484Z",
                  "annotations": [],
                  "attachments": []
                }
              ],
              "status": "expected"
            }
          ],
          "id": "69da6a877a1448e4f3c4-d807ad6bff5fbef8a203",
          "file": "core-grc-ui.spec.ts",
          "line": 354,
          "column": 1
        },
        {
          "title": "Platform Admin revokes validation access with reason, CAS and a local refresh",
          "ok": true,
          "tags": [],
          "tests": [
            {
              "timeout": 30000,
              "annotations": [],
              "expectedStatus": "passed",
              "projectId": "chromium-desktop",
              "projectName": "chromium-desktop",
              "results": [
                {
                  "workerIndex": 4,
                  "parallelIndex": 2,
                  "status": "passed",
                  "duration": 835,
                  "errors": [],
                  "stdout": [],
                  "stderr": [],
                  "retry": 0,
                  "startTime": "2026-10-07T20:13:40.276Z",
                  "annotations": [],
                  "attachments": []
                }
              ],
              "status": "expected"
            }
          ],
          "id": "69da6a877a1448e4f3c4-d3b5f0713c2113570903",
          "file": "core-grc-ui.spec.ts",
          "line": 380,
          "column": 1
        },
        {
          "title": "Platform Admin sees a validation access conflict without a false success",
          "ok": true,
          "tags": [],
          "tests": [
            {
              "timeout": 30000,
              "annotations": [],
              "expectedStatus": "passed",
              "projectId": "chromium-desktop",
              "projectName": "chromium-desktop",
              "results": [
                {
                  "workerIndex": 4,
                  "parallelIndex": 2,
                  "status": "passed",
                  "duration": 583,
                  "errors": [],
                  "stdout": [],
                  "stderr": [],
                  "retry": 0,
                  "startTime": "2026-10-07T20:13:41.119Z",
                  "annotations": [],
                  "attachments": []
                }
              ],
              "status": "expected"
            }
          ],
          "id": "69da6a877a1448e4f3c4-bba95ae180eb581ea4ab",
          "file": "core-grc-ui.spec.ts",
          "line": 422,
          "column": 1
        },
        {
          "title": "Tenant Admin creates a canonical Subject in company settings",
          "ok": true,
          "tags": [],
          "tests": [
            {
              "timeout": 30000,
              "annotations": [],
              "expectedStatus": "passed",
              "projectId": "chromium-desktop",
              "projectName": "chromium-desktop",
              "results": [
                {
                  "workerIndex": 4,
                  "parallelIndex": 2,
                  "status": "passed",
                  "duration": 686,
                  "errors": [],
                  "stdout": [],
                  "stderr": [],
                  "retry": 0,
                  "startTime": "2026-10-07T20:13:41.709Z",
                  "annotations": [],
                  "attachments": []
                }
              ],
              "status": "expected"
            }
          ],
          "id": "69da6a877a1448e4f3c4-18430113780ef346a14c",
          "file": "core-grc-ui.spec.ts",
          "line": 447,
          "column": 1
        },
        {
          "title": "QA validation content displays its condition and keeps filters tenant-scoped",
          "ok": true,
          "tags": [],
          "tests": [
            {
              "timeout": 30000,
              "annotations": [],
              "expectedStatus": "passed",
              "projectId": "chromium-desktop",
              "projectName": "chromium-desktop",
              "results": [
                {
                  "workerIndex": 4,
                  "parallelIndex": 2,
                  "status": "passed",
                  "duration": 803,
                  "errors": [],
                  "stdout": [],
                  "stderr": [],
                  "retry": 0,
                  "startTime": "2026-10-07T20:13:42.404Z",
                  "annotations": [],
                  "attachments": []
                }
              ],
              "status": "expected"
            }
          ],
          "id": "69da6a877a1448e4f3c4-13d8142107ef74d7eed0",
          "file": "core-grc-ui.spec.ts",
          "line": 459,
          "column": 1
        },
        {
          "title": "login surface exposes the governed OIDC entry point",
          "ok": true,
          "tags": [],
          "tests": [
            {
              "timeout": 30000,
              "annotations": [],
              "expectedStatus": "passed",
              "projectId": "chromium-desktop",
              "projectName": "chromium-desktop",
              "results": [
                {
                  "workerIndex": 4,
                  "parallelIndex": 2,
                  "status": "passed",
                  "duration": 699,
                  "errors": [],
                  "stdout": [],
                  "stderr": [],
                  "retry": 0,
                  "startTime": "2026-10-07T20:13:43.214Z",
                  "annotations": [],
                  "attachments": []
                }
              ],
              "status": "expected"
            }
          ],
          "id": "69da6a877a1448e4f3c4-fcc6d6b74acda4336c79",
          "file": "core-grc-ui.spec.ts",
          "line": 487,
          "column": 1
        },
        {
          "title": "invitation entry clears the one-time token from the visible URL",
          "ok": true,
          "tags": [],
          "tests": [
            {
              "timeout": 30000,
              "annotations": [],
              "expectedStatus": "passed",
              "projectId": "chromium-desktop",
              "projectName": "chromium-desktop",
              "results": [
                {
                  "workerIndex": 4,
                  "parallelIndex": 2,
                  "status": "passed",
                  "duration": 623,
                  "errors": [],
                  "stdout": [],
                  "stderr": [],
                  "retry": 0,
                  "startTime": "2026-10-07T20:13:43.921Z",
                  "annotations": [],
                  "attachments": []
                }
              ],
              "status": "expected"
            }
          ],
          "id": "69da6a877a1448e4f3c4-897c1a0402974f9cd5c1",
          "file": "core-grc-ui.spec.ts",
          "line": 501,
          "column": 1
        },
        {
          "title": "platform admin can generate a Zoho invitation without automatic roles",
          "ok": true,
          "tags": [],
          "tests": [
            {
              "timeout": 30000,
              "annotations": [],
              "expectedStatus": "passed",
              "projectId": "chromium-desktop",
              "projectName": "chromium-desktop",
              "results": [
                {
                  "workerIndex": 4,
                  "parallelIndex": 2,
                  "status": "passed",
                  "duration": 1321,
                  "errors": [],
                  "stdout": [],
                  "stderr": [],
                  "retry": 0,
                  "startTime": "2026-10-07T20:13:44.554Z",
                  "annotations": [],
                  "attachments": []
                }
              ],
              "status": "expected"
            }
          ],
          "id": "69da6a877a1448e4f3c4-aa7880ecd989204574de",
          "file": "core-grc-ui.spec.ts",
          "line": 514,
          "column": 1
        },
        {
          "title": "Platform companies and tenant users expose the canonical administrative flow",
          "ok": true,
          "tags": [],
          "tests": [
            {
              "timeout": 30000,
              "annotations": [],
              "expectedStatus": "passed",
              "projectId": "chromium-desktop",
              "projectName": "chromium-desktop",
              "results": [
                {
                  "workerIndex": 4,
                  "parallelIndex": 2,
                  "status": "passed",
                  "duration": 1076,
                  "errors": [],
                  "stdout": [],
                  "stderr": [],
                  "retry": 0,
                  "startTime": "2026-10-07T20:13:45.886Z",
                  "annotations": [],
                  "attachments": []
                }
              ],
              "status": "expected"
            }
          ],
          "id": "69da6a877a1448e4f3c4-1ee6cae1867f0c6ead7f",
          "file": "core-grc-ui.spec.ts",
          "line": 533,
          "column": 1
        },
        {
          "title": "removing one tenant role requires human confirmation and preserves the other",
          "ok": true,
          "tags": [],
          "tests": [
            {
              "timeout": 30000,
              "annotations": [],
              "expectedStatus": "passed",
              "projectId": "chromium-desktop",
              "projectName": "chromium-desktop",
              "results": [
                {
                  "workerIndex": 4,
                  "parallelIndex": 2,
                  "status": "passed",
                  "duration": 1242,
                  "errors": [],
                  "stdout": [],
                  "stderr": [],
                  "retry": 0,
                  "startTime": "2026-10-07T20:13:46.970Z",
                  "annotations": [],
                  "attachments": []
                }
              ],
              "status": "expected"
            }
          ],
          "id": "69da6a877a1448e4f3c4-97750ef69e6f77b2b6b0",
          "file": "core-grc-ui.spec.ts",
          "line": 558,
          "column": 1
        },
        {
          "title": "dashboard visual contract, drill-down and accessibility",
          "ok": true,
          "tags": [],
          "tests": [
            {
              "timeout": 30000,
              "annotations": [],
              "expectedStatus": "passed",
              "projectId": "chromium-desktop",
              "projectName": "chromium-desktop",
              "results": [
                {
                  "workerIndex": 4,
                  "parallelIndex": 2,
                  "status": "passed",
                  "duration": 658,
                  "errors": [],
                  "stdout": [],
                  "stderr": [],
                  "retry": 0,
                  "startTime": "2026-10-07T20:13:48.224Z",
                  "annotations": [],
                  "attachments": []
                }
              ],
              "status": "expected"
            }
          ],
          "id": "69da6a877a1448e4f3c4-1da73c0043f981b9c234",
          "file": "core-grc-ui.spec.ts",
          "line": 609,
          "column": 1
        },
        {
          "title": "Aplicabilidad mantiene la baseline comercial en español",
          "ok": true,
          "tags": [],
          "tests": [
            {
              "timeout": 30000,
              "annotations": [],
              "expectedStatus": "passed",
              "projectId": "chromium-desktop",
              "projectName": "chromium-desktop",
              "results": [
                {
                  "workerIndex": 4,
                  "parallelIndex": 2,
                  "status": "passed",
                  "duration": 529,
                  "errors": [],
                  "stdout": [],
                  "stderr": [],
                  "retry": 0,
                  "startTime": "2026-10-07T20:13:48.893Z",
                  "annotations": [],
                  "attachments": []
                }
              ],
              "status": "expected"
            }
          ],
          "id": "69da6a877a1448e4f3c4-fd5aac3335f7acc1fe6a",
          "file": "core-grc-ui.spec.ts",
          "line": 651,
          "column": 3
        },
        {
          "title": "Evaluaciones de requisitos mantiene la baseline comercial en español",
          "ok": true,
          "tags": [],
          "tests": [
            {
              "timeout": 30000,
              "annotations": [],
              "expectedStatus": "passed",
              "projectId": "chromium-desktop",
              "projectName": "chromium-desktop",
              "results": [
                {
                  "workerIndex": 4,
                  "parallelIndex": 2,
                  "status": "passed",
                  "duration": 537,
                  "errors": [],
                  "stdout": [],
                  "stderr": [],
                  "retry": 0,
                  "startTime": "2026-10-07T20:13:49.432Z",
                  "annotations": [],
                  "attachments": []
                }
              ],
              "status": "expected"
            }
          ],
          "id": "69da6a877a1448e4f3c4-c79a23239b9e22f5ca0e",
          "file": "core-grc-ui.spec.ts",
          "line": 651,
          "column": 3
        },
        {
          "title": "Declaración de aplicabilidad mantiene la baseline comercial en español",
          "ok": true,
          "tags": [],
          "tests": [
            {
              "timeout": 30000,
              "annotations": [],
              "expectedStatus": "passed",
              "projectId": "chromium-desktop",
              "projectName": "chromium-desktop",
              "results": [
                {
                  "workerIndex": 4,
                  "parallelIndex": 2,
                  "status": "passed",
                  "duration": 545,
                  "errors": [],
                  "stdout": [],
                  "stderr": [],
                  "retry": 0,
                  "startTime": "2026-10-07T20:13:49.976Z",
                  "annotations": [],
                  "attachments": []
                }
              ],
              "status": "expected"
            }
          ],
          "id": "69da6a877a1448e4f3c4-c0b45f5ab0ab29db8f38",
          "file": "core-grc-ui.spec.ts",
          "line": 651,
          "column": 3
        },
        {
          "title": "Controles mantiene la baseline comercial en español",
          "ok": true,
          "tags": [],
          "tests": [
            {
              "timeout": 30000,
              "annotations": [],
              "expectedStatus": "passed",
              "projectId": "chromium-desktop",
              "projectName": "chromium-desktop",
              "results": [
                {
                  "workerIndex": 4,
                  "parallelIndex": 2,
                  "status": "passed",
                  "duration": 653,
                  "errors": [],
                  "stdout": [],
                  "stderr": [],
                  "retry": 0,
                  "startTime": "2026-10-07T20:13:50.530Z",
                  "annotations": [],
                  "attachments": []
                }
              ],
              "status": "expected"
            }
          ],
          "id": "69da6a877a1448e4f3c4-730c204b8db1c44ce166",
          "file": "core-grc-ui.spec.ts",
          "line": 651,
          "column": 3
        },
        {
          "title": "Evaluaciones de control mantiene la baseline comercial en español",
          "ok": true,
          "tags": [],
          "tests": [
            {
              "timeout": 30000,
              "annotations": [],
              "expectedStatus": "passed",
              "projectId": "chromium-desktop",
              "projectName": "chromium-desktop",
              "results": [
                {
                  "workerIndex": 4,
                  "parallelIndex": 2,
                  "status": "passed",
                  "duration": 669,
                  "errors": [],
                  "stdout": [],
                  "stderr": [],
                  "retry": 0,
                  "startTime": "2026-10-07T20:13:51.192Z",
                  "annotations": [],
                  "attachments": []
                }
              ],
              "status": "expected"
            }
          ],
          "id": "69da6a877a1448e4f3c4-13dd6d3556b1a6d2733d",
          "file": "core-grc-ui.spec.ts",
          "line": 651,
          "column": 3
        },
        {
          "title": "Pruebas de aseguramiento mantiene la baseline comercial en español",
          "ok": true,
          "tags": [],
          "tests": [
            {
              "timeout": 30000,
              "annotations": [],
              "expectedStatus": "passed",
              "projectId": "chromium-desktop",
              "projectName": "chromium-desktop",
              "results": [
                {
                  "workerIndex": 4,
                  "parallelIndex": 2,
                  "status": "passed",
                  "duration": 704,
                  "errors": [],
                  "stdout": [],
                  "stderr": [],
                  "retry": 0,
                  "startTime": "2026-10-07T20:13:51.870Z",
                  "annotations": [],
                  "attachments": []
                }
              ],
              "status": "expected"
            }
          ],
          "id": "69da6a877a1448e4f3c4-9851bbab4bac5f2c48b0",
          "file": "core-grc-ui.spec.ts",
          "line": 651,
          "column": 3
        },
        {
          "title": "Solicitudes de evidencia mantiene la baseline comercial en español",
          "ok": true,
          "tags": [],
          "tests": [
            {
              "timeout": 30000,
              "annotations": [],
              "expectedStatus": "passed",
              "projectId": "chromium-desktop",
              "projectName": "chromium-desktop",
              "results": [
                {
                  "workerIndex": 4,
                  "parallelIndex": 2,
                  "status": "passed",
                  "duration": 552,
                  "errors": [],
                  "stdout": [],
                  "stderr": [],
                  "retry": 0,
                  "startTime": "2026-10-07T20:13:52.585Z",
                  "annotations": [],
                  "attachments": []
                }
              ],
              "status": "expected"
            }
          ],
          "id": "69da6a877a1448e4f3c4-9c8d8f1cd8639d087a1a",
          "file": "core-grc-ui.spec.ts",
          "line": 651,
          "column": 3
        },
        {
          "title": "Evidencias mantiene la baseline comercial en español",
          "ok": true,
          "tags": [],
          "tests": [
            {
              "timeout": 30000,
              "annotations": [],
              "expectedStatus": "passed",
              "projectId": "chromium-desktop",
              "projectName": "chromium-desktop",
              "results": [
                {
                  "workerIndex": 4,
                  "parallelIndex": 2,
                  "status": "passed",
                  "duration": 660,
                  "errors": [],
                  "stdout": [],
                  "stderr": [],
                  "retry": 0,
                  "startTime": "2026-10-07T20:13:53.146Z",
                  "annotations": [],
                  "attachments": []
                }
              ],
              "status": "expected"
            }
          ],
          "id": "69da6a877a1448e4f3c4-d829e7899c4869f29237",
          "file": "core-grc-ui.spec.ts",
          "line": 651,
          "column": 3
        },
        {
          "title": "Políticas de retención mantiene la baseline comercial en español",
          "ok": true,
          "tags": [],
          "tests": [
            {
              "timeout": 30000,
              "annotations": [],
              "expectedStatus": "passed",
              "projectId": "chromium-desktop",
              "projectName": "chromium-desktop",
              "results": [
                {
                  "workerIndex": 4,
                  "parallelIndex": 2,
                  "status": "passed",
                  "duration": 656,
                  "errors": [],
                  "stdout": [],
                  "stderr": [],
                  "retry": 0,
                  "startTime": "2026-10-07T20:13:53.816Z",
                  "annotations": [],
                  "attachments": []
                }
              ],
              "status": "expected"
            }
          ],
          "id": "69da6a877a1448e4f3c4-80efa52f7bd84df5f8bf",
          "file": "core-grc-ui.spec.ts",
          "line": 651,
          "column": 3
        },
        {
          "title": "Hallazgos y brechas mantiene la baseline comercial en español",
          "ok": true,
          "tags": [],
          "tests": [
            {
              "timeout": 30000,
              "annotations": [],
              "expectedStatus": "passed",
              "projectId": "chromium-desktop",
              "projectName": "chromium-desktop",
              "results": [
                {
                  "workerIndex": 4,
                  "parallelIndex": 2,
                  "status": "passed",
                  "duration": 588,
                  "errors": [],
                  "stdout": [],
                  "stderr": [],
                  "retry": 0,
                  "startTime": "2026-10-07T20:13:54.484Z",
                  "annotations": [],
                  "attachments": []
                }
              ],
              "status": "expected"
            }
          ],
          "id": "69da6a877a1448e4f3c4-04ab0ce7a474f8616074",
          "file": "core-grc-ui.spec.ts",
          "line": 651,
          "column": 3
        },
        {
          "title": "Acciones mantiene la baseline comercial en español",
          "ok": true,
          "tags": [],
          "tests": [
            {
              "timeout": 30000,
              "annotations": [],
              "expectedStatus": "passed",
              "projectId": "chromium-desktop",
              "projectName": "chromium-desktop",
              "results": [
                {
                  "workerIndex": 4,
                  "parallelIndex": 2,
                  "status": "passed",
                  "duration": 847,
                  "errors": [],
                  "stdout": [],
                  "stderr": [],
                  "retry": 0,
                  "startTime": "2026-10-07T20:13:55.078Z",
                  "annotations": [],
                  "attachments": []
                }
              ],
              "status": "expected"
            }
          ],
          "id": "69da6a877a1448e4f3c4-e2fd1a14aa5409e7c3d5",
          "file": "core-grc-ui.spec.ts",
          "line": 651,
          "column": 3
        },
        {
          "title": "Control base selector resolves an authorized ControlVersion without a human UUID field",
          "ok": true,
          "tags": [],
          "tests": [
            {
              "timeout": 30000,
              "annotations": [],
              "expectedStatus": "passed",
              "projectId": "chromium-laptop",
              "projectName": "chromium-laptop",
              "results": [
                {
                  "workerIndex": 7,
                  "parallelIndex": 0,
                  "status": "passed",
                  "duration": 659,
                  "errors": [],
                  "stdout": [],
                  "stderr": [],
                  "retry": 0,
                  "startTime": "2026-10-07T20:13:41.254Z",
                  "annotations": [],
                  "attachments": []
                }
              ],
              "status": "expected"
            }
          ],
          "id": "69da6a877a1448e4f3c4-441b10b7174ff9b8c0ca",
          "file": "core-grc-ui.spec.ts",
          "line": 140,
          "column": 1
        },
        {
          "title": "Control catalog filters by an effective contracted framework",
          "ok": true,
          "tags": [],
          "tests": [
            {
              "timeout": 30000,
              "annotations": [],
              "expectedStatus": "passed",
              "projectId": "chromium-laptop",
              "projectName": "chromium-laptop",
              "results": [
                {
                  "workerIndex": 7,
                  "parallelIndex": 0,
                  "status": "passed",
                  "duration": 458,
                  "errors": [],
                  "stdout": [],
                  "stderr": [],
                  "retry": 0,
                  "startTime": "2026-10-07T20:13:42.087Z",
                  "annotations": [],
                  "attachments": []
                }
              ],
              "status": "expected"
            }
          ],
          "id": "69da6a877a1448e4f3c4-15ac61410f7c1b7faaeb",
          "file": "core-grc-ui.spec.ts",
          "line": 162,
          "column": 1
        },
        {
          "title": "Applicability offers only the approved decisions and requires a No aplica rationale",
          "ok": true,
          "tags": [],
          "tests": [
            {
              "timeout": 30000,
              "annotations": [],
              "expectedStatus": "passed",
              "projectId": "chromium-laptop",
              "projectName": "chromium-laptop",
              "results": [
                {
                  "workerIndex": 7,
                  "parallelIndex": 0,
                  "status": "passed",
                  "duration": 622,
                  "errors": [],
                  "stdout": [],
                  "stderr": [],
                  "retry": 0,
                  "startTime": "2026-10-07T20:13:42.557Z",
                  "annotations": [],
                  "attachments": []
                }
              ],
              "status": "expected"
            }
          ],
          "id": "69da6a877a1448e4f3c4-8050eda982e431c0d880",
          "file": "core-grc-ui.spec.ts",
          "line": 179,
          "column": 1
        },
        {
          "title": "Tenant Admin sees own contracted frameworks without commercial commands",
          "ok": true,
          "tags": [],
          "tests": [
            {
              "timeout": 30000,
              "annotations": [],
              "expectedStatus": "passed",
              "projectId": "chromium-laptop",
              "projectName": "chromium-laptop",
              "results": [
                {
                  "workerIndex": 7,
                  "parallelIndex": 0,
                  "status": "passed",
                  "duration": 426,
                  "errors": [],
                  "stdout": [],
                  "stderr": [],
                  "retry": 0,
                  "startTime": "2026-10-07T20:13:43.187Z",
                  "annotations": [],
                  "attachments": []
                }
              ],
              "status": "expected"
            }
          ],
          "id": "69da6a877a1448e4f3c4-25fa8a346494f691cf7b",
          "file": "core-grc-ui.spec.ts",
          "line": 192,
          "column": 1
        },
        {
          "title": "Tenant Admin reads validation access without platform actions",
          "ok": true,
          "tags": [],
          "tests": [
            {
              "timeout": 30000,
              "annotations": [],
              "expectedStatus": "passed",
              "projectId": "chromium-laptop",
              "projectName": "chromium-laptop",
              "results": [
                {
                  "workerIndex": 7,
                  "parallelIndex": 0,
                  "status": "passed",
                  "duration": 389,
                  "errors": [],
                  "stdout": [],
                  "stderr": [],
                  "retry": 0,
                  "startTime": "2026-10-07T20:13:43.619Z",
                  "annotations": [],
                  "attachments": []
                }
              ],
              "status": "expected"
            }
          ],
          "id": "69da6a877a1448e4f3c4-7ae95d41bf9dd7fbbc75",
          "file": "core-grc-ui.spec.ts",
          "line": 201,
          "column": 1
        },
        {
          "title": "Platform Admin creates exact non-authoritative access from canonical candidates",
          "ok": true,
          "tags": [],
          "tests": [
            {
              "timeout": 30000,
              "annotations": [],
              "expectedStatus": "passed",
              "projectId": "chromium-laptop",
              "projectName": "chromium-laptop",
              "results": [
                {
                  "workerIndex": 7,
                  "parallelIndex": 0,
                  "status": "passed",
                  "duration": 1192,
                  "errors": [],
                  "stdout": [],
                  "stderr": [],
                  "retry": 0,
                  "startTime": "2026-10-07T20:13:44.016Z",
                  "annotations": [],
                  "attachments": []
                }
              ],
              "status": "expected"
            }
          ],
          "id": "69da6a877a1448e4f3c4-07ac8980f07a5dff6367",
          "file": "core-grc-ui.spec.ts",
          "line": 221,
          "column": 1
        },
        {
          "title": "Candidate empty and error states have no manual ID fallback",
          "ok": true,
          "tags": [],
          "tests": [
            {
              "timeout": 30000,
              "annotations": [],
              "expectedStatus": "passed",
              "projectId": "chromium-laptop",
              "projectName": "chromium-laptop",
              "results": [
                {
                  "workerIndex": 7,
                  "parallelIndex": 0,
                  "status": "passed",
                  "duration": 832,
                  "errors": [],
                  "stdout": [],
                  "stderr": [],
                  "retry": 0,
                  "startTime": "2026-10-07T20:13:45.227Z",
                  "annotations": [],
                  "attachments": []
                }
              ],
              "status": "expected"
            }
          ],
          "id": "69da6a877a1448e4f3c4-03dd48695d85d14fb48e",
          "file": "core-grc-ui.spec.ts",
          "line": 298,
          "column": 1
        },
        {
          "title": "Validation CREATE 400 displays the canonical denial and preserves list authority",
          "ok": true,
          "tags": [],
          "tests": [
            {
              "timeout": 30000,
              "annotations": [],
              "expectedStatus": "passed",
              "projectId": "chromium-laptop",
              "projectName": "chromium-laptop",
              "results": [
                {
                  "workerIndex": 7,
                  "parallelIndex": 0,
                  "status": "passed",
                  "duration": 667,
                  "errors": [],
                  "stdout": [],
                  "stderr": [],
                  "retry": 0,
                  "startTime": "2026-10-07T20:13:46.069Z",
                  "annotations": [],
                  "attachments": []
                }
              ],
              "status": "expected"
            }
          ],
          "id": "69da6a877a1448e4f3c4-2f89eca252d0626188ef",
          "file": "core-grc-ui.spec.ts",
          "line": 319,
          "column": 3
        },
        {
          "title": "Validation CREATE 401 displays the canonical denial and preserves list authority",
          "ok": true,
          "tags": [],
          "tests": [
            {
              "timeout": 30000,
              "annotations": [],
              "expectedStatus": "passed",
              "projectId": "chromium-laptop",
              "projectName": "chromium-laptop",
              "results": [
                {
                  "workerIndex": 7,
                  "parallelIndex": 0,
                  "status": "passed",
                  "duration": 855,
                  "errors": [],
                  "stdout": [],
                  "stderr": [],
                  "retry": 0,
                  "startTime": "2026-10-07T20:13:46.743Z",
                  "annotations": [],
                  "attachments": []
                }
              ],
              "status": "expected"
            }
          ],
          "id": "69da6a877a1448e4f3c4-f11c624fd4c661ff0842",
          "file": "core-grc-ui.spec.ts",
          "line": 319,
          "column": 3
        },
        {
          "title": "Validation CREATE 403 displays the canonical denial and preserves list authority",
          "ok": true,
          "tags": [],
          "tests": [
            {
              "timeout": 30000,
              "annotations": [],
              "expectedStatus": "passed",
              "projectId": "chromium-laptop",
              "projectName": "chromium-laptop",
              "results": [
                {
                  "workerIndex": 7,
                  "parallelIndex": 0,
                  "status": "passed",
                  "duration": 1167,
                  "errors": [],
                  "stdout": [],
                  "stderr": [],
                  "retry": 0,
                  "startTime": "2026-10-07T20:13:47.625Z",
                  "annotations": [],
                  "attachments": []
                }
              ],
              "status": "expected"
            }
          ],
          "id": "69da6a877a1448e4f3c4-f01c8b501f3af854cc8b",
          "file": "core-grc-ui.spec.ts",
          "line": 319,
          "column": 3
        },
        {
          "title": "Validation CREATE 404 displays the canonical denial and preserves list authority",
          "ok": true,
          "tags": [],
          "tests": [
            {
              "timeout": 30000,
              "annotations": [],
              "expectedStatus": "passed",
              "projectId": "chromium-laptop",
              "projectName": "chromium-laptop",
              "results": [
                {
                  "workerIndex": 7,
                  "parallelIndex": 0,
                  "status": "passed",
                  "duration": 706,
                  "errors": [],
                  "stdout": [],
                  "stderr": [],
                  "retry": 0,
                  "startTime": "2026-10-07T20:13:48.824Z",
                  "annotations": [],
                  "attachments": []
                }
              ],
              "status": "expected"
            }
          ],
          "id": "69da6a877a1448e4f3c4-ad25c18c98b204a1142c",
          "file": "core-grc-ui.spec.ts",
          "line": 319,
          "column": 3
        },
        {
          "title": "Validation CREATE 409 displays the canonical denial and preserves list authority",
          "ok": true,
          "tags": [],
          "tests": [
            {
              "timeout": 30000,
              "annotations": [],
              "expectedStatus": "passed",
              "projectId": "chromium-laptop",
              "projectName": "chromium-laptop",
              "results": [
                {
                  "workerIndex": 7,
                  "parallelIndex": 0,
                  "status": "passed",
                  "duration": 736,
                  "errors": [],
                  "stdout": [],
                  "stderr": [],
                  "retry": 0,
                  "startTime": "2026-10-07T20:13:49.535Z",
                  "annotations": [],
                  "attachments": []
                }
              ],
              "status": "expected"
            }
          ],
          "id": "69da6a877a1448e4f3c4-6b3341409ddc4bcfc679",
          "file": "core-grc-ui.spec.ts",
          "line": 319,
          "column": 3
        },
        {
          "title": "Validation CREATE ignores a repeated click while the POST is pending",
          "ok": true,
          "tags": [],
          "tests": [
            {
              "timeout": 30000,
              "annotations": [],
              "expectedStatus": "passed",
              "projectId": "chromium-laptop",
              "projectName": "chromium-laptop",
              "results": [
                {
                  "workerIndex": 7,
                  "parallelIndex": 0,
                  "status": "passed",
                  "duration": 861,
                  "errors": [],
                  "stdout": [],
                  "stderr": [],
                  "retry": 0,
                  "startTime": "2026-10-07T20:13:50.283Z",
                  "annotations": [],
                  "attachments": []
                }
              ],
              "status": "expected"
            }
          ],
          "id": "69da6a877a1448e4f3c4-ab677ff31d663e9a6fd5",
          "file": "core-grc-ui.spec.ts",
          "line": 354,
          "column": 1
        },
        {
          "title": "Platform Admin revokes validation access with reason, CAS and a local refresh",
          "ok": true,
          "tags": [],
          "tests": [
            {
              "timeout": 30000,
              "annotations": [],
              "expectedStatus": "passed",
              "projectId": "chromium-laptop",
              "projectName": "chromium-laptop",
              "results": [
                {
                  "workerIndex": 7,
                  "parallelIndex": 0,
                  "status": "passed",
                  "duration": 854,
                  "errors": [],
                  "stdout": [],
                  "stderr": [],
                  "retry": 0,
                  "startTime": "2026-10-07T20:13:51.159Z",
                  "annotations": [],
                  "attachments": []
                }
              ],
              "status": "expected"
            }
          ],
          "id": "69da6a877a1448e4f3c4-c7df1391079274bd6b61",
          "file": "core-grc-ui.spec.ts",
          "line": 380,
          "column": 1
        },
        {
          "title": "Platform Admin sees a validation access conflict without a false success",
          "ok": true,
          "tags": [],
          "tests": [
            {
              "timeout": 30000,
              "annotations": [],
              "expectedStatus": "passed",
              "projectId": "chromium-laptop",
              "projectName": "chromium-laptop",
              "results": [
                {
                  "workerIndex": 7,
                  "parallelIndex": 0,
                  "status": "passed",
                  "duration": 610,
                  "errors": [],
                  "stdout": [],
                  "stderr": [],
                  "retry": 0,
                  "startTime": "2026-10-07T20:13:52.020Z",
                  "annotations": [],
                  "attachments": []
                }
              ],
              "status": "expected"
            }
          ],
          "id": "69da6a877a1448e4f3c4-c6c9b04e3fe1fe44ec60",
          "file": "core-grc-ui.spec.ts",
          "line": 422,
          "column": 1
        },
        {
          "title": "Tenant Admin creates a canonical Subject in company settings",
          "ok": true,
          "tags": [],
          "tests": [
            {
              "timeout": 30000,
              "annotations": [],
              "expectedStatus": "passed",
              "projectId": "chromium-laptop",
              "projectName": "chromium-laptop",
              "results": [
                {
                  "workerIndex": 7,
                  "parallelIndex": 0,
                  "status": "passed",
                  "duration": 622,
                  "errors": [],
                  "stdout": [],
                  "stderr": [],
                  "retry": 0,
                  "startTime": "2026-10-07T20:13:52.646Z",
                  "annotations": [],
                  "attachments": []
                }
              ],
              "status": "expected"
            }
          ],
          "id": "69da6a877a1448e4f3c4-024eb2bc1492bacb1977",
          "file": "core-grc-ui.spec.ts",
          "line": 447,
          "column": 1
        },
        {
          "title": "QA validation content displays its condition and keeps filters tenant-scoped",
          "ok": true,
          "tags": [],
          "tests": [
            {
              "timeout": 30000,
              "annotations": [],
              "expectedStatus": "passed",
              "projectId": "chromium-laptop",
              "projectName": "chromium-laptop",
              "results": [
                {
                  "workerIndex": 7,
                  "parallelIndex": 0,
                  "status": "passed",
                  "duration": 809,
                  "errors": [],
                  "stdout": [],
                  "stderr": [],
                  "retry": 0,
                  "startTime": "2026-10-07T20:13:53.275Z",
                  "annotations": [],
                  "attachments": []
                }
              ],
              "status": "expected"
            }
          ],
          "id": "69da6a877a1448e4f3c4-cfdad748b0fff11cede9",
          "file": "core-grc-ui.spec.ts",
          "line": 459,
          "column": 1
        },
        {
          "title": "login surface exposes the governed OIDC entry point",
          "ok": true,
          "tags": [],
          "tests": [
            {
              "timeout": 30000,
              "annotations": [],
              "expectedStatus": "passed",
              "projectId": "chromium-laptop",
              "projectName": "chromium-laptop",
              "results": [
                {
                  "workerIndex": 7,
                  "parallelIndex": 0,
                  "status": "passed",
                  "duration": 625,
                  "errors": [],
                  "stdout": [],
                  "stderr": [],
                  "retry": 0,
                  "startTime": "2026-10-07T20:13:54.092Z",
                  "annotations": [],
                  "attachments": []
                }
              ],
              "status": "expected"
            }
          ],
          "id": "69da6a877a1448e4f3c4-135cfc9e82cd4a283541",
          "file": "core-grc-ui.spec.ts",
          "line": 487,
          "column": 1
        },
        {
          "title": "invitation entry clears the one-time token from the visible URL",
          "ok": true,
          "tags": [],
          "tests": [
            {
              "timeout": 30000,
              "annotations": [],
              "expectedStatus": "passed",
              "projectId": "chromium-laptop",
              "projectName": "chromium-laptop",
              "results": [
                {
                  "workerIndex": 7,
                  "parallelIndex": 0,
                  "status": "passed",
                  "duration": 630,
                  "errors": [],
                  "stdout": [],
                  "stderr": [],
                  "retry": 0,
                  "startTime": "2026-10-07T20:13:54.726Z",
                  "annotations": [],
                  "attachments": []
                }
              ],
              "status": "expected"
            }
          ],
          "id": "69da6a877a1448e4f3c4-0f5e91aa6957e35b8b87",
          "file": "core-grc-ui.spec.ts",
          "line": 501,
          "column": 1
        },
        {
          "title": "platform admin can generate a Zoho invitation without automatic roles",
          "ok": true,
          "tags": [],
          "tests": [
            {
              "timeout": 30000,
              "annotations": [],
              "expectedStatus": "passed",
              "projectId": "chromium-laptop",
              "projectName": "chromium-laptop",
              "results": [
                {
                  "workerIndex": 7,
                  "parallelIndex": 0,
                  "status": "passed",
                  "duration": 1402,
                  "errors": [],
                  "stdout": [],
                  "stderr": [],
                  "retry": 0,
                  "startTime": "2026-10-07T20:13:55.365Z",
                  "annotations": [],
                  "attachments": []
                }
              ],
              "status": "expected"
            }
          ],
          "id": "69da6a877a1448e4f3c4-d5278c5094f8ed5e6360",
          "file": "core-grc-ui.spec.ts",
          "line": 514,
          "column": 1
        },
        {
          "title": "Platform companies and tenant users expose the canonical administrative flow",
          "ok": true,
          "tags": [],
          "tests": [
            {
              "timeout": 30000,
              "annotations": [],
              "expectedStatus": "passed",
              "projectId": "chromium-laptop",
              "projectName": "chromium-laptop",
              "results": [
                {
                  "workerIndex": 7,
                  "parallelIndex": 0,
                  "status": "passed",
                  "duration": 944,
                  "errors": [],
                  "stdout": [],
                  "stderr": [],
                  "retry": 0,
                  "startTime": "2026-10-07T20:13:56.777Z",
                  "annotations": [],
                  "attachments": []
                }
              ],
              "status": "expected"
            }
          ],
          "id": "69da6a877a1448e4f3c4-2861bd6b97857ae29f7b",
          "file": "core-grc-ui.spec.ts",
          "line": 533,
          "column": 1
        },
        {
          "title": "removing one tenant role requires human confirmation and preserves the other",
          "ok": true,
          "tags": [],
          "tests": [
            {
              "timeout": 30000,
              "annotations": [],
              "expectedStatus": "passed",
              "projectId": "chromium-laptop",
              "projectName": "chromium-laptop",
              "results": [
                {
                  "workerIndex": 7,
                  "parallelIndex": 0,
                  "status": "passed",
                  "duration": 686,
                  "errors": [],
                  "stdout": [],
                  "stderr": [],
                  "retry": 0,
                  "startTime": "2026-10-07T20:13:57.729Z",
                  "annotations": [],
                  "attachments": []
                }
              ],
              "status": "expected"
            }
          ],
          "id": "69da6a877a1448e4f3c4-54b318a9c339a10f1568",
          "file": "core-grc-ui.spec.ts",
          "line": 558,
          "column": 1
        },
        {
          "title": "dashboard visual contract, drill-down and accessibility",
          "ok": true,
          "tags": [],
          "tests": [
            {
              "timeout": 30000,
              "annotations": [],
              "expectedStatus": "passed",
              "projectId": "chromium-laptop",
              "projectName": "chromium-laptop",
              "results": [
                {
                  "workerIndex": 7,
                  "parallelIndex": 0,
                  "status": "passed",
                  "duration": 675,
                  "errors": [],
                  "stdout": [],
                  "stderr": [],
                  "retry": 0,
                  "startTime": "2026-10-07T20:13:58.423Z",
                  "annotations": [],
                  "attachments": []
                }
              ],
              "status": "expected"
            }
          ],
          "id": "69da6a877a1448e4f3c4-acf71e51e5148bfc51f2",
          "file": "core-grc-ui.spec.ts",
          "line": 609,
          "column": 1
        },
        {
          "title": "Aplicabilidad mantiene la baseline comercial en español",
          "ok": true,
          "tags": [],
          "tests": [
            {
              "timeout": 30000,
              "annotations": [],
              "expectedStatus": "passed",
              "projectId": "chromium-laptop",
              "projectName": "chromium-laptop",
              "results": [
                {
                  "workerIndex": 7,
                  "parallelIndex": 0,
                  "status": "passed",
                  "duration": 447,
                  "errors": [],
                  "stdout": [],
                  "stderr": [],
                  "retry": 0,
                  "startTime": "2026-10-07T20:13:59.111Z",
                  "annotations": [],
                  "attachments": []
                }
              ],
              "status": "expected"
            }
          ],
          "id": "69da6a877a1448e4f3c4-60d007359438767642d3",
          "file": "core-grc-ui.spec.ts",
          "line": 651,
          "column": 3
        },
        {
          "title": "Evaluaciones de requisitos mantiene la baseline comercial en español",
          "ok": true,
          "tags": [],
          "tests": [
            {
              "timeout": 30000,
              "annotations": [],
              "expectedStatus": "passed",
              "projectId": "chromium-laptop",
              "projectName": "chromium-laptop",
              "results": [
                {
                  "workerIndex": 7,
                  "parallelIndex": 0,
                  "status": "passed",
                  "duration": 499,
                  "errors": [],
                  "stdout": [],
                  "stderr": [],
                  "retry": 0,
                  "startTime": "2026-10-07T20:13:59.568Z",
                  "annotations": [],
                  "attachments": []
                }
              ],
              "status": "expected"
            }
          ],
          "id": "69da6a877a1448e4f3c4-9cb61665ddc4e8a3bbb8",
          "file": "core-grc-ui.spec.ts",
          "line": 651,
          "column": 3
        },
        {
          "title": "Declaración de aplicabilidad mantiene la baseline comercial en español",
          "ok": true,
          "tags": [],
          "tests": [
            {
              "timeout": 30000,
              "annotations": [],
              "expectedStatus": "passed",
              "projectId": "chromium-laptop",
              "projectName": "chromium-laptop",
              "results": [
                {
                  "workerIndex": 7,
                  "parallelIndex": 0,
                  "status": "passed",
                  "duration": 613,
                  "errors": [],
                  "stdout": [],
                  "stderr": [],
                  "retry": 0,
                  "startTime": "2026-10-07T20:14:00.076Z",
                  "annotations": [],
                  "attachments": []
                }
              ],
              "status": "expected"
            }
          ],
          "id": "69da6a877a1448e4f3c4-26969671c2d72fe44e6e",
          "file": "core-grc-ui.spec.ts",
          "line": 651,
          "column": 3
        },
        {
          "title": "Controles mantiene la baseline comercial en español",
          "ok": true,
          "tags": [],
          "tests": [
            {
              "timeout": 30000,
              "annotations": [],
              "expectedStatus": "passed",
              "projectId": "chromium-laptop",
              "projectName": "chromium-laptop",
              "results": [
                {
                  "workerIndex": 7,
                  "parallelIndex": 0,
                  "status": "passed",
                  "duration": 780,
                  "errors": [],
                  "stdout": [],
                  "stderr": [],
                  "retry": 0,
                  "startTime": "2026-10-07T20:14:00.699Z",
                  "annotations": [],
                  "attachments": []
                }
              ],
              "status": "expected"
            }
          ],
          "id": "69da6a877a1448e4f3c4-120e687b5cfb1e0cead3",
          "file": "core-grc-ui.spec.ts",
          "line": 651,
          "column": 3
        },
        {
          "title": "Evaluaciones de control mantiene la baseline comercial en español",
          "ok": true,
          "tags": [],
          "tests": [
            {
              "timeout": 30000,
              "annotations": [],
              "expectedStatus": "passed",
              "projectId": "chromium-laptop",
              "projectName": "chromium-laptop",
              "results": [
                {
                  "workerIndex": 7,
                  "parallelIndex": 0,
                  "status": "passed",
                  "duration": 575,
                  "errors": [],
                  "stdout": [],
                  "stderr": [],
                  "retry": 0,
                  "startTime": "2026-10-07T20:14:01.488Z",
                  "annotations": [],
                  "attachments": []
                }
              ],
              "status": "expected"
            }
          ],
          "id": "69da6a877a1448e4f3c4-8d72529bffbdfa94c943",
          "file": "core-grc-ui.spec.ts",
          "line": 651,
          "column": 3
        },
        {
          "title": "Pruebas de aseguramiento mantiene la baseline comercial en español",
          "ok": true,
          "tags": [],
          "tests": [
            {
              "timeout": 30000,
              "annotations": [],
              "expectedStatus": "passed",
              "projectId": "chromium-laptop",
              "projectName": "chromium-laptop",
              "results": [
                {
                  "workerIndex": 7,
                  "parallelIndex": 0,
                  "status": "passed",
                  "duration": 744,
                  "errors": [],
                  "stdout": [],
                  "stderr": [],
                  "retry": 0,
                  "startTime": "2026-10-07T20:14:02.073Z",
                  "annotations": [],
                  "attachments": []
                }
              ],
              "status": "expected"
            }
          ],
          "id": "69da6a877a1448e4f3c4-f6ddd6fb782995632259",
          "file": "core-grc-ui.spec.ts",
          "line": 651,
          "column": 3
        },
        {
          "title": "Solicitudes de evidencia mantiene la baseline comercial en español",
          "ok": true,
          "tags": [],
          "tests": [
            {
              "timeout": 30000,
              "annotations": [],
              "expectedStatus": "passed",
              "projectId": "chromium-laptop",
              "projectName": "chromium-laptop",
              "results": [
                {
                  "workerIndex": 7,
                  "parallelIndex": 0,
                  "status": "passed",
                  "duration": 617,
                  "errors": [],
                  "stdout": [],
                  "stderr": [],
                  "retry": 0,
                  "startTime": "2026-10-07T20:14:02.829Z",
                  "annotations": [],
                  "attachments": []
                }
              ],
              "status": "expected"
            }
          ],
          "id": "69da6a877a1448e4f3c4-a3acde1db3fe72b8d1e6",
          "file": "core-grc-ui.spec.ts",
          "line": 651,
          "column": 3
        },
        {
          "title": "Evidencias mantiene la baseline comercial en español",
          "ok": true,
          "tags": [],
          "tests": [
            {
              "timeout": 30000,
              "annotations": [],
              "expectedStatus": "passed",
              "projectId": "chromium-laptop",
              "projectName": "chromium-laptop",
              "results": [
                {
                  "workerIndex": 7,
                  "parallelIndex": 0,
                  "status": "passed",
                  "duration": 908,
                  "errors": [],
                  "stdout": [],
                  "stderr": [],
                  "retry": 0,
                  "startTime": "2026-10-07T20:14:03.463Z",
                  "annotations": [],
                  "attachments": []
                }
              ],
              "status": "expected"
            }
          ],
          "id": "69da6a877a1448e4f3c4-ffdbf4dc8b5b8757dda6",
          "file": "core-grc-ui.spec.ts",
          "line": 651,
          "column": 3
        },
        {
          "title": "Políticas de retención mantiene la baseline comercial en español",
          "ok": true,
          "tags": [],
          "tests": [
            {
              "timeout": 30000,
              "annotations": [],
              "expectedStatus": "passed",
              "projectId": "chromium-laptop",
              "projectName": "chromium-laptop",
              "results": [
                {
                  "workerIndex": 7,
                  "parallelIndex": 0,
                  "status": "passed",
                  "duration": 848,
                  "errors": [],
                  "stdout": [],
                  "stderr": [],
                  "retry": 0,
                  "startTime": "2026-10-07T20:14:04.381Z",
                  "annotations": [],
                  "attachments": []
                }
              ],
              "status": "expected"
            }
          ],
          "id": "69da6a877a1448e4f3c4-339e736a8c4fb657ff05",
          "file": "core-grc-ui.spec.ts",
          "line": 651,
          "column": 3
        },
        {
          "title": "Hallazgos y brechas mantiene la baseline comercial en español",
          "ok": true,
          "tags": [],
          "tests": [
            {
              "timeout": 30000,
              "annotations": [],
              "expectedStatus": "passed",
              "projectId": "chromium-laptop",
              "projectName": "chromium-laptop",
              "results": [
                {
                  "workerIndex": 7,
                  "parallelIndex": 0,
                  "status": "passed",
                  "duration": 681,
                  "errors": [],
                  "stdout": [],
                  "stderr": [],
                  "retry": 0,
                  "startTime": "2026-10-07T20:14:05.238Z",
                  "annotations": [],
                  "attachments": []
                }
              ],
              "status": "expected"
            }
          ],
          "id": "69da6a877a1448e4f3c4-013d47237fd44a0b3b1c",
          "file": "core-grc-ui.spec.ts",
          "line": 651,
          "column": 3
        },
        {
          "title": "Acciones mantiene la baseline comercial en español",
          "ok": true,
          "tags": [],
          "tests": [
            {
              "timeout": 30000,
              "annotations": [],
              "expectedStatus": "passed",
              "projectId": "chromium-laptop",
              "projectName": "chromium-laptop",
              "results": [
                {
                  "workerIndex": 7,
                  "parallelIndex": 0,
                  "status": "passed",
                  "duration": 845,
                  "errors": [],
                  "stdout": [],
                  "stderr": [],
                  "retry": 0,
                  "startTime": "2026-10-07T20:14:05.928Z",
                  "annotations": [],
                  "attachments": []
                }
              ],
              "status": "expected"
            }
          ],
          "id": "69da6a877a1448e4f3c4-baa370126bc105dc53fd",
          "file": "core-grc-ui.spec.ts",
          "line": 651,
          "column": 3
        },
        {
          "title": "Control base selector resolves an authorized ControlVersion without a human UUID field",
          "ok": true,
          "tags": [],
          "tests": [
            {
              "timeout": 30000,
              "annotations": [],
              "expectedStatus": "passed",
              "projectId": "chromium-tablet",
              "projectName": "chromium-tablet",
              "results": [
                {
                  "workerIndex": 11,
                  "parallelIndex": 2,
                  "status": "passed",
                  "duration": 788,
                  "errors": [],
                  "stdout": [],
                  "stderr": [],
                  "retry": 0,
                  "startTime": "2026-10-07T20:14:04.747Z",
                  "annotations": [],
                  "attachments": []
                }
              ],
              "status": "expected"
            }
          ],
          "id": "69da6a877a1448e4f3c4-f39fcbc1a9630f074c99",
          "file": "core-grc-ui.spec.ts",
          "line": 140,
          "column": 1
        },
        {
          "title": "Control catalog filters by an effective contracted framework",
          "ok": true,
          "tags": [],
          "tests": [
            {
              "timeout": 30000,
              "annotations": [],
              "expectedStatus": "passed",
              "projectId": "chromium-tablet",
              "projectName": "chromium-tablet",
              "results": [
                {
                  "workerIndex": 11,
                  "parallelIndex": 2,
                  "status": "passed",
                  "duration": 599,
                  "errors": [],
                  "stdout": [],
                  "stderr": [],
                  "retry": 0,
                  "startTime": "2026-10-07T20:14:05.859Z",
                  "annotations": [],
                  "attachments": []
                }
              ],
              "status": "expected"
            }
          ],
          "id": "69da6a877a1448e4f3c4-c735de1c17fdbd1bde6c",
          "file": "core-grc-ui.spec.ts",
          "line": 162,
          "column": 1
        },
        {
          "title": "Applicability offers only the approved decisions and requires a No aplica rationale",
          "ok": true,
          "tags": [],
          "tests": [
            {
              "timeout": 30000,
              "annotations": [],
              "expectedStatus": "passed",
              "projectId": "chromium-tablet",
              "projectName": "chromium-tablet",
              "results": [
                {
                  "workerIndex": 11,
                  "parallelIndex": 2,
                  "status": "passed",
                  "duration": 1146,
                  "errors": [],
                  "stdout": [],
                  "stderr": [],
                  "retry": 0,
                  "startTime": "2026-10-07T20:14:06.471Z",
                  "annotations": [],
                  "attachments": []
                }
              ],
              "status": "expected"
            }
          ],
          "id": "69da6a877a1448e4f3c4-afdc8fa2aca20ef309ea",
          "file": "core-grc-ui.spec.ts",
          "line": 179,
          "column": 1
        },
        {
          "title": "Tenant Admin sees own contracted frameworks without commercial commands",
          "ok": true,
          "tags": [],
          "tests": [
            {
              "timeout": 30000,
              "annotations": [],
              "expectedStatus": "passed",
              "projectId": "chromium-tablet",
              "projectName": "chromium-tablet",
              "results": [
                {
                  "workerIndex": 11,
                  "parallelIndex": 2,
                  "status": "passed",
                  "duration": 548,
                  "errors": [],
                  "stdout": [],
                  "stderr": [],
                  "retry": 0,
                  "startTime": "2026-10-07T20:14:07.633Z",
                  "annotations": [],
                  "attachments": []
                }
              ],
              "status": "expected"
            }
          ],
          "id": "69da6a877a1448e4f3c4-319cbf975744554b2481",
          "file": "core-grc-ui.spec.ts",
          "line": 192,
          "column": 1
        },
        {
          "title": "Tenant Admin reads validation access without platform actions",
          "ok": true,
          "tags": [],
          "tests": [
            {
              "timeout": 30000,
              "annotations": [],
              "expectedStatus": "passed",
              "projectId": "chromium-tablet",
              "projectName": "chromium-tablet",
              "results": [
                {
                  "workerIndex": 11,
                  "parallelIndex": 2,
                  "status": "passed",
                  "duration": 630,
                  "errors": [],
                  "stdout": [],
                  "stderr": [],
                  "retry": 0,
                  "startTime": "2026-10-07T20:14:08.196Z",
                  "annotations": [],
                  "attachments": []
                }
              ],
              "status": "expected"
            }
          ],
          "id": "69da6a877a1448e4f3c4-b385959de3978a195a8f",
          "file": "core-grc-ui.spec.ts",
          "line": 201,
          "column": 1
        },
        {
          "title": "Platform Admin creates exact non-authoritative access from canonical candidates",
          "ok": true,
          "tags": [],
          "tests": [
            {
              "timeout": 30000,
              "annotations": [],
              "expectedStatus": "passed",
              "projectId": "chromium-tablet",
              "projectName": "chromium-tablet",
              "results": [
                {
                  "workerIndex": 11,
                  "parallelIndex": 2,
                  "status": "passed",
                  "duration": 1102,
                  "errors": [],
                  "stdout": [],
                  "stderr": [],
                  "retry": 0,
                  "startTime": "2026-10-07T20:14:08.842Z",
                  "annotations": [],
                  "attachments": []
                }
              ],
              "status": "expected"
            }
          ],
          "id": "69da6a877a1448e4f3c4-5a4a384b63b2d977ca5f",
          "file": "core-grc-ui.spec.ts",
          "line": 221,
          "column": 1
        },
        {
          "title": "Candidate empty and error states have no manual ID fallback",
          "ok": true,
          "tags": [],
          "tests": [
            {
              "timeout": 30000,
              "annotations": [],
              "expectedStatus": "passed",
              "projectId": "chromium-tablet",
              "projectName": "chromium-tablet",
              "results": [
                {
                  "workerIndex": 11,
                  "parallelIndex": 2,
                  "status": "passed",
                  "duration": 811,
                  "errors": [],
                  "stdout": [],
                  "stderr": [],
                  "retry": 0,
                  "startTime": "2026-10-07T20:14:09.955Z",
                  "annotations": [],
                  "attachments": []
                }
              ],
              "status": "expected"
            }
          ],
          "id": "69da6a877a1448e4f3c4-e04aa03d5bb46e667af5",
          "file": "core-grc-ui.spec.ts",
          "line": 298,
          "column": 1
        },
        {
          "title": "Validation CREATE 400 displays the canonical denial and preserves list authority",
          "ok": true,
          "tags": [],
          "tests": [
            {
              "timeout": 30000,
              "annotations": [],
              "expectedStatus": "passed",
              "projectId": "chromium-tablet",
              "projectName": "chromium-tablet",
              "results": [
                {
                  "workerIndex": 11,
                  "parallelIndex": 2,
                  "status": "passed",
                  "duration": 695,
                  "errors": [],
                  "stdout": [],
                  "stderr": [],
                  "retry": 0,
                  "startTime": "2026-10-07T20:14:10.779Z",
                  "annotations": [],
                  "attachments": []
                }
              ],
              "status": "expected"
            }
          ],
          "id": "69da6a877a1448e4f3c4-d269559c1132fa5644e1",
          "file": "core-grc-ui.spec.ts",
          "line": 319,
          "column": 3
        },
        {
          "title": "Validation CREATE 401 displays the canonical denial and preserves list authority",
          "ok": true,
          "tags": [],
          "tests": [
            {
              "timeout": 30000,
              "annotations": [],
              "expectedStatus": "passed",
              "projectId": "chromium-tablet",
              "projectName": "chromium-tablet",
              "results": [
                {
                  "workerIndex": 11,
                  "parallelIndex": 2,
                  "status": "passed",
                  "duration": 674,
                  "errors": [],
                  "stdout": [],
                  "stderr": [],
                  "retry": 0,
                  "startTime": "2026-10-07T20:14:11.483Z",
                  "annotations": [],
                  "attachments": []
                }
              ],
              "status": "expected"
            }
          ],
          "id": "69da6a877a1448e4f3c4-9798c765b08f3b1c014f",
          "file": "core-grc-ui.spec.ts",
          "line": 319,
          "column": 3
        },
        {
          "title": "Validation CREATE 403 displays the canonical denial and preserves list authority",
          "ok": true,
          "tags": [],
          "tests": [
            {
              "timeout": 30000,
              "annotations": [],
              "expectedStatus": "passed",
              "projectId": "chromium-tablet",
              "projectName": "chromium-tablet",
              "results": [
                {
                  "workerIndex": 11,
                  "parallelIndex": 2,
                  "status": "passed",
                  "duration": 732,
                  "errors": [],
                  "stdout": [],
                  "stderr": [],
                  "retry": 0,
                  "startTime": "2026-10-07T20:14:12.164Z",
                  "annotations": [],
                  "attachments": []
                }
              ],
              "status": "expected"
            }
          ],
          "id": "69da6a877a1448e4f3c4-72a58abbd955957f65f2",
          "file": "core-grc-ui.spec.ts",
          "line": 319,
          "column": 3
        },
        {
          "title": "Validation CREATE 404 displays the canonical denial and preserves list authority",
          "ok": true,
          "tags": [],
          "tests": [
            {
              "timeout": 30000,
              "annotations": [],
              "expectedStatus": "passed",
              "projectId": "chromium-tablet",
              "projectName": "chromium-tablet",
              "results": [
                {
                  "workerIndex": 11,
                  "parallelIndex": 2,
                  "status": "passed",
                  "duration": 976,
                  "errors": [],
                  "stdout": [],
                  "stderr": [],
                  "retry": 0,
                  "startTime": "2026-10-07T20:14:12.904Z",
                  "annotations": [],
                  "attachments": []
                }
              ],
              "status": "expected"
            }
          ],
          "id": "69da6a877a1448e4f3c4-55e43a13c254ef96f5bd",
          "file": "core-grc-ui.spec.ts",
          "line": 319,
          "column": 3
        },
        {
          "title": "Validation CREATE 409 displays the canonical denial and preserves list authority",
          "ok": true,
          "tags": [],
          "tests": [
            {
              "timeout": 30000,
              "annotations": [],
              "expectedStatus": "passed",
              "projectId": "chromium-tablet",
              "projectName": "chromium-tablet",
              "results": [
                {
                  "workerIndex": 11,
                  "parallelIndex": 2,
                  "status": "passed",
                  "duration": 898,
                  "errors": [],
                  "stdout": [],
                  "stderr": [],
                  "retry": 0,
                  "startTime": "2026-10-07T20:14:13.903Z",
                  "annotations": [],
                  "attachments": []
                }
              ],
              "status": "expected"
            }
          ],
          "id": "69da6a877a1448e4f3c4-320082e74ac97583164b",
          "file": "core-grc-ui.spec.ts",
          "line": 319,
          "column": 3
        },
        {
          "title": "Validation CREATE ignores a repeated click while the POST is pending",
          "ok": true,
          "tags": [],
          "tests": [
            {
              "timeout": 30000,
              "annotations": [],
              "expectedStatus": "passed",
              "projectId": "chromium-tablet",
              "projectName": "chromium-tablet",
              "results": [
                {
                  "workerIndex": 11,
                  "parallelIndex": 2,
                  "status": "passed",
                  "duration": 702,
                  "errors": [],
                  "stdout": [],
                  "stderr": [],
                  "retry": 0,
                  "startTime": "2026-10-07T20:14:14.819Z",
                  "annotations": [],
                  "attachments": []
                }
              ],
              "status": "expected"
            }
          ],
          "id": "69da6a877a1448e4f3c4-c8d095bfc2b284b3e457",
          "file": "core-grc-ui.spec.ts",
          "line": 354,
          "column": 1
        },
        {
          "title": "Platform Admin revokes validation access with reason, CAS and a local refresh",
          "ok": true,
          "tags": [],
          "tests": [
            {
              "timeout": 30000,
              "annotations": [],
              "expectedStatus": "passed",
              "projectId": "chromium-tablet",
              "projectName": "chromium-tablet",
              "results": [
                {
                  "workerIndex": 11,
                  "parallelIndex": 2,
                  "status": "passed",
                  "duration": 780,
                  "errors": [],
                  "stdout": [],
                  "stderr": [],
                  "retry": 0,
                  "startTime": "2026-10-07T20:14:15.530Z",
                  "annotations": [],
                  "attachments": []
                }
              ],
              "status": "expected"
            }
          ],
          "id": "69da6a877a1448e4f3c4-1eb78ddd2320f00b147b",
          "file": "core-grc-ui.spec.ts",
          "line": 380,
          "column": 1
        },
        {
          "title": "Platform Admin sees a validation access conflict without a false success",
          "ok": true,
          "tags": [],
          "tests": [
            {
              "timeout": 30000,
              "annotations": [],
              "expectedStatus": "passed",
              "projectId": "chromium-tablet",
              "projectName": "chromium-tablet",
              "results": [
                {
                  "workerIndex": 11,
                  "parallelIndex": 2,
                  "status": "passed",
                  "duration": 582,
                  "errors": [],
                  "stdout": [],
                  "stderr": [],
                  "retry": 0,
                  "startTime": "2026-10-07T20:14:16.317Z",
                  "annotations": [],
                  "attachments": []
                }
              ],
              "status": "expected"
            }
          ],
          "id": "69da6a877a1448e4f3c4-472d3068a50c548214fa",
          "file": "core-grc-ui.spec.ts",
          "line": 422,
          "column": 1
        },
        {
          "title": "Tenant Admin creates a canonical Subject in company settings",
          "ok": true,
          "tags": [],
          "tests": [
            {
              "timeout": 30000,
              "annotations": [],
              "expectedStatus": "passed",
              "projectId": "chromium-tablet",
              "projectName": "chromium-tablet",
              "results": [
                {
                  "workerIndex": 11,
                  "parallelIndex": 2,
                  "status": "passed",
                  "duration": 595,
                  "errors": [],
                  "stdout": [],
                  "stderr": [],
                  "retry": 0,
                  "startTime": "2026-10-07T20:14:16.911Z",
                  "annotations": [],
                  "attachments": []
                }
              ],
              "status": "expected"
            }
          ],
          "id": "69da6a877a1448e4f3c4-f30bb5a9cb1a74241087",
          "file": "core-grc-ui.spec.ts",
          "line": 447,
          "column": 1
        },
        {
          "title": "QA validation content displays its condition and keeps filters tenant-scoped",
          "ok": true,
          "tags": [],
          "tests": [
            {
              "timeout": 30000,
              "annotations": [],
              "expectedStatus": "passed",
              "projectId": "chromium-tablet",
              "projectName": "chromium-tablet",
              "results": [
                {
                  "workerIndex": 11,
                  "parallelIndex": 2,
                  "status": "passed",
                  "duration": 719,
                  "errors": [],
                  "stdout": [],
                  "stderr": [],
                  "retry": 0,
                  "startTime": "2026-10-07T20:14:17.515Z",
                  "annotations": [],
                  "attachments": []
                }
              ],
              "status": "expected"
            }
          ],
          "id": "69da6a877a1448e4f3c4-bc9cee91e02ce9e2aa74",
          "file": "core-grc-ui.spec.ts",
          "line": 459,
          "column": 1
        },
        {
          "title": "login surface exposes the governed OIDC entry point",
          "ok": true,
          "tags": [],
          "tests": [
            {
              "timeout": 30000,
              "annotations": [],
              "expectedStatus": "passed",
              "projectId": "chromium-tablet",
              "projectName": "chromium-tablet",
              "results": [
                {
                  "workerIndex": 11,
                  "parallelIndex": 2,
                  "status": "passed",
                  "duration": 647,
                  "errors": [],
                  "stdout": [],
                  "stderr": [],
                  "retry": 0,
                  "startTime": "2026-10-07T20:14:18.241Z",
                  "annotations": [],
                  "attachments": []
                }
              ],
              "status": "expected"
            }
          ],
          "id": "69da6a877a1448e4f3c4-b9e859ffb96b8a8bab8b",
          "file": "core-grc-ui.spec.ts",
          "line": 487,
          "column": 1
        },
        {
          "title": "invitation entry clears the one-time token from the visible URL",
          "ok": true,
          "tags": [],
          "tests": [
            {
              "timeout": 30000,
              "annotations": [],
              "expectedStatus": "passed",
              "projectId": "chromium-tablet",
              "projectName": "chromium-tablet",
              "results": [
                {
                  "workerIndex": 11,
                  "parallelIndex": 2,
                  "status": "passed",
                  "duration": 734,
                  "errors": [],
                  "stdout": [],
                  "stderr": [],
                  "retry": 0,
                  "startTime": "2026-10-07T20:14:18.894Z",
                  "annotations": [],
                  "attachments": []
                }
              ],
              "status": "expected"
            }
          ],
          "id": "69da6a877a1448e4f3c4-ec2b5de000ed9e0bde2d",
          "file": "core-grc-ui.spec.ts",
          "line": 501,
          "column": 1
        },
        {
          "title": "platform admin can generate a Zoho invitation without automatic roles",
          "ok": true,
          "tags": [],
          "tests": [
            {
              "timeout": 30000,
              "annotations": [],
              "expectedStatus": "passed",
              "projectId": "chromium-tablet",
              "projectName": "chromium-tablet",
              "results": [
                {
                  "workerIndex": 11,
                  "parallelIndex": 2,
                  "status": "passed",
                  "duration": 1069,
                  "errors": [],
                  "stdout": [],
                  "stderr": [],
                  "retry": 0,
                  "startTime": "2026-10-07T20:14:19.639Z",
                  "annotations": [],
                  "attachments": []
                }
              ],
              "status": "expected"
            }
          ],
          "id": "69da6a877a1448e4f3c4-f2b00b1d21db52b497cb",
          "file": "core-grc-ui.spec.ts",
          "line": 514,
          "column": 1
        },
        {
          "title": "Platform companies and tenant users expose the canonical administrative flow",
          "ok": true,
          "tags": [],
          "tests": [
            {
              "timeout": 30000,
              "annotations": [],
              "expectedStatus": "passed",
              "projectId": "chromium-tablet",
              "projectName": "chromium-tablet",
              "results": [
                {
                  "workerIndex": 11,
                  "parallelIndex": 2,
                  "status": "passed",
                  "duration": 987,
                  "errors": [],
                  "stdout": [],
                  "stderr": [],
                  "retry": 0,
                  "startTime": "2026-10-07T20:14:20.726Z",
                  "annotations": [],
                  "attachments": []
                }
              ],
              "status": "expected"
            }
          ],
          "id": "69da6a877a1448e4f3c4-be8cf52f1bc04af0be3a",
          "file": "core-grc-ui.spec.ts",
          "line": 533,
          "column": 1
        },
        {
          "title": "removing one tenant role requires human confirmation and preserves the other",
          "ok": true,
          "tags": [],
          "tests": [
            {
              "timeout": 30000,
              "annotations": [],
              "expectedStatus": "passed",
              "projectId": "chromium-tablet",
              "projectName": "chromium-tablet",
              "results": [
                {
                  "workerIndex": 11,
                  "parallelIndex": 2,
                  "status": "passed",
                  "duration": 683,
                  "errors": [],
                  "stdout": [],
                  "stderr": [],
                  "retry": 0,
                  "startTime": "2026-10-07T20:14:21.721Z",
                  "annotations": [],
                  "attachments": []
                }
              ],
              "status": "expected"
            }
          ],
          "id": "69da6a877a1448e4f3c4-635e6799b7369851acce",
          "file": "core-grc-ui.spec.ts",
          "line": 558,
          "column": 1
        },
        {
          "title": "dashboard visual contract, drill-down and accessibility",
          "ok": true,
          "tags": [],
          "tests": [
            {
              "timeout": 30000,
              "annotations": [],
              "expectedStatus": "passed",
              "projectId": "chromium-tablet",
              "projectName": "chromium-tablet",
              "results": [
                {
                  "workerIndex": 11,
                  "parallelIndex": 2,
                  "status": "passed",
                  "duration": 509,
                  "errors": [],
                  "stdout": [],
                  "stderr": [],
                  "retry": 0,
                  "startTime": "2026-10-07T20:14:22.411Z",
                  "annotations": [],
                  "attachments": []
                }
              ],
              "status": "expected"
            }
          ],
          "id": "69da6a877a1448e4f3c4-2215bb12bbf501c425d8",
          "file": "core-grc-ui.spec.ts",
          "line": 609,
          "column": 1
        },
        {
          "title": "Aplicabilidad mantiene la baseline comercial en español",
          "ok": true,
          "tags": [],
          "tests": [
            {
              "timeout": 30000,
              "annotations": [],
              "expectedStatus": "passed",
              "projectId": "chromium-tablet",
              "projectName": "chromium-tablet",
              "results": [
                {
                  "workerIndex": 11,
                  "parallelIndex": 2,
                  "status": "passed",
                  "duration": 414,
                  "errors": [],
                  "stdout": [],
                  "stderr": [],
                  "retry": 0,
                  "startTime": "2026-10-07T20:14:22.925Z",
                  "annotations": [],
                  "attachments": []
                }
              ],
              "status": "expected"
            }
          ],
          "id": "69da6a877a1448e4f3c4-0cbed96ab4f5a1b270f5",
          "file": "core-grc-ui.spec.ts",
          "line": 651,
          "column": 3
        },
        {
          "title": "Evaluaciones de requisitos mantiene la baseline comercial en español",
          "ok": true,
          "tags": [],
          "tests": [
            {
              "timeout": 30000,
              "annotations": [],
              "expectedStatus": "passed",
              "projectId": "chromium-tablet",
              "projectName": "chromium-tablet",
              "results": [
                {
                  "workerIndex": 11,
                  "parallelIndex": 2,
                  "status": "passed",
                  "duration": 420,
                  "errors": [],
                  "stdout": [],
                  "stderr": [],
                  "retry": 0,
                  "startTime": "2026-10-07T20:14:23.344Z",
                  "annotations": [],
                  "attachments": []
                }
              ],
              "status": "expected"
            }
          ],
          "id": "69da6a877a1448e4f3c4-d61ffe96e44ff354ba88",
          "file": "core-grc-ui.spec.ts",
          "line": 651,
          "column": 3
        },
        {
          "title": "Declaración de aplicabilidad mantiene la baseline comercial en español",
          "ok": true,
          "tags": [],
          "tests": [
            {
              "timeout": 30000,
              "annotations": [],
              "expectedStatus": "passed",
              "projectId": "chromium-tablet",
              "projectName": "chromium-tablet",
              "results": [
                {
                  "workerIndex": 11,
                  "parallelIndex": 2,
                  "status": "passed",
                  "duration": 470,
                  "errors": [],
                  "stdout": [],
                  "stderr": [],
                  "retry": 0,
                  "startTime": "2026-10-07T20:14:23.769Z",
                  "annotations": [],
                  "attachments": []
                }
              ],
              "status": "expected"
            }
          ],
          "id": "69da6a877a1448e4f3c4-7cf324a375868508a28d",
          "file": "core-grc-ui.spec.ts",
          "line": 651,
          "column": 3
        },
        {
          "title": "Controles mantiene la baseline comercial en español",
          "ok": true,
          "tags": [],
          "tests": [
            {
              "timeout": 30000,
              "annotations": [],
              "expectedStatus": "passed",
              "projectId": "chromium-tablet",
              "projectName": "chromium-tablet",
              "results": [
                {
                  "workerIndex": 11,
                  "parallelIndex": 2,
                  "status": "passed",
                  "duration": 498,
                  "errors": [],
                  "stdout": [],
                  "stderr": [],
                  "retry": 0,
                  "startTime": "2026-10-07T20:14:24.247Z",
                  "annotations": [],
                  "attachments": []
                }
              ],
              "status": "expected"
            }
          ],
          "id": "69da6a877a1448e4f3c4-39932ca824567a75dc30",
          "file": "core-grc-ui.spec.ts",
          "line": 651,
          "column": 3
        },
        {
          "title": "Evaluaciones de control mantiene la baseline comercial en español",
          "ok": true,
          "tags": [],
          "tests": [
            {
              "timeout": 30000,
              "annotations": [],
              "expectedStatus": "passed",
              "projectId": "chromium-tablet",
              "projectName": "chromium-tablet",
              "results": [
                {
                  "workerIndex": 11,
                  "parallelIndex": 2,
                  "status": "passed",
                  "duration": 477,
                  "errors": [],
                  "stdout": [],
                  "stderr": [],
                  "retry": 0,
                  "startTime": "2026-10-07T20:14:24.751Z",
                  "annotations": [],
                  "attachments": []
                }
              ],
              "status": "expected"
            }
          ],
          "id": "69da6a877a1448e4f3c4-c90fbf24fa7627e684e2",
          "file": "core-grc-ui.spec.ts",
          "line": 651,
          "column": 3
        },
        {
          "title": "Pruebas de aseguramiento mantiene la baseline comercial en español",
          "ok": true,
          "tags": [],
          "tests": [
            {
              "timeout": 30000,
              "annotations": [],
              "expectedStatus": "passed",
              "projectId": "chromium-tablet",
              "projectName": "chromium-tablet",
              "results": [
                {
                  "workerIndex": 11,
                  "parallelIndex": 2,
                  "status": "passed",
                  "duration": 549,
                  "errors": [],
                  "stdout": [],
                  "stderr": [],
                  "retry": 0,
                  "startTime": "2026-10-07T20:14:25.235Z",
                  "annotations": [],
                  "attachments": []
                }
              ],
              "status": "expected"
            }
          ],
          "id": "69da6a877a1448e4f3c4-13ae05fb9db9213efff8",
          "file": "core-grc-ui.spec.ts",
          "line": 651,
          "column": 3
        },
        {
          "title": "Solicitudes de evidencia mantiene la baseline comercial en español",
          "ok": true,
          "tags": [],
          "tests": [
            {
              "timeout": 30000,
              "annotations": [],
              "expectedStatus": "passed",
              "projectId": "chromium-tablet",
              "projectName": "chromium-tablet",
              "results": [
                {
                  "workerIndex": 11,
                  "parallelIndex": 2,
                  "status": "passed",
                  "duration": 422,
                  "errors": [],
                  "stdout": [],
                  "stderr": [],
                  "retry": 0,
                  "startTime": "2026-10-07T20:14:25.790Z",
                  "annotations": [],
                  "attachments": []
                }
              ],
              "status": "expected"
            }
          ],
          "id": "69da6a877a1448e4f3c4-22ad7d9dd8fa55e0a753",
          "file": "core-grc-ui.spec.ts",
          "line": 651,
          "column": 3
        },
        {
          "title": "Evidencias mantiene la baseline comercial en español",
          "ok": true,
          "tags": [],
          "tests": [
            {
              "timeout": 30000,
              "annotations": [],
              "expectedStatus": "passed",
              "projectId": "chromium-tablet",
              "projectName": "chromium-tablet",
              "results": [
                {
                  "workerIndex": 11,
                  "parallelIndex": 2,
                  "status": "passed",
                  "duration": 547,
                  "errors": [],
                  "stdout": [],
                  "stderr": [],
                  "retry": 0,
                  "startTime": "2026-10-07T20:14:26.219Z",
                  "annotations": [],
                  "attachments": []
                }
              ],
              "status": "expected"
            }
          ],
          "id": "69da6a877a1448e4f3c4-48d4f30f5e2109030b72",
          "file": "core-grc-ui.spec.ts",
          "line": 651,
          "column": 3
        },
        {
          "title": "Políticas de retención mantiene la baseline comercial en español",
          "ok": true,
          "tags": [],
          "tests": [
            {
              "timeout": 30000,
              "annotations": [],
              "expectedStatus": "passed",
              "projectId": "chromium-tablet",
              "projectName": "chromium-tablet",
              "results": [
                {
                  "workerIndex": 11,
                  "parallelIndex": 2,
                  "status": "passed",
                  "duration": 556,
                  "errors": [],
                  "stdout": [],
                  "stderr": [],
                  "retry": 0,
                  "startTime": "2026-10-07T20:14:26.773Z",
                  "annotations": [],
                  "attachments": []
                }
              ],
              "status": "expected"
            }
          ],
          "id": "69da6a877a1448e4f3c4-98e28d2d0977a178ebc8",
          "file": "core-grc-ui.spec.ts",
          "line": 651,
          "column": 3
        },
        {
          "title": "Hallazgos y brechas mantiene la baseline comercial en español",
          "ok": true,
          "tags": [],
          "tests": [
            {
              "timeout": 30000,
              "annotations": [],
              "expectedStatus": "passed",
              "projectId": "chromium-tablet",
              "projectName": "chromium-tablet",
              "results": [
                {
                  "workerIndex": 11,
                  "parallelIndex": 2,
                  "status": "passed",
                  "duration": 423,
                  "errors": [],
                  "stdout": [],
                  "stderr": [],
                  "retry": 0,
                  "startTime": "2026-10-07T20:14:27.335Z",
                  "annotations": [],
                  "attachments": []
                }
              ],
              "status": "expected"
            }
          ],
          "id": "69da6a877a1448e4f3c4-59726740af2ee2f36fbc",
          "file": "core-grc-ui.spec.ts",
          "line": 651,
          "column": 3
        },
        {
          "title": "Acciones mantiene la baseline comercial en español",
          "ok": true,
          "tags": [],
          "tests": [
            {
              "timeout": 30000,
              "annotations": [],
              "expectedStatus": "passed",
              "projectId": "chromium-tablet",
              "projectName": "chromium-tablet",
              "results": [
                {
                  "workerIndex": 11,
                  "parallelIndex": 2,
                  "status": "passed",
                  "duration": 514,
                  "errors": [],
                  "stdout": [],
                  "stderr": [],
                  "retry": 0,
                  "startTime": "2026-10-07T20:14:27.765Z",
                  "annotations": [],
                  "attachments": []
                }
              ],
              "status": "expected"
            }
          ],
          "id": "69da6a877a1448e4f3c4-8def09f541b9dfdd3690",
          "file": "core-grc-ui.spec.ts",
          "line": 651,
          "column": 3
        },
        {
          "title": "Control base selector resolves an authorized ControlVersion without a human UUID field",
          "ok": true,
          "tags": [],
          "tests": [
            {
              "timeout": 30000,
              "annotations": [],
              "expectedStatus": "passed",
              "projectId": "chromium-narrow",
              "projectName": "chromium-narrow",
              "results": [
                {
                  "workerIndex": 15,
                  "parallelIndex": 0,
                  "status": "passed",
                  "duration": 831,
                  "errors": [],
                  "stdout": [],
                  "stderr": [],
                  "retry": 0,
                  "startTime": "2026-10-07T20:14:18.232Z",
                  "annotations": [],
                  "attachments": []
                }
              ],
              "status": "expected"
            }
          ],
          "id": "69da6a877a1448e4f3c4-d0b0fa77d63fd3850241",
          "file": "core-grc-ui.spec.ts",
          "line": 140,
          "column": 1
        },
        {
          "title": "Control catalog filters by an effective contracted framework",
          "ok": true,
          "tags": [],
          "tests": [
            {
              "timeout": 30000,
              "annotations": [],
              "expectedStatus": "passed",
              "projectId": "chromium-narrow",
              "projectName": "chromium-narrow",
              "results": [
                {
                  "workerIndex": 15,
                  "parallelIndex": 0,
                  "status": "passed",
                  "duration": 430,
                  "errors": [],
                  "stdout": [],
                  "stderr": [],
                  "retry": 0,
                  "startTime": "2026-10-07T20:14:19.255Z",
                  "annotations": [],
                  "attachments": []
                }
              ],
              "status": "expected"
            }
          ],
          "id": "69da6a877a1448e4f3c4-87c83cc96f70970aca7b",
          "file": "core-grc-ui.spec.ts",
          "line": 162,
          "column": 1
        },
        {
          "title": "Applicability offers only the approved decisions and requires a No aplica rationale",
          "ok": true,
          "tags": [],
          "tests": [
            {
              "timeout": 30000,
              "annotations": [],
              "expectedStatus": "passed",
              "projectId": "chromium-narrow",
              "projectName": "chromium-narrow",
              "results": [
                {
                  "workerIndex": 15,
                  "parallelIndex": 0,
                  "status": "passed",
                  "duration": 596,
                  "errors": [],
                  "stdout": [],
                  "stderr": [],
                  "retry": 0,
                  "startTime": "2026-10-07T20:14:19.697Z",
                  "annotations": [],
                  "attachments": []
                }
              ],
              "status": "expected"
            }
          ],
          "id": "69da6a877a1448e4f3c4-e7988a30a95a8d5b7592",
          "file": "core-grc-ui.spec.ts",
          "line": 179,
          "column": 1
        },
        {
          "title": "Tenant Admin sees own contracted frameworks without commercial commands",
          "ok": true,
          "tags": [],
          "tests": [
            {
              "timeout": 30000,
              "annotations": [],
              "expectedStatus": "passed",
              "projectId": "chromium-narrow",
              "projectName": "chromium-narrow",
              "results": [
                {
                  "workerIndex": 15,
                  "parallelIndex": 0,
                  "status": "passed",
                  "duration": 494,
                  "errors": [],
                  "stdout": [],
                  "stderr": [],
                  "retry": 0,
                  "startTime": "2026-10-07T20:14:20.301Z",
                  "annotations": [],
                  "attachments": []
                }
              ],
              "status": "expected"
            }
          ],
          "id": "69da6a877a1448e4f3c4-e140c221f627ab5b2e54",
          "file": "core-grc-ui.spec.ts",
          "line": 192,
          "column": 1
        },
        {
          "title": "Tenant Admin reads validation access without platform actions",
          "ok": true,
          "tags": [],
          "tests": [
            {
              "timeout": 30000,
              "annotations": [],
              "expectedStatus": "passed",
              "projectId": "chromium-narrow",
              "projectName": "chromium-narrow",
              "results": [
                {
                  "workerIndex": 15,
                  "parallelIndex": 0,
                  "status": "passed",
                  "duration": 474,
                  "errors": [],
                  "stdout": [],
                  "stderr": [],
                  "retry": 0,
                  "startTime": "2026-10-07T20:14:20.804Z",
                  "annotations": [],
                  "attachments": []
                }
              ],
              "status": "expected"
            }
          ],
          "id": "69da6a877a1448e4f3c4-67ed00f17bfb115d820b",
          "file": "core-grc-ui.spec.ts",
          "line": 201,
          "column": 1
        },
        {
          "title": "Platform Admin creates exact non-authoritative access from canonical candidates",
          "ok": true,
          "tags": [],
          "tests": [
            {
              "timeout": 30000,
              "annotations": [],
              "expectedStatus": "passed",
              "projectId": "chromium-narrow",
              "projectName": "chromium-narrow",
              "results": [
                {
                  "workerIndex": 15,
                  "parallelIndex": 0,
                  "status": "passed",
                  "duration": 888,
                  "errors": [],
                  "stdout": [],
                  "stderr": [],
                  "retry": 0,
                  "startTime": "2026-10-07T20:14:21.287Z",
                  "annotations": [],
                  "attachments": []
                }
              ],
              "status": "expected"
            }
          ],
          "id": "69da6a877a1448e4f3c4-c4b7d8e9cdbd8e5780ee",
          "file": "core-grc-ui.spec.ts",
          "line": 221,
          "column": 1
        },
        {
          "title": "Candidate empty and error states have no manual ID fallback",
          "ok": true,
          "tags": [],
          "tests": [
            {
              "timeout": 30000,
              "annotations": [],
              "expectedStatus": "passed",
              "projectId": "chromium-narrow",
              "projectName": "chromium-narrow",
              "results": [
                {
                  "workerIndex": 15,
                  "parallelIndex": 0,
                  "status": "passed",
                  "duration": 665,
                  "errors": [],
                  "stdout": [],
                  "stderr": [],
                  "retry": 0,
                  "startTime": "2026-10-07T20:14:22.182Z",
                  "annotations": [],
                  "attachments": []
                }
              ],
              "status": "expected"
            }
          ],
          "id": "69da6a877a1448e4f3c4-7fc42f11b9575b5a6171",
          "file": "core-grc-ui.spec.ts",
          "line": 298,
          "column": 1
        },
        {
          "title": "Validation CREATE 400 displays the canonical denial and preserves list authority",
          "ok": true,
          "tags": [],
          "tests": [
            {
              "timeout": 30000,
              "annotations": [],
              "expectedStatus": "passed",
              "projectId": "chromium-narrow",
              "projectName": "chromium-narrow",
              "results": [
                {
                  "workerIndex": 15,
                  "parallelIndex": 0,
                  "status": "passed",
                  "duration": 567,
                  "errors": [],
                  "stdout": [],
                  "stderr": [],
                  "retry": 0,
                  "startTime": "2026-10-07T20:14:22.860Z",
                  "annotations": [],
                  "attachments": []
                }
              ],
              "status": "expected"
            }
          ],
          "id": "69da6a877a1448e4f3c4-f649f3675b36b9ff4960",
          "file": "core-grc-ui.spec.ts",
          "line": 319,
          "column": 3
        },
        {
          "title": "Validation CREATE 401 displays the canonical denial and preserves list authority",
          "ok": true,
          "tags": [],
          "tests": [
            {
              "timeout": 30000,
              "annotations": [],
              "expectedStatus": "passed",
              "projectId": "chromium-narrow",
              "projectName": "chromium-narrow",
              "results": [
                {
                  "workerIndex": 15,
                  "parallelIndex": 0,
                  "status": "passed",
                  "duration": 656,
                  "errors": [],
                  "stdout": [],
                  "stderr": [],
                  "retry": 0,
                  "startTime": "2026-10-07T20:14:23.434Z",
                  "annotations": [],
                  "attachments": []
                }
              ],
              "status": "expected"
            }
          ],
          "id": "69da6a877a1448e4f3c4-973766323446fda7ab96",
          "file": "core-grc-ui.spec.ts",
          "line": 319,
          "column": 3
        },
        {
          "title": "Validation CREATE 403 displays the canonical denial and preserves list authority",
          "ok": true,
          "tags": [],
          "tests": [
            {
              "timeout": 30000,
              "annotations": [],
              "expectedStatus": "passed",
              "projectId": "chromium-narrow",
              "projectName": "chromium-narrow",
              "results": [
                {
                  "workerIndex": 15,
                  "parallelIndex": 0,
                  "status": "passed",
                  "duration": 590,
                  "errors": [],
                  "stdout": [],
                  "stderr": [],
                  "retry": 0,
                  "startTime": "2026-10-07T20:14:24.098Z",
                  "annotations": [],
                  "attachments": []
                }
              ],
              "status": "expected"
            }
          ],
          "id": "69da6a877a1448e4f3c4-4e80cee05f72921accb8",
          "file": "core-grc-ui.spec.ts",
          "line": 319,
          "column": 3
        },
        {
          "title": "Validation CREATE 404 displays the canonical denial and preserves list authority",
          "ok": true,
          "tags": [],
          "tests": [
            {
              "timeout": 30000,
              "annotations": [],
              "expectedStatus": "passed",
              "projectId": "chromium-narrow",
              "projectName": "chromium-narrow",
              "results": [
                {
                  "workerIndex": 15,
                  "parallelIndex": 0,
                  "status": "passed",
                  "duration": 573,
                  "errors": [],
                  "stdout": [],
                  "stderr": [],
                  "retry": 0,
                  "startTime": "2026-10-07T20:14:24.693Z",
                  "annotations": [],
                  "attachments": []
                }
              ],
              "status": "expected"
            }
          ],
          "id": "69da6a877a1448e4f3c4-c04065d3c2531cfb8518",
          "file": "core-grc-ui.spec.ts",
          "line": 319,
          "column": 3
        },
        {
          "title": "Validation CREATE 409 displays the canonical denial and preserves list authority",
          "ok": true,
          "tags": [],
          "tests": [
            {
              "timeout": 30000,
              "annotations": [],
              "expectedStatus": "passed",
              "projectId": "chromium-narrow",
              "projectName": "chromium-narrow",
              "results": [
                {
                  "workerIndex": 15,
                  "parallelIndex": 0,
                  "status": "passed",
                  "duration": 611,
                  "errors": [],
                  "stdout": [],
                  "stderr": [],
                  "retry": 0,
                  "startTime": "2026-10-07T20:14:25.270Z",
                  "annotations": [],
                  "attachments": []
                }
              ],
              "status": "expected"
            }
          ],
          "id": "69da6a877a1448e4f3c4-fca0882a01325cae113d",
          "file": "core-grc-ui.spec.ts",
          "line": 319,
          "column": 3
        },
        {
          "title": "Validation CREATE ignores a repeated click while the POST is pending",
          "ok": true,
          "tags": [],
          "tests": [
            {
              "timeout": 30000,
              "annotations": [],
              "expectedStatus": "passed",
              "projectId": "chromium-narrow",
              "projectName": "chromium-narrow",
              "results": [
                {
                  "workerIndex": 15,
                  "parallelIndex": 0,
                  "status": "passed",
                  "duration": 568,
                  "errors": [],
                  "stdout": [],
                  "stderr": [],
                  "retry": 0,
                  "startTime": "2026-10-07T20:14:25.888Z",
                  "annotations": [],
                  "attachments": []
                }
              ],
              "status": "expected"
            }
          ],
          "id": "69da6a877a1448e4f3c4-9b9200a4ff04dd6da682",
          "file": "core-grc-ui.spec.ts",
          "line": 354,
          "column": 1
        },
        {
          "title": "Platform Admin revokes validation access with reason, CAS and a local refresh",
          "ok": true,
          "tags": [],
          "tests": [
            {
              "timeout": 30000,
              "annotations": [],
              "expectedStatus": "passed",
              "projectId": "chromium-narrow",
              "projectName": "chromium-narrow",
              "results": [
                {
                  "workerIndex": 15,
                  "parallelIndex": 0,
                  "status": "passed",
                  "duration": 663,
                  "errors": [],
                  "stdout": [],
                  "stderr": [],
                  "retry": 0,
                  "startTime": "2026-10-07T20:14:26.461Z",
                  "annotations": [],
                  "attachments": []
                }
              ],
              "status": "expected"
            }
          ],
          "id": "69da6a877a1448e4f3c4-30cac428999474a3d0cb",
          "file": "core-grc-ui.spec.ts",
          "line": 380,
          "column": 1
        },
        {
          "title": "Platform Admin sees a validation access conflict without a false success",
          "ok": true,
          "tags": [],
          "tests": [
            {
              "timeout": 30000,
              "annotations": [],
              "expectedStatus": "passed",
              "projectId": "chromium-narrow",
              "projectName": "chromium-narrow",
              "results": [
                {
                  "workerIndex": 15,
                  "parallelIndex": 0,
                  "status": "passed",
                  "duration": 489,
                  "errors": [],
                  "stdout": [],
                  "stderr": [],
                  "retry": 0,
                  "startTime": "2026-10-07T20:14:27.128Z",
                  "annotations": [],
                  "attachments": []
                }
              ],
              "status": "expected"
            }
          ],
          "id": "69da6a877a1448e4f3c4-6dac06caf6e81d78c536",
          "file": "core-grc-ui.spec.ts",
          "line": 422,
          "column": 1
        },
        {
          "title": "Tenant Admin creates a canonical Subject in company settings",
          "ok": true,
          "tags": [],
          "tests": [
            {
              "timeout": 30000,
              "annotations": [],
              "expectedStatus": "passed",
              "projectId": "chromium-narrow",
              "projectName": "chromium-narrow",
              "results": [
                {
                  "workerIndex": 15,
                  "parallelIndex": 0,
                  "status": "passed",
                  "duration": 529,
                  "errors": [],
                  "stdout": [],
                  "stderr": [],
                  "retry": 0,
                  "startTime": "2026-10-07T20:14:27.628Z",
                  "annotations": [],
                  "attachments": []
                }
              ],
              "status": "expected"
            }
          ],
          "id": "69da6a877a1448e4f3c4-0b25c0c230cd98476f54",
          "file": "core-grc-ui.spec.ts",
          "line": 447,
          "column": 1
        },
        {
          "title": "QA validation content displays its condition and keeps filters tenant-scoped",
          "ok": true,
          "tags": [],
          "tests": [
            {
              "timeout": 30000,
              "annotations": [],
              "expectedStatus": "passed",
              "projectId": "chromium-narrow",
              "projectName": "chromium-narrow",
              "results": [
                {
                  "workerIndex": 15,
                  "parallelIndex": 0,
                  "status": "passed",
                  "duration": 584,
                  "errors": [],
                  "stdout": [],
                  "stderr": [],
                  "retry": 0,
                  "startTime": "2026-10-07T20:14:28.162Z",
                  "annotations": [],
                  "attachments": []
                }
              ],
              "status": "expected"
            }
          ],
          "id": "69da6a877a1448e4f3c4-09124d1bd122b03f6e42",
          "file": "core-grc-ui.spec.ts",
          "line": 459,
          "column": 1
        },
        {
          "title": "login surface exposes the governed OIDC entry point",
          "ok": true,
          "tags": [],
          "tests": [
            {
              "timeout": 30000,
              "annotations": [],
              "expectedStatus": "passed",
              "projectId": "chromium-narrow",
              "projectName": "chromium-narrow",
              "results": [
                {
                  "workerIndex": 15,
                  "parallelIndex": 0,
                  "status": "passed",
                  "duration": 282,
                  "errors": [],
                  "stdout": [],
                  "stderr": [],
                  "retry": 0,
                  "startTime": "2026-10-07T20:14:28.750Z",
                  "annotations": [],
                  "attachments": []
                }
              ],
              "status": "expected"
            }
          ],
          "id": "69da6a877a1448e4f3c4-e3739c09fbf4c8860d40",
          "file": "core-grc-ui.spec.ts",
          "line": 487,
          "column": 1
        },
        {
          "title": "invitation entry clears the one-time token from the visible URL",
          "ok": true,
          "tags": [],
          "tests": [
            {
              "timeout": 30000,
              "annotations": [],
              "expectedStatus": "passed",
              "projectId": "chromium-narrow",
              "projectName": "chromium-narrow",
              "results": [
                {
                  "workerIndex": 15,
                  "parallelIndex": 0,
                  "status": "passed",
                  "duration": 308,
                  "errors": [],
                  "stdout": [],
                  "stderr": [],
                  "retry": 0,
                  "startTime": "2026-10-07T20:14:29.036Z",
                  "annotations": [],
                  "attachments": []
                }
              ],
              "status": "expected"
            }
          ],
          "id": "69da6a877a1448e4f3c4-41ab346677f265e67c96",
          "file": "core-grc-ui.spec.ts",
          "line": 501,
          "column": 1
        },
        {
          "title": "platform admin can generate a Zoho invitation without automatic roles",
          "ok": true,
          "tags": [],
          "tests": [
            {
              "timeout": 30000,
              "annotations": [],
              "expectedStatus": "passed",
              "projectId": "chromium-narrow",
              "projectName": "chromium-narrow",
              "results": [
                {
                  "workerIndex": 15,
                  "parallelIndex": 0,
                  "status": "passed",
                  "duration": 986,
                  "errors": [],
                  "stdout": [],
                  "stderr": [],
                  "retry": 0,
                  "startTime": "2026-10-07T20:14:29.347Z",
                  "annotations": [],
                  "attachments": []
                }
              ],
              "status": "expected"
            }
          ],
          "id": "69da6a877a1448e4f3c4-ee59bca95b60d536584b",
          "file": "core-grc-ui.spec.ts",
          "line": 514,
          "column": 1
        },
        {
          "title": "Platform companies and tenant users expose the canonical administrative flow",
          "ok": true,
          "tags": [],
          "tests": [
            {
              "timeout": 30000,
              "annotations": [],
              "expectedStatus": "passed",
              "projectId": "chromium-narrow",
              "projectName": "chromium-narrow",
              "results": [
                {
                  "workerIndex": 15,
                  "parallelIndex": 0,
                  "status": "passed",
                  "duration": 692,
                  "errors": [],
                  "stdout": [],
                  "stderr": [],
                  "retry": 0,
                  "startTime": "2026-10-07T20:14:30.339Z",
                  "annotations": [],
                  "attachments": []
                }
              ],
              "status": "expected"
            }
          ],
          "id": "69da6a877a1448e4f3c4-16900ab3a622a29ee6a9",
          "file": "core-grc-ui.spec.ts",
          "line": 533,
          "column": 1
        },
        {
          "title": "removing one tenant role requires human confirmation and preserves the other",
          "ok": true,
          "tags": [],
          "tests": [
            {
              "timeout": 30000,
              "annotations": [],
              "expectedStatus": "passed",
              "projectId": "chromium-narrow",
              "projectName": "chromium-narrow",
              "results": [
                {
                  "workerIndex": 15,
                  "parallelIndex": 0,
                  "status": "passed",
                  "duration": 470,
                  "errors": [],
                  "stdout": [],
                  "stderr": [],
                  "retry": 0,
                  "startTime": "2026-10-07T20:14:31.037Z",
                  "annotations": [],
                  "attachments": []
                }
              ],
              "status": "expected"
            }
          ],
          "id": "69da6a877a1448e4f3c4-18017efb3e3f4dc12036",
          "file": "core-grc-ui.spec.ts",
          "line": 558,
          "column": 1
        },
        {
          "title": "dashboard visual contract, drill-down and accessibility",
          "ok": true,
          "tags": [],
          "tests": [
            {
              "timeout": 30000,
              "annotations": [],
              "expectedStatus": "passed",
              "projectId": "chromium-narrow",
              "projectName": "chromium-narrow",
              "results": [
                {
                  "workerIndex": 15,
                  "parallelIndex": 0,
                  "status": "passed",
                  "duration": 403,
                  "errors": [],
                  "stdout": [],
                  "stderr": [],
                  "retry": 0,
                  "startTime": "2026-10-07T20:14:31.511Z",
                  "annotations": [],
                  "attachments": []
                }
              ],
              "status": "expected"
            }
          ],
          "id": "69da6a877a1448e4f3c4-f5ff47e2028b1e67e351",
          "file": "core-grc-ui.spec.ts",
          "line": 609,
          "column": 1
        },
        {
          "title": "Aplicabilidad mantiene la baseline comercial en español",
          "ok": true,
          "tags": [],
          "tests": [
            {
              "timeout": 30000,
              "annotations": [],
              "expectedStatus": "passed",
              "projectId": "chromium-narrow",
              "projectName": "chromium-narrow",
              "results": [
                {
                  "workerIndex": 15,
                  "parallelIndex": 0,
                  "status": "passed",
                  "duration": 297,
                  "errors": [],
                  "stdout": [],
                  "stderr": [],
                  "retry": 0,
                  "startTime": "2026-10-07T20:14:31.917Z",
                  "annotations": [],
                  "attachments": []
                }
              ],
              "status": "expected"
            }
          ],
          "id": "69da6a877a1448e4f3c4-5fe7800c854d419d8a57",
          "file": "core-grc-ui.spec.ts",
          "line": 651,
          "column": 3
        },
        {
          "title": "Evaluaciones de requisitos mantiene la baseline comercial en español",
          "ok": true,
          "tags": [],
          "tests": [
            {
              "timeout": 30000,
              "annotations": [],
              "expectedStatus": "passed",
              "projectId": "chromium-narrow",
              "projectName": "chromium-narrow",
              "results": [
                {
                  "workerIndex": 15,
                  "parallelIndex": 0,
                  "status": "passed",
                  "duration": 302,
                  "errors": [],
                  "stdout": [],
                  "stderr": [],
                  "retry": 0,
                  "startTime": "2026-10-07T20:14:32.217Z",
                  "annotations": [],
                  "attachments": []
                }
              ],
              "status": "expected"
            }
          ],
          "id": "69da6a877a1448e4f3c4-5a2567c78229a4819970",
          "file": "core-grc-ui.spec.ts",
          "line": 651,
          "column": 3
        },
        {
          "title": "Declaración de aplicabilidad mantiene la baseline comercial en español",
          "ok": true,
          "tags": [],
          "tests": [
            {
              "timeout": 30000,
              "annotations": [],
              "expectedStatus": "passed",
              "projectId": "chromium-narrow",
              "projectName": "chromium-narrow",
              "results": [
                {
                  "workerIndex": 15,
                  "parallelIndex": 0,
                  "status": "passed",
                  "duration": 298,
                  "errors": [],
                  "stdout": [],
                  "stderr": [],
                  "retry": 0,
                  "startTime": "2026-10-07T20:14:32.524Z",
                  "annotations": [],
                  "attachments": []
                }
              ],
              "status": "expected"
            }
          ],
          "id": "69da6a877a1448e4f3c4-4661c63f08d871bb4156",
          "file": "core-grc-ui.spec.ts",
          "line": 651,
          "column": 3
        },
        {
          "title": "Controles mantiene la baseline comercial en español",
          "ok": true,
          "tags": [],
          "tests": [
            {
              "timeout": 30000,
              "annotations": [],
              "expectedStatus": "passed",
              "projectId": "chromium-narrow",
              "projectName": "chromium-narrow",
              "results": [
                {
                  "workerIndex": 15,
                  "parallelIndex": 0,
                  "status": "passed",
                  "duration": 315,
                  "errors": [],
                  "stdout": [],
                  "stderr": [],
                  "retry": 0,
                  "startTime": "2026-10-07T20:14:32.826Z",
                  "annotations": [],
                  "attachments": []
                }
              ],
              "status": "expected"
            }
          ],
          "id": "69da6a877a1448e4f3c4-288e9dd66aa200b50e17",
          "file": "core-grc-ui.spec.ts",
          "line": 651,
          "column": 3
        },
        {
          "title": "Evaluaciones de control mantiene la baseline comercial en español",
          "ok": true,
          "tags": [],
          "tests": [
            {
              "timeout": 30000,
              "annotations": [],
              "expectedStatus": "passed",
              "projectId": "chromium-narrow",
              "projectName": "chromium-narrow",
              "results": [
                {
                  "workerIndex": 15,
                  "parallelIndex": 0,
                  "status": "passed",
                  "duration": 347,
                  "errors": [],
                  "stdout": [],
                  "stderr": [],
                  "retry": 0,
                  "startTime": "2026-10-07T20:14:33.143Z",
                  "annotations": [],
                  "attachments": []
                }
              ],
              "status": "expected"
            }
          ],
          "id": "69da6a877a1448e4f3c4-34b137aed6343464adfe",
          "file": "core-grc-ui.spec.ts",
          "line": 651,
          "column": 3
        },
        {
          "title": "Pruebas de aseguramiento mantiene la baseline comercial en español",
          "ok": true,
          "tags": [],
          "tests": [
            {
              "timeout": 30000,
              "annotations": [],
              "expectedStatus": "passed",
              "projectId": "chromium-narrow",
              "projectName": "chromium-narrow",
              "results": [
                {
                  "workerIndex": 15,
                  "parallelIndex": 0,
                  "status": "passed",
                  "duration": 418,
                  "errors": [],
                  "stdout": [],
                  "stderr": [],
                  "retry": 0,
                  "startTime": "2026-10-07T20:14:33.494Z",
                  "annotations": [],
                  "attachments": []
                }
              ],
              "status": "expected"
            }
          ],
          "id": "69da6a877a1448e4f3c4-003d860fb261aec0e567",
          "file": "core-grc-ui.spec.ts",
          "line": 651,
          "column": 3
        },
        {
          "title": "Solicitudes de evidencia mantiene la baseline comercial en español",
          "ok": true,
          "tags": [],
          "tests": [
            {
              "timeout": 30000,
              "annotations": [],
              "expectedStatus": "passed",
              "projectId": "chromium-narrow",
              "projectName": "chromium-narrow",
              "results": [
                {
                  "workerIndex": 15,
                  "parallelIndex": 0,
                  "status": "passed",
                  "duration": 298,
                  "errors": [],
                  "stdout": [],
                  "stderr": [],
                  "retry": 0,
                  "startTime": "2026-10-07T20:14:33.916Z",
                  "annotations": [],
                  "attachments": []
                }
              ],
              "status": "expected"
            }
          ],
          "id": "69da6a877a1448e4f3c4-ed1c8a0393f34fb8abe7",
          "file": "core-grc-ui.spec.ts",
          "line": 651,
          "column": 3
        },
        {
          "title": "Evidencias mantiene la baseline comercial en español",
          "ok": true,
          "tags": [],
          "tests": [
            {
              "timeout": 30000,
              "annotations": [],
              "expectedStatus": "passed",
              "projectId": "chromium-narrow",
              "projectName": "chromium-narrow",
              "results": [
                {
                  "workerIndex": 15,
                  "parallelIndex": 0,
                  "status": "passed",
                  "duration": 402,
                  "errors": [],
                  "stdout": [],
                  "stderr": [],
                  "retry": 0,
                  "startTime": "2026-10-07T20:14:34.217Z",
                  "annotations": [],
                  "attachments": []
                }
              ],
              "status": "expected"
            }
          ],
          "id": "69da6a877a1448e4f3c4-0979b5f3cd3b682a6d30",
          "file": "core-grc-ui.spec.ts",
          "line": 651,
          "column": 3
        },
        {
          "title": "Políticas de retención mantiene la baseline comercial en español",
          "ok": true,
          "tags": [],
          "tests": [
            {
              "timeout": 30000,
              "annotations": [],
              "expectedStatus": "passed",
              "projectId": "chromium-narrow",
              "projectName": "chromium-narrow",
              "results": [
                {
                  "workerIndex": 15,
                  "parallelIndex": 0,
                  "status": "passed",
                  "duration": 438,
                  "errors": [],
                  "stdout": [],
                  "stderr": [],
                  "retry": 0,
                  "startTime": "2026-10-07T20:14:34.623Z",
                  "annotations": [],
                  "attachments": []
                }
              ],
              "status": "expected"
            }
          ],
          "id": "69da6a877a1448e4f3c4-b22cc24f52bb2fb99c78",
          "file": "core-grc-ui.spec.ts",
          "line": 651,
          "column": 3
        },
        {
          "title": "Hallazgos y brechas mantiene la baseline comercial en español",
          "ok": true,
          "tags": [],
          "tests": [
            {
              "timeout": 30000,
              "annotations": [],
              "expectedStatus": "passed",
              "projectId": "chromium-narrow",
              "projectName": "chromium-narrow",
              "results": [
                {
                  "workerIndex": 15,
                  "parallelIndex": 0,
                  "status": "passed",
                  "duration": 332,
                  "errors": [],
                  "stdout": [],
                  "stderr": [],
                  "retry": 0,
                  "startTime": "2026-10-07T20:14:35.065Z",
                  "annotations": [],
                  "attachments": []
                }
              ],
              "status": "expected"
            }
          ],
          "id": "69da6a877a1448e4f3c4-cb60d3e12e8b1c7a138e",
          "file": "core-grc-ui.spec.ts",
          "line": 651,
          "column": 3
        },
        {
          "title": "Acciones mantiene la baseline comercial en español",
          "ok": true,
          "tags": [],
          "tests": [
            {
              "timeout": 30000,
              "annotations": [],
              "expectedStatus": "passed",
              "projectId": "chromium-narrow",
              "projectName": "chromium-narrow",
              "results": [
                {
                  "workerIndex": 15,
                  "parallelIndex": 0,
                  "status": "passed",
                  "duration": 473,
                  "errors": [],
                  "stdout": [],
                  "stderr": [],
                  "retry": 0,
                  "startTime": "2026-10-07T20:14:35.401Z",
                  "annotations": [],
                  "attachments": []
                }
              ],
              "status": "expected"
            }
          ],
          "id": "69da6a877a1448e4f3c4-7c8c78cc4f76a2b84ba5",
          "file": "core-grc-ui.spec.ts",
          "line": 651,
          "column": 3
        }
      ]
    },
    {
      "title": "managed-identity-tenant-access.spec.ts",
      "file": "managed-identity-tenant-access.spec.ts",
      "column": 0,
      "line": 0,
      "specs": [
        {
          "title": "A identity-only provisioning is optional and never rediscloses its credential",
          "ok": true,
          "tags": [],
          "tests": [
            {
              "timeout": 30000,
              "annotations": [],
              "expectedStatus": "passed",
              "projectId": "chromium-desktop",
              "projectName": "chromium-desktop",
              "results": [
                {
                  "workerIndex": 1,
                  "parallelIndex": 1,
                  "status": "passed",
                  "duration": 1144,
                  "errors": [],
                  "stdout": [],
                  "stderr": [],
                  "retry": 0,
                  "startTime": "2026-10-07T20:13:22.634Z",
                  "annotations": [],
                  "attachments": []
                }
              ],
              "status": "expected"
            }
          ],
          "id": "253927dfe6ccf141c982-f778db8db06cf37d40ed",
          "file": "managed-identity-tenant-access.spec.ts",
          "line": 66,
          "column": 1
        },
        {
          "title": "B/C provision plus 1 runtime tenant roles, server refetch and duplicate click",
          "ok": true,
          "tags": [],
          "tests": [
            {
              "timeout": 30000,
              "annotations": [],
              "expectedStatus": "passed",
              "projectId": "chromium-desktop",
              "projectName": "chromium-desktop",
              "results": [
                {
                  "workerIndex": 1,
                  "parallelIndex": 1,
                  "status": "passed",
                  "duration": 953,
                  "errors": [],
                  "stdout": [],
                  "stderr": [],
                  "retry": 0,
                  "startTime": "2026-10-07T20:13:24.239Z",
                  "annotations": [],
                  "attachments": []
                }
              ],
              "status": "expected"
            }
          ],
          "id": "253927dfe6ccf141c982-f8eec32a3c80ef16584e",
          "file": "managed-identity-tenant-access.spec.ts",
          "line": 72,
          "column": 33
        },
        {
          "title": "B/C provision plus 2 runtime tenant roles, server refetch and duplicate click",
          "ok": true,
          "tags": [],
          "tests": [
            {
              "timeout": 30000,
              "annotations": [],
              "expectedStatus": "passed",
              "projectId": "chromium-desktop",
              "projectName": "chromium-desktop",
              "results": [
                {
                  "workerIndex": 1,
                  "parallelIndex": 1,
                  "status": "passed",
                  "duration": 1026,
                  "errors": [],
                  "stdout": [],
                  "stderr": [],
                  "retry": 0,
                  "startTime": "2026-10-07T20:13:25.203Z",
                  "annotations": [],
                  "attachments": []
                }
              ],
              "status": "expected"
            }
          ],
          "id": "253927dfe6ccf141c982-a4003a322544d3c5e165",
          "file": "managed-identity-tenant-access.spec.ts",
          "line": 72,
          "column": 33
        },
        {
          "title": "D existing identity adds company access without reprovision or UUID labels",
          "ok": true,
          "tags": [],
          "tests": [
            {
              "timeout": 30000,
              "annotations": [],
              "expectedStatus": "passed",
              "projectId": "chromium-desktop",
              "projectName": "chromium-desktop",
              "results": [
                {
                  "workerIndex": 1,
                  "parallelIndex": 1,
                  "status": "passed",
                  "duration": 576,
                  "errors": [],
                  "stdout": [],
                  "stderr": [],
                  "retry": 0,
                  "startTime": "2026-10-07T20:13:26.239Z",
                  "annotations": [],
                  "attachments": []
                }
              ],
              "status": "expected"
            }
          ],
          "id": "253927dfe6ccf141c982-a7e592da25ade54278ad",
          "file": "managed-identity-tenant-access.spec.ts",
          "line": 78,
          "column": 1
        },
        {
          "title": "E existing Membership displays current roles and adds roles without duplication",
          "ok": true,
          "tags": [],
          "tests": [
            {
              "timeout": 30000,
              "annotations": [],
              "expectedStatus": "passed",
              "projectId": "chromium-desktop",
              "projectName": "chromium-desktop",
              "results": [
                {
                  "workerIndex": 1,
                  "parallelIndex": 1,
                  "status": "passed",
                  "duration": 557,
                  "errors": [],
                  "stdout": [],
                  "stderr": [],
                  "retry": 0,
                  "startTime": "2026-10-07T20:13:26.826Z",
                  "annotations": [],
                  "attachments": []
                }
              ],
              "status": "expected"
            }
          ],
          "id": "253927dfe6ccf141c982-e9c9d61415d85451e89f",
          "file": "managed-identity-tenant-access.spec.ts",
          "line": 81,
          "column": 1
        },
        {
          "title": "F/G platform selector remains Platform-only and tenant catalog is loaded only for the selected company",
          "ok": true,
          "tags": [],
          "tests": [
            {
              "timeout": 30000,
              "annotations": [],
              "expectedStatus": "passed",
              "projectId": "chromium-desktop",
              "projectName": "chromium-desktop",
              "results": [
                {
                  "workerIndex": 1,
                  "parallelIndex": 1,
                  "status": "passed",
                  "duration": 615,
                  "errors": [],
                  "stdout": [],
                  "stderr": [],
                  "retry": 0,
                  "startTime": "2026-10-07T20:13:27.392Z",
                  "annotations": [],
                  "attachments": []
                }
              ],
              "status": "expected"
            }
          ],
          "id": "253927dfe6ccf141c982-4c72ea5e9b149dcd7556",
          "file": "managed-identity-tenant-access.spec.ts",
          "line": 86,
          "column": 1
        },
        {
          "title": "J partial role failure retains identity and Membership, retry reuses exactly the original body/key",
          "ok": true,
          "tags": [],
          "tests": [
            {
              "timeout": 30000,
              "annotations": [],
              "expectedStatus": "passed",
              "projectId": "chromium-desktop",
              "projectName": "chromium-desktop",
              "results": [
                {
                  "workerIndex": 1,
                  "parallelIndex": 1,
                  "status": "passed",
                  "duration": 860,
                  "errors": [],
                  "stdout": [],
                  "stderr": [],
                  "retry": 0,
                  "startTime": "2026-10-07T20:13:28.013Z",
                  "annotations": [],
                  "attachments": []
                }
              ],
              "status": "expected"
            }
          ],
          "id": "253927dfe6ccf141c982-b2e674eb983a019123f1",
          "file": "managed-identity-tenant-access.spec.ts",
          "line": 90,
          "column": 1
        },
        {
          "title": "K subscription denial explains the pending association and preserves the provisioned identity",
          "ok": true,
          "tags": [],
          "tests": [
            {
              "timeout": 30000,
              "annotations": [],
              "expectedStatus": "passed",
              "projectId": "chromium-desktop",
              "projectName": "chromium-desktop",
              "results": [
                {
                  "workerIndex": 1,
                  "parallelIndex": 1,
                  "status": "passed",
                  "duration": 611,
                  "errors": [],
                  "stdout": [],
                  "stderr": [],
                  "retry": 0,
                  "startTime": "2026-10-07T20:13:28.880Z",
                  "annotations": [],
                  "attachments": []
                }
              ],
              "status": "expected"
            }
          ],
          "id": "253927dfe6ccf141c982-c49c8dd45d024a0838ae",
          "file": "managed-identity-tenant-access.spec.ts",
          "line": 94,
          "column": 1
        },
        {
          "title": "server-read failure after success permits refresh without repeating a mutation",
          "ok": true,
          "tags": [],
          "tests": [
            {
              "timeout": 30000,
              "annotations": [],
              "expectedStatus": "passed",
              "projectId": "chromium-desktop",
              "projectName": "chromium-desktop",
              "results": [
                {
                  "workerIndex": 1,
                  "parallelIndex": 1,
                  "status": "passed",
                  "duration": 667,
                  "errors": [],
                  "stdout": [],
                  "stderr": [],
                  "retry": 0,
                  "startTime": "2026-10-07T20:13:29.498Z",
                  "annotations": [],
                  "attachments": []
                }
              ],
              "status": "expected"
            }
          ],
          "id": "253927dfe6ccf141c982-0c93ba6ea57971002cb4",
          "file": "managed-identity-tenant-access.spec.ts",
          "line": 97,
          "column": 1
        },
        {
          "title": "effective permission revocation prevents the central POST without relying on role names",
          "ok": true,
          "tags": [],
          "tests": [
            {
              "timeout": 30000,
              "annotations": [],
              "expectedStatus": "passed",
              "projectId": "chromium-desktop",
              "projectName": "chromium-desktop",
              "results": [
                {
                  "workerIndex": 1,
                  "parallelIndex": 1,
                  "status": "passed",
                  "duration": 512,
                  "errors": [],
                  "stdout": [],
                  "stderr": [],
                  "retry": 0,
                  "startTime": "2026-10-07T20:13:30.173Z",
                  "annotations": [],
                  "attachments": []
                }
              ],
              "status": "expected"
            }
          ],
          "id": "253927dfe6ccf141c982-89dd2c0c20ba69901dba",
          "file": "managed-identity-tenant-access.spec.ts",
          "line": 100,
          "column": 1
        },
        {
          "title": "missing effective central permission exposes reads but never onboarding actions",
          "ok": true,
          "tags": [],
          "tests": [
            {
              "timeout": 30000,
              "annotations": [],
              "expectedStatus": "passed",
              "projectId": "chromium-desktop",
              "projectName": "chromium-desktop",
              "results": [
                {
                  "workerIndex": 1,
                  "parallelIndex": 1,
                  "status": "passed",
                  "duration": 243,
                  "errors": [],
                  "stdout": [],
                  "stderr": [],
                  "retry": 0,
                  "startTime": "2026-10-07T20:13:30.695Z",
                  "annotations": [],
                  "attachments": []
                }
              ],
              "status": "expected"
            }
          ],
          "id": "253927dfe6ccf141c982-7895e3c9edcae98a4baf",
          "file": "managed-identity-tenant-access.spec.ts",
          "line": 102,
          "column": 1
        },
        {
          "title": "tenant catalog contamination fails closed without a usable role or submit control",
          "ok": true,
          "tags": [],
          "tests": [
            {
              "timeout": 30000,
              "annotations": [],
              "expectedStatus": "passed",
              "projectId": "chromium-desktop",
              "projectName": "chromium-desktop",
              "results": [
                {
                  "workerIndex": 1,
                  "parallelIndex": 1,
                  "status": "passed",
                  "duration": 471,
                  "errors": [],
                  "stdout": [],
                  "stderr": [],
                  "retry": 0,
                  "startTime": "2026-10-07T20:13:30.949Z",
                  "annotations": [],
                  "attachments": []
                }
              ],
              "status": "expected"
            }
          ],
          "id": "253927dfe6ccf141c982-97cf776bd8612384e4d5",
          "file": "managed-identity-tenant-access.spec.ts",
          "line": 104,
          "column": 1
        },
        {
          "title": "governed tenant role revocation uses explicit target, ETag, reason, idempotency and canonical refetch",
          "ok": true,
          "tags": [],
          "tests": [
            {
              "timeout": 30000,
              "annotations": [],
              "expectedStatus": "passed",
              "projectId": "chromium-desktop",
              "projectName": "chromium-desktop",
              "results": [
                {
                  "workerIndex": 1,
                  "parallelIndex": 1,
                  "status": "passed",
                  "duration": 498,
                  "errors": [],
                  "stdout": [],
                  "stderr": [],
                  "retry": 0,
                  "startTime": "2026-10-07T20:13:31.430Z",
                  "annotations": [],
                  "attachments": []
                }
              ],
              "status": "expected"
            }
          ],
          "id": "253927dfe6ccf141c982-1f4898a3fd63f7e4923c",
          "file": "managed-identity-tenant-access.spec.ts",
          "line": 106,
          "column": 1
        },
        {
          "title": "M/N/O separated access sections preserve branding, responsive containment and keyboard focus",
          "ok": true,
          "tags": [],
          "tests": [
            {
              "timeout": 30000,
              "annotations": [],
              "expectedStatus": "passed",
              "projectId": "chromium-desktop",
              "projectName": "chromium-desktop",
              "results": [
                {
                  "workerIndex": 1,
                  "parallelIndex": 1,
                  "status": "passed",
                  "duration": 606,
                  "errors": [],
                  "stdout": [],
                  "stderr": [],
                  "retry": 0,
                  "startTime": "2026-10-07T20:13:31.938Z",
                  "annotations": [],
                  "attachments": []
                }
              ],
              "status": "expected"
            }
          ],
          "id": "253927dfe6ccf141c982-c3b1b157f2cef907f55d",
          "file": "managed-identity-tenant-access.spec.ts",
          "line": 108,
          "column": 1
        },
        {
          "title": "A identity-only provisioning is optional and never rediscloses its credential",
          "ok": true,
          "tags": [],
          "tests": [
            {
              "timeout": 30000,
              "annotations": [],
              "expectedStatus": "passed",
              "projectId": "chromium-laptop",
              "projectName": "chromium-laptop",
              "results": [
                {
                  "workerIndex": 5,
                  "parallelIndex": 3,
                  "status": "passed",
                  "duration": 584,
                  "errors": [],
                  "stdout": [],
                  "stderr": [],
                  "retry": 0,
                  "startTime": "2026-10-07T20:13:32.038Z",
                  "annotations": [],
                  "attachments": []
                }
              ],
              "status": "expected"
            }
          ],
          "id": "253927dfe6ccf141c982-ebc5f1a83bc5b5b610d9",
          "file": "managed-identity-tenant-access.spec.ts",
          "line": 66,
          "column": 1
        },
        {
          "title": "B/C provision plus 1 runtime tenant roles, server refetch and duplicate click",
          "ok": true,
          "tags": [],
          "tests": [
            {
              "timeout": 30000,
              "annotations": [],
              "expectedStatus": "passed",
              "projectId": "chromium-laptop",
              "projectName": "chromium-laptop",
              "results": [
                {
                  "workerIndex": 5,
                  "parallelIndex": 3,
                  "status": "passed",
                  "duration": 688,
                  "errors": [],
                  "stdout": [],
                  "stderr": [],
                  "retry": 0,
                  "startTime": "2026-10-07T20:13:32.635Z",
                  "annotations": [],
                  "attachments": []
                }
              ],
              "status": "expected"
            }
          ],
          "id": "253927dfe6ccf141c982-d5347e1a076a2cd3fc51",
          "file": "managed-identity-tenant-access.spec.ts",
          "line": 72,
          "column": 33
        },
        {
          "title": "B/C provision plus 2 runtime tenant roles, server refetch and duplicate click",
          "ok": true,
          "tags": [],
          "tests": [
            {
              "timeout": 30000,
              "annotations": [],
              "expectedStatus": "passed",
              "projectId": "chromium-laptop",
              "projectName": "chromium-laptop",
              "results": [
                {
                  "workerIndex": 5,
                  "parallelIndex": 3,
                  "status": "passed",
                  "duration": 738,
                  "errors": [],
                  "stdout": [],
                  "stderr": [],
                  "retry": 0,
                  "startTime": "2026-10-07T20:13:33.329Z",
                  "annotations": [],
                  "attachments": []
                }
              ],
              "status": "expected"
            }
          ],
          "id": "253927dfe6ccf141c982-db4d14067af2f96d1b9f",
          "file": "managed-identity-tenant-access.spec.ts",
          "line": 72,
          "column": 33
        },
        {
          "title": "D existing identity adds company access without reprovision or UUID labels",
          "ok": true,
          "tags": [],
          "tests": [
            {
              "timeout": 30000,
              "annotations": [],
              "expectedStatus": "passed",
              "projectId": "chromium-laptop",
              "projectName": "chromium-laptop",
              "results": [
                {
                  "workerIndex": 5,
                  "parallelIndex": 3,
                  "status": "passed",
                  "duration": 634,
                  "errors": [],
                  "stdout": [],
                  "stderr": [],
                  "retry": 0,
                  "startTime": "2026-10-07T20:13:34.077Z",
                  "annotations": [],
                  "attachments": []
                }
              ],
              "status": "expected"
            }
          ],
          "id": "253927dfe6ccf141c982-781693e55abfd677b21f",
          "file": "managed-identity-tenant-access.spec.ts",
          "line": 78,
          "column": 1
        },
        {
          "title": "E existing Membership displays current roles and adds roles without duplication",
          "ok": true,
          "tags": [],
          "tests": [
            {
              "timeout": 30000,
              "annotations": [],
              "expectedStatus": "passed",
              "projectId": "chromium-laptop",
              "projectName": "chromium-laptop",
              "results": [
                {
                  "workerIndex": 5,
                  "parallelIndex": 3,
                  "status": "passed",
                  "duration": 590,
                  "errors": [],
                  "stdout": [],
                  "stderr": [],
                  "retry": 0,
                  "startTime": "2026-10-07T20:13:34.728Z",
                  "annotations": [],
                  "attachments": []
                }
              ],
              "status": "expected"
            }
          ],
          "id": "253927dfe6ccf141c982-1c81659b37e6f1496b40",
          "file": "managed-identity-tenant-access.spec.ts",
          "line": 81,
          "column": 1
        },
        {
          "title": "F/G platform selector remains Platform-only and tenant catalog is loaded only for the selected company",
          "ok": true,
          "tags": [],
          "tests": [
            {
              "timeout": 30000,
              "annotations": [],
              "expectedStatus": "passed",
              "projectId": "chromium-laptop",
              "projectName": "chromium-laptop",
              "results": [
                {
                  "workerIndex": 5,
                  "parallelIndex": 3,
                  "status": "passed",
                  "duration": 551,
                  "errors": [],
                  "stdout": [],
                  "stderr": [],
                  "retry": 0,
                  "startTime": "2026-10-07T20:13:35.329Z",
                  "annotations": [],
                  "attachments": []
                }
              ],
              "status": "expected"
            }
          ],
          "id": "253927dfe6ccf141c982-9229c5247429cb7e73e0",
          "file": "managed-identity-tenant-access.spec.ts",
          "line": 86,
          "column": 1
        },
        {
          "title": "J partial role failure retains identity and Membership, retry reuses exactly the original body/key",
          "ok": true,
          "tags": [],
          "tests": [
            {
              "timeout": 30000,
              "annotations": [],
              "expectedStatus": "passed",
              "projectId": "chromium-laptop",
              "projectName": "chromium-laptop",
              "results": [
                {
                  "workerIndex": 5,
                  "parallelIndex": 3,
                  "status": "passed",
                  "duration": 817,
                  "errors": [],
                  "stdout": [],
                  "stderr": [],
                  "retry": 0,
                  "startTime": "2026-10-07T20:13:35.891Z",
                  "annotations": [],
                  "attachments": []
                }
              ],
              "status": "expected"
            }
          ],
          "id": "253927dfe6ccf141c982-9e34ea6be68712461753",
          "file": "managed-identity-tenant-access.spec.ts",
          "line": 90,
          "column": 1
        },
        {
          "title": "K subscription denial explains the pending association and preserves the provisioned identity",
          "ok": true,
          "tags": [],
          "tests": [
            {
              "timeout": 30000,
              "annotations": [],
              "expectedStatus": "passed",
              "projectId": "chromium-laptop",
              "projectName": "chromium-laptop",
              "results": [
                {
                  "workerIndex": 5,
                  "parallelIndex": 3,
                  "status": "passed",
                  "duration": 670,
                  "errors": [],
                  "stdout": [],
                  "stderr": [],
                  "retry": 0,
                  "startTime": "2026-10-07T20:13:36.716Z",
                  "annotations": [],
                  "attachments": []
                }
              ],
              "status": "expected"
            }
          ],
          "id": "253927dfe6ccf141c982-07ae52f3ef43b1f01c10",
          "file": "managed-identity-tenant-access.spec.ts",
          "line": 94,
          "column": 1
        },
        {
          "title": "server-read failure after success permits refresh without repeating a mutation",
          "ok": true,
          "tags": [],
          "tests": [
            {
              "timeout": 30000,
              "annotations": [],
              "expectedStatus": "passed",
              "projectId": "chromium-laptop",
              "projectName": "chromium-laptop",
              "results": [
                {
                  "workerIndex": 5,
                  "parallelIndex": 3,
                  "status": "passed",
                  "duration": 606,
                  "errors": [],
                  "stdout": [],
                  "stderr": [],
                  "retry": 0,
                  "startTime": "2026-10-07T20:13:37.398Z",
                  "annotations": [],
                  "attachments": []
                }
              ],
              "status": "expected"
            }
          ],
          "id": "253927dfe6ccf141c982-b166e9761aaf588a4f4e",
          "file": "managed-identity-tenant-access.spec.ts",
          "line": 97,
          "column": 1
        },
        {
          "title": "effective permission revocation prevents the central POST without relying on role names",
          "ok": true,
          "tags": [],
          "tests": [
            {
              "timeout": 30000,
              "annotations": [],
              "expectedStatus": "passed",
              "projectId": "chromium-laptop",
              "projectName": "chromium-laptop",
              "results": [
                {
                  "workerIndex": 5,
                  "parallelIndex": 3,
                  "status": "passed",
                  "duration": 464,
                  "errors": [],
                  "stdout": [],
                  "stderr": [],
                  "retry": 0,
                  "startTime": "2026-10-07T20:13:38.013Z",
                  "annotations": [],
                  "attachments": []
                }
              ],
              "status": "expected"
            }
          ],
          "id": "253927dfe6ccf141c982-a505be0990d4864f9246",
          "file": "managed-identity-tenant-access.spec.ts",
          "line": 100,
          "column": 1
        },
        {
          "title": "missing effective central permission exposes reads but never onboarding actions",
          "ok": true,
          "tags": [],
          "tests": [
            {
              "timeout": 30000,
              "annotations": [],
              "expectedStatus": "passed",
              "projectId": "chromium-laptop",
              "projectName": "chromium-laptop",
              "results": [
                {
                  "workerIndex": 5,
                  "parallelIndex": 3,
                  "status": "passed",
                  "duration": 314,
                  "errors": [],
                  "stdout": [],
                  "stderr": [],
                  "retry": 0,
                  "startTime": "2026-10-07T20:13:38.492Z",
                  "annotations": [],
                  "attachments": []
                }
              ],
              "status": "expected"
            }
          ],
          "id": "253927dfe6ccf141c982-312e52046fc5191c4cbc",
          "file": "managed-identity-tenant-access.spec.ts",
          "line": 102,
          "column": 1
        },
        {
          "title": "tenant catalog contamination fails closed without a usable role or submit control",
          "ok": true,
          "tags": [],
          "tests": [
            {
              "timeout": 30000,
              "annotations": [],
              "expectedStatus": "passed",
              "projectId": "chromium-laptop",
              "projectName": "chromium-laptop",
              "results": [
                {
                  "workerIndex": 5,
                  "parallelIndex": 3,
                  "status": "passed",
                  "duration": 459,
                  "errors": [],
                  "stdout": [],
                  "stderr": [],
                  "retry": 0,
                  "startTime": "2026-10-07T20:13:38.814Z",
                  "annotations": [],
                  "attachments": []
                }
              ],
              "status": "expected"
            }
          ],
          "id": "253927dfe6ccf141c982-288257bb15e751f457e1",
          "file": "managed-identity-tenant-access.spec.ts",
          "line": 104,
          "column": 1
        },
        {
          "title": "governed tenant role revocation uses explicit target, ETag, reason, idempotency and canonical refetch",
          "ok": true,
          "tags": [],
          "tests": [
            {
              "timeout": 30000,
              "annotations": [],
              "expectedStatus": "passed",
              "projectId": "chromium-laptop",
              "projectName": "chromium-laptop",
              "results": [
                {
                  "workerIndex": 5,
                  "parallelIndex": 3,
                  "status": "passed",
                  "duration": 520,
                  "errors": [],
                  "stdout": [],
                  "stderr": [],
                  "retry": 0,
                  "startTime": "2026-10-07T20:13:39.280Z",
                  "annotations": [],
                  "attachments": []
                }
              ],
              "status": "expected"
            }
          ],
          "id": "253927dfe6ccf141c982-223e30616349871b858c",
          "file": "managed-identity-tenant-access.spec.ts",
          "line": 106,
          "column": 1
        },
        {
          "title": "M/N/O separated access sections preserve branding, responsive containment and keyboard focus",
          "ok": true,
          "tags": [],
          "tests": [
            {
              "timeout": 30000,
              "annotations": [],
              "expectedStatus": "passed",
              "projectId": "chromium-laptop",
              "projectName": "chromium-laptop",
              "results": [
                {
                  "workerIndex": 5,
                  "parallelIndex": 3,
                  "status": "passed",
                  "duration": 539,
                  "errors": [],
                  "stdout": [],
                  "stderr": [],
                  "retry": 0,
                  "startTime": "2026-10-07T20:13:39.811Z",
                  "annotations": [],
                  "attachments": []
                }
              ],
              "status": "expected"
            }
          ],
          "id": "253927dfe6ccf141c982-9d6763c10d7967cbf20a",
          "file": "managed-identity-tenant-access.spec.ts",
          "line": 108,
          "column": 1
        },
        {
          "title": "A identity-only provisioning is optional and never rediscloses its credential",
          "ok": true,
          "tags": [],
          "tests": [
            {
              "timeout": 30000,
              "annotations": [],
              "expectedStatus": "passed",
              "projectId": "chromium-tablet",
              "projectName": "chromium-tablet",
              "results": [
                {
                  "workerIndex": 8,
                  "parallelIndex": 1,
                  "status": "passed",
                  "duration": 542,
                  "errors": [],
                  "stdout": [],
                  "stderr": [],
                  "retry": 0,
                  "startTime": "2026-10-07T20:13:48.954Z",
                  "annotations": [],
                  "attachments": []
                }
              ],
              "status": "expected"
            }
          ],
          "id": "253927dfe6ccf141c982-22aabed32f0cba06b872",
          "file": "managed-identity-tenant-access.spec.ts",
          "line": 66,
          "column": 1
        },
        {
          "title": "B/C provision plus 1 runtime tenant roles, server refetch and duplicate click",
          "ok": true,
          "tags": [],
          "tests": [
            {
              "timeout": 30000,
              "annotations": [],
              "expectedStatus": "passed",
              "projectId": "chromium-tablet",
              "projectName": "chromium-tablet",
              "results": [
                {
                  "workerIndex": 8,
                  "parallelIndex": 1,
                  "status": "passed",
                  "duration": 722,
                  "errors": [],
                  "stdout": [],
                  "stderr": [],
                  "retry": 0,
                  "startTime": "2026-10-07T20:13:49.515Z",
                  "annotations": [],
                  "attachments": []
                }
              ],
              "status": "expected"
            }
          ],
          "id": "253927dfe6ccf141c982-9102c2c3eb921da2548a",
          "file": "managed-identity-tenant-access.spec.ts",
          "line": 72,
          "column": 33
        },
        {
          "title": "B/C provision plus 2 runtime tenant roles, server refetch and duplicate click",
          "ok": true,
          "tags": [],
          "tests": [
            {
              "timeout": 30000,
              "annotations": [],
              "expectedStatus": "passed",
              "projectId": "chromium-tablet",
              "projectName": "chromium-tablet",
              "results": [
                {
                  "workerIndex": 8,
                  "parallelIndex": 1,
                  "status": "passed",
                  "duration": 861,
                  "errors": [],
                  "stdout": [],
                  "stderr": [],
                  "retry": 0,
                  "startTime": "2026-10-07T20:13:50.247Z",
                  "annotations": [],
                  "attachments": []
                }
              ],
              "status": "expected"
            }
          ],
          "id": "253927dfe6ccf141c982-33e20e79627970ada160",
          "file": "managed-identity-tenant-access.spec.ts",
          "line": 72,
          "column": 33
        },
        {
          "title": "D existing identity adds company access without reprovision or UUID labels",
          "ok": true,
          "tags": [],
          "tests": [
            {
              "timeout": 30000,
              "annotations": [],
              "expectedStatus": "passed",
              "projectId": "chromium-tablet",
              "projectName": "chromium-tablet",
              "results": [
                {
                  "workerIndex": 8,
                  "parallelIndex": 1,
                  "status": "passed",
                  "duration": 593,
                  "errors": [],
                  "stdout": [],
                  "stderr": [],
                  "retry": 0,
                  "startTime": "2026-10-07T20:13:51.120Z",
                  "annotations": [],
                  "attachments": []
                }
              ],
              "status": "expected"
            }
          ],
          "id": "253927dfe6ccf141c982-ca3889775d54138c8851",
          "file": "managed-identity-tenant-access.spec.ts",
          "line": 78,
          "column": 1
        },
        {
          "title": "E existing Membership displays current roles and adds roles without duplication",
          "ok": true,
          "tags": [],
          "tests": [
            {
              "timeout": 30000,
              "annotations": [],
              "expectedStatus": "passed",
              "projectId": "chromium-tablet",
              "projectName": "chromium-tablet",
              "results": [
                {
                  "workerIndex": 8,
                  "parallelIndex": 1,
                  "status": "passed",
                  "duration": 596,
                  "errors": [],
                  "stdout": [],
                  "stderr": [],
                  "retry": 0,
                  "startTime": "2026-10-07T20:13:51.729Z",
                  "annotations": [],
                  "attachments": []
                }
              ],
              "status": "expected"
            }
          ],
          "id": "253927dfe6ccf141c982-30350003674b908339e3",
          "file": "managed-identity-tenant-access.spec.ts",
          "line": 81,
          "column": 1
        },
        {
          "title": "F/G platform selector remains Platform-only and tenant catalog is loaded only for the selected company",
          "ok": true,
          "tags": [],
          "tests": [
            {
              "timeout": 30000,
              "annotations": [],
              "expectedStatus": "passed",
              "projectId": "chromium-tablet",
              "projectName": "chromium-tablet",
              "results": [
                {
                  "workerIndex": 8,
                  "parallelIndex": 1,
                  "status": "passed",
                  "duration": 558,
                  "errors": [],
                  "stdout": [],
                  "stderr": [],
                  "retry": 0,
                  "startTime": "2026-10-07T20:13:52.333Z",
                  "annotations": [],
                  "attachments": []
                }
              ],
              "status": "expected"
            }
          ],
          "id": "253927dfe6ccf141c982-a9524a63f7980f4ef7f9",
          "file": "managed-identity-tenant-access.spec.ts",
          "line": 86,
          "column": 1
        },
        {
          "title": "J partial role failure retains identity and Membership, retry reuses exactly the original body/key",
          "ok": true,
          "tags": [],
          "tests": [
            {
              "timeout": 30000,
              "annotations": [],
              "expectedStatus": "passed",
              "projectId": "chromium-tablet",
              "projectName": "chromium-tablet",
              "results": [
                {
                  "workerIndex": 8,
                  "parallelIndex": 1,
                  "status": "passed",
                  "duration": 808,
                  "errors": [],
                  "stdout": [],
                  "stderr": [],
                  "retry": 0,
                  "startTime": "2026-10-07T20:13:52.900Z",
                  "annotations": [],
                  "attachments": []
                }
              ],
              "status": "expected"
            }
          ],
          "id": "253927dfe6ccf141c982-98772b61835b94df1ede",
          "file": "managed-identity-tenant-access.spec.ts",
          "line": 90,
          "column": 1
        },
        {
          "title": "K subscription denial explains the pending association and preserves the provisioned identity",
          "ok": true,
          "tags": [],
          "tests": [
            {
              "timeout": 30000,
              "annotations": [],
              "expectedStatus": "passed",
              "projectId": "chromium-tablet",
              "projectName": "chromium-tablet",
              "results": [
                {
                  "workerIndex": 8,
                  "parallelIndex": 1,
                  "status": "passed",
                  "duration": 579,
                  "errors": [],
                  "stdout": [],
                  "stderr": [],
                  "retry": 0,
                  "startTime": "2026-10-07T20:13:53.718Z",
                  "annotations": [],
                  "attachments": []
                }
              ],
              "status": "expected"
            }
          ],
          "id": "253927dfe6ccf141c982-f2d4a9b52960380626bb",
          "file": "managed-identity-tenant-access.spec.ts",
          "line": 94,
          "column": 1
        },
        {
          "title": "server-read failure after success permits refresh without repeating a mutation",
          "ok": true,
          "tags": [],
          "tests": [
            {
              "timeout": 30000,
              "annotations": [],
              "expectedStatus": "passed",
              "projectId": "chromium-tablet",
              "projectName": "chromium-tablet",
              "results": [
                {
                  "workerIndex": 8,
                  "parallelIndex": 1,
                  "status": "passed",
                  "duration": 666,
                  "errors": [],
                  "stdout": [],
                  "stderr": [],
                  "retry": 0,
                  "startTime": "2026-10-07T20:13:54.306Z",
                  "annotations": [],
                  "attachments": []
                }
              ],
              "status": "expected"
            }
          ],
          "id": "253927dfe6ccf141c982-f0eabe6e7c767a02543a",
          "file": "managed-identity-tenant-access.spec.ts",
          "line": 97,
          "column": 1
        },
        {
          "title": "effective permission revocation prevents the central POST without relying on role names",
          "ok": true,
          "tags": [],
          "tests": [
            {
              "timeout": 30000,
              "annotations": [],
              "expectedStatus": "passed",
              "projectId": "chromium-tablet",
              "projectName": "chromium-tablet",
              "results": [
                {
                  "workerIndex": 8,
                  "parallelIndex": 1,
                  "status": "passed",
                  "duration": 573,
                  "errors": [],
                  "stdout": [],
                  "stderr": [],
                  "retry": 0,
                  "startTime": "2026-10-07T20:13:54.979Z",
                  "annotations": [],
                  "attachments": []
                }
              ],
              "status": "expected"
            }
          ],
          "id": "253927dfe6ccf141c982-b62c9045b485f4dd471c",
          "file": "managed-identity-tenant-access.spec.ts",
          "line": 100,
          "column": 1
        },
        {
          "title": "missing effective central permission exposes reads but never onboarding actions",
          "ok": true,
          "tags": [],
          "tests": [
            {
              "timeout": 30000,
              "annotations": [],
              "expectedStatus": "passed",
              "projectId": "chromium-tablet",
              "projectName": "chromium-tablet",
              "results": [
                {
                  "workerIndex": 8,
                  "parallelIndex": 1,
                  "status": "passed",
                  "duration": 665,
                  "errors": [],
                  "stdout": [],
                  "stderr": [],
                  "retry": 0,
                  "startTime": "2026-10-07T20:13:55.568Z",
                  "annotations": [],
                  "attachments": []
                }
              ],
              "status": "expected"
            }
          ],
          "id": "253927dfe6ccf141c982-c67dce1d233084598eba",
          "file": "managed-identity-tenant-access.spec.ts",
          "line": 102,
          "column": 1
        },
        {
          "title": "tenant catalog contamination fails closed without a usable role or submit control",
          "ok": true,
          "tags": [],
          "tests": [
            {
              "timeout": 30000,
              "annotations": [],
              "expectedStatus": "passed",
              "projectId": "chromium-tablet",
              "projectName": "chromium-tablet",
              "results": [
                {
                  "workerIndex": 8,
                  "parallelIndex": 1,
                  "status": "passed",
                  "duration": 407,
                  "errors": [],
                  "stdout": [],
                  "stderr": [],
                  "retry": 0,
                  "startTime": "2026-10-07T20:13:56.247Z",
                  "annotations": [],
                  "attachments": []
                }
              ],
              "status": "expected"
            }
          ],
          "id": "253927dfe6ccf141c982-0568bed853491404382b",
          "file": "managed-identity-tenant-access.spec.ts",
          "line": 104,
          "column": 1
        },
        {
          "title": "governed tenant role revocation uses explicit target, ETag, reason, idempotency and canonical refetch",
          "ok": true,
          "tags": [],
          "tests": [
            {
              "timeout": 30000,
              "annotations": [],
              "expectedStatus": "passed",
              "projectId": "chromium-tablet",
              "projectName": "chromium-tablet",
              "results": [
                {
                  "workerIndex": 8,
                  "parallelIndex": 1,
                  "status": "passed",
                  "duration": 554,
                  "errors": [],
                  "stdout": [],
                  "stderr": [],
                  "retry": 0,
                  "startTime": "2026-10-07T20:13:56.662Z",
                  "annotations": [],
                  "attachments": []
                }
              ],
              "status": "expected"
            }
          ],
          "id": "253927dfe6ccf141c982-7999569c46790f005be4",
          "file": "managed-identity-tenant-access.spec.ts",
          "line": 106,
          "column": 1
        },
        {
          "title": "M/N/O separated access sections preserve branding, responsive containment and keyboard focus",
          "ok": true,
          "tags": [],
          "tests": [
            {
              "timeout": 30000,
              "annotations": [],
              "expectedStatus": "passed",
              "projectId": "chromium-tablet",
              "projectName": "chromium-tablet",
              "results": [
                {
                  "workerIndex": 8,
                  "parallelIndex": 1,
                  "status": "passed",
                  "duration": 575,
                  "errors": [],
                  "stdout": [],
                  "stderr": [],
                  "retry": 0,
                  "startTime": "2026-10-07T20:13:57.229Z",
                  "annotations": [],
                  "attachments": []
                }
              ],
              "status": "expected"
            }
          ],
          "id": "253927dfe6ccf141c982-d9bd46baa825cda532e5",
          "file": "managed-identity-tenant-access.spec.ts",
          "line": 108,
          "column": 1
        },
        {
          "title": "A identity-only provisioning is optional and never rediscloses its credential",
          "ok": true,
          "tags": [],
          "tests": [
            {
              "timeout": 30000,
              "annotations": [],
              "expectedStatus": "passed",
              "projectId": "chromium-narrow",
              "projectName": "chromium-narrow",
              "results": [
                {
                  "workerIndex": 13,
                  "parallelIndex": 0,
                  "status": "passed",
                  "duration": 855,
                  "errors": [],
                  "stdout": [],
                  "stderr": [],
                  "retry": 0,
                  "startTime": "2026-10-07T20:14:07.891Z",
                  "annotations": [],
                  "attachments": []
                }
              ],
              "status": "expected"
            }
          ],
          "id": "253927dfe6ccf141c982-9fedf185bb9fd7af94df",
          "file": "managed-identity-tenant-access.spec.ts",
          "line": 66,
          "column": 1
        },
        {
          "title": "B/C provision plus 1 runtime tenant roles, server refetch and duplicate click",
          "ok": true,
          "tags": [],
          "tests": [
            {
              "timeout": 30000,
              "annotations": [],
              "expectedStatus": "passed",
              "projectId": "chromium-narrow",
              "projectName": "chromium-narrow",
              "results": [
                {
                  "workerIndex": 13,
                  "parallelIndex": 0,
                  "status": "passed",
                  "duration": 1098,
                  "errors": [],
                  "stdout": [],
                  "stderr": [],
                  "retry": 0,
                  "startTime": "2026-10-07T20:14:09.034Z",
                  "annotations": [],
                  "attachments": []
                }
              ],
              "status": "expected"
            }
          ],
          "id": "253927dfe6ccf141c982-b9b1e366670ec5dce6db",
          "file": "managed-identity-tenant-access.spec.ts",
          "line": 72,
          "column": 33
        },
        {
          "title": "B/C provision plus 2 runtime tenant roles, server refetch and duplicate click",
          "ok": true,
          "tags": [],
          "tests": [
            {
              "timeout": 30000,
              "annotations": [],
              "expectedStatus": "passed",
              "projectId": "chromium-narrow",
              "projectName": "chromium-narrow",
              "results": [
                {
                  "workerIndex": 13,
                  "parallelIndex": 0,
                  "status": "passed",
                  "duration": 821,
                  "errors": [],
                  "stdout": [],
                  "stderr": [],
                  "retry": 0,
                  "startTime": "2026-10-07T20:14:10.152Z",
                  "annotations": [],
                  "attachments": []
                }
              ],
              "status": "expected"
            }
          ],
          "id": "253927dfe6ccf141c982-6f091ac5bfb27e83bb58",
          "file": "managed-identity-tenant-access.spec.ts",
          "line": 72,
          "column": 33
        },
        {
          "title": "D existing identity adds company access without reprovision or UUID labels",
          "ok": true,
          "tags": [],
          "tests": [
            {
              "timeout": 30000,
              "annotations": [],
              "expectedStatus": "passed",
              "projectId": "chromium-narrow",
              "projectName": "chromium-narrow",
              "results": [
                {
                  "workerIndex": 13,
                  "parallelIndex": 0,
                  "status": "passed",
                  "duration": 626,
                  "errors": [],
                  "stdout": [],
                  "stderr": [],
                  "retry": 0,
                  "startTime": "2026-10-07T20:14:10.981Z",
                  "annotations": [],
                  "attachments": []
                }
              ],
              "status": "expected"
            }
          ],
          "id": "253927dfe6ccf141c982-d410def5a38a4e9c8add",
          "file": "managed-identity-tenant-access.spec.ts",
          "line": 78,
          "column": 1
        },
        {
          "title": "E existing Membership displays current roles and adds roles without duplication",
          "ok": true,
          "tags": [],
          "tests": [
            {
              "timeout": 30000,
              "annotations": [],
              "expectedStatus": "passed",
              "projectId": "chromium-narrow",
              "projectName": "chromium-narrow",
              "results": [
                {
                  "workerIndex": 13,
                  "parallelIndex": 0,
                  "status": "passed",
                  "duration": 610,
                  "errors": [],
                  "stdout": [],
                  "stderr": [],
                  "retry": 0,
                  "startTime": "2026-10-07T20:14:11.614Z",
                  "annotations": [],
                  "attachments": []
                }
              ],
              "status": "expected"
            }
          ],
          "id": "253927dfe6ccf141c982-ac435ed655eb199a4367",
          "file": "managed-identity-tenant-access.spec.ts",
          "line": 81,
          "column": 1
        },
        {
          "title": "F/G platform selector remains Platform-only and tenant catalog is loaded only for the selected company",
          "ok": true,
          "tags": [],
          "tests": [
            {
              "timeout": 30000,
              "annotations": [],
              "expectedStatus": "passed",
              "projectId": "chromium-narrow",
              "projectName": "chromium-narrow",
              "results": [
                {
                  "workerIndex": 13,
                  "parallelIndex": 0,
                  "status": "passed",
                  "duration": 572,
                  "errors": [],
                  "stdout": [],
                  "stderr": [],
                  "retry": 0,
                  "startTime": "2026-10-07T20:14:12.233Z",
                  "annotations": [],
                  "attachments": []
                }
              ],
              "status": "expected"
            }
          ],
          "id": "253927dfe6ccf141c982-f835ca8799ea265bbf70",
          "file": "managed-identity-tenant-access.spec.ts",
          "line": 86,
          "column": 1
        },
        {
          "title": "J partial role failure retains identity and Membership, retry reuses exactly the original body/key",
          "ok": true,
          "tags": [],
          "tests": [
            {
              "timeout": 30000,
              "annotations": [],
              "expectedStatus": "passed",
              "projectId": "chromium-narrow",
              "projectName": "chromium-narrow",
              "results": [
                {
                  "workerIndex": 13,
                  "parallelIndex": 0,
                  "status": "passed",
                  "duration": 834,
                  "errors": [],
                  "stdout": [],
                  "stderr": [],
                  "retry": 0,
                  "startTime": "2026-10-07T20:14:12.817Z",
                  "annotations": [],
                  "attachments": []
                }
              ],
              "status": "expected"
            }
          ],
          "id": "253927dfe6ccf141c982-3f8de6dc65776d22c81e",
          "file": "managed-identity-tenant-access.spec.ts",
          "line": 90,
          "column": 1
        },
        {
          "title": "K subscription denial explains the pending association and preserves the provisioned identity",
          "ok": true,
          "tags": [],
          "tests": [
            {
              "timeout": 30000,
              "annotations": [],
              "expectedStatus": "passed",
              "projectId": "chromium-narrow",
              "projectName": "chromium-narrow",
              "results": [
                {
                  "workerIndex": 13,
                  "parallelIndex": 0,
                  "status": "passed",
                  "duration": 961,
                  "errors": [],
                  "stdout": [],
                  "stderr": [],
                  "retry": 0,
                  "startTime": "2026-10-07T20:14:13.664Z",
                  "annotations": [],
                  "attachments": []
                }
              ],
              "status": "expected"
            }
          ],
          "id": "253927dfe6ccf141c982-37e434ead2d9474aa4f4",
          "file": "managed-identity-tenant-access.spec.ts",
          "line": 94,
          "column": 1
        },
        {
          "title": "server-read failure after success permits refresh without repeating a mutation",
          "ok": true,
          "tags": [],
          "tests": [
            {
              "timeout": 30000,
              "annotations": [],
              "expectedStatus": "passed",
              "projectId": "chromium-narrow",
              "projectName": "chromium-narrow",
              "results": [
                {
                  "workerIndex": 13,
                  "parallelIndex": 0,
                  "status": "passed",
                  "duration": 609,
                  "errors": [],
                  "stdout": [],
                  "stderr": [],
                  "retry": 0,
                  "startTime": "2026-10-07T20:14:14.647Z",
                  "annotations": [],
                  "attachments": []
                }
              ],
              "status": "expected"
            }
          ],
          "id": "253927dfe6ccf141c982-d5b31c1176c5fa611a07",
          "file": "managed-identity-tenant-access.spec.ts",
          "line": 97,
          "column": 1
        },
        {
          "title": "effective permission revocation prevents the central POST without relying on role names",
          "ok": true,
          "tags": [],
          "tests": [
            {
              "timeout": 30000,
              "annotations": [],
              "expectedStatus": "passed",
              "projectId": "chromium-narrow",
              "projectName": "chromium-narrow",
              "results": [
                {
                  "workerIndex": 13,
                  "parallelIndex": 0,
                  "status": "passed",
                  "duration": 579,
                  "errors": [],
                  "stdout": [],
                  "stderr": [],
                  "retry": 0,
                  "startTime": "2026-10-07T20:14:15.265Z",
                  "annotations": [],
                  "attachments": []
                }
              ],
              "status": "expected"
            }
          ],
          "id": "253927dfe6ccf141c982-67d6d525f227b831a5e0",
          "file": "managed-identity-tenant-access.spec.ts",
          "line": 100,
          "column": 1
        },
        {
          "title": "missing effective central permission exposes reads but never onboarding actions",
          "ok": true,
          "tags": [],
          "tests": [
            {
              "timeout": 30000,
              "annotations": [],
              "expectedStatus": "passed",
              "projectId": "chromium-narrow",
              "projectName": "chromium-narrow",
              "results": [
                {
                  "workerIndex": 13,
                  "parallelIndex": 0,
                  "status": "passed",
                  "duration": 375,
                  "errors": [],
                  "stdout": [],
                  "stderr": [],
                  "retry": 0,
                  "startTime": "2026-10-07T20:14:15.851Z",
                  "annotations": [],
                  "attachments": []
                }
              ],
              "status": "expected"
            }
          ],
          "id": "253927dfe6ccf141c982-42c14948084afec665b3",
          "file": "managed-identity-tenant-access.spec.ts",
          "line": 102,
          "column": 1
        },
        {
          "title": "tenant catalog contamination fails closed without a usable role or submit control",
          "ok": true,
          "tags": [],
          "tests": [
            {
              "timeout": 30000,
              "annotations": [],
              "expectedStatus": "passed",
              "projectId": "chromium-narrow",
              "projectName": "chromium-narrow",
              "results": [
                {
                  "workerIndex": 13,
                  "parallelIndex": 0,
                  "status": "passed",
                  "duration": 415,
                  "errors": [],
                  "stdout": [],
                  "stderr": [],
                  "retry": 0,
                  "startTime": "2026-10-07T20:14:16.234Z",
                  "annotations": [],
                  "attachments": []
                }
              ],
              "status": "expected"
            }
          ],
          "id": "253927dfe6ccf141c982-b79062ba5ed76cff5462",
          "file": "managed-identity-tenant-access.spec.ts",
          "line": 104,
          "column": 1
        },
        {
          "title": "governed tenant role revocation uses explicit target, ETag, reason, idempotency and canonical refetch",
          "ok": true,
          "tags": [],
          "tests": [
            {
              "timeout": 30000,
              "annotations": [],
              "expectedStatus": "passed",
              "projectId": "chromium-narrow",
              "projectName": "chromium-narrow",
              "results": [
                {
                  "workerIndex": 13,
                  "parallelIndex": 0,
                  "status": "passed",
                  "duration": 599,
                  "errors": [],
                  "stdout": [],
                  "stderr": [],
                  "retry": 0,
                  "startTime": "2026-10-07T20:14:16.659Z",
                  "annotations": [],
                  "attachments": []
                }
              ],
              "status": "expected"
            }
          ],
          "id": "253927dfe6ccf141c982-2137dc12d5c56b002e8e",
          "file": "managed-identity-tenant-access.spec.ts",
          "line": 106,
          "column": 1
        },
        {
          "title": "M/N/O separated access sections preserve branding, responsive containment and keyboard focus",
          "ok": true,
          "tags": [],
          "tests": [
            {
              "timeout": 30000,
              "annotations": [],
              "expectedStatus": "passed",
              "projectId": "chromium-narrow",
              "projectName": "chromium-narrow",
              "results": [
                {
                  "workerIndex": 13,
                  "parallelIndex": 0,
                  "status": "passed",
                  "duration": 445,
                  "errors": [],
                  "stdout": [],
                  "stderr": [],
                  "retry": 0,
                  "startTime": "2026-10-07T20:14:17.264Z",
                  "annotations": [],
                  "attachments": []
                }
              ],
              "status": "expected"
            }
          ],
          "id": "253927dfe6ccf141c982-f54169b952cc9ca3b1f5",
          "file": "managed-identity-tenant-access.spec.ts",
          "line": 108,
          "column": 1
        }
      ]
    },
    {
      "title": "managed-identity-ui.spec.ts",
      "file": "managed-identity-ui.spec.ts",
      "column": 0,
      "line": 0,
      "specs": [
        {
          "title": "login entry uses backend availability and fails closed for unknown response",
          "ok": true,
          "tags": [],
          "tests": [
            {
              "timeout": 30000,
              "annotations": [],
              "expectedStatus": "passed",
              "projectId": "chromium-desktop",
              "projectName": "chromium-desktop",
              "results": [
                {
                  "workerIndex": 2,
                  "parallelIndex": 2,
                  "status": "passed",
                  "duration": 778,
                  "errors": [],
                  "stdout": [],
                  "stderr": [],
                  "retry": 0,
                  "startTime": "2026-10-07T20:13:22.636Z",
                  "annotations": [],
                  "attachments": []
                }
              ],
              "status": "expected"
            }
          ],
          "id": "c4d78a66682dc0ab592f-655b11a890f4960902a0",
          "file": "managed-identity-ui.spec.ts",
          "line": 39,
          "column": 1
        },
        {
          "title": "Managed Identity entry opens the separate approved IAM flow without a GRC password form",
          "ok": true,
          "tags": [],
          "tests": [
            {
              "timeout": 30000,
              "annotations": [],
              "expectedStatus": "passed",
              "projectId": "chromium-desktop",
              "projectName": "chromium-desktop",
              "results": [
                {
                  "workerIndex": 2,
                  "parallelIndex": 2,
                  "status": "passed",
                  "duration": 336,
                  "errors": [],
                  "stdout": [],
                  "stderr": [],
                  "retry": 0,
                  "startTime": "2026-10-07T20:13:23.884Z",
                  "annotations": [],
                  "attachments": []
                }
              ],
              "status": "expected"
            }
          ],
          "id": "c4d78a66682dc0ab592f-40698eacf177063b07ea",
          "file": "managed-identity-ui.spec.ts",
          "line": 54,
          "column": 1
        },
        {
          "title": "permission projection governs MI controls; roles and tenant context grant none",
          "ok": true,
          "tags": [],
          "tests": [
            {
              "timeout": 30000,
              "annotations": [],
              "expectedStatus": "passed",
              "projectId": "chromium-desktop",
              "projectName": "chromium-desktop",
              "results": [
                {
                  "workerIndex": 2,
                  "parallelIndex": 2,
                  "status": "passed",
                  "duration": 465,
                  "errors": [],
                  "stdout": [],
                  "stderr": [],
                  "retry": 0,
                  "startTime": "2026-10-07T20:13:24.232Z",
                  "annotations": [],
                  "attachments": []
                }
              ],
              "status": "expected"
            }
          ],
          "id": "c4d78a66682dc0ab592f-dc7767548d40229c403c",
          "file": "managed-identity-ui.spec.ts",
          "line": 70,
          "column": 1
        },
        {
          "title": "create permission emits a one-time credential only in the result view",
          "ok": true,
          "tags": [],
          "tests": [
            {
              "timeout": 30000,
              "annotations": [],
              "expectedStatus": "passed",
              "projectId": "chromium-desktop",
              "projectName": "chromium-desktop",
              "results": [
                {
                  "workerIndex": 2,
                  "parallelIndex": 2,
                  "status": "passed",
                  "duration": 914,
                  "errors": [],
                  "stdout": [],
                  "stderr": [],
                  "retry": 0,
                  "startTime": "2026-10-07T20:13:24.711Z",
                  "annotations": [],
                  "attachments": []
                }
              ],
              "status": "expected"
            }
          ],
          "id": "c4d78a66682dc0ab592f-bc90fc3d33879b128089",
          "file": "managed-identity-ui.spec.ts",
          "line": 84,
          "column": 1
        },
        {
          "title": "provision replay exposes metadata without a credential or automatic reset",
          "ok": true,
          "tags": [],
          "tests": [
            {
              "timeout": 30000,
              "annotations": [],
              "expectedStatus": "passed",
              "projectId": "chromium-desktop",
              "projectName": "chromium-desktop",
              "results": [
                {
                  "workerIndex": 2,
                  "parallelIndex": 2,
                  "status": "passed",
                  "duration": 502,
                  "errors": [],
                  "stdout": [],
                  "stderr": [],
                  "retry": 0,
                  "startTime": "2026-10-07T20:13:25.657Z",
                  "annotations": [],
                  "attachments": []
                }
              ],
              "status": "expected"
            }
          ],
          "id": "c4d78a66682dc0ab592f-e65ec3220b6c5aee9eaf",
          "file": "managed-identity-ui.spec.ts",
          "line": 124,
          "column": 1
        },
        {
          "title": "password reset recovery requires a new explicit action and fresh key",
          "ok": true,
          "tags": [],
          "tests": [
            {
              "timeout": 30000,
              "annotations": [],
              "expectedStatus": "passed",
              "projectId": "chromium-desktop",
              "projectName": "chromium-desktop",
              "results": [
                {
                  "workerIndex": 2,
                  "parallelIndex": 2,
                  "status": "passed",
                  "duration": 946,
                  "errors": [],
                  "stdout": [],
                  "stderr": [],
                  "retry": 0,
                  "startTime": "2026-10-07T20:13:26.174Z",
                  "annotations": [],
                  "attachments": []
                }
              ],
              "status": "expected"
            }
          ],
          "id": "c4d78a66682dc0ab592f-de1cb9bc14a3c2f6ffce",
          "file": "managed-identity-ui.spec.ts",
          "line": 144,
          "column": 1
        },
        {
          "title": "password reset original discloses once and a replay response omits the credential",
          "ok": true,
          "tags": [],
          "tests": [
            {
              "timeout": 30000,
              "annotations": [],
              "expectedStatus": "passed",
              "projectId": "chromium-desktop",
              "projectName": "chromium-desktop",
              "results": [
                {
                  "workerIndex": 2,
                  "parallelIndex": 2,
                  "status": "passed",
                  "duration": 814,
                  "errors": [],
                  "stdout": [],
                  "stderr": [],
                  "retry": 0,
                  "startTime": "2026-10-07T20:13:27.139Z",
                  "annotations": [],
                  "attachments": []
                }
              ],
              "status": "expected"
            }
          ],
          "id": "c4d78a66682dc0ab592f-b678a3dd9c47714f45e8",
          "file": "managed-identity-ui.spec.ts",
          "line": 177,
          "column": 1
        },
        {
          "title": "administrative lifecycle actions require a reason and distinct intentions",
          "ok": true,
          "tags": [],
          "tests": [
            {
              "timeout": 30000,
              "annotations": [],
              "expectedStatus": "passed",
              "projectId": "chromium-desktop",
              "projectName": "chromium-desktop",
              "results": [
                {
                  "workerIndex": 2,
                  "parallelIndex": 2,
                  "status": "passed",
                  "duration": 1063,
                  "errors": [],
                  "stdout": [],
                  "stderr": [],
                  "retry": 0,
                  "startTime": "2026-10-07T20:13:27.966Z",
                  "annotations": [],
                  "attachments": []
                }
              ],
              "status": "expected"
            }
          ],
          "id": "c4d78a66682dc0ab592f-4246aa69975b82574a8b",
          "file": "managed-identity-ui.spec.ts",
          "line": 205,
          "column": 1
        },
        {
          "title": "tenant admin and a Platform role name without projected permission cannot enter MI",
          "ok": true,
          "tags": [],
          "tests": [
            {
              "timeout": 30000,
              "annotations": [],
              "expectedStatus": "passed",
              "projectId": "chromium-desktop",
              "projectName": "chromium-desktop",
              "results": [
                {
                  "workerIndex": 2,
                  "parallelIndex": 2,
                  "status": "passed",
                  "duration": 191,
                  "errors": [],
                  "stdout": [],
                  "stderr": [],
                  "retry": 0,
                  "startTime": "2026-10-07T20:13:29.038Z",
                  "annotations": [],
                  "attachments": []
                }
              ],
              "status": "expected"
            }
          ],
          "id": "c4d78a66682dc0ab592f-325a860329c3ed252b61",
          "file": "managed-identity-ui.spec.ts",
          "line": 238,
          "column": 1
        },
        {
          "title": "failed permission projection clears MI presentation eligibility",
          "ok": true,
          "tags": [],
          "tests": [
            {
              "timeout": 30000,
              "annotations": [],
              "expectedStatus": "passed",
              "projectId": "chromium-desktop",
              "projectName": "chromium-desktop",
              "results": [
                {
                  "workerIndex": 2,
                  "parallelIndex": 2,
                  "status": "passed",
                  "duration": 239,
                  "errors": [],
                  "stdout": [],
                  "stderr": [],
                  "retry": 0,
                  "startTime": "2026-10-07T20:13:29.245Z",
                  "annotations": [],
                  "attachments": []
                }
              ],
              "status": "expected"
            }
          ],
          "id": "c4d78a66682dc0ab592f-fab4448a4eef3a19beee",
          "file": "managed-identity-ui.spec.ts",
          "line": 249,
          "column": 1
        },
        {
          "title": "MI7 safe surfaces keep labels, focus and supported viewport layout",
          "ok": true,
          "tags": [],
          "tests": [
            {
              "timeout": 30000,
              "annotations": [],
              "expectedStatus": "passed",
              "projectId": "chromium-desktop",
              "projectName": "chromium-desktop",
              "results": [
                {
                  "workerIndex": 2,
                  "parallelIndex": 2,
                  "status": "passed",
                  "duration": 869,
                  "errors": [],
                  "stdout": [],
                  "stderr": [],
                  "retry": 0,
                  "startTime": "2026-10-07T20:13:29.496Z",
                  "annotations": [],
                  "attachments": []
                }
              ],
              "status": "expected"
            }
          ],
          "id": "c4d78a66682dc0ab592f-ba5923d21f6bec7178bd",
          "file": "managed-identity-ui.spec.ts",
          "line": 259,
          "column": 1
        },
        {
          "title": "login entry uses backend availability and fails closed for unknown response",
          "ok": true,
          "tags": [],
          "tests": [
            {
              "timeout": 30000,
              "annotations": [],
              "expectedStatus": "passed",
              "projectId": "chromium-laptop",
              "projectName": "chromium-laptop",
              "results": [
                {
                  "workerIndex": 6,
                  "parallelIndex": 1,
                  "status": "passed",
                  "duration": 374,
                  "errors": [],
                  "stdout": [],
                  "stderr": [],
                  "retry": 0,
                  "startTime": "2026-10-07T20:13:33.055Z",
                  "annotations": [],
                  "attachments": []
                }
              ],
              "status": "expected"
            }
          ],
          "id": "c4d78a66682dc0ab592f-57d6811556a32e84f491",
          "file": "managed-identity-ui.spec.ts",
          "line": 39,
          "column": 1
        },
        {
          "title": "Managed Identity entry opens the separate approved IAM flow without a GRC password form",
          "ok": true,
          "tags": [],
          "tests": [
            {
              "timeout": 30000,
              "annotations": [],
              "expectedStatus": "passed",
              "projectId": "chromium-laptop",
              "projectName": "chromium-laptop",
              "results": [
                {
                  "workerIndex": 6,
                  "parallelIndex": 1,
                  "status": "passed",
                  "duration": 348,
                  "errors": [],
                  "stdout": [],
                  "stderr": [],
                  "retry": 0,
                  "startTime": "2026-10-07T20:13:33.581Z",
                  "annotations": [],
                  "attachments": []
                }
              ],
              "status": "expected"
            }
          ],
          "id": "c4d78a66682dc0ab592f-903b75b596f0b85bebaa",
          "file": "managed-identity-ui.spec.ts",
          "line": 54,
          "column": 1
        },
        {
          "title": "permission projection governs MI controls; roles and tenant context grant none",
          "ok": true,
          "tags": [],
          "tests": [
            {
              "timeout": 30000,
              "annotations": [],
              "expectedStatus": "passed",
              "projectId": "chromium-laptop",
              "projectName": "chromium-laptop",
              "results": [
                {
                  "workerIndex": 6,
                  "parallelIndex": 1,
                  "status": "passed",
                  "duration": 338,
                  "errors": [],
                  "stdout": [],
                  "stderr": [],
                  "retry": 0,
                  "startTime": "2026-10-07T20:13:33.942Z",
                  "annotations": [],
                  "attachments": []
                }
              ],
              "status": "expected"
            }
          ],
          "id": "c4d78a66682dc0ab592f-2e862976e846f46359a9",
          "file": "managed-identity-ui.spec.ts",
          "line": 70,
          "column": 1
        },
        {
          "title": "create permission emits a one-time credential only in the result view",
          "ok": true,
          "tags": [],
          "tests": [
            {
              "timeout": 30000,
              "annotations": [],
              "expectedStatus": "passed",
              "projectId": "chromium-laptop",
              "projectName": "chromium-laptop",
              "results": [
                {
                  "workerIndex": 6,
                  "parallelIndex": 1,
                  "status": "passed",
                  "duration": 618,
                  "errors": [],
                  "stdout": [],
                  "stderr": [],
                  "retry": 0,
                  "startTime": "2026-10-07T20:13:34.297Z",
                  "annotations": [],
                  "attachments": []
                }
              ],
              "status": "expected"
            }
          ],
          "id": "c4d78a66682dc0ab592f-df7f7391fe046edd9e3f",
          "file": "managed-identity-ui.spec.ts",
          "line": 84,
          "column": 1
        },
        {
          "title": "provision replay exposes metadata without a credential or automatic reset",
          "ok": true,
          "tags": [],
          "tests": [
            {
              "timeout": 30000,
              "annotations": [],
              "expectedStatus": "passed",
              "projectId": "chromium-laptop",
              "projectName": "chromium-laptop",
              "results": [
                {
                  "workerIndex": 6,
                  "parallelIndex": 1,
                  "status": "passed",
                  "duration": 415,
                  "errors": [],
                  "stdout": [],
                  "stderr": [],
                  "retry": 0,
                  "startTime": "2026-10-07T20:13:34.929Z",
                  "annotations": [],
                  "attachments": []
                }
              ],
              "status": "expected"
            }
          ],
          "id": "c4d78a66682dc0ab592f-f40677c113879883c4f0",
          "file": "managed-identity-ui.spec.ts",
          "line": 124,
          "column": 1
        },
        {
          "title": "password reset recovery requires a new explicit action and fresh key",
          "ok": true,
          "tags": [],
          "tests": [
            {
              "timeout": 30000,
              "annotations": [],
              "expectedStatus": "passed",
              "projectId": "chromium-laptop",
              "projectName": "chromium-laptop",
              "results": [
                {
                  "workerIndex": 6,
                  "parallelIndex": 1,
                  "status": "passed",
                  "duration": 939,
                  "errors": [],
                  "stdout": [],
                  "stderr": [],
                  "retry": 0,
                  "startTime": "2026-10-07T20:13:35.355Z",
                  "annotations": [],
                  "attachments": []
                }
              ],
              "status": "expected"
            }
          ],
          "id": "c4d78a66682dc0ab592f-9ca39bbcf79151bdddba",
          "file": "managed-identity-ui.spec.ts",
          "line": 144,
          "column": 1
        },
        {
          "title": "password reset original discloses once and a replay response omits the credential",
          "ok": true,
          "tags": [],
          "tests": [
            {
              "timeout": 30000,
              "annotations": [],
              "expectedStatus": "passed",
              "projectId": "chromium-laptop",
              "projectName": "chromium-laptop",
              "results": [
                {
                  "workerIndex": 6,
                  "parallelIndex": 1,
                  "status": "passed",
                  "duration": 697,
                  "errors": [],
                  "stdout": [],
                  "stderr": [],
                  "retry": 0,
                  "startTime": "2026-10-07T20:13:36.304Z",
                  "annotations": [],
                  "attachments": []
                }
              ],
              "status": "expected"
            }
          ],
          "id": "c4d78a66682dc0ab592f-33953ae59878c0006187",
          "file": "managed-identity-ui.spec.ts",
          "line": 177,
          "column": 1
        },
        {
          "title": "administrative lifecycle actions require a reason and distinct intentions",
          "ok": true,
          "tags": [],
          "tests": [
            {
              "timeout": 30000,
              "annotations": [],
              "expectedStatus": "passed",
              "projectId": "chromium-laptop",
              "projectName": "chromium-laptop",
              "results": [
                {
                  "workerIndex": 6,
                  "parallelIndex": 1,
                  "status": "passed",
                  "duration": 1072,
                  "errors": [],
                  "stdout": [],
                  "stderr": [],
                  "retry": 0,
                  "startTime": "2026-10-07T20:13:37.009Z",
                  "annotations": [],
                  "attachments": []
                }
              ],
              "status": "expected"
            }
          ],
          "id": "c4d78a66682dc0ab592f-8b4ed387d06919fedf98",
          "file": "managed-identity-ui.spec.ts",
          "line": 205,
          "column": 1
        },
        {
          "title": "tenant admin and a Platform role name without projected permission cannot enter MI",
          "ok": true,
          "tags": [],
          "tests": [
            {
              "timeout": 30000,
              "annotations": [],
              "expectedStatus": "passed",
              "projectId": "chromium-laptop",
              "projectName": "chromium-laptop",
              "results": [
                {
                  "workerIndex": 6,
                  "parallelIndex": 1,
                  "status": "passed",
                  "duration": 271,
                  "errors": [],
                  "stdout": [],
                  "stderr": [],
                  "retry": 0,
                  "startTime": "2026-10-07T20:13:38.090Z",
                  "annotations": [],
                  "attachments": []
                }
              ],
              "status": "expected"
            }
          ],
          "id": "c4d78a66682dc0ab592f-fc82134fd6ae8630da26",
          "file": "managed-identity-ui.spec.ts",
          "line": 238,
          "column": 1
        },
        {
          "title": "failed permission projection clears MI presentation eligibility",
          "ok": true,
          "tags": [],
          "tests": [
            {
              "timeout": 30000,
              "annotations": [],
              "expectedStatus": "passed",
              "projectId": "chromium-laptop",
              "projectName": "chromium-laptop",
              "results": [
                {
                  "workerIndex": 6,
                  "parallelIndex": 1,
                  "status": "passed",
                  "duration": 225,
                  "errors": [],
                  "stdout": [],
                  "stderr": [],
                  "retry": 0,
                  "startTime": "2026-10-07T20:13:38.370Z",
                  "annotations": [],
                  "attachments": []
                }
              ],
              "status": "expected"
            }
          ],
          "id": "c4d78a66682dc0ab592f-2d8a9b2b07860779f235",
          "file": "managed-identity-ui.spec.ts",
          "line": 249,
          "column": 1
        },
        {
          "title": "MI7 safe surfaces keep labels, focus and supported viewport layout",
          "ok": true,
          "tags": [],
          "tests": [
            {
              "timeout": 30000,
              "annotations": [],
              "expectedStatus": "passed",
              "projectId": "chromium-laptop",
              "projectName": "chromium-laptop",
              "results": [
                {
                  "workerIndex": 6,
                  "parallelIndex": 1,
                  "status": "passed",
                  "duration": 882,
                  "errors": [],
                  "stdout": [],
                  "stderr": [],
                  "retry": 0,
                  "startTime": "2026-10-07T20:13:38.603Z",
                  "annotations": [],
                  "attachments": []
                }
              ],
              "status": "expected"
            }
          ],
          "id": "c4d78a66682dc0ab592f-e1021b97aeb5ce1fec79",
          "file": "managed-identity-ui.spec.ts",
          "line": 259,
          "column": 1
        },
        {
          "title": "login entry uses backend availability and fails closed for unknown response",
          "ok": true,
          "tags": [],
          "tests": [
            {
              "timeout": 30000,
              "annotations": [],
              "expectedStatus": "passed",
              "projectId": "chromium-tablet",
              "projectName": "chromium-tablet",
              "results": [
                {
                  "workerIndex": 9,
                  "parallelIndex": 2,
                  "status": "passed",
                  "duration": 430,
                  "errors": [],
                  "stdout": [],
                  "stderr": [],
                  "retry": 0,
                  "startTime": "2026-10-07T20:13:56.777Z",
                  "annotations": [],
                  "attachments": []
                }
              ],
              "status": "expected"
            }
          ],
          "id": "c4d78a66682dc0ab592f-3567bf17fd0fa3fbc7a3",
          "file": "managed-identity-ui.spec.ts",
          "line": 39,
          "column": 1
        },
        {
          "title": "Managed Identity entry opens the separate approved IAM flow without a GRC password form",
          "ok": true,
          "tags": [],
          "tests": [
            {
              "timeout": 30000,
              "annotations": [],
              "expectedStatus": "passed",
              "projectId": "chromium-tablet",
              "projectName": "chromium-tablet",
              "results": [
                {
                  "workerIndex": 9,
                  "parallelIndex": 2,
                  "status": "passed",
                  "duration": 253,
                  "errors": [],
                  "stdout": [],
                  "stderr": [],
                  "retry": 0,
                  "startTime": "2026-10-07T20:13:57.389Z",
                  "annotations": [],
                  "attachments": []
                }
              ],
              "status": "expected"
            }
          ],
          "id": "c4d78a66682dc0ab592f-e285d219fdd5a0119cd5",
          "file": "managed-identity-ui.spec.ts",
          "line": 54,
          "column": 1
        },
        {
          "title": "permission projection governs MI controls; roles and tenant context grant none",
          "ok": true,
          "tags": [],
          "tests": [
            {
              "timeout": 30000,
              "annotations": [],
              "expectedStatus": "passed",
              "projectId": "chromium-tablet",
              "projectName": "chromium-tablet",
              "results": [
                {
                  "workerIndex": 9,
                  "parallelIndex": 2,
                  "status": "passed",
                  "duration": 364,
                  "errors": [],
                  "stdout": [],
                  "stderr": [],
                  "retry": 0,
                  "startTime": "2026-10-07T20:13:57.656Z",
                  "annotations": [],
                  "attachments": []
                }
              ],
              "status": "expected"
            }
          ],
          "id": "c4d78a66682dc0ab592f-7fe5a7060f44d52988f4",
          "file": "managed-identity-ui.spec.ts",
          "line": 70,
          "column": 1
        },
        {
          "title": "create permission emits a one-time credential only in the result view",
          "ok": true,
          "tags": [],
          "tests": [
            {
              "timeout": 30000,
              "annotations": [],
              "expectedStatus": "passed",
              "projectId": "chromium-tablet",
              "projectName": "chromium-tablet",
              "results": [
                {
                  "workerIndex": 9,
                  "parallelIndex": 2,
                  "status": "passed",
                  "duration": 666,
                  "errors": [],
                  "stdout": [],
                  "stderr": [],
                  "retry": 0,
                  "startTime": "2026-10-07T20:13:58.031Z",
                  "annotations": [],
                  "attachments": []
                }
              ],
              "status": "expected"
            }
          ],
          "id": "c4d78a66682dc0ab592f-51abc1c1ab794bc7f174",
          "file": "managed-identity-ui.spec.ts",
          "line": 84,
          "column": 1
        },
        {
          "title": "provision replay exposes metadata without a credential or automatic reset",
          "ok": true,
          "tags": [],
          "tests": [
            {
              "timeout": 30000,
              "annotations": [],
              "expectedStatus": "passed",
              "projectId": "chromium-tablet",
              "projectName": "chromium-tablet",
              "results": [
                {
                  "workerIndex": 9,
                  "parallelIndex": 2,
                  "status": "passed",
                  "duration": 461,
                  "errors": [],
                  "stdout": [],
                  "stderr": [],
                  "retry": 0,
                  "startTime": "2026-10-07T20:13:58.714Z",
                  "annotations": [],
                  "attachments": []
                }
              ],
              "status": "expected"
            }
          ],
          "id": "c4d78a66682dc0ab592f-607c63d1597b2e6404fa",
          "file": "managed-identity-ui.spec.ts",
          "line": 124,
          "column": 1
        },
        {
          "title": "password reset recovery requires a new explicit action and fresh key",
          "ok": true,
          "tags": [],
          "tests": [
            {
              "timeout": 30000,
              "annotations": [],
              "expectedStatus": "passed",
              "projectId": "chromium-tablet",
              "projectName": "chromium-tablet",
              "results": [
                {
                  "workerIndex": 9,
                  "parallelIndex": 2,
                  "status": "passed",
                  "duration": 819,
                  "errors": [],
                  "stdout": [],
                  "stderr": [],
                  "retry": 0,
                  "startTime": "2026-10-07T20:13:59.194Z",
                  "annotations": [],
                  "attachments": []
                }
              ],
              "status": "expected"
            }
          ],
          "id": "c4d78a66682dc0ab592f-56b3a896415b58673f89",
          "file": "managed-identity-ui.spec.ts",
          "line": 144,
          "column": 1
        },
        {
          "title": "password reset original discloses once and a replay response omits the credential",
          "ok": true,
          "tags": [],
          "tests": [
            {
              "timeout": 30000,
              "annotations": [],
              "expectedStatus": "passed",
              "projectId": "chromium-tablet",
              "projectName": "chromium-tablet",
              "results": [
                {
                  "workerIndex": 9,
                  "parallelIndex": 2,
                  "status": "passed",
                  "duration": 773,
                  "errors": [],
                  "stdout": [],
                  "stderr": [],
                  "retry": 0,
                  "startTime": "2026-10-07T20:14:00.021Z",
                  "annotations": [],
                  "attachments": []
                }
              ],
              "status": "expected"
            }
          ],
          "id": "c4d78a66682dc0ab592f-0b8fe04500e1150d97d8",
          "file": "managed-identity-ui.spec.ts",
          "line": 177,
          "column": 1
        },
        {
          "title": "administrative lifecycle actions require a reason and distinct intentions",
          "ok": true,
          "tags": [],
          "tests": [
            {
              "timeout": 30000,
              "annotations": [],
              "expectedStatus": "passed",
              "projectId": "chromium-tablet",
              "projectName": "chromium-tablet",
              "results": [
                {
                  "workerIndex": 9,
                  "parallelIndex": 2,
                  "status": "passed",
                  "duration": 1195,
                  "errors": [],
                  "stdout": [],
                  "stderr": [],
                  "retry": 0,
                  "startTime": "2026-10-07T20:14:00.805Z",
                  "annotations": [],
                  "attachments": []
                }
              ],
              "status": "expected"
            }
          ],
          "id": "c4d78a66682dc0ab592f-2ee2d760cccf1fa0d03e",
          "file": "managed-identity-ui.spec.ts",
          "line": 205,
          "column": 1
        },
        {
          "title": "tenant admin and a Platform role name without projected permission cannot enter MI",
          "ok": true,
          "tags": [],
          "tests": [
            {
              "timeout": 30000,
              "annotations": [],
              "expectedStatus": "passed",
              "projectId": "chromium-tablet",
              "projectName": "chromium-tablet",
              "results": [
                {
                  "workerIndex": 9,
                  "parallelIndex": 2,
                  "status": "passed",
                  "duration": 224,
                  "errors": [],
                  "stdout": [],
                  "stderr": [],
                  "retry": 0,
                  "startTime": "2026-10-07T20:14:02.010Z",
                  "annotations": [],
                  "attachments": []
                }
              ],
              "status": "expected"
            }
          ],
          "id": "c4d78a66682dc0ab592f-4bb59b0273123fa83c0c",
          "file": "managed-identity-ui.spec.ts",
          "line": 238,
          "column": 1
        },
        {
          "title": "failed permission projection clears MI presentation eligibility",
          "ok": true,
          "tags": [],
          "tests": [
            {
              "timeout": 30000,
              "annotations": [],
              "expectedStatus": "passed",
              "projectId": "chromium-tablet",
              "projectName": "chromium-tablet",
              "results": [
                {
                  "workerIndex": 9,
                  "parallelIndex": 2,
                  "status": "passed",
                  "duration": 202,
                  "errors": [],
                  "stdout": [],
                  "stderr": [],
                  "retry": 0,
                  "startTime": "2026-10-07T20:14:02.246Z",
                  "annotations": [],
                  "attachments": []
                }
              ],
              "status": "expected"
            }
          ],
          "id": "c4d78a66682dc0ab592f-6c78d996a879239131db",
          "file": "managed-identity-ui.spec.ts",
          "line": 249,
          "column": 1
        },
        {
          "title": "MI7 safe surfaces keep labels, focus and supported viewport layout",
          "ok": true,
          "tags": [],
          "tests": [
            {
              "timeout": 30000,
              "annotations": [],
              "expectedStatus": "passed",
              "projectId": "chromium-tablet",
              "projectName": "chromium-tablet",
              "results": [
                {
                  "workerIndex": 9,
                  "parallelIndex": 2,
                  "status": "passed",
                  "duration": 1011,
                  "errors": [],
                  "stdout": [],
                  "stderr": [],
                  "retry": 0,
                  "startTime": "2026-10-07T20:14:02.468Z",
                  "annotations": [],
                  "attachments": []
                }
              ],
              "status": "expected"
            }
          ],
          "id": "c4d78a66682dc0ab592f-e148926f4c918b6b5095",
          "file": "managed-identity-ui.spec.ts",
          "line": 259,
          "column": 1
        },
        {
          "title": "login entry uses backend availability and fails closed for unknown response",
          "ok": true,
          "tags": [],
          "tests": [
            {
              "timeout": 30000,
              "annotations": [],
              "expectedStatus": "passed",
              "projectId": "chromium-narrow",
              "projectName": "chromium-narrow",
              "results": [
                {
                  "workerIndex": 12,
                  "parallelIndex": 3,
                  "status": "passed",
                  "duration": 394,
                  "errors": [],
                  "stdout": [],
                  "stderr": [],
                  "retry": 0,
                  "startTime": "2026-10-07T20:14:08.143Z",
                  "annotations": [],
                  "attachments": []
                }
              ],
              "status": "expected"
            }
          ],
          "id": "c4d78a66682dc0ab592f-896324967d8a838411ab",
          "file": "managed-identity-ui.spec.ts",
          "line": 39,
          "column": 1
        },
        {
          "title": "Managed Identity entry opens the separate approved IAM flow without a GRC password form",
          "ok": true,
          "tags": [],
          "tests": [
            {
              "timeout": 30000,
              "annotations": [],
              "expectedStatus": "passed",
              "projectId": "chromium-narrow",
              "projectName": "chromium-narrow",
              "results": [
                {
                  "workerIndex": 12,
                  "parallelIndex": 3,
                  "status": "passed",
                  "duration": 409,
                  "errors": [],
                  "stdout": [],
                  "stderr": [],
                  "retry": 0,
                  "startTime": "2026-10-07T20:14:08.575Z",
                  "annotations": [],
                  "attachments": []
                }
              ],
              "status": "expected"
            }
          ],
          "id": "c4d78a66682dc0ab592f-ccefc1ce8398c8507300",
          "file": "managed-identity-ui.spec.ts",
          "line": 54,
          "column": 1
        },
        {
          "title": "permission projection governs MI controls; roles and tenant context grant none",
          "ok": true,
          "tags": [],
          "tests": [
            {
              "timeout": 30000,
              "annotations": [],
              "expectedStatus": "passed",
              "projectId": "chromium-narrow",
              "projectName": "chromium-narrow",
              "results": [
                {
                  "workerIndex": 12,
                  "parallelIndex": 3,
                  "status": "passed",
                  "duration": 520,
                  "errors": [],
                  "stdout": [],
                  "stderr": [],
                  "retry": 0,
                  "startTime": "2026-10-07T20:14:09.004Z",
                  "annotations": [],
                  "attachments": []
                }
              ],
              "status": "expected"
            }
          ],
          "id": "c4d78a66682dc0ab592f-2eb575833e00bb630806",
          "file": "managed-identity-ui.spec.ts",
          "line": 70,
          "column": 1
        },
        {
          "title": "create permission emits a one-time credential only in the result view",
          "ok": true,
          "tags": [],
          "tests": [
            {
              "timeout": 30000,
              "annotations": [],
              "expectedStatus": "passed",
              "projectId": "chromium-narrow",
              "projectName": "chromium-narrow",
              "results": [
                {
                  "workerIndex": 12,
                  "parallelIndex": 3,
                  "status": "passed",
                  "duration": 828,
                  "errors": [],
                  "stdout": [],
                  "stderr": [],
                  "retry": 0,
                  "startTime": "2026-10-07T20:14:09.541Z",
                  "annotations": [],
                  "attachments": []
                }
              ],
              "status": "expected"
            }
          ],
          "id": "c4d78a66682dc0ab592f-0b9be296218635cec10f",
          "file": "managed-identity-ui.spec.ts",
          "line": 84,
          "column": 1
        },
        {
          "title": "provision replay exposes metadata without a credential or automatic reset",
          "ok": true,
          "tags": [],
          "tests": [
            {
              "timeout": 30000,
              "annotations": [],
              "expectedStatus": "passed",
              "projectId": "chromium-narrow",
              "projectName": "chromium-narrow",
              "results": [
                {
                  "workerIndex": 12,
                  "parallelIndex": 3,
                  "status": "passed",
                  "duration": 487,
                  "errors": [],
                  "stdout": [],
                  "stderr": [],
                  "retry": 0,
                  "startTime": "2026-10-07T20:14:10.388Z",
                  "annotations": [],
                  "attachments": []
                }
              ],
              "status": "expected"
            }
          ],
          "id": "c4d78a66682dc0ab592f-d6b7f9ba62525b2ccde7",
          "file": "managed-identity-ui.spec.ts",
          "line": 124,
          "column": 1
        },
        {
          "title": "password reset recovery requires a new explicit action and fresh key",
          "ok": true,
          "tags": [],
          "tests": [
            {
              "timeout": 30000,
              "annotations": [],
              "expectedStatus": "passed",
              "projectId": "chromium-narrow",
              "projectName": "chromium-narrow",
              "results": [
                {
                  "workerIndex": 12,
                  "parallelIndex": 3,
                  "status": "passed",
                  "duration": 835,
                  "errors": [],
                  "stdout": [],
                  "stderr": [],
                  "retry": 0,
                  "startTime": "2026-10-07T20:14:10.885Z",
                  "annotations": [],
                  "attachments": []
                }
              ],
              "status": "expected"
            }
          ],
          "id": "c4d78a66682dc0ab592f-666b4c4d068024130407",
          "file": "managed-identity-ui.spec.ts",
          "line": 144,
          "column": 1
        },
        {
          "title": "password reset original discloses once and a replay response omits the credential",
          "ok": true,
          "tags": [],
          "tests": [
            {
              "timeout": 30000,
              "annotations": [],
              "expectedStatus": "passed",
              "projectId": "chromium-narrow",
              "projectName": "chromium-narrow",
              "results": [
                {
                  "workerIndex": 12,
                  "parallelIndex": 3,
                  "status": "passed",
                  "duration": 807,
                  "errors": [],
                  "stdout": [],
                  "stderr": [],
                  "retry": 0,
                  "startTime": "2026-10-07T20:14:11.743Z",
                  "annotations": [],
                  "attachments": []
                }
              ],
              "status": "expected"
            }
          ],
          "id": "c4d78a66682dc0ab592f-ca5f88f14241f67fb616",
          "file": "managed-identity-ui.spec.ts",
          "line": 177,
          "column": 1
        },
        {
          "title": "administrative lifecycle actions require a reason and distinct intentions",
          "ok": true,
          "tags": [],
          "tests": [
            {
              "timeout": 30000,
              "annotations": [],
              "expectedStatus": "passed",
              "projectId": "chromium-narrow",
              "projectName": "chromium-narrow",
              "results": [
                {
                  "workerIndex": 12,
                  "parallelIndex": 3,
                  "status": "passed",
                  "duration": 1170,
                  "errors": [],
                  "stdout": [],
                  "stderr": [],
                  "retry": 0,
                  "startTime": "2026-10-07T20:14:12.575Z",
                  "annotations": [],
                  "attachments": []
                }
              ],
              "status": "expected"
            }
          ],
          "id": "c4d78a66682dc0ab592f-88e8f121f77e5e2d3a16",
          "file": "managed-identity-ui.spec.ts",
          "line": 205,
          "column": 1
        },
        {
          "title": "tenant admin and a Platform role name without projected permission cannot enter MI",
          "ok": true,
          "tags": [],
          "tests": [
            {
              "timeout": 30000,
              "annotations": [],
              "expectedStatus": "passed",
              "projectId": "chromium-narrow",
              "projectName": "chromium-narrow",
              "results": [
                {
                  "workerIndex": 12,
                  "parallelIndex": 3,
                  "status": "passed",
                  "duration": 452,
                  "errors": [],
                  "stdout": [],
                  "stderr": [],
                  "retry": 0,
                  "startTime": "2026-10-07T20:14:13.767Z",
                  "annotations": [],
                  "attachments": []
                }
              ],
              "status": "expected"
            }
          ],
          "id": "c4d78a66682dc0ab592f-0fb4e0ce77e55ac843a4",
          "file": "managed-identity-ui.spec.ts",
          "line": 238,
          "column": 1
        },
        {
          "title": "failed permission projection clears MI presentation eligibility",
          "ok": true,
          "tags": [],
          "tests": [
            {
              "timeout": 30000,
              "annotations": [],
              "expectedStatus": "passed",
              "projectId": "chromium-narrow",
              "projectName": "chromium-narrow",
              "results": [
                {
                  "workerIndex": 12,
                  "parallelIndex": 3,
                  "status": "passed",
                  "duration": 259,
                  "errors": [],
                  "stdout": [],
                  "stderr": [],
                  "retry": 0,
                  "startTime": "2026-10-07T20:14:14.235Z",
                  "annotations": [],
                  "attachments": []
                }
              ],
              "status": "expected"
            }
          ],
          "id": "c4d78a66682dc0ab592f-e9a1044a07ad18266aa1",
          "file": "managed-identity-ui.spec.ts",
          "line": 249,
          "column": 1
        },
        {
          "title": "MI7 safe surfaces keep labels, focus and supported viewport layout",
          "ok": true,
          "tags": [],
          "tests": [
            {
              "timeout": 30000,
              "annotations": [],
              "expectedStatus": "passed",
              "projectId": "chromium-narrow",
              "projectName": "chromium-narrow",
              "results": [
                {
                  "workerIndex": 12,
                  "parallelIndex": 3,
                  "status": "passed",
                  "duration": 711,
                  "errors": [],
                  "stdout": [],
                  "stderr": [],
                  "retry": 0,
                  "startTime": "2026-10-07T20:14:14.507Z",
                  "annotations": [],
                  "attachments": []
                }
              ],
              "status": "expected"
            }
          ],
          "id": "c4d78a66682dc0ab592f-630fca77c6876b204b79",
          "file": "managed-identity-ui.spec.ts",
          "line": 259,
          "column": 1
        }
      ]
    },
    {
      "title": "platform-role-ui.spec.ts",
      "file": "platform-role-ui.spec.ts",
      "column": 0,
      "line": 0,
      "specs": [
        {
          "title": "navigation, identity selection, empty state and catalog remain distinct from tenant roles",
          "ok": true,
          "tags": [],
          "tests": [
            {
              "timeout": 30000,
              "annotations": [],
              "expectedStatus": "passed",
              "projectId": "chromium-desktop",
              "projectName": "chromium-desktop",
              "results": [
                {
                  "workerIndex": 3,
                  "parallelIndex": 3,
                  "status": "passed",
                  "duration": 1111,
                  "errors": [],
                  "stdout": [],
                  "stderr": [],
                  "retry": 0,
                  "startTime": "2026-10-07T20:13:22.632Z",
                  "annotations": [],
                  "attachments": []
                }
              ],
              "status": "expected"
            }
          ],
          "id": "6cf63e2897bb90a2c388-f1e85133fcdb9c715894",
          "file": "platform-role-ui.spec.ts",
          "line": 58,
          "column": 1
        },
        {
          "title": "assign and revoke send exact IDs/payloads/fresh keys and refetch server state without optimistic authority",
          "ok": true,
          "tags": [],
          "tests": [
            {
              "timeout": 30000,
              "annotations": [],
              "expectedStatus": "passed",
              "projectId": "chromium-desktop",
              "projectName": "chromium-desktop",
              "results": [
                {
                  "workerIndex": 3,
                  "parallelIndex": 3,
                  "status": "passed",
                  "duration": 876,
                  "errors": [],
                  "stdout": [],
                  "stderr": [],
                  "retry": 0,
                  "startTime": "2026-10-07T20:13:24.205Z",
                  "annotations": [],
                  "attachments": []
                }
              ],
              "status": "expected"
            }
          ],
          "id": "6cf63e2897bb90a2c388-00f91a9e13444a93ade2",
          "file": "platform-role-ui.spec.ts",
          "line": 74,
          "column": 1
        },
        {
          "title": "role-name and tenant grants cannot expose admin actions without effective platform permission",
          "ok": true,
          "tags": [],
          "tests": [
            {
              "timeout": 30000,
              "annotations": [],
              "expectedStatus": "passed",
              "projectId": "chromium-desktop",
              "projectName": "chromium-desktop",
              "results": [
                {
                  "workerIndex": 3,
                  "parallelIndex": 3,
                  "status": "passed",
                  "duration": 394,
                  "errors": [],
                  "stdout": [],
                  "stderr": [],
                  "retry": 0,
                  "startTime": "2026-10-07T20:13:25.093Z",
                  "annotations": [],
                  "attachments": []
                }
              ],
              "status": "expected"
            }
          ],
          "id": "6cf63e2897bb90a2c388-e357cbf78c58b199ce65",
          "file": "platform-role-ui.spec.ts",
          "line": 95,
          "column": 1
        },
        {
          "title": "missing catalog permission never supplies a hardcoded option while revoke remains independent",
          "ok": true,
          "tags": [],
          "tests": [
            {
              "timeout": 30000,
              "annotations": [],
              "expectedStatus": "passed",
              "projectId": "chromium-desktop",
              "projectName": "chromium-desktop",
              "results": [
                {
                  "workerIndex": 3,
                  "parallelIndex": 3,
                  "status": "passed",
                  "duration": 469,
                  "errors": [],
                  "stdout": [],
                  "stderr": [],
                  "retry": 0,
                  "startTime": "2026-10-07T20:13:25.501Z",
                  "annotations": [],
                  "attachments": []
                }
              ],
              "status": "expected"
            }
          ],
          "id": "6cf63e2897bb90a2c388-1b55df5a49d8ea4b5c68",
          "file": "platform-role-ui.spec.ts",
          "line": 100,
          "column": 1
        },
        {
          "title": "fresh permission revocation prevents POST even after opening the confirmation",
          "ok": true,
          "tags": [],
          "tests": [
            {
              "timeout": 30000,
              "annotations": [],
              "expectedStatus": "passed",
              "projectId": "chromium-desktop",
              "projectName": "chromium-desktop",
              "results": [
                {
                  "workerIndex": 3,
                  "parallelIndex": 3,
                  "status": "passed",
                  "duration": 520,
                  "errors": [],
                  "stdout": [],
                  "stderr": [],
                  "retry": 0,
                  "startTime": "2026-10-07T20:13:25.987Z",
                  "annotations": [],
                  "attachments": []
                }
              ],
              "status": "expected"
            }
          ],
          "id": "6cf63e2897bb90a2c388-b675184f9f4b5783503d",
          "file": "platform-role-ui.spec.ts",
          "line": 106,
          "column": 1
        },
        {
          "title": "assignment read 400 is an error rather than an empty collection",
          "ok": true,
          "tags": [],
          "tests": [
            {
              "timeout": 30000,
              "annotations": [],
              "expectedStatus": "passed",
              "projectId": "chromium-desktop",
              "projectName": "chromium-desktop",
              "results": [
                {
                  "workerIndex": 3,
                  "parallelIndex": 3,
                  "status": "passed",
                  "duration": 356,
                  "errors": [],
                  "stdout": [],
                  "stderr": [],
                  "retry": 0,
                  "startTime": "2026-10-07T20:13:26.517Z",
                  "annotations": [],
                  "attachments": []
                }
              ],
              "status": "expected"
            }
          ],
          "id": "6cf63e2897bb90a2c388-29aafa94cd62ec48e359",
          "file": "platform-role-ui.spec.ts",
          "line": 112,
          "column": 43
        },
        {
          "title": "assignment read 401 is an error rather than an empty collection",
          "ok": true,
          "tags": [],
          "tests": [
            {
              "timeout": 30000,
              "annotations": [],
              "expectedStatus": "passed",
              "projectId": "chromium-desktop",
              "projectName": "chromium-desktop",
              "results": [
                {
                  "workerIndex": 3,
                  "parallelIndex": 3,
                  "status": "passed",
                  "duration": 330,
                  "errors": [],
                  "stdout": [],
                  "stderr": [],
                  "retry": 0,
                  "startTime": "2026-10-07T20:13:26.881Z",
                  "annotations": [],
                  "attachments": []
                }
              ],
              "status": "expected"
            }
          ],
          "id": "6cf63e2897bb90a2c388-5a92ee7a88da01e38133",
          "file": "platform-role-ui.spec.ts",
          "line": 112,
          "column": 43
        },
        {
          "title": "assignment read 403 is an error rather than an empty collection",
          "ok": true,
          "tags": [],
          "tests": [
            {
              "timeout": 30000,
              "annotations": [],
              "expectedStatus": "passed",
              "projectId": "chromium-desktop",
              "projectName": "chromium-desktop",
              "results": [
                {
                  "workerIndex": 3,
                  "parallelIndex": 3,
                  "status": "passed",
                  "duration": 354,
                  "errors": [],
                  "stdout": [],
                  "stderr": [],
                  "retry": 0,
                  "startTime": "2026-10-07T20:13:27.222Z",
                  "annotations": [],
                  "attachments": []
                }
              ],
              "status": "expected"
            }
          ],
          "id": "6cf63e2897bb90a2c388-603d9aa1bec3deee30b5",
          "file": "platform-role-ui.spec.ts",
          "line": 112,
          "column": 43
        },
        {
          "title": "assignment read 404 is an error rather than an empty collection",
          "ok": true,
          "tags": [],
          "tests": [
            {
              "timeout": 30000,
              "annotations": [],
              "expectedStatus": "passed",
              "projectId": "chromium-desktop",
              "projectName": "chromium-desktop",
              "results": [
                {
                  "workerIndex": 3,
                  "parallelIndex": 3,
                  "status": "passed",
                  "duration": 401,
                  "errors": [],
                  "stdout": [],
                  "stderr": [],
                  "retry": 0,
                  "startTime": "2026-10-07T20:13:27.586Z",
                  "annotations": [],
                  "attachments": []
                }
              ],
              "status": "expected"
            }
          ],
          "id": "6cf63e2897bb90a2c388-06962a8ee780f3427953",
          "file": "platform-role-ui.spec.ts",
          "line": 112,
          "column": 43
        },
        {
          "title": "assignment read 409 is an error rather than an empty collection",
          "ok": true,
          "tags": [],
          "tests": [
            {
              "timeout": 30000,
              "annotations": [],
              "expectedStatus": "passed",
              "projectId": "chromium-desktop",
              "projectName": "chromium-desktop",
              "results": [
                {
                  "workerIndex": 3,
                  "parallelIndex": 3,
                  "status": "passed",
                  "duration": 340,
                  "errors": [],
                  "stdout": [],
                  "stderr": [],
                  "retry": 0,
                  "startTime": "2026-10-07T20:13:27.996Z",
                  "annotations": [],
                  "attachments": []
                }
              ],
              "status": "expected"
            }
          ],
          "id": "6cf63e2897bb90a2c388-3b03aa9c7d8e42a5f3f2",
          "file": "platform-role-ui.spec.ts",
          "line": 112,
          "column": 43
        },
        {
          "title": "catalog failure stays unavailable and does not fabricate options",
          "ok": true,
          "tags": [],
          "tests": [
            {
              "timeout": 30000,
              "annotations": [],
              "expectedStatus": "passed",
              "projectId": "chromium-desktop",
              "projectName": "chromium-desktop",
              "results": [
                {
                  "workerIndex": 3,
                  "parallelIndex": 3,
                  "status": "passed",
                  "duration": 283,
                  "errors": [],
                  "stdout": [],
                  "stderr": [],
                  "retry": 0,
                  "startTime": "2026-10-07T20:13:28.350Z",
                  "annotations": [],
                  "attachments": []
                }
              ],
              "status": "expected"
            }
          ],
          "id": "6cf63e2897bb90a2c388-2578aae52e659f5b048f",
          "file": "platform-role-ui.spec.ts",
          "line": 118,
          "column": 1
        },
        {
          "title": "last platform administrator conflict preserves the exact server-rendered assignment",
          "ok": true,
          "tags": [],
          "tests": [
            {
              "timeout": 30000,
              "annotations": [],
              "expectedStatus": "passed",
              "projectId": "chromium-desktop",
              "projectName": "chromium-desktop",
              "results": [
                {
                  "workerIndex": 3,
                  "parallelIndex": 3,
                  "status": "passed",
                  "duration": 500,
                  "errors": [],
                  "stdout": [],
                  "stderr": [],
                  "retry": 0,
                  "startTime": "2026-10-07T20:13:28.640Z",
                  "annotations": [],
                  "attachments": []
                }
              ],
              "status": "expected"
            }
          ],
          "id": "6cf63e2897bb90a2c388-0955651d3603ea8183dc",
          "file": "platform-role-ui.spec.ts",
          "line": 122,
          "column": 1
        },
        {
          "title": "uncertain transport result blocks retries until explicit server read and a new intention",
          "ok": true,
          "tags": [],
          "tests": [
            {
              "timeout": 30000,
              "annotations": [],
              "expectedStatus": "passed",
              "projectId": "chromium-desktop",
              "projectName": "chromium-desktop",
              "results": [
                {
                  "workerIndex": 3,
                  "parallelIndex": 3,
                  "status": "passed",
                  "duration": 717,
                  "errors": [],
                  "stdout": [],
                  "stderr": [],
                  "retry": 0,
                  "startTime": "2026-10-07T20:13:29.152Z",
                  "annotations": [],
                  "attachments": []
                }
              ],
              "status": "expected"
            }
          ],
          "id": "6cf63e2897bb90a2c388-2637b5bfe0eeb8b9fd19",
          "file": "platform-role-ui.spec.ts",
          "line": 130,
          "column": 1
        },
        {
          "title": "successful POST with failed refetch never inserts authoritative optimistic state",
          "ok": true,
          "tags": [],
          "tests": [
            {
              "timeout": 30000,
              "annotations": [],
              "expectedStatus": "passed",
              "projectId": "chromium-desktop",
              "projectName": "chromium-desktop",
              "results": [
                {
                  "workerIndex": 3,
                  "parallelIndex": 3,
                  "status": "passed",
                  "duration": 528,
                  "errors": [],
                  "stdout": [],
                  "stderr": [],
                  "retry": 0,
                  "startTime": "2026-10-07T20:13:29.881Z",
                  "annotations": [],
                  "attachments": []
                }
              ],
              "status": "expected"
            }
          ],
          "id": "6cf63e2897bb90a2c388-02e9132666c7d327692c",
          "file": "platform-role-ui.spec.ts",
          "line": 141,
          "column": 1
        },
        {
          "title": "navigation, identity selection, empty state and catalog remain distinct from tenant roles",
          "ok": true,
          "tags": [],
          "tests": [
            {
              "timeout": 30000,
              "annotations": [],
              "expectedStatus": "passed",
              "projectId": "chromium-laptop",
              "projectName": "chromium-laptop",
              "results": [
                {
                  "workerIndex": 6,
                  "parallelIndex": 1,
                  "status": "passed",
                  "duration": 603,
                  "errors": [],
                  "stdout": [],
                  "stderr": [],
                  "retry": 0,
                  "startTime": "2026-10-07T20:13:39.507Z",
                  "annotations": [],
                  "attachments": []
                }
              ],
              "status": "expected"
            }
          ],
          "id": "6cf63e2897bb90a2c388-db53aa3dc355d625d2c3",
          "file": "platform-role-ui.spec.ts",
          "line": 58,
          "column": 1
        },
        {
          "title": "assign and revoke send exact IDs/payloads/fresh keys and refetch server state without optimistic authority",
          "ok": true,
          "tags": [],
          "tests": [
            {
              "timeout": 30000,
              "annotations": [],
              "expectedStatus": "passed",
              "projectId": "chromium-laptop",
              "projectName": "chromium-laptop",
              "results": [
                {
                  "workerIndex": 6,
                  "parallelIndex": 1,
                  "status": "passed",
                  "duration": 702,
                  "errors": [],
                  "stdout": [],
                  "stderr": [],
                  "retry": 0,
                  "startTime": "2026-10-07T20:13:40.116Z",
                  "annotations": [],
                  "attachments": []
                }
              ],
              "status": "expected"
            }
          ],
          "id": "6cf63e2897bb90a2c388-be36c547fb22dd55d2b2",
          "file": "platform-role-ui.spec.ts",
          "line": 74,
          "column": 1
        },
        {
          "title": "role-name and tenant grants cannot expose admin actions without effective platform permission",
          "ok": true,
          "tags": [],
          "tests": [
            {
              "timeout": 30000,
              "annotations": [],
              "expectedStatus": "passed",
              "projectId": "chromium-laptop",
              "projectName": "chromium-laptop",
              "results": [
                {
                  "workerIndex": 6,
                  "parallelIndex": 1,
                  "status": "passed",
                  "duration": 312,
                  "errors": [],
                  "stdout": [],
                  "stderr": [],
                  "retry": 0,
                  "startTime": "2026-10-07T20:13:40.827Z",
                  "annotations": [],
                  "attachments": []
                }
              ],
              "status": "expected"
            }
          ],
          "id": "6cf63e2897bb90a2c388-af2d17e78f250ac1a1a5",
          "file": "platform-role-ui.spec.ts",
          "line": 95,
          "column": 1
        },
        {
          "title": "missing catalog permission never supplies a hardcoded option while revoke remains independent",
          "ok": true,
          "tags": [],
          "tests": [
            {
              "timeout": 30000,
              "annotations": [],
              "expectedStatus": "passed",
              "projectId": "chromium-laptop",
              "projectName": "chromium-laptop",
              "results": [
                {
                  "workerIndex": 6,
                  "parallelIndex": 1,
                  "status": "passed",
                  "duration": 310,
                  "errors": [],
                  "stdout": [],
                  "stderr": [],
                  "retry": 0,
                  "startTime": "2026-10-07T20:13:41.144Z",
                  "annotations": [],
                  "attachments": []
                }
              ],
              "status": "expected"
            }
          ],
          "id": "6cf63e2897bb90a2c388-d3176dbf9d4d18fd31a2",
          "file": "platform-role-ui.spec.ts",
          "line": 100,
          "column": 1
        },
        {
          "title": "fresh permission revocation prevents POST even after opening the confirmation",
          "ok": true,
          "tags": [],
          "tests": [
            {
              "timeout": 30000,
              "annotations": [],
              "expectedStatus": "passed",
              "projectId": "chromium-laptop",
              "projectName": "chromium-laptop",
              "results": [
                {
                  "workerIndex": 6,
                  "parallelIndex": 1,
                  "status": "passed",
                  "duration": 504,
                  "errors": [],
                  "stdout": [],
                  "stderr": [],
                  "retry": 0,
                  "startTime": "2026-10-07T20:13:41.464Z",
                  "annotations": [],
                  "attachments": []
                }
              ],
              "status": "expected"
            }
          ],
          "id": "6cf63e2897bb90a2c388-b22c0d2c261b12e8318d",
          "file": "platform-role-ui.spec.ts",
          "line": 106,
          "column": 1
        },
        {
          "title": "assignment read 400 is an error rather than an empty collection",
          "ok": true,
          "tags": [],
          "tests": [
            {
              "timeout": 30000,
              "annotations": [],
              "expectedStatus": "passed",
              "projectId": "chromium-laptop",
              "projectName": "chromium-laptop",
              "results": [
                {
                  "workerIndex": 6,
                  "parallelIndex": 1,
                  "status": "passed",
                  "duration": 337,
                  "errors": [],
                  "stdout": [],
                  "stderr": [],
                  "retry": 0,
                  "startTime": "2026-10-07T20:13:41.979Z",
                  "annotations": [],
                  "attachments": []
                }
              ],
              "status": "expected"
            }
          ],
          "id": "6cf63e2897bb90a2c388-e9366fbed49a94bef934",
          "file": "platform-role-ui.spec.ts",
          "line": 112,
          "column": 43
        },
        {
          "title": "assignment read 401 is an error rather than an empty collection",
          "ok": true,
          "tags": [],
          "tests": [
            {
              "timeout": 30000,
              "annotations": [],
              "expectedStatus": "passed",
              "projectId": "chromium-laptop",
              "projectName": "chromium-laptop",
              "results": [
                {
                  "workerIndex": 6,
                  "parallelIndex": 1,
                  "status": "passed",
                  "duration": 321,
                  "errors": [],
                  "stdout": [],
                  "stderr": [],
                  "retry": 0,
                  "startTime": "2026-10-07T20:13:42.327Z",
                  "annotations": [],
                  "attachments": []
                }
              ],
              "status": "expected"
            }
          ],
          "id": "6cf63e2897bb90a2c388-8084f703cbf573feebe1",
          "file": "platform-role-ui.spec.ts",
          "line": 112,
          "column": 43
        },
        {
          "title": "assignment read 403 is an error rather than an empty collection",
          "ok": true,
          "tags": [],
          "tests": [
            {
              "timeout": 30000,
              "annotations": [],
              "expectedStatus": "passed",
              "projectId": "chromium-laptop",
              "projectName": "chromium-laptop",
              "results": [
                {
                  "workerIndex": 6,
                  "parallelIndex": 1,
                  "status": "passed",
                  "duration": 363,
                  "errors": [],
                  "stdout": [],
                  "stderr": [],
                  "retry": 0,
                  "startTime": "2026-10-07T20:13:42.661Z",
                  "annotations": [],
                  "attachments": []
                }
              ],
              "status": "expected"
            }
          ],
          "id": "6cf63e2897bb90a2c388-b7963311f75afb070539",
          "file": "platform-role-ui.spec.ts",
          "line": 112,
          "column": 43
        },
        {
          "title": "assignment read 404 is an error rather than an empty collection",
          "ok": true,
          "tags": [],
          "tests": [
            {
              "timeout": 30000,
              "annotations": [],
              "expectedStatus": "passed",
              "projectId": "chromium-laptop",
              "projectName": "chromium-laptop",
              "results": [
                {
                  "workerIndex": 6,
                  "parallelIndex": 1,
                  "status": "passed",
                  "duration": 309,
                  "errors": [],
                  "stdout": [],
                  "stderr": [],
                  "retry": 0,
                  "startTime": "2026-10-07T20:13:43.039Z",
                  "annotations": [],
                  "attachments": []
                }
              ],
              "status": "expected"
            }
          ],
          "id": "6cf63e2897bb90a2c388-0c6491485f4187b8ddee",
          "file": "platform-role-ui.spec.ts",
          "line": 112,
          "column": 43
        },
        {
          "title": "assignment read 409 is an error rather than an empty collection",
          "ok": true,
          "tags": [],
          "tests": [
            {
              "timeout": 30000,
              "annotations": [],
              "expectedStatus": "passed",
              "projectId": "chromium-laptop",
              "projectName": "chromium-laptop",
              "results": [
                {
                  "workerIndex": 6,
                  "parallelIndex": 1,
                  "status": "passed",
                  "duration": 317,
                  "errors": [],
                  "stdout": [],
                  "stderr": [],
                  "retry": 0,
                  "startTime": "2026-10-07T20:13:43.365Z",
                  "annotations": [],
                  "attachments": []
                }
              ],
              "status": "expected"
            }
          ],
          "id": "6cf63e2897bb90a2c388-78ab0b753bd0649542a4",
          "file": "platform-role-ui.spec.ts",
          "line": 112,
          "column": 43
        },
        {
          "title": "catalog failure stays unavailable and does not fabricate options",
          "ok": true,
          "tags": [],
          "tests": [
            {
              "timeout": 30000,
              "annotations": [],
              "expectedStatus": "passed",
              "projectId": "chromium-laptop",
              "projectName": "chromium-laptop",
              "results": [
                {
                  "workerIndex": 6,
                  "parallelIndex": 1,
                  "status": "passed",
                  "duration": 359,
                  "errors": [],
                  "stdout": [],
                  "stderr": [],
                  "retry": 0,
                  "startTime": "2026-10-07T20:13:43.690Z",
                  "annotations": [],
                  "attachments": []
                }
              ],
              "status": "expected"
            }
          ],
          "id": "6cf63e2897bb90a2c388-a03910da81cdee8fe0f7",
          "file": "platform-role-ui.spec.ts",
          "line": 118,
          "column": 1
        },
        {
          "title": "last platform administrator conflict preserves the exact server-rendered assignment",
          "ok": true,
          "tags": [],
          "tests": [
            {
              "timeout": 30000,
              "annotations": [],
              "expectedStatus": "passed",
              "projectId": "chromium-laptop",
              "projectName": "chromium-laptop",
              "results": [
                {
                  "workerIndex": 6,
                  "parallelIndex": 1,
                  "status": "passed",
                  "duration": 552,
                  "errors": [],
                  "stdout": [],
                  "stderr": [],
                  "retry": 0,
                  "startTime": "2026-10-07T20:13:44.056Z",
                  "annotations": [],
                  "attachments": []
                }
              ],
              "status": "expected"
            }
          ],
          "id": "6cf63e2897bb90a2c388-7eeba59eb41229608985",
          "file": "platform-role-ui.spec.ts",
          "line": 122,
          "column": 1
        },
        {
          "title": "uncertain transport result blocks retries until explicit server read and a new intention",
          "ok": true,
          "tags": [],
          "tests": [
            {
              "timeout": 30000,
              "annotations": [],
              "expectedStatus": "passed",
              "projectId": "chromium-laptop",
              "projectName": "chromium-laptop",
              "results": [
                {
                  "workerIndex": 6,
                  "parallelIndex": 1,
                  "status": "passed",
                  "duration": 1061,
                  "errors": [],
                  "stdout": [],
                  "stderr": [],
                  "retry": 0,
                  "startTime": "2026-10-07T20:13:44.618Z",
                  "annotations": [],
                  "attachments": []
                }
              ],
              "status": "expected"
            }
          ],
          "id": "6cf63e2897bb90a2c388-a20f642072410e69b562",
          "file": "platform-role-ui.spec.ts",
          "line": 130,
          "column": 1
        },
        {
          "title": "successful POST with failed refetch never inserts authoritative optimistic state",
          "ok": true,
          "tags": [],
          "tests": [
            {
              "timeout": 30000,
              "annotations": [],
              "expectedStatus": "passed",
              "projectId": "chromium-laptop",
              "projectName": "chromium-laptop",
              "results": [
                {
                  "workerIndex": 6,
                  "parallelIndex": 1,
                  "status": "passed",
                  "duration": 547,
                  "errors": [],
                  "stdout": [],
                  "stderr": [],
                  "retry": 0,
                  "startTime": "2026-10-07T20:13:45.705Z",
                  "annotations": [],
                  "attachments": []
                }
              ],
              "status": "expected"
            }
          ],
          "id": "6cf63e2897bb90a2c388-ac764c7dca572bf5b45c",
          "file": "platform-role-ui.spec.ts",
          "line": 141,
          "column": 1
        },
        {
          "title": "navigation, identity selection, empty state and catalog remain distinct from tenant roles",
          "ok": true,
          "tags": [],
          "tests": [
            {
              "timeout": 30000,
              "annotations": [],
              "expectedStatus": "passed",
              "projectId": "chromium-tablet",
              "projectName": "chromium-tablet",
              "results": [
                {
                  "workerIndex": 10,
                  "parallelIndex": 3,
                  "status": "passed",
                  "duration": 688,
                  "errors": [],
                  "stdout": [],
                  "stderr": [],
                  "retry": 0,
                  "startTime": "2026-10-07T20:13:57.581Z",
                  "annotations": [],
                  "attachments": []
                }
              ],
              "status": "expected"
            }
          ],
          "id": "6cf63e2897bb90a2c388-d43f99aa5c2dfc894561",
          "file": "platform-role-ui.spec.ts",
          "line": 58,
          "column": 1
        },
        {
          "title": "assign and revoke send exact IDs/payloads/fresh keys and refetch server state without optimistic authority",
          "ok": true,
          "tags": [],
          "tests": [
            {
              "timeout": 30000,
              "annotations": [],
              "expectedStatus": "passed",
              "projectId": "chromium-tablet",
              "projectName": "chromium-tablet",
              "results": [
                {
                  "workerIndex": 10,
                  "parallelIndex": 3,
                  "status": "passed",
                  "duration": 814,
                  "errors": [],
                  "stdout": [],
                  "stderr": [],
                  "retry": 0,
                  "startTime": "2026-10-07T20:13:58.466Z",
                  "annotations": [],
                  "attachments": []
                }
              ],
              "status": "expected"
            }
          ],
          "id": "6cf63e2897bb90a2c388-65141e9b16d911414fb9",
          "file": "platform-role-ui.spec.ts",
          "line": 74,
          "column": 1
        },
        {
          "title": "role-name and tenant grants cannot expose admin actions without effective platform permission",
          "ok": true,
          "tags": [],
          "tests": [
            {
              "timeout": 30000,
              "annotations": [],
              "expectedStatus": "passed",
              "projectId": "chromium-tablet",
              "projectName": "chromium-tablet",
              "results": [
                {
                  "workerIndex": 10,
                  "parallelIndex": 3,
                  "status": "passed",
                  "duration": 334,
                  "errors": [],
                  "stdout": [],
                  "stderr": [],
                  "retry": 0,
                  "startTime": "2026-10-07T20:13:59.291Z",
                  "annotations": [],
                  "attachments": []
                }
              ],
              "status": "expected"
            }
          ],
          "id": "6cf63e2897bb90a2c388-98c30e99410d4af5d5df",
          "file": "platform-role-ui.spec.ts",
          "line": 95,
          "column": 1
        },
        {
          "title": "missing catalog permission never supplies a hardcoded option while revoke remains independent",
          "ok": true,
          "tags": [],
          "tests": [
            {
              "timeout": 30000,
              "annotations": [],
              "expectedStatus": "passed",
              "projectId": "chromium-tablet",
              "projectName": "chromium-tablet",
              "results": [
                {
                  "workerIndex": 10,
                  "parallelIndex": 3,
                  "status": "passed",
                  "duration": 322,
                  "errors": [],
                  "stdout": [],
                  "stderr": [],
                  "retry": 0,
                  "startTime": "2026-10-07T20:13:59.636Z",
                  "annotations": [],
                  "attachments": []
                }
              ],
              "status": "expected"
            }
          ],
          "id": "6cf63e2897bb90a2c388-a9283d367b97f3a005d5",
          "file": "platform-role-ui.spec.ts",
          "line": 100,
          "column": 1
        },
        {
          "title": "fresh permission revocation prevents POST even after opening the confirmation",
          "ok": true,
          "tags": [],
          "tests": [
            {
              "timeout": 30000,
              "annotations": [],
              "expectedStatus": "passed",
              "projectId": "chromium-tablet",
              "projectName": "chromium-tablet",
              "results": [
                {
                  "workerIndex": 10,
                  "parallelIndex": 3,
                  "status": "passed",
                  "duration": 475,
                  "errors": [],
                  "stdout": [],
                  "stderr": [],
                  "retry": 0,
                  "startTime": "2026-10-07T20:13:59.966Z",
                  "annotations": [],
                  "attachments": []
                }
              ],
              "status": "expected"
            }
          ],
          "id": "6cf63e2897bb90a2c388-4c0e32841467115b1b2b",
          "file": "platform-role-ui.spec.ts",
          "line": 106,
          "column": 1
        },
        {
          "title": "assignment read 400 is an error rather than an empty collection",
          "ok": true,
          "tags": [],
          "tests": [
            {
              "timeout": 30000,
              "annotations": [],
              "expectedStatus": "passed",
              "projectId": "chromium-tablet",
              "projectName": "chromium-tablet",
              "results": [
                {
                  "workerIndex": 10,
                  "parallelIndex": 3,
                  "status": "passed",
                  "duration": 318,
                  "errors": [],
                  "stdout": [],
                  "stderr": [],
                  "retry": 0,
                  "startTime": "2026-10-07T20:14:00.449Z",
                  "annotations": [],
                  "attachments": []
                }
              ],
              "status": "expected"
            }
          ],
          "id": "6cf63e2897bb90a2c388-f34908b639821cf139e9",
          "file": "platform-role-ui.spec.ts",
          "line": 112,
          "column": 43
        },
        {
          "title": "assignment read 401 is an error rather than an empty collection",
          "ok": true,
          "tags": [],
          "tests": [
            {
              "timeout": 30000,
              "annotations": [],
              "expectedStatus": "passed",
              "projectId": "chromium-tablet",
              "projectName": "chromium-tablet",
              "results": [
                {
                  "workerIndex": 10,
                  "parallelIndex": 3,
                  "status": "passed",
                  "duration": 468,
                  "errors": [],
                  "stdout": [],
                  "stderr": [],
                  "retry": 0,
                  "startTime": "2026-10-07T20:14:00.774Z",
                  "annotations": [],
                  "attachments": []
                }
              ],
              "status": "expected"
            }
          ],
          "id": "6cf63e2897bb90a2c388-2ca223b9f0a65842d809",
          "file": "platform-role-ui.spec.ts",
          "line": 112,
          "column": 43
        },
        {
          "title": "assignment read 403 is an error rather than an empty collection",
          "ok": true,
          "tags": [],
          "tests": [
            {
              "timeout": 30000,
              "annotations": [],
              "expectedStatus": "passed",
              "projectId": "chromium-tablet",
              "projectName": "chromium-tablet",
              "results": [
                {
                  "workerIndex": 10,
                  "parallelIndex": 3,
                  "status": "passed",
                  "duration": 357,
                  "errors": [],
                  "stdout": [],
                  "stderr": [],
                  "retry": 0,
                  "startTime": "2026-10-07T20:14:01.253Z",
                  "annotations": [],
                  "attachments": []
                }
              ],
              "status": "expected"
            }
          ],
          "id": "6cf63e2897bb90a2c388-75b63791b55ee3641ff4",
          "file": "platform-role-ui.spec.ts",
          "line": 112,
          "column": 43
        },
        {
          "title": "assignment read 404 is an error rather than an empty collection",
          "ok": true,
          "tags": [],
          "tests": [
            {
              "timeout": 30000,
              "annotations": [],
              "expectedStatus": "passed",
              "projectId": "chromium-tablet",
              "projectName": "chromium-tablet",
              "results": [
                {
                  "workerIndex": 10,
                  "parallelIndex": 3,
                  "status": "passed",
                  "duration": 429,
                  "errors": [],
                  "stdout": [],
                  "stderr": [],
                  "retry": 0,
                  "startTime": "2026-10-07T20:14:01.625Z",
                  "annotations": [],
                  "attachments": []
                }
              ],
              "status": "expected"
            }
          ],
          "id": "6cf63e2897bb90a2c388-114da7837c9bb4c19e13",
          "file": "platform-role-ui.spec.ts",
          "line": 112,
          "column": 43
        },
        {
          "title": "assignment read 409 is an error rather than an empty collection",
          "ok": true,
          "tags": [],
          "tests": [
            {
              "timeout": 30000,
              "annotations": [],
              "expectedStatus": "passed",
              "projectId": "chromium-tablet",
              "projectName": "chromium-tablet",
              "results": [
                {
                  "workerIndex": 10,
                  "parallelIndex": 3,
                  "status": "passed",
                  "duration": 450,
                  "errors": [],
                  "stdout": [],
                  "stderr": [],
                  "retry": 0,
                  "startTime": "2026-10-07T20:14:02.065Z",
                  "annotations": [],
                  "attachments": []
                }
              ],
              "status": "expected"
            }
          ],
          "id": "6cf63e2897bb90a2c388-1961ee60104a0bfb1cd0",
          "file": "platform-role-ui.spec.ts",
          "line": 112,
          "column": 43
        },
        {
          "title": "catalog failure stays unavailable and does not fabricate options",
          "ok": true,
          "tags": [],
          "tests": [
            {
              "timeout": 30000,
              "annotations": [],
              "expectedStatus": "passed",
              "projectId": "chromium-tablet",
              "projectName": "chromium-tablet",
              "results": [
                {
                  "workerIndex": 10,
                  "parallelIndex": 3,
                  "status": "passed",
                  "duration": 450,
                  "errors": [],
                  "stdout": [],
                  "stderr": [],
                  "retry": 0,
                  "startTime": "2026-10-07T20:14:02.522Z",
                  "annotations": [],
                  "attachments": []
                }
              ],
              "status": "expected"
            }
          ],
          "id": "6cf63e2897bb90a2c388-20837cebc3b6559fab0a",
          "file": "platform-role-ui.spec.ts",
          "line": 118,
          "column": 1
        },
        {
          "title": "last platform administrator conflict preserves the exact server-rendered assignment",
          "ok": true,
          "tags": [],
          "tests": [
            {
              "timeout": 30000,
              "annotations": [],
              "expectedStatus": "passed",
              "projectId": "chromium-tablet",
              "projectName": "chromium-tablet",
              "results": [
                {
                  "workerIndex": 10,
                  "parallelIndex": 3,
                  "status": "passed",
                  "duration": 697,
                  "errors": [],
                  "stdout": [],
                  "stderr": [],
                  "retry": 0,
                  "startTime": "2026-10-07T20:14:02.987Z",
                  "annotations": [],
                  "attachments": []
                }
              ],
              "status": "expected"
            }
          ],
          "id": "6cf63e2897bb90a2c388-0eeb9ea26c70ea462991",
          "file": "platform-role-ui.spec.ts",
          "line": 122,
          "column": 1
        },
        {
          "title": "uncertain transport result blocks retries until explicit server read and a new intention",
          "ok": true,
          "tags": [],
          "tests": [
            {
              "timeout": 30000,
              "annotations": [],
              "expectedStatus": "passed",
              "projectId": "chromium-tablet",
              "projectName": "chromium-tablet",
              "results": [
                {
                  "workerIndex": 10,
                  "parallelIndex": 3,
                  "status": "passed",
                  "duration": 949,
                  "errors": [],
                  "stdout": [],
                  "stderr": [],
                  "retry": 0,
                  "startTime": "2026-10-07T20:14:03.699Z",
                  "annotations": [],
                  "attachments": []
                }
              ],
              "status": "expected"
            }
          ],
          "id": "6cf63e2897bb90a2c388-4eb96dd399163b5fcb9b",
          "file": "platform-role-ui.spec.ts",
          "line": 130,
          "column": 1
        },
        {
          "title": "successful POST with failed refetch never inserts authoritative optimistic state",
          "ok": true,
          "tags": [],
          "tests": [
            {
              "timeout": 30000,
              "annotations": [],
              "expectedStatus": "passed",
              "projectId": "chromium-tablet",
              "projectName": "chromium-tablet",
              "results": [
                {
                  "workerIndex": 10,
                  "parallelIndex": 3,
                  "status": "passed",
                  "duration": 590,
                  "errors": [],
                  "stdout": [],
                  "stderr": [],
                  "retry": 0,
                  "startTime": "2026-10-07T20:14:04.662Z",
                  "annotations": [],
                  "attachments": []
                }
              ],
              "status": "expected"
            }
          ],
          "id": "6cf63e2897bb90a2c388-623e95722a43798556a7",
          "file": "platform-role-ui.spec.ts",
          "line": 141,
          "column": 1
        },
        {
          "title": "navigation, identity selection, empty state and catalog remain distinct from tenant roles",
          "ok": true,
          "tags": [],
          "tests": [
            {
              "timeout": 30000,
              "annotations": [],
              "expectedStatus": "passed",
              "projectId": "chromium-narrow",
              "projectName": "chromium-narrow",
              "results": [
                {
                  "workerIndex": 12,
                  "parallelIndex": 3,
                  "status": "passed",
                  "duration": 627,
                  "errors": [],
                  "stdout": [],
                  "stderr": [],
                  "retry": 0,
                  "startTime": "2026-10-07T20:14:15.237Z",
                  "annotations": [],
                  "attachments": []
                }
              ],
              "status": "expected"
            }
          ],
          "id": "6cf63e2897bb90a2c388-701545e181ffbbc93191",
          "file": "platform-role-ui.spec.ts",
          "line": 58,
          "column": 1
        },
        {
          "title": "assign and revoke send exact IDs/payloads/fresh keys and refetch server state without optimistic authority",
          "ok": true,
          "tags": [],
          "tests": [
            {
              "timeout": 30000,
              "annotations": [],
              "expectedStatus": "passed",
              "projectId": "chromium-narrow",
              "projectName": "chromium-narrow",
              "results": [
                {
                  "workerIndex": 12,
                  "parallelIndex": 3,
                  "status": "passed",
                  "duration": 775,
                  "errors": [],
                  "stdout": [],
                  "stderr": [],
                  "retry": 0,
                  "startTime": "2026-10-07T20:14:15.875Z",
                  "annotations": [],
                  "attachments": []
                }
              ],
              "status": "expected"
            }
          ],
          "id": "6cf63e2897bb90a2c388-4649f76f408c8824a613",
          "file": "platform-role-ui.spec.ts",
          "line": 74,
          "column": 1
        },
        {
          "title": "role-name and tenant grants cannot expose admin actions without effective platform permission",
          "ok": true,
          "tags": [],
          "tests": [
            {
              "timeout": 30000,
              "annotations": [],
              "expectedStatus": "passed",
              "projectId": "chromium-narrow",
              "projectName": "chromium-narrow",
              "results": [
                {
                  "workerIndex": 12,
                  "parallelIndex": 3,
                  "status": "passed",
                  "duration": 413,
                  "errors": [],
                  "stdout": [],
                  "stderr": [],
                  "retry": 0,
                  "startTime": "2026-10-07T20:14:16.657Z",
                  "annotations": [],
                  "attachments": []
                }
              ],
              "status": "expected"
            }
          ],
          "id": "6cf63e2897bb90a2c388-28ce08e6a33610296c92",
          "file": "platform-role-ui.spec.ts",
          "line": 95,
          "column": 1
        },
        {
          "title": "missing catalog permission never supplies a hardcoded option while revoke remains independent",
          "ok": true,
          "tags": [],
          "tests": [
            {
              "timeout": 30000,
              "annotations": [],
              "expectedStatus": "passed",
              "projectId": "chromium-narrow",
              "projectName": "chromium-narrow",
              "results": [
                {
                  "workerIndex": 12,
                  "parallelIndex": 3,
                  "status": "passed",
                  "duration": 299,
                  "errors": [],
                  "stdout": [],
                  "stderr": [],
                  "retry": 0,
                  "startTime": "2026-10-07T20:14:17.074Z",
                  "annotations": [],
                  "attachments": []
                }
              ],
              "status": "expected"
            }
          ],
          "id": "6cf63e2897bb90a2c388-b4d3f7bb8e09234ca7a9",
          "file": "platform-role-ui.spec.ts",
          "line": 100,
          "column": 1
        },
        {
          "title": "fresh permission revocation prevents POST even after opening the confirmation",
          "ok": true,
          "tags": [],
          "tests": [
            {
              "timeout": 30000,
              "annotations": [],
              "expectedStatus": "passed",
              "projectId": "chromium-narrow",
              "projectName": "chromium-narrow",
              "results": [
                {
                  "workerIndex": 12,
                  "parallelIndex": 3,
                  "status": "passed",
                  "duration": 492,
                  "errors": [],
                  "stdout": [],
                  "stderr": [],
                  "retry": 0,
                  "startTime": "2026-10-07T20:14:17.382Z",
                  "annotations": [],
                  "attachments": []
                }
              ],
              "status": "expected"
            }
          ],
          "id": "6cf63e2897bb90a2c388-0d62f211d680e6f86f3f",
          "file": "platform-role-ui.spec.ts",
          "line": 106,
          "column": 1
        },
        {
          "title": "assignment read 400 is an error rather than an empty collection",
          "ok": true,
          "tags": [],
          "tests": [
            {
              "timeout": 30000,
              "annotations": [],
              "expectedStatus": "passed",
              "projectId": "chromium-narrow",
              "projectName": "chromium-narrow",
              "results": [
                {
                  "workerIndex": 12,
                  "parallelIndex": 3,
                  "status": "passed",
                  "duration": 358,
                  "errors": [],
                  "stdout": [],
                  "stderr": [],
                  "retry": 0,
                  "startTime": "2026-10-07T20:14:17.882Z",
                  "annotations": [],
                  "attachments": []
                }
              ],
              "status": "expected"
            }
          ],
          "id": "6cf63e2897bb90a2c388-c51f3ffefbf96ea183e0",
          "file": "platform-role-ui.spec.ts",
          "line": 112,
          "column": 43
        },
        {
          "title": "assignment read 401 is an error rather than an empty collection",
          "ok": true,
          "tags": [],
          "tests": [
            {
              "timeout": 30000,
              "annotations": [],
              "expectedStatus": "passed",
              "projectId": "chromium-narrow",
              "projectName": "chromium-narrow",
              "results": [
                {
                  "workerIndex": 12,
                  "parallelIndex": 3,
                  "status": "passed",
                  "duration": 422,
                  "errors": [],
                  "stdout": [],
                  "stderr": [],
                  "retry": 0,
                  "startTime": "2026-10-07T20:14:18.247Z",
                  "annotations": [],
                  "attachments": []
                }
              ],
              "status": "expected"
            }
          ],
          "id": "6cf63e2897bb90a2c388-fc197ca9e30ab18c0e08",
          "file": "platform-role-ui.spec.ts",
          "line": 112,
          "column": 43
        },
        {
          "title": "assignment read 403 is an error rather than an empty collection",
          "ok": true,
          "tags": [],
          "tests": [
            {
              "timeout": 30000,
              "annotations": [],
              "expectedStatus": "passed",
              "projectId": "chromium-narrow",
              "projectName": "chromium-narrow",
              "results": [
                {
                  "workerIndex": 12,
                  "parallelIndex": 3,
                  "status": "passed",
                  "duration": 441,
                  "errors": [],
                  "stdout": [],
                  "stderr": [],
                  "retry": 0,
                  "startTime": "2026-10-07T20:14:18.676Z",
                  "annotations": [],
                  "attachments": []
                }
              ],
              "status": "expected"
            }
          ],
          "id": "6cf63e2897bb90a2c388-3614f17e76f7dab82559",
          "file": "platform-role-ui.spec.ts",
          "line": 112,
          "column": 43
        },
        {
          "title": "assignment read 404 is an error rather than an empty collection",
          "ok": true,
          "tags": [],
          "tests": [
            {
              "timeout": 30000,
              "annotations": [],
              "expectedStatus": "passed",
              "projectId": "chromium-narrow",
              "projectName": "chromium-narrow",
              "results": [
                {
                  "workerIndex": 12,
                  "parallelIndex": 3,
                  "status": "passed",
                  "duration": 509,
                  "errors": [],
                  "stdout": [],
                  "stderr": [],
                  "retry": 0,
                  "startTime": "2026-10-07T20:14:19.127Z",
                  "annotations": [],
                  "attachments": []
                }
              ],
              "status": "expected"
            }
          ],
          "id": "6cf63e2897bb90a2c388-db1ee251591face3b7ca",
          "file": "platform-role-ui.spec.ts",
          "line": 112,
          "column": 43
        },
        {
          "title": "assignment read 409 is an error rather than an empty collection",
          "ok": true,
          "tags": [],
          "tests": [
            {
              "timeout": 30000,
              "annotations": [],
              "expectedStatus": "passed",
              "projectId": "chromium-narrow",
              "projectName": "chromium-narrow",
              "results": [
                {
                  "workerIndex": 12,
                  "parallelIndex": 3,
                  "status": "passed",
                  "duration": 393,
                  "errors": [],
                  "stdout": [],
                  "stderr": [],
                  "retry": 0,
                  "startTime": "2026-10-07T20:14:19.649Z",
                  "annotations": [],
                  "attachments": []
                }
              ],
              "status": "expected"
            }
          ],
          "id": "6cf63e2897bb90a2c388-b61d579c3d806caaffa0",
          "file": "platform-role-ui.spec.ts",
          "line": 112,
          "column": 43
        },
        {
          "title": "catalog failure stays unavailable and does not fabricate options",
          "ok": true,
          "tags": [],
          "tests": [
            {
              "timeout": 30000,
              "annotations": [],
              "expectedStatus": "passed",
              "projectId": "chromium-narrow",
              "projectName": "chromium-narrow",
              "results": [
                {
                  "workerIndex": 12,
                  "parallelIndex": 3,
                  "status": "passed",
                  "duration": 363,
                  "errors": [],
                  "stdout": [],
                  "stderr": [],
                  "retry": 0,
                  "startTime": "2026-10-07T20:14:20.059Z",
                  "annotations": [],
                  "attachments": []
                }
              ],
              "status": "expected"
            }
          ],
          "id": "6cf63e2897bb90a2c388-bdf50d11920cac1888ad",
          "file": "platform-role-ui.spec.ts",
          "line": 118,
          "column": 1
        },
        {
          "title": "last platform administrator conflict preserves the exact server-rendered assignment",
          "ok": true,
          "tags": [],
          "tests": [
            {
              "timeout": 30000,
              "annotations": [],
              "expectedStatus": "passed",
              "projectId": "chromium-narrow",
              "projectName": "chromium-narrow",
              "results": [
                {
                  "workerIndex": 12,
                  "parallelIndex": 3,
                  "status": "passed",
                  "duration": 476,
                  "errors": [],
                  "stdout": [],
                  "stderr": [],
                  "retry": 0,
                  "startTime": "2026-10-07T20:14:20.428Z",
                  "annotations": [],
                  "attachments": []
                }
              ],
              "status": "expected"
            }
          ],
          "id": "6cf63e2897bb90a2c388-7bbca09a8df41264a749",
          "file": "platform-role-ui.spec.ts",
          "line": 122,
          "column": 1
        },
        {
          "title": "uncertain transport result blocks retries until explicit server read and a new intention",
          "ok": true,
          "tags": [],
          "tests": [
            {
              "timeout": 30000,
              "annotations": [],
              "expectedStatus": "passed",
              "projectId": "chromium-narrow",
              "projectName": "chromium-narrow",
              "results": [
                {
                  "workerIndex": 12,
                  "parallelIndex": 3,
                  "status": "passed",
                  "duration": 716,
                  "errors": [],
                  "stdout": [],
                  "stderr": [],
                  "retry": 0,
                  "startTime": "2026-10-07T20:14:20.914Z",
                  "annotations": [],
                  "attachments": []
                }
              ],
              "status": "expected"
            }
          ],
          "id": "6cf63e2897bb90a2c388-0c1b9f4f675bd6244821",
          "file": "platform-role-ui.spec.ts",
          "line": 130,
          "column": 1
        },
        {
          "title": "successful POST with failed refetch never inserts authoritative optimistic state",
          "ok": true,
          "tags": [],
          "tests": [
            {
              "timeout": 30000,
              "annotations": [],
              "expectedStatus": "passed",
              "projectId": "chromium-narrow",
              "projectName": "chromium-narrow",
              "results": [
                {
                  "workerIndex": 12,
                  "parallelIndex": 3,
                  "status": "passed",
                  "duration": 537,
                  "errors": [],
                  "stdout": [],
                  "stderr": [],
                  "retry": 0,
                  "startTime": "2026-10-07T20:14:21.637Z",
                  "annotations": [],
                  "attachments": []
                }
              ],
              "status": "expected"
            }
          ],
          "id": "6cf63e2897bb90a2c388-160a1a48a707eaa7249a",
          "file": "platform-role-ui.spec.ts",
          "line": 141,
          "column": 1
        }
      ]
    },
    {
      "title": "tenant-onboarding-ui.spec.ts",
      "file": "tenant-onboarding-ui.spec.ts",
      "column": 0,
      "line": 0,
      "specs": [
        {
          "title": "A: company with existing identity uses exact onboarding boundary, refetch and no manual IDs",
          "ok": true,
          "tags": [],
          "tests": [
            {
              "timeout": 30000,
              "annotations": [],
              "expectedStatus": "passed",
              "projectId": "chromium-desktop",
              "projectName": "chromium-desktop",
              "results": [
                {
                  "workerIndex": 0,
                  "parallelIndex": 0,
                  "status": "passed",
                  "duration": 882,
                  "errors": [],
                  "stdout": [],
                  "stderr": [],
                  "retry": 0,
                  "startTime": "2026-10-07T20:13:24.970Z",
                  "annotations": [],
                  "attachments": []
                }
              ],
              "status": "expected"
            }
          ],
          "id": "a10ef0dc829facc3f369-a365f01fa5905a8d16b9",
          "file": "tenant-onboarding-ui.spec.ts",
          "line": 90,
          "column": 1
        },
        {
          "title": "B: MI provisioning reuses one-time disclosure across summary, partial failure and same-key recovery",
          "ok": true,
          "tags": [],
          "tests": [
            {
              "timeout": 30000,
              "annotations": [],
              "expectedStatus": "passed",
              "projectId": "chromium-desktop",
              "projectName": "chromium-desktop",
              "results": [
                {
                  "workerIndex": 0,
                  "parallelIndex": 0,
                  "status": "passed",
                  "duration": 1036,
                  "errors": [],
                  "stdout": [],
                  "stderr": [],
                  "retry": 0,
                  "startTime": "2026-10-07T20:13:25.861Z",
                  "annotations": [],
                  "attachments": []
                }
              ],
              "status": "expected"
            }
          ],
          "id": "a10ef0dc829facc3f369-faff7ead21d2dc3c9591",
          "file": "tenant-onboarding-ui.spec.ts",
          "line": 99,
          "column": 1
        },
        {
          "title": "C: tenant explicit lookup, runtime role catalog, membership and server refetch",
          "ok": true,
          "tags": [],
          "tests": [
            {
              "timeout": 30000,
              "annotations": [],
              "expectedStatus": "passed",
              "projectId": "chromium-desktop",
              "projectName": "chromium-desktop",
              "results": [
                {
                  "workerIndex": 0,
                  "parallelIndex": 0,
                  "status": "passed",
                  "duration": 676,
                  "errors": [],
                  "stdout": [],
                  "stderr": [],
                  "retry": 0,
                  "startTime": "2026-10-07T20:13:26.908Z",
                  "annotations": [],
                  "attachments": []
                }
              ],
              "status": "expected"
            }
          ],
          "id": "a10ef0dc829facc3f369-392ddc34cd541da08730",
          "file": "tenant-onboarding-ui.spec.ts",
          "line": 113,
          "column": 1
        },
        {
          "title": "D: tenant new Managed Identity is handoff, never credential provisioning",
          "ok": true,
          "tags": [],
          "tests": [
            {
              "timeout": 30000,
              "annotations": [],
              "expectedStatus": "passed",
              "projectId": "chromium-desktop",
              "projectName": "chromium-desktop",
              "results": [
                {
                  "workerIndex": 0,
                  "parallelIndex": 0,
                  "status": "passed",
                  "duration": 416,
                  "errors": [],
                  "stdout": [],
                  "stderr": [],
                  "retry": 0,
                  "startTime": "2026-10-07T20:13:27.593Z",
                  "annotations": [],
                  "attachments": []
                }
              ],
              "status": "expected"
            }
          ],
          "id": "a10ef0dc829facc3f369-9955292081dcf9d57064",
          "file": "tenant-onboarding-ui.spec.ts",
          "line": 121,
          "column": 1
        },
        {
          "title": "E: partial roles recover only failed assignment with stable key and no repeated Membership",
          "ok": true,
          "tags": [],
          "tests": [
            {
              "timeout": 30000,
              "annotations": [],
              "expectedStatus": "passed",
              "projectId": "chromium-desktop",
              "projectName": "chromium-desktop",
              "results": [
                {
                  "workerIndex": 0,
                  "parallelIndex": 0,
                  "status": "passed",
                  "duration": 832,
                  "errors": [],
                  "stdout": [],
                  "stderr": [],
                  "retry": 0,
                  "startTime": "2026-10-07T20:13:28.024Z",
                  "annotations": [],
                  "attachments": []
                }
              ],
              "status": "expected"
            }
          ],
          "id": "a10ef0dc829facc3f369-d558fdfdc822510177d5",
          "file": "tenant-onboarding-ui.spec.ts",
          "line": 126,
          "column": 1
        },
        {
          "title": "F: tenant privacy has explicit lookup only, no typing requests, wildcard or global list",
          "ok": true,
          "tags": [],
          "tests": [
            {
              "timeout": 30000,
              "annotations": [],
              "expectedStatus": "passed",
              "projectId": "chromium-desktop",
              "projectName": "chromium-desktop",
              "results": [
                {
                  "workerIndex": 0,
                  "parallelIndex": 0,
                  "status": "passed",
                  "duration": 367,
                  "errors": [],
                  "stdout": [],
                  "stderr": [],
                  "retry": 0,
                  "startTime": "2026-10-07T20:13:28.864Z",
                  "annotations": [],
                  "attachments": []
                }
              ],
              "status": "expected"
            }
          ],
          "id": "a10ef0dc829facc3f369-652d6fde1a86a7ad97bc",
          "file": "tenant-onboarding-ui.spec.ts",
          "line": 132,
          "column": 1
        },
        {
          "title": "existing active Membership is reused and its roles assigned independently",
          "ok": true,
          "tags": [],
          "tests": [
            {
              "timeout": 30000,
              "annotations": [],
              "expectedStatus": "passed",
              "projectId": "chromium-desktop",
              "projectName": "chromium-desktop",
              "results": [
                {
                  "workerIndex": 0,
                  "parallelIndex": 0,
                  "status": "passed",
                  "duration": 481,
                  "errors": [],
                  "stdout": [],
                  "stderr": [],
                  "retry": 0,
                  "startTime": "2026-10-07T20:13:29.242Z",
                  "annotations": [],
                  "attachments": []
                }
              ],
              "status": "expected"
            }
          ],
          "id": "a10ef0dc829facc3f369-387fa243254b1307c1cf",
          "file": "tenant-onboarding-ui.spec.ts",
          "line": 140,
          "column": 1
        },
        {
          "title": "platform authority and display role metadata confer no tenant create action",
          "ok": true,
          "tags": [],
          "tests": [
            {
              "timeout": 30000,
              "annotations": [],
              "expectedStatus": "passed",
              "projectId": "chromium-desktop",
              "projectName": "chromium-desktop",
              "results": [
                {
                  "workerIndex": 0,
                  "parallelIndex": 0,
                  "status": "passed",
                  "duration": 186,
                  "errors": [],
                  "stdout": [],
                  "stderr": [],
                  "retry": 0,
                  "startTime": "2026-10-07T20:13:29.731Z",
                  "annotations": [],
                  "attachments": []
                }
              ],
              "status": "expected"
            }
          ],
          "id": "a10ef0dc829facc3f369-b785dae9cae99326b957",
          "file": "tenant-onboarding-ui.spec.ts",
          "line": 144,
          "column": 1
        },
        {
          "title": "company required fields, timezone error and back navigation keep business inputs",
          "ok": true,
          "tags": [],
          "tests": [
            {
              "timeout": 30000,
              "annotations": [],
              "expectedStatus": "passed",
              "projectId": "chromium-desktop",
              "projectName": "chromium-desktop",
              "results": [
                {
                  "workerIndex": 0,
                  "parallelIndex": 0,
                  "status": "passed",
                  "duration": 452,
                  "errors": [],
                  "stdout": [],
                  "stderr": [],
                  "retry": 0,
                  "startTime": "2026-10-07T20:13:29.923Z",
                  "annotations": [],
                  "attachments": []
                }
              ],
              "status": "expected"
            }
          ],
          "id": "a10ef0dc829facc3f369-11f8e562c2c0484a3014",
          "file": "tenant-onboarding-ui.spec.ts",
          "line": 147,
          "column": 1
        },
        {
          "title": "G: dual platform and own-tenant authority supports both operations with distinct contexts",
          "ok": true,
          "tags": [],
          "tests": [
            {
              "timeout": 30000,
              "annotations": [],
              "expectedStatus": "passed",
              "projectId": "chromium-desktop",
              "projectName": "chromium-desktop",
              "results": [
                {
                  "workerIndex": 0,
                  "parallelIndex": 0,
                  "status": "passed",
                  "duration": 897,
                  "errors": [],
                  "stdout": [],
                  "stderr": [],
                  "retry": 0,
                  "startTime": "2026-10-07T20:13:30.383Z",
                  "annotations": [],
                  "attachments": []
                }
              ],
              "status": "expected"
            }
          ],
          "id": "a10ef0dc829facc3f369-cede14f950e0f069b711",
          "file": "tenant-onboarding-ui.spec.ts",
          "line": 153,
          "column": 1
        },
        {
          "title": "H: platform-only projection includes role permission but never enables tenant assign",
          "ok": true,
          "tags": [],
          "tests": [
            {
              "timeout": 30000,
              "annotations": [],
              "expectedStatus": "passed",
              "projectId": "chromium-desktop",
              "projectName": "chromium-desktop",
              "results": [
                {
                  "workerIndex": 0,
                  "parallelIndex": 0,
                  "status": "passed",
                  "duration": 366,
                  "errors": [],
                  "stdout": [],
                  "stderr": [],
                  "retry": 0,
                  "startTime": "2026-10-07T20:13:31.289Z",
                  "annotations": [],
                  "attachments": []
                }
              ],
              "status": "expected"
            }
          ],
          "id": "a10ef0dc829facc3f369-ea843983a30de7a57500",
          "file": "tenant-onboarding-ui.spec.ts",
          "line": 160,
          "column": 1
        },
        {
          "title": "wrong tenant projection cannot enable tenant incorporation or assignment",
          "ok": true,
          "tags": [],
          "tests": [
            {
              "timeout": 30000,
              "annotations": [],
              "expectedStatus": "passed",
              "projectId": "chromium-desktop",
              "projectName": "chromium-desktop",
              "results": [
                {
                  "workerIndex": 0,
                  "parallelIndex": 0,
                  "status": "passed",
                  "duration": 219,
                  "errors": [],
                  "stdout": [],
                  "stderr": [],
                  "retry": 0,
                  "startTime": "2026-10-07T20:13:31.668Z",
                  "annotations": [],
                  "attachments": []
                }
              ],
              "status": "expected"
            }
          ],
          "id": "a10ef0dc829facc3f369-5cf9ce2c21cd5834c750",
          "file": "tenant-onboarding-ui.spec.ts",
          "line": 168,
          "column": 1
        },
        {
          "title": "tenant own-context revoke preserves reason, CAS, idempotency and server refresh",
          "ok": true,
          "tags": [],
          "tests": [
            {
              "timeout": 30000,
              "annotations": [],
              "expectedStatus": "passed",
              "projectId": "chromium-desktop",
              "projectName": "chromium-desktop",
              "results": [
                {
                  "workerIndex": 0,
                  "parallelIndex": 0,
                  "status": "passed",
                  "duration": 459,
                  "errors": [],
                  "stdout": [],
                  "stderr": [],
                  "retry": 0,
                  "startTime": "2026-10-07T20:13:31.898Z",
                  "annotations": [],
                  "attachments": []
                }
              ],
              "status": "expected"
            }
          ],
          "id": "a10ef0dc829facc3f369-e97ba50670b4d6ff8d0b",
          "file": "tenant-onboarding-ui.spec.ts",
          "line": 173,
          "column": 39
        },
        {
          "title": "platform explicit target revoke preserves reason, CAS, idempotency and server refresh",
          "ok": true,
          "tags": [],
          "tests": [
            {
              "timeout": 30000,
              "annotations": [],
              "expectedStatus": "passed",
              "projectId": "chromium-desktop",
              "projectName": "chromium-desktop",
              "results": [
                {
                  "workerIndex": 0,
                  "parallelIndex": 0,
                  "status": "passed",
                  "duration": 475,
                  "errors": [],
                  "stdout": [],
                  "stderr": [],
                  "retry": 0,
                  "startTime": "2026-10-07T20:13:32.380Z",
                  "annotations": [],
                  "attachments": []
                }
              ],
              "status": "expected"
            }
          ],
          "id": "a10ef0dc829facc3f369-3f9a06132b036163b937",
          "file": "tenant-onboarding-ui.spec.ts",
          "line": 173,
          "column": 39
        },
        {
          "title": "server receipt remains truthful if list refresh fails and is reconciled without another onboarding",
          "ok": true,
          "tags": [],
          "tests": [
            {
              "timeout": 30000,
              "annotations": [],
              "expectedStatus": "passed",
              "projectId": "chromium-desktop",
              "projectName": "chromium-desktop",
              "results": [
                {
                  "workerIndex": 0,
                  "parallelIndex": 0,
                  "status": "passed",
                  "duration": 565,
                  "errors": [],
                  "stdout": [],
                  "stderr": [],
                  "retry": 0,
                  "startTime": "2026-10-07T20:13:32.865Z",
                  "annotations": [],
                  "attachments": []
                }
              ],
              "status": "expected"
            }
          ],
          "id": "a10ef0dc829facc3f369-4890b5da0126a7215d39",
          "file": "tenant-onboarding-ui.spec.ts",
          "line": 182,
          "column": 1
        },
        {
          "title": "accepted role response without server assignment stays pending, then retries same intent",
          "ok": true,
          "tags": [],
          "tests": [
            {
              "timeout": 30000,
              "annotations": [],
              "expectedStatus": "passed",
              "projectId": "chromium-desktop",
              "projectName": "chromium-desktop",
              "results": [
                {
                  "workerIndex": 0,
                  "parallelIndex": 0,
                  "status": "passed",
                  "duration": 668,
                  "errors": [],
                  "stdout": [],
                  "stderr": [],
                  "retry": 0,
                  "startTime": "2026-10-07T20:13:33.439Z",
                  "annotations": [],
                  "attachments": []
                }
              ],
              "status": "expected"
            }
          ],
          "id": "a10ef0dc829facc3f369-7ac617dd71e3ad448495",
          "file": "tenant-onboarding-ui.spec.ts",
          "line": 190,
          "column": 1
        },
        {
          "title": "closing provisioned identity before onboarding retains identity and destroys credential disclosure",
          "ok": true,
          "tags": [],
          "tests": [
            {
              "timeout": 30000,
              "annotations": [],
              "expectedStatus": "passed",
              "projectId": "chromium-desktop",
              "projectName": "chromium-desktop",
              "results": [
                {
                  "workerIndex": 0,
                  "parallelIndex": 0,
                  "status": "passed",
                  "duration": 682,
                  "errors": [],
                  "stdout": [],
                  "stderr": [],
                  "retry": 0,
                  "startTime": "2026-10-07T20:13:34.115Z",
                  "annotations": [],
                  "attachments": []
                }
              ],
              "status": "expected"
            }
          ],
          "id": "a10ef0dc829facc3f369-3738236cb5ed285aa090",
          "file": "tenant-onboarding-ui.spec.ts",
          "line": 198,
          "column": 1
        },
        {
          "title": "onboarding 403 shows safe business error and keeps the original retry key",
          "ok": true,
          "tags": [],
          "tests": [
            {
              "timeout": 30000,
              "annotations": [],
              "expectedStatus": "passed",
              "projectId": "chromium-desktop",
              "projectName": "chromium-desktop",
              "results": [
                {
                  "workerIndex": 0,
                  "parallelIndex": 0,
                  "status": "passed",
                  "duration": 931,
                  "errors": [],
                  "stdout": [],
                  "stderr": [],
                  "retry": 0,
                  "startTime": "2026-10-07T20:13:34.808Z",
                  "annotations": [],
                  "attachments": []
                }
              ],
              "status": "expected"
            }
          ],
          "id": "a10ef0dc829facc3f369-745c064b9fcb865895af",
          "file": "tenant-onboarding-ui.spec.ts",
          "line": 208,
          "column": 39
        },
        {
          "title": "onboarding 409 shows safe business error and keeps the original retry key",
          "ok": true,
          "tags": [],
          "tests": [
            {
              "timeout": 30000,
              "annotations": [],
              "expectedStatus": "passed",
              "projectId": "chromium-desktop",
              "projectName": "chromium-desktop",
              "results": [
                {
                  "workerIndex": 0,
                  "parallelIndex": 0,
                  "status": "passed",
                  "duration": 845,
                  "errors": [],
                  "stdout": [],
                  "stderr": [],
                  "retry": 0,
                  "startTime": "2026-10-07T20:13:35.747Z",
                  "annotations": [],
                  "attachments": []
                }
              ],
              "status": "expected"
            }
          ],
          "id": "a10ef0dc829facc3f369-61c38ac2d50c284d6a75",
          "file": "tenant-onboarding-ui.spec.ts",
          "line": 208,
          "column": 39
        },
        {
          "title": "onboarding 422 shows safe business error and keeps the original retry key",
          "ok": true,
          "tags": [],
          "tests": [
            {
              "timeout": 30000,
              "annotations": [],
              "expectedStatus": "passed",
              "projectId": "chromium-desktop",
              "projectName": "chromium-desktop",
              "results": [
                {
                  "workerIndex": 0,
                  "parallelIndex": 0,
                  "status": "passed",
                  "duration": 838,
                  "errors": [],
                  "stdout": [],
                  "stderr": [],
                  "retry": 0,
                  "startTime": "2026-10-07T20:13:36.600Z",
                  "annotations": [],
                  "attachments": []
                }
              ],
              "status": "expected"
            }
          ],
          "id": "a10ef0dc829facc3f369-a7399c1c7b79bfe25eef",
          "file": "tenant-onboarding-ui.spec.ts",
          "line": 208,
          "column": 39
        },
        {
          "title": "I/J: branding, keyboard steps, labels, focus return and responsive tenant form",
          "ok": true,
          "tags": [],
          "tests": [
            {
              "timeout": 30000,
              "annotations": [],
              "expectedStatus": "passed",
              "projectId": "chromium-desktop",
              "projectName": "chromium-desktop",
              "results": [
                {
                  "workerIndex": 0,
                  "parallelIndex": 0,
                  "status": "passed",
                  "duration": 1169,
                  "errors": [],
                  "stdout": [],
                  "stderr": [],
                  "retry": 0,
                  "startTime": "2026-10-07T20:13:37.451Z",
                  "annotations": [],
                  "attachments": []
                }
              ],
              "status": "expected"
            }
          ],
          "id": "a10ef0dc829facc3f369-27542640d0e705d92dcb",
          "file": "tenant-onboarding-ui.spec.ts",
          "line": 215,
          "column": 1
        },
        {
          "title": "dual actor without platform revoke permission uses own tenant authority, never promotes platform read",
          "ok": true,
          "tags": [],
          "tests": [
            {
              "timeout": 30000,
              "annotations": [],
              "expectedStatus": "passed",
              "projectId": "chromium-desktop",
              "projectName": "chromium-desktop",
              "results": [
                {
                  "workerIndex": 0,
                  "parallelIndex": 0,
                  "status": "passed",
                  "duration": 483,
                  "errors": [],
                  "stdout": [],
                  "stderr": [],
                  "retry": 0,
                  "startTime": "2026-10-07T20:13:38.632Z",
                  "annotations": [],
                  "attachments": []
                }
              ],
              "status": "expected"
            }
          ],
          "id": "a10ef0dc829facc3f369-1af7531c71a3607537e2",
          "file": "tenant-onboarding-ui.spec.ts",
          "line": 230,
          "column": 1
        },
        {
          "title": "lost revoke response reconciles ended server state without a second mutation",
          "ok": true,
          "tags": [],
          "tests": [
            {
              "timeout": 30000,
              "annotations": [],
              "expectedStatus": "passed",
              "projectId": "chromium-desktop",
              "projectName": "chromium-desktop",
              "results": [
                {
                  "workerIndex": 0,
                  "parallelIndex": 0,
                  "status": "passed",
                  "duration": 602,
                  "errors": [],
                  "stdout": [],
                  "stderr": [],
                  "retry": 0,
                  "startTime": "2026-10-07T20:13:39.123Z",
                  "annotations": [],
                  "attachments": []
                }
              ],
              "status": "expected"
            }
          ],
          "id": "a10ef0dc829facc3f369-43c0e06e06cf782341d4",
          "file": "tenant-onboarding-ui.spec.ts",
          "line": 236,
          "column": 1
        },
        {
          "title": "membership dialog traps keyboard focus, Escape restores detail trigger",
          "ok": true,
          "tags": [],
          "tests": [
            {
              "timeout": 30000,
              "annotations": [],
              "expectedStatus": "passed",
              "projectId": "chromium-desktop",
              "projectName": "chromium-desktop",
              "results": [
                {
                  "workerIndex": 0,
                  "parallelIndex": 0,
                  "status": "passed",
                  "duration": 456,
                  "errors": [],
                  "stdout": [],
                  "stderr": [],
                  "retry": 0,
                  "startTime": "2026-10-07T20:13:39.735Z",
                  "annotations": [],
                  "attachments": []
                }
              ],
              "status": "expected"
            }
          ],
          "id": "a10ef0dc829facc3f369-2aca9872a29102c5d5fc",
          "file": "tenant-onboarding-ui.spec.ts",
          "line": 243,
          "column": 1
        },
        {
          "title": "dual actor reads own memberships and catalog using tenant grants when platform read grants are absent",
          "ok": true,
          "tags": [],
          "tests": [
            {
              "timeout": 30000,
              "annotations": [],
              "expectedStatus": "passed",
              "projectId": "chromium-desktop",
              "projectName": "chromium-desktop",
              "results": [
                {
                  "workerIndex": 0,
                  "parallelIndex": 0,
                  "status": "passed",
                  "duration": 537,
                  "errors": [],
                  "stdout": [],
                  "stderr": [],
                  "retry": 0,
                  "startTime": "2026-10-07T20:13:40.202Z",
                  "annotations": [],
                  "attachments": []
                }
              ],
              "status": "expected"
            }
          ],
          "id": "a10ef0dc829facc3f369-cb41046c0edd899943cc",
          "file": "tenant-onboarding-ui.spec.ts",
          "line": 252,
          "column": 1
        },
        {
          "title": "A: company with existing identity uses exact onboarding boundary, refetch and no manual IDs",
          "ok": true,
          "tags": [],
          "tests": [
            {
              "timeout": 30000,
              "annotations": [],
              "expectedStatus": "passed",
              "projectId": "chromium-laptop",
              "projectName": "chromium-laptop",
              "results": [
                {
                  "workerIndex": 5,
                  "parallelIndex": 3,
                  "status": "passed",
                  "duration": 617,
                  "errors": [],
                  "stdout": [],
                  "stderr": [],
                  "retry": 0,
                  "startTime": "2026-10-07T20:13:40.382Z",
                  "annotations": [],
                  "attachments": []
                }
              ],
              "status": "expected"
            }
          ],
          "id": "a10ef0dc829facc3f369-89b5948b459ee2b4a963",
          "file": "tenant-onboarding-ui.spec.ts",
          "line": 90,
          "column": 1
        },
        {
          "title": "B: MI provisioning reuses one-time disclosure across summary, partial failure and same-key recovery",
          "ok": true,
          "tags": [],
          "tests": [
            {
              "timeout": 30000,
              "annotations": [],
              "expectedStatus": "passed",
              "projectId": "chromium-laptop",
              "projectName": "chromium-laptop",
              "results": [
                {
                  "workerIndex": 5,
                  "parallelIndex": 3,
                  "status": "passed",
                  "duration": 908,
                  "errors": [],
                  "stdout": [],
                  "stderr": [],
                  "retry": 0,
                  "startTime": "2026-10-07T20:13:41.010Z",
                  "annotations": [],
                  "attachments": []
                }
              ],
              "status": "expected"
            }
          ],
          "id": "a10ef0dc829facc3f369-82f6da4ef8faaad322a4",
          "file": "tenant-onboarding-ui.spec.ts",
          "line": 99,
          "column": 1
        },
        {
          "title": "C: tenant explicit lookup, runtime role catalog, membership and server refetch",
          "ok": true,
          "tags": [],
          "tests": [
            {
              "timeout": 30000,
              "annotations": [],
              "expectedStatus": "passed",
              "projectId": "chromium-laptop",
              "projectName": "chromium-laptop",
              "results": [
                {
                  "workerIndex": 5,
                  "parallelIndex": 3,
                  "status": "passed",
                  "duration": 614,
                  "errors": [],
                  "stdout": [],
                  "stderr": [],
                  "retry": 0,
                  "startTime": "2026-10-07T20:13:41.925Z",
                  "annotations": [],
                  "attachments": []
                }
              ],
              "status": "expected"
            }
          ],
          "id": "a10ef0dc829facc3f369-b7c38fb6065eadff5dd1",
          "file": "tenant-onboarding-ui.spec.ts",
          "line": 113,
          "column": 1
        },
        {
          "title": "D: tenant new Managed Identity is handoff, never credential provisioning",
          "ok": true,
          "tags": [],
          "tests": [
            {
              "timeout": 30000,
              "annotations": [],
              "expectedStatus": "passed",
              "projectId": "chromium-laptop",
              "projectName": "chromium-laptop",
              "results": [
                {
                  "workerIndex": 5,
                  "parallelIndex": 3,
                  "status": "passed",
                  "duration": 382,
                  "errors": [],
                  "stdout": [],
                  "stderr": [],
                  "retry": 0,
                  "startTime": "2026-10-07T20:13:42.549Z",
                  "annotations": [],
                  "attachments": []
                }
              ],
              "status": "expected"
            }
          ],
          "id": "a10ef0dc829facc3f369-8f21407901549a2de0f5",
          "file": "tenant-onboarding-ui.spec.ts",
          "line": 121,
          "column": 1
        },
        {
          "title": "E: partial roles recover only failed assignment with stable key and no repeated Membership",
          "ok": true,
          "tags": [],
          "tests": [
            {
              "timeout": 30000,
              "annotations": [],
              "expectedStatus": "passed",
              "projectId": "chromium-laptop",
              "projectName": "chromium-laptop",
              "results": [
                {
                  "workerIndex": 5,
                  "parallelIndex": 3,
                  "status": "passed",
                  "duration": 750,
                  "errors": [],
                  "stdout": [],
                  "stderr": [],
                  "retry": 0,
                  "startTime": "2026-10-07T20:13:42.944Z",
                  "annotations": [],
                  "attachments": []
                }
              ],
              "status": "expected"
            }
          ],
          "id": "a10ef0dc829facc3f369-e2b8f3bf28244688b993",
          "file": "tenant-onboarding-ui.spec.ts",
          "line": 126,
          "column": 1
        },
        {
          "title": "F: tenant privacy has explicit lookup only, no typing requests, wildcard or global list",
          "ok": true,
          "tags": [],
          "tests": [
            {
              "timeout": 30000,
              "annotations": [],
              "expectedStatus": "passed",
              "projectId": "chromium-laptop",
              "projectName": "chromium-laptop",
              "results": [
                {
                  "workerIndex": 5,
                  "parallelIndex": 3,
                  "status": "passed",
                  "duration": 338,
                  "errors": [],
                  "stdout": [],
                  "stderr": [],
                  "retry": 0,
                  "startTime": "2026-10-07T20:13:43.703Z",
                  "annotations": [],
                  "attachments": []
                }
              ],
              "status": "expected"
            }
          ],
          "id": "a10ef0dc829facc3f369-e7dc6a68351a8c9d7fad",
          "file": "tenant-onboarding-ui.spec.ts",
          "line": 132,
          "column": 1
        },
        {
          "title": "existing active Membership is reused and its roles assigned independently",
          "ok": true,
          "tags": [],
          "tests": [
            {
              "timeout": 30000,
              "annotations": [],
              "expectedStatus": "passed",
              "projectId": "chromium-laptop",
              "projectName": "chromium-laptop",
              "results": [
                {
                  "workerIndex": 5,
                  "parallelIndex": 3,
                  "status": "passed",
                  "duration": 515,
                  "errors": [],
                  "stdout": [],
                  "stderr": [],
                  "retry": 0,
                  "startTime": "2026-10-07T20:13:44.050Z",
                  "annotations": [],
                  "attachments": []
                }
              ],
              "status": "expected"
            }
          ],
          "id": "a10ef0dc829facc3f369-0fe7ae337cc829f941b8",
          "file": "tenant-onboarding-ui.spec.ts",
          "line": 140,
          "column": 1
        },
        {
          "title": "platform authority and display role metadata confer no tenant create action",
          "ok": true,
          "tags": [],
          "tests": [
            {
              "timeout": 30000,
              "annotations": [],
              "expectedStatus": "passed",
              "projectId": "chromium-laptop",
              "projectName": "chromium-laptop",
              "results": [
                {
                  "workerIndex": 5,
                  "parallelIndex": 3,
                  "status": "passed",
                  "duration": 302,
                  "errors": [],
                  "stdout": [],
                  "stderr": [],
                  "retry": 0,
                  "startTime": "2026-10-07T20:13:44.571Z",
                  "annotations": [],
                  "attachments": []
                }
              ],
              "status": "expected"
            }
          ],
          "id": "a10ef0dc829facc3f369-744b3f6ba88631c39ea3",
          "file": "tenant-onboarding-ui.spec.ts",
          "line": 144,
          "column": 1
        },
        {
          "title": "company required fields, timezone error and back navigation keep business inputs",
          "ok": true,
          "tags": [],
          "tests": [
            {
              "timeout": 30000,
              "annotations": [],
              "expectedStatus": "passed",
              "projectId": "chromium-laptop",
              "projectName": "chromium-laptop",
              "results": [
                {
                  "workerIndex": 5,
                  "parallelIndex": 3,
                  "status": "passed",
                  "duration": 628,
                  "errors": [],
                  "stdout": [],
                  "stderr": [],
                  "retry": 0,
                  "startTime": "2026-10-07T20:13:44.885Z",
                  "annotations": [],
                  "attachments": []
                }
              ],
              "status": "expected"
            }
          ],
          "id": "a10ef0dc829facc3f369-5463a2f7f66cc736cd9b",
          "file": "tenant-onboarding-ui.spec.ts",
          "line": 147,
          "column": 1
        },
        {
          "title": "G: dual platform and own-tenant authority supports both operations with distinct contexts",
          "ok": true,
          "tags": [],
          "tests": [
            {
              "timeout": 30000,
              "annotations": [],
              "expectedStatus": "passed",
              "projectId": "chromium-laptop",
              "projectName": "chromium-laptop",
              "results": [
                {
                  "workerIndex": 5,
                  "parallelIndex": 3,
                  "status": "passed",
                  "duration": 1213,
                  "errors": [],
                  "stdout": [],
                  "stderr": [],
                  "retry": 0,
                  "startTime": "2026-10-07T20:13:45.528Z",
                  "annotations": [],
                  "attachments": []
                }
              ],
              "status": "expected"
            }
          ],
          "id": "a10ef0dc829facc3f369-0f5dd08cc0c5812416f9",
          "file": "tenant-onboarding-ui.spec.ts",
          "line": 153,
          "column": 1
        },
        {
          "title": "H: platform-only projection includes role permission but never enables tenant assign",
          "ok": true,
          "tags": [],
          "tests": [
            {
              "timeout": 30000,
              "annotations": [],
              "expectedStatus": "passed",
              "projectId": "chromium-laptop",
              "projectName": "chromium-laptop",
              "results": [
                {
                  "workerIndex": 5,
                  "parallelIndex": 3,
                  "status": "passed",
                  "duration": 317,
                  "errors": [],
                  "stdout": [],
                  "stderr": [],
                  "retry": 0,
                  "startTime": "2026-10-07T20:13:46.753Z",
                  "annotations": [],
                  "attachments": []
                }
              ],
              "status": "expected"
            }
          ],
          "id": "a10ef0dc829facc3f369-8f12c7574f445c5d00e3",
          "file": "tenant-onboarding-ui.spec.ts",
          "line": 160,
          "column": 1
        },
        {
          "title": "wrong tenant projection cannot enable tenant incorporation or assignment",
          "ok": true,
          "tags": [],
          "tests": [
            {
              "timeout": 30000,
              "annotations": [],
              "expectedStatus": "passed",
              "projectId": "chromium-laptop",
              "projectName": "chromium-laptop",
              "results": [
                {
                  "workerIndex": 5,
                  "parallelIndex": 3,
                  "status": "passed",
                  "duration": 418,
                  "errors": [],
                  "stdout": [],
                  "stderr": [],
                  "retry": 0,
                  "startTime": "2026-10-07T20:13:47.082Z",
                  "annotations": [],
                  "attachments": []
                }
              ],
              "status": "expected"
            }
          ],
          "id": "a10ef0dc829facc3f369-c9b2552bd6dda4bb2e04",
          "file": "tenant-onboarding-ui.spec.ts",
          "line": 168,
          "column": 1
        },
        {
          "title": "tenant own-context revoke preserves reason, CAS, idempotency and server refresh",
          "ok": true,
          "tags": [],
          "tests": [
            {
              "timeout": 30000,
              "annotations": [],
              "expectedStatus": "passed",
              "projectId": "chromium-laptop",
              "projectName": "chromium-laptop",
              "results": [
                {
                  "workerIndex": 5,
                  "parallelIndex": 3,
                  "status": "passed",
                  "duration": 772,
                  "errors": [],
                  "stdout": [],
                  "stderr": [],
                  "retry": 0,
                  "startTime": "2026-10-07T20:13:47.523Z",
                  "annotations": [],
                  "attachments": []
                }
              ],
              "status": "expected"
            }
          ],
          "id": "a10ef0dc829facc3f369-98e48fc5374e47e01a3b",
          "file": "tenant-onboarding-ui.spec.ts",
          "line": 173,
          "column": 39
        },
        {
          "title": "platform explicit target revoke preserves reason, CAS, idempotency and server refresh",
          "ok": true,
          "tags": [],
          "tests": [
            {
              "timeout": 30000,
              "annotations": [],
              "expectedStatus": "passed",
              "projectId": "chromium-laptop",
              "projectName": "chromium-laptop",
              "results": [
                {
                  "workerIndex": 5,
                  "parallelIndex": 3,
                  "status": "passed",
                  "duration": 494,
                  "errors": [],
                  "stdout": [],
                  "stderr": [],
                  "retry": 0,
                  "startTime": "2026-10-07T20:13:48.304Z",
                  "annotations": [],
                  "attachments": []
                }
              ],
              "status": "expected"
            }
          ],
          "id": "a10ef0dc829facc3f369-7c027b823d1a2f368bf5",
          "file": "tenant-onboarding-ui.spec.ts",
          "line": 173,
          "column": 39
        },
        {
          "title": "server receipt remains truthful if list refresh fails and is reconciled without another onboarding",
          "ok": true,
          "tags": [],
          "tests": [
            {
              "timeout": 30000,
              "annotations": [],
              "expectedStatus": "passed",
              "projectId": "chromium-laptop",
              "projectName": "chromium-laptop",
              "results": [
                {
                  "workerIndex": 5,
                  "parallelIndex": 3,
                  "status": "passed",
                  "duration": 633,
                  "errors": [],
                  "stdout": [],
                  "stderr": [],
                  "retry": 0,
                  "startTime": "2026-10-07T20:13:48.805Z",
                  "annotations": [],
                  "attachments": []
                }
              ],
              "status": "expected"
            }
          ],
          "id": "a10ef0dc829facc3f369-41d939bb56b2caab9a07",
          "file": "tenant-onboarding-ui.spec.ts",
          "line": 182,
          "column": 1
        },
        {
          "title": "accepted role response without server assignment stays pending, then retries same intent",
          "ok": true,
          "tags": [],
          "tests": [
            {
              "timeout": 30000,
              "annotations": [],
              "expectedStatus": "passed",
              "projectId": "chromium-laptop",
              "projectName": "chromium-laptop",
              "results": [
                {
                  "workerIndex": 5,
                  "parallelIndex": 3,
                  "status": "passed",
                  "duration": 697,
                  "errors": [],
                  "stdout": [],
                  "stderr": [],
                  "retry": 0,
                  "startTime": "2026-10-07T20:13:49.447Z",
                  "annotations": [],
                  "attachments": []
                }
              ],
              "status": "expected"
            }
          ],
          "id": "a10ef0dc829facc3f369-abac1892e94607e18d76",
          "file": "tenant-onboarding-ui.spec.ts",
          "line": 190,
          "column": 1
        },
        {
          "title": "closing provisioned identity before onboarding retains identity and destroys credential disclosure",
          "ok": true,
          "tags": [],
          "tests": [
            {
              "timeout": 30000,
              "annotations": [],
              "expectedStatus": "passed",
              "projectId": "chromium-laptop",
              "projectName": "chromium-laptop",
              "results": [
                {
                  "workerIndex": 5,
                  "parallelIndex": 3,
                  "status": "passed",
                  "duration": 672,
                  "errors": [],
                  "stdout": [],
                  "stderr": [],
                  "retry": 0,
                  "startTime": "2026-10-07T20:13:50.153Z",
                  "annotations": [],
                  "attachments": []
                }
              ],
              "status": "expected"
            }
          ],
          "id": "a10ef0dc829facc3f369-dfc040ab36e68feb1cc3",
          "file": "tenant-onboarding-ui.spec.ts",
          "line": 198,
          "column": 1
        },
        {
          "title": "onboarding 403 shows safe business error and keeps the original retry key",
          "ok": true,
          "tags": [],
          "tests": [
            {
              "timeout": 30000,
              "annotations": [],
              "expectedStatus": "passed",
              "projectId": "chromium-laptop",
              "projectName": "chromium-laptop",
              "results": [
                {
                  "workerIndex": 5,
                  "parallelIndex": 3,
                  "status": "passed",
                  "duration": 886,
                  "errors": [],
                  "stdout": [],
                  "stderr": [],
                  "retry": 0,
                  "startTime": "2026-10-07T20:13:50.844Z",
                  "annotations": [],
                  "attachments": []
                }
              ],
              "status": "expected"
            }
          ],
          "id": "a10ef0dc829facc3f369-28a61a821c0b79dda8c2",
          "file": "tenant-onboarding-ui.spec.ts",
          "line": 208,
          "column": 39
        },
        {
          "title": "onboarding 409 shows safe business error and keeps the original retry key",
          "ok": true,
          "tags": [],
          "tests": [
            {
              "timeout": 30000,
              "annotations": [],
              "expectedStatus": "passed",
              "projectId": "chromium-laptop",
              "projectName": "chromium-laptop",
              "results": [
                {
                  "workerIndex": 5,
                  "parallelIndex": 3,
                  "status": "passed",
                  "duration": 765,
                  "errors": [],
                  "stdout": [],
                  "stderr": [],
                  "retry": 0,
                  "startTime": "2026-10-07T20:13:51.740Z",
                  "annotations": [],
                  "attachments": []
                }
              ],
              "status": "expected"
            }
          ],
          "id": "a10ef0dc829facc3f369-aa5110e2c8c178350e4b",
          "file": "tenant-onboarding-ui.spec.ts",
          "line": 208,
          "column": 39
        },
        {
          "title": "onboarding 422 shows safe business error and keeps the original retry key",
          "ok": true,
          "tags": [],
          "tests": [
            {
              "timeout": 30000,
              "annotations": [],
              "expectedStatus": "passed",
              "projectId": "chromium-laptop",
              "projectName": "chromium-laptop",
              "results": [
                {
                  "workerIndex": 5,
                  "parallelIndex": 3,
                  "status": "passed",
                  "duration": 810,
                  "errors": [],
                  "stdout": [],
                  "stderr": [],
                  "retry": 0,
                  "startTime": "2026-10-07T20:13:52.515Z",
                  "annotations": [],
                  "attachments": []
                }
              ],
              "status": "expected"
            }
          ],
          "id": "a10ef0dc829facc3f369-50d87978713ef06e2abe",
          "file": "tenant-onboarding-ui.spec.ts",
          "line": 208,
          "column": 39
        },
        {
          "title": "I/J: branding, keyboard steps, labels, focus return and responsive tenant form",
          "ok": true,
          "tags": [],
          "tests": [
            {
              "timeout": 30000,
              "annotations": [],
              "expectedStatus": "passed",
              "projectId": "chromium-laptop",
              "projectName": "chromium-laptop",
              "results": [
                {
                  "workerIndex": 5,
                  "parallelIndex": 3,
                  "status": "passed",
                  "duration": 1150,
                  "errors": [],
                  "stdout": [],
                  "stderr": [],
                  "retry": 0,
                  "startTime": "2026-10-07T20:13:53.334Z",
                  "annotations": [],
                  "attachments": []
                }
              ],
              "status": "expected"
            }
          ],
          "id": "a10ef0dc829facc3f369-262d2b15bcd5992f55ac",
          "file": "tenant-onboarding-ui.spec.ts",
          "line": 215,
          "column": 1
        },
        {
          "title": "dual actor without platform revoke permission uses own tenant authority, never promotes platform read",
          "ok": true,
          "tags": [],
          "tests": [
            {
              "timeout": 30000,
              "annotations": [],
              "expectedStatus": "passed",
              "projectId": "chromium-laptop",
              "projectName": "chromium-laptop",
              "results": [
                {
                  "workerIndex": 5,
                  "parallelIndex": 3,
                  "status": "passed",
                  "duration": 469,
                  "errors": [],
                  "stdout": [],
                  "stderr": [],
                  "retry": 0,
                  "startTime": "2026-10-07T20:13:54.495Z",
                  "annotations": [],
                  "attachments": []
                }
              ],
              "status": "expected"
            }
          ],
          "id": "a10ef0dc829facc3f369-6566960b4b7e8f696d0c",
          "file": "tenant-onboarding-ui.spec.ts",
          "line": 230,
          "column": 1
        },
        {
          "title": "lost revoke response reconciles ended server state without a second mutation",
          "ok": true,
          "tags": [],
          "tests": [
            {
              "timeout": 30000,
              "annotations": [],
              "expectedStatus": "passed",
              "projectId": "chromium-laptop",
              "projectName": "chromium-laptop",
              "results": [
                {
                  "workerIndex": 5,
                  "parallelIndex": 3,
                  "status": "passed",
                  "duration": 583,
                  "errors": [],
                  "stdout": [],
                  "stderr": [],
                  "retry": 0,
                  "startTime": "2026-10-07T20:13:54.978Z",
                  "annotations": [],
                  "attachments": []
                }
              ],
              "status": "expected"
            }
          ],
          "id": "a10ef0dc829facc3f369-2061540bbf86ff5d8fd3",
          "file": "tenant-onboarding-ui.spec.ts",
          "line": 236,
          "column": 1
        },
        {
          "title": "membership dialog traps keyboard focus, Escape restores detail trigger",
          "ok": true,
          "tags": [],
          "tests": [
            {
              "timeout": 30000,
              "annotations": [],
              "expectedStatus": "passed",
              "projectId": "chromium-laptop",
              "projectName": "chromium-laptop",
              "results": [
                {
                  "workerIndex": 5,
                  "parallelIndex": 3,
                  "status": "passed",
                  "duration": 716,
                  "errors": [],
                  "stdout": [],
                  "stderr": [],
                  "retry": 0,
                  "startTime": "2026-10-07T20:13:55.571Z",
                  "annotations": [],
                  "attachments": []
                }
              ],
              "status": "expected"
            }
          ],
          "id": "a10ef0dc829facc3f369-970d35d40b425bb0e6e9",
          "file": "tenant-onboarding-ui.spec.ts",
          "line": 243,
          "column": 1
        },
        {
          "title": "dual actor reads own memberships and catalog using tenant grants when platform read grants are absent",
          "ok": true,
          "tags": [],
          "tests": [
            {
              "timeout": 30000,
              "annotations": [],
              "expectedStatus": "passed",
              "projectId": "chromium-laptop",
              "projectName": "chromium-laptop",
              "results": [
                {
                  "workerIndex": 5,
                  "parallelIndex": 3,
                  "status": "passed",
                  "duration": 600,
                  "errors": [],
                  "stdout": [],
                  "stderr": [],
                  "retry": 0,
                  "startTime": "2026-10-07T20:13:56.297Z",
                  "annotations": [],
                  "attachments": []
                }
              ],
              "status": "expected"
            }
          ],
          "id": "a10ef0dc829facc3f369-c6cbaaf51caac3d0bce5",
          "file": "tenant-onboarding-ui.spec.ts",
          "line": 252,
          "column": 1
        },
        {
          "title": "A: company with existing identity uses exact onboarding boundary, refetch and no manual IDs",
          "ok": true,
          "tags": [],
          "tests": [
            {
              "timeout": 30000,
              "annotations": [],
              "expectedStatus": "passed",
              "projectId": "chromium-tablet",
              "projectName": "chromium-tablet",
              "results": [
                {
                  "workerIndex": 8,
                  "parallelIndex": 1,
                  "status": "passed",
                  "duration": 674,
                  "errors": [],
                  "stdout": [],
                  "stderr": [],
                  "retry": 0,
                  "startTime": "2026-10-07T20:13:57.832Z",
                  "annotations": [],
                  "attachments": []
                }
              ],
              "status": "expected"
            }
          ],
          "id": "a10ef0dc829facc3f369-f7ec7d825c5fdf08d8d1",
          "file": "tenant-onboarding-ui.spec.ts",
          "line": 90,
          "column": 1
        },
        {
          "title": "B: MI provisioning reuses one-time disclosure across summary, partial failure and same-key recovery",
          "ok": true,
          "tags": [],
          "tests": [
            {
              "timeout": 30000,
              "annotations": [],
              "expectedStatus": "passed",
              "projectId": "chromium-tablet",
              "projectName": "chromium-tablet",
              "results": [
                {
                  "workerIndex": 8,
                  "parallelIndex": 1,
                  "status": "passed",
                  "duration": 1024,
                  "errors": [],
                  "stdout": [],
                  "stderr": [],
                  "retry": 0,
                  "startTime": "2026-10-07T20:13:58.519Z",
                  "annotations": [],
                  "attachments": []
                }
              ],
              "status": "expected"
            }
          ],
          "id": "a10ef0dc829facc3f369-dee16bb8b3477bb2498b",
          "file": "tenant-onboarding-ui.spec.ts",
          "line": 99,
          "column": 1
        },
        {
          "title": "C: tenant explicit lookup, runtime role catalog, membership and server refetch",
          "ok": true,
          "tags": [],
          "tests": [
            {
              "timeout": 30000,
              "annotations": [],
              "expectedStatus": "passed",
              "projectId": "chromium-tablet",
              "projectName": "chromium-tablet",
              "results": [
                {
                  "workerIndex": 8,
                  "parallelIndex": 1,
                  "status": "passed",
                  "duration": 617,
                  "errors": [],
                  "stdout": [],
                  "stderr": [],
                  "retry": 0,
                  "startTime": "2026-10-07T20:13:59.549Z",
                  "annotations": [],
                  "attachments": []
                }
              ],
              "status": "expected"
            }
          ],
          "id": "a10ef0dc829facc3f369-43a3aea325fe700b5b9a",
          "file": "tenant-onboarding-ui.spec.ts",
          "line": 113,
          "column": 1
        },
        {
          "title": "D: tenant new Managed Identity is handoff, never credential provisioning",
          "ok": true,
          "tags": [],
          "tests": [
            {
              "timeout": 30000,
              "annotations": [],
              "expectedStatus": "passed",
              "projectId": "chromium-tablet",
              "projectName": "chromium-tablet",
              "results": [
                {
                  "workerIndex": 8,
                  "parallelIndex": 1,
                  "status": "passed",
                  "duration": 424,
                  "errors": [],
                  "stdout": [],
                  "stderr": [],
                  "retry": 0,
                  "startTime": "2026-10-07T20:14:00.174Z",
                  "annotations": [],
                  "attachments": []
                }
              ],
              "status": "expected"
            }
          ],
          "id": "a10ef0dc829facc3f369-53c6777cfe7701106341",
          "file": "tenant-onboarding-ui.spec.ts",
          "line": 121,
          "column": 1
        },
        {
          "title": "E: partial roles recover only failed assignment with stable key and no repeated Membership",
          "ok": true,
          "tags": [],
          "tests": [
            {
              "timeout": 30000,
              "annotations": [],
              "expectedStatus": "passed",
              "projectId": "chromium-tablet",
              "projectName": "chromium-tablet",
              "results": [
                {
                  "workerIndex": 8,
                  "parallelIndex": 1,
                  "status": "passed",
                  "duration": 938,
                  "errors": [],
                  "stdout": [],
                  "stderr": [],
                  "retry": 0,
                  "startTime": "2026-10-07T20:14:00.605Z",
                  "annotations": [],
                  "attachments": []
                }
              ],
              "status": "expected"
            }
          ],
          "id": "a10ef0dc829facc3f369-7f8890ffe3b224150c6f",
          "file": "tenant-onboarding-ui.spec.ts",
          "line": 126,
          "column": 1
        },
        {
          "title": "F: tenant privacy has explicit lookup only, no typing requests, wildcard or global list",
          "ok": true,
          "tags": [],
          "tests": [
            {
              "timeout": 30000,
              "annotations": [],
              "expectedStatus": "passed",
              "projectId": "chromium-tablet",
              "projectName": "chromium-tablet",
              "results": [
                {
                  "workerIndex": 8,
                  "parallelIndex": 1,
                  "status": "passed",
                  "duration": 420,
                  "errors": [],
                  "stdout": [],
                  "stderr": [],
                  "retry": 0,
                  "startTime": "2026-10-07T20:14:01.551Z",
                  "annotations": [],
                  "attachments": []
                }
              ],
              "status": "expected"
            }
          ],
          "id": "a10ef0dc829facc3f369-5acfc73b82d1edd89cf6",
          "file": "tenant-onboarding-ui.spec.ts",
          "line": 132,
          "column": 1
        },
        {
          "title": "existing active Membership is reused and its roles assigned independently",
          "ok": true,
          "tags": [],
          "tests": [
            {
              "timeout": 30000,
              "annotations": [],
              "expectedStatus": "passed",
              "projectId": "chromium-tablet",
              "projectName": "chromium-tablet",
              "results": [
                {
                  "workerIndex": 8,
                  "parallelIndex": 1,
                  "status": "passed",
                  "duration": 517,
                  "errors": [],
                  "stdout": [],
                  "stderr": [],
                  "retry": 0,
                  "startTime": "2026-10-07T20:14:01.982Z",
                  "annotations": [],
                  "attachments": []
                }
              ],
              "status": "expected"
            }
          ],
          "id": "a10ef0dc829facc3f369-29c0547152a5f8949650",
          "file": "tenant-onboarding-ui.spec.ts",
          "line": 140,
          "column": 1
        },
        {
          "title": "platform authority and display role metadata confer no tenant create action",
          "ok": true,
          "tags": [],
          "tests": [
            {
              "timeout": 30000,
              "annotations": [],
              "expectedStatus": "passed",
              "projectId": "chromium-tablet",
              "projectName": "chromium-tablet",
              "results": [
                {
                  "workerIndex": 8,
                  "parallelIndex": 1,
                  "status": "passed",
                  "duration": 258,
                  "errors": [],
                  "stdout": [],
                  "stderr": [],
                  "retry": 0,
                  "startTime": "2026-10-07T20:14:02.507Z",
                  "annotations": [],
                  "attachments": []
                }
              ],
              "status": "expected"
            }
          ],
          "id": "a10ef0dc829facc3f369-fb458da81a1795151503",
          "file": "tenant-onboarding-ui.spec.ts",
          "line": 144,
          "column": 1
        },
        {
          "title": "company required fields, timezone error and back navigation keep business inputs",
          "ok": true,
          "tags": [],
          "tests": [
            {
              "timeout": 30000,
              "annotations": [],
              "expectedStatus": "passed",
              "projectId": "chromium-tablet",
              "projectName": "chromium-tablet",
              "results": [
                {
                  "workerIndex": 8,
                  "parallelIndex": 1,
                  "status": "passed",
                  "duration": 587,
                  "errors": [],
                  "stdout": [],
                  "stderr": [],
                  "retry": 0,
                  "startTime": "2026-10-07T20:14:02.774Z",
                  "annotations": [],
                  "attachments": []
                }
              ],
              "status": "expected"
            }
          ],
          "id": "a10ef0dc829facc3f369-6ea58eff857dc94cc508",
          "file": "tenant-onboarding-ui.spec.ts",
          "line": 147,
          "column": 1
        },
        {
          "title": "G: dual platform and own-tenant authority supports both operations with distinct contexts",
          "ok": true,
          "tags": [],
          "tests": [
            {
              "timeout": 30000,
              "annotations": [],
              "expectedStatus": "passed",
              "projectId": "chromium-tablet",
              "projectName": "chromium-tablet",
              "results": [
                {
                  "workerIndex": 8,
                  "parallelIndex": 1,
                  "status": "passed",
                  "duration": 1381,
                  "errors": [],
                  "stdout": [],
                  "stderr": [],
                  "retry": 0,
                  "startTime": "2026-10-07T20:14:03.368Z",
                  "annotations": [],
                  "attachments": []
                }
              ],
              "status": "expected"
            }
          ],
          "id": "a10ef0dc829facc3f369-f6fcf1ad828e1dde18d1",
          "file": "tenant-onboarding-ui.spec.ts",
          "line": 153,
          "column": 1
        },
        {
          "title": "H: platform-only projection includes role permission but never enables tenant assign",
          "ok": true,
          "tags": [],
          "tests": [
            {
              "timeout": 30000,
              "annotations": [],
              "expectedStatus": "passed",
              "projectId": "chromium-tablet",
              "projectName": "chromium-tablet",
              "results": [
                {
                  "workerIndex": 8,
                  "parallelIndex": 1,
                  "status": "passed",
                  "duration": 372,
                  "errors": [],
                  "stdout": [],
                  "stderr": [],
                  "retry": 0,
                  "startTime": "2026-10-07T20:14:04.760Z",
                  "annotations": [],
                  "attachments": []
                }
              ],
              "status": "expected"
            }
          ],
          "id": "a10ef0dc829facc3f369-a4c7099a20bdf013a541",
          "file": "tenant-onboarding-ui.spec.ts",
          "line": 160,
          "column": 1
        },
        {
          "title": "wrong tenant projection cannot enable tenant incorporation or assignment",
          "ok": true,
          "tags": [],
          "tests": [
            {
              "timeout": 30000,
              "annotations": [],
              "expectedStatus": "passed",
              "projectId": "chromium-tablet",
              "projectName": "chromium-tablet",
              "results": [
                {
                  "workerIndex": 8,
                  "parallelIndex": 1,
                  "status": "passed",
                  "duration": 249,
                  "errors": [],
                  "stdout": [],
                  "stderr": [],
                  "retry": 0,
                  "startTime": "2026-10-07T20:14:05.153Z",
                  "annotations": [],
                  "attachments": []
                }
              ],
              "status": "expected"
            }
          ],
          "id": "a10ef0dc829facc3f369-35c8541faca77aaff09e",
          "file": "tenant-onboarding-ui.spec.ts",
          "line": 168,
          "column": 1
        },
        {
          "title": "tenant own-context revoke preserves reason, CAS, idempotency and server refresh",
          "ok": true,
          "tags": [],
          "tests": [
            {
              "timeout": 30000,
              "annotations": [],
              "expectedStatus": "passed",
              "projectId": "chromium-tablet",
              "projectName": "chromium-tablet",
              "results": [
                {
                  "workerIndex": 8,
                  "parallelIndex": 1,
                  "status": "passed",
                  "duration": 550,
                  "errors": [],
                  "stdout": [],
                  "stderr": [],
                  "retry": 0,
                  "startTime": "2026-10-07T20:14:05.409Z",
                  "annotations": [],
                  "attachments": []
                }
              ],
              "status": "expected"
            }
          ],
          "id": "a10ef0dc829facc3f369-13392ae0588cd604e853",
          "file": "tenant-onboarding-ui.spec.ts",
          "line": 173,
          "column": 39
        },
        {
          "title": "platform explicit target revoke preserves reason, CAS, idempotency and server refresh",
          "ok": true,
          "tags": [],
          "tests": [
            {
              "timeout": 30000,
              "annotations": [],
              "expectedStatus": "passed",
              "projectId": "chromium-tablet",
              "projectName": "chromium-tablet",
              "results": [
                {
                  "workerIndex": 8,
                  "parallelIndex": 1,
                  "status": "passed",
                  "duration": 605,
                  "errors": [],
                  "stdout": [],
                  "stderr": [],
                  "retry": 0,
                  "startTime": "2026-10-07T20:14:05.967Z",
                  "annotations": [],
                  "attachments": []
                }
              ],
              "status": "expected"
            }
          ],
          "id": "a10ef0dc829facc3f369-dd9ecdea72a0b962708e",
          "file": "tenant-onboarding-ui.spec.ts",
          "line": 173,
          "column": 39
        },
        {
          "title": "server receipt remains truthful if list refresh fails and is reconciled without another onboarding",
          "ok": true,
          "tags": [],
          "tests": [
            {
              "timeout": 30000,
              "annotations": [],
              "expectedStatus": "passed",
              "projectId": "chromium-tablet",
              "projectName": "chromium-tablet",
              "results": [
                {
                  "workerIndex": 8,
                  "parallelIndex": 1,
                  "status": "passed",
                  "duration": 1210,
                  "errors": [],
                  "stdout": [],
                  "stderr": [],
                  "retry": 0,
                  "startTime": "2026-10-07T20:14:06.582Z",
                  "annotations": [],
                  "attachments": []
                }
              ],
              "status": "expected"
            }
          ],
          "id": "a10ef0dc829facc3f369-a784126bf93467b9912d",
          "file": "tenant-onboarding-ui.spec.ts",
          "line": 182,
          "column": 1
        },
        {
          "title": "accepted role response without server assignment stays pending, then retries same intent",
          "ok": true,
          "tags": [],
          "tests": [
            {
              "timeout": 30000,
              "annotations": [],
              "expectedStatus": "passed",
              "projectId": "chromium-tablet",
              "projectName": "chromium-tablet",
              "results": [
                {
                  "workerIndex": 8,
                  "parallelIndex": 1,
                  "status": "passed",
                  "duration": 832,
                  "errors": [],
                  "stdout": [],
                  "stderr": [],
                  "retry": 0,
                  "startTime": "2026-10-07T20:14:07.820Z",
                  "annotations": [],
                  "attachments": []
                }
              ],
              "status": "expected"
            }
          ],
          "id": "a10ef0dc829facc3f369-e1e6ec5655a2de2b6867",
          "file": "tenant-onboarding-ui.spec.ts",
          "line": 190,
          "column": 1
        },
        {
          "title": "closing provisioned identity before onboarding retains identity and destroys credential disclosure",
          "ok": true,
          "tags": [],
          "tests": [
            {
              "timeout": 30000,
              "annotations": [],
              "expectedStatus": "passed",
              "projectId": "chromium-tablet",
              "projectName": "chromium-tablet",
              "results": [
                {
                  "workerIndex": 8,
                  "parallelIndex": 1,
                  "status": "passed",
                  "duration": 793,
                  "errors": [],
                  "stdout": [],
                  "stderr": [],
                  "retry": 0,
                  "startTime": "2026-10-07T20:14:08.678Z",
                  "annotations": [],
                  "attachments": []
                }
              ],
              "status": "expected"
            }
          ],
          "id": "a10ef0dc829facc3f369-49a76471c9d4516a4316",
          "file": "tenant-onboarding-ui.spec.ts",
          "line": 198,
          "column": 1
        },
        {
          "title": "onboarding 403 shows safe business error and keeps the original retry key",
          "ok": true,
          "tags": [],
          "tests": [
            {
              "timeout": 30000,
              "annotations": [],
              "expectedStatus": "passed",
              "projectId": "chromium-tablet",
              "projectName": "chromium-tablet",
              "results": [
                {
                  "workerIndex": 8,
                  "parallelIndex": 1,
                  "status": "passed",
                  "duration": 1009,
                  "errors": [],
                  "stdout": [],
                  "stderr": [],
                  "retry": 0,
                  "startTime": "2026-10-07T20:14:09.493Z",
                  "annotations": [],
                  "attachments": []
                }
              ],
              "status": "expected"
            }
          ],
          "id": "a10ef0dc829facc3f369-7308279cfc3283b0f145",
          "file": "tenant-onboarding-ui.spec.ts",
          "line": 208,
          "column": 39
        },
        {
          "title": "onboarding 409 shows safe business error and keeps the original retry key",
          "ok": true,
          "tags": [],
          "tests": [
            {
              "timeout": 30000,
              "annotations": [],
              "expectedStatus": "passed",
              "projectId": "chromium-tablet",
              "projectName": "chromium-tablet",
              "results": [
                {
                  "workerIndex": 8,
                  "parallelIndex": 1,
                  "status": "passed",
                  "duration": 950,
                  "errors": [],
                  "stdout": [],
                  "stderr": [],
                  "retry": 0,
                  "startTime": "2026-10-07T20:14:10.518Z",
                  "annotations": [],
                  "attachments": []
                }
              ],
              "status": "expected"
            }
          ],
          "id": "a10ef0dc829facc3f369-3d8af6a727e95006c8a8",
          "file": "tenant-onboarding-ui.spec.ts",
          "line": 208,
          "column": 39
        },
        {
          "title": "onboarding 422 shows safe business error and keeps the original retry key",
          "ok": true,
          "tags": [],
          "tests": [
            {
              "timeout": 30000,
              "annotations": [],
              "expectedStatus": "passed",
              "projectId": "chromium-tablet",
              "projectName": "chromium-tablet",
              "results": [
                {
                  "workerIndex": 8,
                  "parallelIndex": 1,
                  "status": "passed",
                  "duration": 818,
                  "errors": [],
                  "stdout": [],
                  "stderr": [],
                  "retry": 0,
                  "startTime": "2026-10-07T20:14:11.476Z",
                  "annotations": [],
                  "attachments": []
                }
              ],
              "status": "expected"
            }
          ],
          "id": "a10ef0dc829facc3f369-265739fa0c261a39f452",
          "file": "tenant-onboarding-ui.spec.ts",
          "line": 208,
          "column": 39
        },
        {
          "title": "I/J: branding, keyboard steps, labels, focus return and responsive tenant form",
          "ok": true,
          "tags": [],
          "tests": [
            {
              "timeout": 30000,
              "annotations": [],
              "expectedStatus": "passed",
              "projectId": "chromium-tablet",
              "projectName": "chromium-tablet",
              "results": [
                {
                  "workerIndex": 8,
                  "parallelIndex": 1,
                  "status": "passed",
                  "duration": 1208,
                  "errors": [],
                  "stdout": [],
                  "stderr": [],
                  "retry": 0,
                  "startTime": "2026-10-07T20:14:12.304Z",
                  "annotations": [],
                  "attachments": []
                }
              ],
              "status": "expected"
            }
          ],
          "id": "a10ef0dc829facc3f369-3d2b774e817b426e23db",
          "file": "tenant-onboarding-ui.spec.ts",
          "line": 215,
          "column": 1
        },
        {
          "title": "dual actor without platform revoke permission uses own tenant authority, never promotes platform read",
          "ok": true,
          "tags": [],
          "tests": [
            {
              "timeout": 30000,
              "annotations": [],
              "expectedStatus": "passed",
              "projectId": "chromium-tablet",
              "projectName": "chromium-tablet",
              "results": [
                {
                  "workerIndex": 8,
                  "parallelIndex": 1,
                  "status": "passed",
                  "duration": 783,
                  "errors": [],
                  "stdout": [],
                  "stderr": [],
                  "retry": 0,
                  "startTime": "2026-10-07T20:14:13.528Z",
                  "annotations": [],
                  "attachments": []
                }
              ],
              "status": "expected"
            }
          ],
          "id": "a10ef0dc829facc3f369-35c6b5adf209d2073fc3",
          "file": "tenant-onboarding-ui.spec.ts",
          "line": 230,
          "column": 1
        },
        {
          "title": "lost revoke response reconciles ended server state without a second mutation",
          "ok": true,
          "tags": [],
          "tests": [
            {
              "timeout": 30000,
              "annotations": [],
              "expectedStatus": "passed",
              "projectId": "chromium-tablet",
              "projectName": "chromium-tablet",
              "results": [
                {
                  "workerIndex": 8,
                  "parallelIndex": 1,
                  "status": "passed",
                  "duration": 557,
                  "errors": [],
                  "stdout": [],
                  "stderr": [],
                  "retry": 0,
                  "startTime": "2026-10-07T20:14:14.330Z",
                  "annotations": [],
                  "attachments": []
                }
              ],
              "status": "expected"
            }
          ],
          "id": "a10ef0dc829facc3f369-9bc0188d7aa42db62cef",
          "file": "tenant-onboarding-ui.spec.ts",
          "line": 236,
          "column": 1
        },
        {
          "title": "membership dialog traps keyboard focus, Escape restores detail trigger",
          "ok": true,
          "tags": [],
          "tests": [
            {
              "timeout": 30000,
              "annotations": [],
              "expectedStatus": "passed",
              "projectId": "chromium-tablet",
              "projectName": "chromium-tablet",
              "results": [
                {
                  "workerIndex": 8,
                  "parallelIndex": 1,
                  "status": "passed",
                  "duration": 345,
                  "errors": [],
                  "stdout": [],
                  "stderr": [],
                  "retry": 0,
                  "startTime": "2026-10-07T20:14:14.895Z",
                  "annotations": [],
                  "attachments": []
                }
              ],
              "status": "expected"
            }
          ],
          "id": "a10ef0dc829facc3f369-e545abd5ec672344ff4d",
          "file": "tenant-onboarding-ui.spec.ts",
          "line": 243,
          "column": 1
        },
        {
          "title": "dual actor reads own memberships and catalog using tenant grants when platform read grants are absent",
          "ok": true,
          "tags": [],
          "tests": [
            {
              "timeout": 30000,
              "annotations": [],
              "expectedStatus": "passed",
              "projectId": "chromium-tablet",
              "projectName": "chromium-tablet",
              "results": [
                {
                  "workerIndex": 8,
                  "parallelIndex": 1,
                  "status": "passed",
                  "duration": 601,
                  "errors": [],
                  "stdout": [],
                  "stderr": [],
                  "retry": 0,
                  "startTime": "2026-10-07T20:14:15.248Z",
                  "annotations": [],
                  "attachments": []
                }
              ],
              "status": "expected"
            }
          ],
          "id": "a10ef0dc829facc3f369-8fb000ff1ce7b2101193",
          "file": "tenant-onboarding-ui.spec.ts",
          "line": 252,
          "column": 1
        },
        {
          "title": "A: company with existing identity uses exact onboarding boundary, refetch and no manual IDs",
          "ok": true,
          "tags": [],
          "tests": [
            {
              "timeout": 30000,
              "annotations": [],
              "expectedStatus": "passed",
              "projectId": "chromium-narrow",
              "projectName": "chromium-narrow",
              "results": [
                {
                  "workerIndex": 14,
                  "parallelIndex": 1,
                  "status": "passed",
                  "duration": 731,
                  "errors": [],
                  "stdout": [],
                  "stderr": [],
                  "retry": 0,
                  "startTime": "2026-10-07T20:14:16.384Z",
                  "annotations": [],
                  "attachments": []
                }
              ],
              "status": "expected"
            }
          ],
          "id": "a10ef0dc829facc3f369-e60d218e1e3d04991b95",
          "file": "tenant-onboarding-ui.spec.ts",
          "line": 90,
          "column": 1
        },
        {
          "title": "B: MI provisioning reuses one-time disclosure across summary, partial failure and same-key recovery",
          "ok": true,
          "tags": [],
          "tests": [
            {
              "timeout": 30000,
              "annotations": [],
              "expectedStatus": "passed",
              "projectId": "chromium-narrow",
              "projectName": "chromium-narrow",
              "results": [
                {
                  "workerIndex": 14,
                  "parallelIndex": 1,
                  "status": "passed",
                  "duration": 928,
                  "errors": [],
                  "stdout": [],
                  "stderr": [],
                  "retry": 0,
                  "startTime": "2026-10-07T20:14:17.281Z",
                  "annotations": [],
                  "attachments": []
                }
              ],
              "status": "expected"
            }
          ],
          "id": "a10ef0dc829facc3f369-94df66d91d1a3984db30",
          "file": "tenant-onboarding-ui.spec.ts",
          "line": 99,
          "column": 1
        },
        {
          "title": "C: tenant explicit lookup, runtime role catalog, membership and server refetch",
          "ok": true,
          "tags": [],
          "tests": [
            {
              "timeout": 30000,
              "annotations": [],
              "expectedStatus": "passed",
              "projectId": "chromium-narrow",
              "projectName": "chromium-narrow",
              "results": [
                {
                  "workerIndex": 14,
                  "parallelIndex": 1,
                  "status": "passed",
                  "duration": 631,
                  "errors": [],
                  "stdout": [],
                  "stderr": [],
                  "retry": 0,
                  "startTime": "2026-10-07T20:14:18.218Z",
                  "annotations": [],
                  "attachments": []
                }
              ],
              "status": "expected"
            }
          ],
          "id": "a10ef0dc829facc3f369-d22b7faa2a5a4d9d1972",
          "file": "tenant-onboarding-ui.spec.ts",
          "line": 113,
          "column": 1
        },
        {
          "title": "D: tenant new Managed Identity is handoff, never credential provisioning",
          "ok": true,
          "tags": [],
          "tests": [
            {
              "timeout": 30000,
              "annotations": [],
              "expectedStatus": "passed",
              "projectId": "chromium-narrow",
              "projectName": "chromium-narrow",
              "results": [
                {
                  "workerIndex": 14,
                  "parallelIndex": 1,
                  "status": "passed",
                  "duration": 518,
                  "errors": [],
                  "stdout": [],
                  "stderr": [],
                  "retry": 0,
                  "startTime": "2026-10-07T20:14:18.857Z",
                  "annotations": [],
                  "attachments": []
                }
              ],
              "status": "expected"
            }
          ],
          "id": "a10ef0dc829facc3f369-8cfca1a9631b4b8c2342",
          "file": "tenant-onboarding-ui.spec.ts",
          "line": 121,
          "column": 1
        },
        {
          "title": "E: partial roles recover only failed assignment with stable key and no repeated Membership",
          "ok": true,
          "tags": [],
          "tests": [
            {
              "timeout": 30000,
              "annotations": [],
              "expectedStatus": "passed",
              "projectId": "chromium-narrow",
              "projectName": "chromium-narrow",
              "results": [
                {
                  "workerIndex": 14,
                  "parallelIndex": 1,
                  "status": "passed",
                  "duration": 923,
                  "errors": [],
                  "stdout": [],
                  "stderr": [],
                  "retry": 0,
                  "startTime": "2026-10-07T20:14:19.387Z",
                  "annotations": [],
                  "attachments": []
                }
              ],
              "status": "expected"
            }
          ],
          "id": "a10ef0dc829facc3f369-768b1ac9bed764d3556a",
          "file": "tenant-onboarding-ui.spec.ts",
          "line": 126,
          "column": 1
        },
        {
          "title": "F: tenant privacy has explicit lookup only, no typing requests, wildcard or global list",
          "ok": true,
          "tags": [],
          "tests": [
            {
              "timeout": 30000,
              "annotations": [],
              "expectedStatus": "passed",
              "projectId": "chromium-narrow",
              "projectName": "chromium-narrow",
              "results": [
                {
                  "workerIndex": 14,
                  "parallelIndex": 1,
                  "status": "passed",
                  "duration": 476,
                  "errors": [],
                  "stdout": [],
                  "stderr": [],
                  "retry": 0,
                  "startTime": "2026-10-07T20:14:20.321Z",
                  "annotations": [],
                  "attachments": []
                }
              ],
              "status": "expected"
            }
          ],
          "id": "a10ef0dc829facc3f369-e980566129240fddc3fa",
          "file": "tenant-onboarding-ui.spec.ts",
          "line": 132,
          "column": 1
        },
        {
          "title": "existing active Membership is reused and its roles assigned independently",
          "ok": true,
          "tags": [],
          "tests": [
            {
              "timeout": 30000,
              "annotations": [],
              "expectedStatus": "passed",
              "projectId": "chromium-narrow",
              "projectName": "chromium-narrow",
              "results": [
                {
                  "workerIndex": 14,
                  "parallelIndex": 1,
                  "status": "passed",
                  "duration": 531,
                  "errors": [],
                  "stdout": [],
                  "stderr": [],
                  "retry": 0,
                  "startTime": "2026-10-07T20:14:20.811Z",
                  "annotations": [],
                  "attachments": []
                }
              ],
              "status": "expected"
            }
          ],
          "id": "a10ef0dc829facc3f369-27c6346084f6aacaef17",
          "file": "tenant-onboarding-ui.spec.ts",
          "line": 140,
          "column": 1
        },
        {
          "title": "platform authority and display role metadata confer no tenant create action",
          "ok": true,
          "tags": [],
          "tests": [
            {
              "timeout": 30000,
              "annotations": [],
              "expectedStatus": "passed",
              "projectId": "chromium-narrow",
              "projectName": "chromium-narrow",
              "results": [
                {
                  "workerIndex": 14,
                  "parallelIndex": 1,
                  "status": "passed",
                  "duration": 252,
                  "errors": [],
                  "stdout": [],
                  "stderr": [],
                  "retry": 0,
                  "startTime": "2026-10-07T20:14:21.354Z",
                  "annotations": [],
                  "attachments": []
                }
              ],
              "status": "expected"
            }
          ],
          "id": "a10ef0dc829facc3f369-9904c3c287c537d244d9",
          "file": "tenant-onboarding-ui.spec.ts",
          "line": 144,
          "column": 1
        },
        {
          "title": "company required fields, timezone error and back navigation keep business inputs",
          "ok": true,
          "tags": [],
          "tests": [
            {
              "timeout": 30000,
              "annotations": [],
              "expectedStatus": "passed",
              "projectId": "chromium-narrow",
              "projectName": "chromium-narrow",
              "results": [
                {
                  "workerIndex": 14,
                  "parallelIndex": 1,
                  "status": "passed",
                  "duration": 485,
                  "errors": [],
                  "stdout": [],
                  "stderr": [],
                  "retry": 0,
                  "startTime": "2026-10-07T20:14:21.616Z",
                  "annotations": [],
                  "attachments": []
                }
              ],
              "status": "expected"
            }
          ],
          "id": "a10ef0dc829facc3f369-eb762a8065b506acc2a5",
          "file": "tenant-onboarding-ui.spec.ts",
          "line": 147,
          "column": 1
        },
        {
          "title": "G: dual platform and own-tenant authority supports both operations with distinct contexts",
          "ok": true,
          "tags": [],
          "tests": [
            {
              "timeout": 30000,
              "annotations": [],
              "expectedStatus": "passed",
              "projectId": "chromium-narrow",
              "projectName": "chromium-narrow",
              "results": [
                {
                  "workerIndex": 14,
                  "parallelIndex": 1,
                  "status": "passed",
                  "duration": 1022,
                  "errors": [],
                  "stdout": [],
                  "stderr": [],
                  "retry": 0,
                  "startTime": "2026-10-07T20:14:22.108Z",
                  "annotations": [],
                  "attachments": []
                }
              ],
              "status": "expected"
            }
          ],
          "id": "a10ef0dc829facc3f369-fd5fb8e8471055a423e9",
          "file": "tenant-onboarding-ui.spec.ts",
          "line": 153,
          "column": 1
        },
        {
          "title": "H: platform-only projection includes role permission but never enables tenant assign",
          "ok": true,
          "tags": [],
          "tests": [
            {
              "timeout": 30000,
              "annotations": [],
              "expectedStatus": "passed",
              "projectId": "chromium-narrow",
              "projectName": "chromium-narrow",
              "results": [
                {
                  "workerIndex": 14,
                  "parallelIndex": 1,
                  "status": "passed",
                  "duration": 260,
                  "errors": [],
                  "stdout": [],
                  "stderr": [],
                  "retry": 0,
                  "startTime": "2026-10-07T20:14:23.139Z",
                  "annotations": [],
                  "attachments": []
                }
              ],
              "status": "expected"
            }
          ],
          "id": "a10ef0dc829facc3f369-71a0656bd0ccf2d8856f",
          "file": "tenant-onboarding-ui.spec.ts",
          "line": 160,
          "column": 1
        },
        {
          "title": "wrong tenant projection cannot enable tenant incorporation or assignment",
          "ok": true,
          "tags": [],
          "tests": [
            {
              "timeout": 30000,
              "annotations": [],
              "expectedStatus": "passed",
              "projectId": "chromium-narrow",
              "projectName": "chromium-narrow",
              "results": [
                {
                  "workerIndex": 14,
                  "parallelIndex": 1,
                  "status": "passed",
                  "duration": 181,
                  "errors": [],
                  "stdout": [],
                  "stderr": [],
                  "retry": 0,
                  "startTime": "2026-10-07T20:14:23.410Z",
                  "annotations": [],
                  "attachments": []
                }
              ],
              "status": "expected"
            }
          ],
          "id": "a10ef0dc829facc3f369-d39cd66e607382f7ce36",
          "file": "tenant-onboarding-ui.spec.ts",
          "line": 168,
          "column": 1
        },
        {
          "title": "tenant own-context revoke preserves reason, CAS, idempotency and server refresh",
          "ok": true,
          "tags": [],
          "tests": [
            {
              "timeout": 30000,
              "annotations": [],
              "expectedStatus": "passed",
              "projectId": "chromium-narrow",
              "projectName": "chromium-narrow",
              "results": [
                {
                  "workerIndex": 14,
                  "parallelIndex": 1,
                  "status": "passed",
                  "duration": 384,
                  "errors": [],
                  "stdout": [],
                  "stderr": [],
                  "retry": 0,
                  "startTime": "2026-10-07T20:14:23.597Z",
                  "annotations": [],
                  "attachments": []
                }
              ],
              "status": "expected"
            }
          ],
          "id": "a10ef0dc829facc3f369-96ead59dfd5e3322ff5e",
          "file": "tenant-onboarding-ui.spec.ts",
          "line": 173,
          "column": 39
        },
        {
          "title": "platform explicit target revoke preserves reason, CAS, idempotency and server refresh",
          "ok": true,
          "tags": [],
          "tests": [
            {
              "timeout": 30000,
              "annotations": [],
              "expectedStatus": "passed",
              "projectId": "chromium-narrow",
              "projectName": "chromium-narrow",
              "results": [
                {
                  "workerIndex": 14,
                  "parallelIndex": 1,
                  "status": "passed",
                  "duration": 406,
                  "errors": [],
                  "stdout": [],
                  "stderr": [],
                  "retry": 0,
                  "startTime": "2026-10-07T20:14:23.987Z",
                  "annotations": [],
                  "attachments": []
                }
              ],
              "status": "expected"
            }
          ],
          "id": "a10ef0dc829facc3f369-7d2b93daec38029bfc3c",
          "file": "tenant-onboarding-ui.spec.ts",
          "line": 173,
          "column": 39
        },
        {
          "title": "server receipt remains truthful if list refresh fails and is reconciled without another onboarding",
          "ok": true,
          "tags": [],
          "tests": [
            {
              "timeout": 30000,
              "annotations": [],
              "expectedStatus": "passed",
              "projectId": "chromium-narrow",
              "projectName": "chromium-narrow",
              "results": [
                {
                  "workerIndex": 14,
                  "parallelIndex": 1,
                  "status": "passed",
                  "duration": 542,
                  "errors": [],
                  "stdout": [],
                  "stderr": [],
                  "retry": 0,
                  "startTime": "2026-10-07T20:14:24.398Z",
                  "annotations": [],
                  "attachments": []
                }
              ],
              "status": "expected"
            }
          ],
          "id": "a10ef0dc829facc3f369-5f72971237dc0735d932",
          "file": "tenant-onboarding-ui.spec.ts",
          "line": 182,
          "column": 1
        },
        {
          "title": "accepted role response without server assignment stays pending, then retries same intent",
          "ok": true,
          "tags": [],
          "tests": [
            {
              "timeout": 30000,
              "annotations": [],
              "expectedStatus": "passed",
              "projectId": "chromium-narrow",
              "projectName": "chromium-narrow",
              "results": [
                {
                  "workerIndex": 14,
                  "parallelIndex": 1,
                  "status": "passed",
                  "duration": 608,
                  "errors": [],
                  "stdout": [],
                  "stderr": [],
                  "retry": 0,
                  "startTime": "2026-10-07T20:14:24.945Z",
                  "annotations": [],
                  "attachments": []
                }
              ],
              "status": "expected"
            }
          ],
          "id": "a10ef0dc829facc3f369-07174e137e69a7d5f9c1",
          "file": "tenant-onboarding-ui.spec.ts",
          "line": 190,
          "column": 1
        },
        {
          "title": "closing provisioned identity before onboarding retains identity and destroys credential disclosure",
          "ok": true,
          "tags": [],
          "tests": [
            {
              "timeout": 30000,
              "annotations": [],
              "expectedStatus": "passed",
              "projectId": "chromium-narrow",
              "projectName": "chromium-narrow",
              "results": [
                {
                  "workerIndex": 14,
                  "parallelIndex": 1,
                  "status": "passed",
                  "duration": 600,
                  "errors": [],
                  "stdout": [],
                  "stderr": [],
                  "retry": 0,
                  "startTime": "2026-10-07T20:14:25.564Z",
                  "annotations": [],
                  "attachments": []
                }
              ],
              "status": "expected"
            }
          ],
          "id": "a10ef0dc829facc3f369-049bdd3001b64d06d47d",
          "file": "tenant-onboarding-ui.spec.ts",
          "line": 198,
          "column": 1
        },
        {
          "title": "onboarding 403 shows safe business error and keeps the original retry key",
          "ok": true,
          "tags": [],
          "tests": [
            {
              "timeout": 30000,
              "annotations": [],
              "expectedStatus": "passed",
              "projectId": "chromium-narrow",
              "projectName": "chromium-narrow",
              "results": [
                {
                  "workerIndex": 14,
                  "parallelIndex": 1,
                  "status": "passed",
                  "duration": 685,
                  "errors": [],
                  "stdout": [],
                  "stderr": [],
                  "retry": 0,
                  "startTime": "2026-10-07T20:14:26.175Z",
                  "annotations": [],
                  "attachments": []
                }
              ],
              "status": "expected"
            }
          ],
          "id": "a10ef0dc829facc3f369-6f721453c0659127d908",
          "file": "tenant-onboarding-ui.spec.ts",
          "line": 208,
          "column": 39
        },
        {
          "title": "onboarding 409 shows safe business error and keeps the original retry key",
          "ok": true,
          "tags": [],
          "tests": [
            {
              "timeout": 30000,
              "annotations": [],
              "expectedStatus": "passed",
              "projectId": "chromium-narrow",
              "projectName": "chromium-narrow",
              "results": [
                {
                  "workerIndex": 14,
                  "parallelIndex": 1,
                  "status": "passed",
                  "duration": 696,
                  "errors": [],
                  "stdout": [],
                  "stderr": [],
                  "retry": 0,
                  "startTime": "2026-10-07T20:14:26.867Z",
                  "annotations": [],
                  "attachments": []
                }
              ],
              "status": "expected"
            }
          ],
          "id": "a10ef0dc829facc3f369-1d708f413e358c5ebee0",
          "file": "tenant-onboarding-ui.spec.ts",
          "line": 208,
          "column": 39
        },
        {
          "title": "onboarding 422 shows safe business error and keeps the original retry key",
          "ok": true,
          "tags": [],
          "tests": [
            {
              "timeout": 30000,
              "annotations": [],
              "expectedStatus": "passed",
              "projectId": "chromium-narrow",
              "projectName": "chromium-narrow",
              "results": [
                {
                  "workerIndex": 14,
                  "parallelIndex": 1,
                  "status": "passed",
                  "duration": 727,
                  "errors": [],
                  "stdout": [],
                  "stderr": [],
                  "retry": 0,
                  "startTime": "2026-10-07T20:14:27.571Z",
                  "annotations": [],
                  "attachments": []
                }
              ],
              "status": "expected"
            }
          ],
          "id": "a10ef0dc829facc3f369-f5bfa120a29741fa57f0",
          "file": "tenant-onboarding-ui.spec.ts",
          "line": 208,
          "column": 39
        },
        {
          "title": "I/J: branding, keyboard steps, labels, focus return and responsive tenant form",
          "ok": true,
          "tags": [],
          "tests": [
            {
              "timeout": 30000,
              "annotations": [],
              "expectedStatus": "passed",
              "projectId": "chromium-narrow",
              "projectName": "chromium-narrow",
              "results": [
                {
                  "workerIndex": 14,
                  "parallelIndex": 1,
                  "status": "passed",
                  "duration": 835,
                  "errors": [],
                  "stdout": [],
                  "stderr": [],
                  "retry": 0,
                  "startTime": "2026-10-07T20:14:28.305Z",
                  "annotations": [],
                  "attachments": []
                }
              ],
              "status": "expected"
            }
          ],
          "id": "a10ef0dc829facc3f369-c9e7764e4e8fb34ade86",
          "file": "tenant-onboarding-ui.spec.ts",
          "line": 215,
          "column": 1
        },
        {
          "title": "dual actor without platform revoke permission uses own tenant authority, never promotes platform read",
          "ok": true,
          "tags": [],
          "tests": [
            {
              "timeout": 30000,
              "annotations": [],
              "expectedStatus": "passed",
              "projectId": "chromium-narrow",
              "projectName": "chromium-narrow",
              "results": [
                {
                  "workerIndex": 14,
                  "parallelIndex": 1,
                  "status": "passed",
                  "duration": 408,
                  "errors": [],
                  "stdout": [],
                  "stderr": [],
                  "retry": 0,
                  "startTime": "2026-10-07T20:14:29.145Z",
                  "annotations": [],
                  "attachments": []
                }
              ],
              "status": "expected"
            }
          ],
          "id": "a10ef0dc829facc3f369-105a1a527b497eb5c23f",
          "file": "tenant-onboarding-ui.spec.ts",
          "line": 230,
          "column": 1
        },
        {
          "title": "lost revoke response reconciles ended server state without a second mutation",
          "ok": true,
          "tags": [],
          "tests": [
            {
              "timeout": 30000,
              "annotations": [],
              "expectedStatus": "passed",
              "projectId": "chromium-narrow",
              "projectName": "chromium-narrow",
              "results": [
                {
                  "workerIndex": 14,
                  "parallelIndex": 1,
                  "status": "passed",
                  "duration": 415,
                  "errors": [],
                  "stdout": [],
                  "stderr": [],
                  "retry": 0,
                  "startTime": "2026-10-07T20:14:29.558Z",
                  "annotations": [],
                  "attachments": []
                }
              ],
              "status": "expected"
            }
          ],
          "id": "a10ef0dc829facc3f369-b7a0fc53faf81c2f0ae8",
          "file": "tenant-onboarding-ui.spec.ts",
          "line": 236,
          "column": 1
        },
        {
          "title": "membership dialog traps keyboard focus, Escape restores detail trigger",
          "ok": true,
          "tags": [],
          "tests": [
            {
              "timeout": 30000,
              "annotations": [],
              "expectedStatus": "passed",
              "projectId": "chromium-narrow",
              "projectName": "chromium-narrow",
              "results": [
                {
                  "workerIndex": 14,
                  "parallelIndex": 1,
                  "status": "passed",
                  "duration": 326,
                  "errors": [],
                  "stdout": [],
                  "stderr": [],
                  "retry": 0,
                  "startTime": "2026-10-07T20:14:29.978Z",
                  "annotations": [],
                  "attachments": []
                }
              ],
              "status": "expected"
            }
          ],
          "id": "a10ef0dc829facc3f369-252cb282238d301d6c12",
          "file": "tenant-onboarding-ui.spec.ts",
          "line": 243,
          "column": 1
        },
        {
          "title": "dual actor reads own memberships and catalog using tenant grants when platform read grants are absent",
          "ok": true,
          "tags": [],
          "tests": [
            {
              "timeout": 30000,
              "annotations": [],
              "expectedStatus": "passed",
              "projectId": "chromium-narrow",
              "projectName": "chromium-narrow",
              "results": [
                {
                  "workerIndex": 14,
                  "parallelIndex": 1,
                  "status": "passed",
                  "duration": 428,
                  "errors": [],
                  "stdout": [],
                  "stderr": [],
                  "retry": 0,
                  "startTime": "2026-10-07T20:14:30.309Z",
                  "annotations": [],
                  "attachments": []
                }
              ],
              "status": "expected"
            }
          ],
          "id": "a10ef0dc829facc3f369-e0e1970c1f26317e7e0b",
          "file": "tenant-onboarding-ui.spec.ts",
          "line": 252,
          "column": 1
        }
      ]
    }
  ],
  "errors": [],
  "stats": {
    "startTime": "2026-10-07T20:13:21.411Z",
    "duration": 74549.72,
    "expected": 400,
    "skipped": 0,
    "unexpected": 0,
    "flaky": 0
  }
}
