requirement_code,framework_code,normative_unit_code,requirement_kind,requirement_summary_tcdx,is_mandatory,source_status,source_locator,source_url,license_status,applicability_guidance,expected_evidence,tags,confidence,review_status
ISO_9001_2015-R-001,ISO_9001_2015,4,management_requirement,"Determinar contexto, partes interesadas, alcance y sistema de gestión.",True,PROVISIONAL_SUPPORTING_REFERENCE,4,https://www.iso.org/standard/62085.html,NOT_YET_LICENSED,"Evaluar dentro del alcance, contexto y actividades del tenant; justificar no aplicabilidad cuando el marco lo permita.","Políticas, alcance, matrices, objetivos, registros operacionales, auditorías y revisión de dirección según cláusula.",MSS;clause_4,high,provisional
ISO_9001_2015-R-002,ISO_9001_2015,5,management_requirement,"Asegurar liderazgo, política, responsabilidades y rendición de cuentas.",True,PROVISIONAL_SUPPORTING_REFERENCE,5,https://www.iso.org/standard/62085.html,NOT_YET_LICENSED,"Evaluar dentro del alcance, contexto y actividades del tenant; justificar no aplicabilidad cuando el marco lo permita.","Políticas, alcance, matrices, objetivos, registros operacionales, auditorías y revisión de dirección según cláusula.",MSS;clause_5,high,provisional
ISO_9001_2015-R-003,ISO_9001_2015,6,management_requirement,"Gestionar riesgos, oportunidades y objetivos del sistema de gestión.",True,PROVISIONAL_SUPPORTING_REFERENCE,6,https://www.iso.org/standard/62085.html,NOT_YET_LICENSED,"Evaluar dentro del alcance, contexto y actividades del tenant; justificar no aplicabilidad cuando el marco lo permita.","Políticas, alcance, matrices, objetivos, registros operacionales, auditorías y revisión de dirección según cláusula.",MSS;clause_6,high,provisional
ISO_9001_2015-R-004,ISO_9001_2015,7,management_requirement,"Proveer recursos, competencia, conciencia, comunicación e información documentada.",True,PROVISIONAL_SUPPORTING_REFERENCE,7,https://www.iso.org/standard/62085.html,NOT_YET_LICENSED,"Evaluar dentro del alcance, contexto y actividades del tenant; justificar no aplicabilidad cuando el marco lo permita.","Políticas, alcance, matrices, objetivos, registros operacionales, auditorías y revisión de dirección según cláusula.",MSS;clause_7,high,provisional
ISO_9001_2015-R-005,ISO_9001_2015,8,management_requirement,"Planificar, controlar y ejecutar procesos operacionales necesarios.",True,PROVISIONAL_SUPPORTING_REFERENCE,8,https://www.iso.org/standard/62085.html,NOT_YET_LICENSED,"Evaluar dentro del alcance, contexto y actividades del tenant; justificar no aplicabilidad cuando el marco lo permita.","Políticas, alcance, matrices, objetivos, registros operacionales, auditorías y revisión de dirección según cláusula.",MSS;clause_8,high,provisional
ISO_9001_2015-R-006,ISO_9001_2015,9,management_requirement,"Monitorear, medir, auditar y revisar el desempeño del sistema.",True,PROVISIONAL_SUPPORTING_REFERENCE,9,https://www.iso.org/standard/62085.html,NOT_YET_LICENSED,"Evaluar dentro del alcance, contexto y actividades del tenant; justificar no aplicabilidad cuando el marco lo permita.","Políticas, alcance, matrices, objetivos, registros operacionales, auditorías y revisión de dirección según cláusula.",MSS;clause_9,high,provisional
ISO_9001_2015-R-007,ISO_9001_2015,10,management_requirement,"Gestionar no conformidades, acciones correctivas y mejora continua.",True,PROVISIONAL_SUPPORTING_REFERENCE,10,https://www.iso.org/standard/62085.html,NOT_YET_LICENSED,"Evaluar dentro del alcance, contexto y actividades del tenant; justificar no aplicabilidad cuando el marco lo permita.","Políticas, alcance, matrices, objetivos, registros operacionales, auditorías y revisión de dirección según cláusula.",MSS;clause_10,high,provisional
ISO_9001_2026-R-001,ISO_9001_2026,4,management_requirement,"Determinar contexto, partes interesadas, alcance y sistema de gestión.",True,PROVISIONAL_SUPPORTING_REFERENCE,4,https://www.iso.org/standard/9001,NOT_YET_LICENSED,"Evaluar dentro del alcance, contexto y actividades del tenant; justificar no aplicabilidad cuando el marco lo permita.","Políticas, alcance, matrices, objetivos, registros operacionales, auditorías y revisión de dirección según cláusula.",MSS;clause_4,high,provisional
ISO_9001_2026-R-002,ISO_9001_2026,5,management_requirement,"Asegurar liderazgo, política, responsabilidades y rendición de cuentas.",True,PROVISIONAL_SUPPORTING_REFERENCE,5,https://www.iso.org/standard/9001,NOT_YET_LICENSED,"Evaluar dentro del alcance, contexto y actividades del tenant; justificar no aplicabilidad cuando el marco lo permita.","Políticas, alcance, matrices, objetivos, registros operacionales, auditorías y revisión de dirección según cláusula.",MSS;clause_5,high,provisional
ISO_9001_2026-R-003,ISO_9001_2026,6,management_requirement,"Gestionar riesgos, oportunidades y objetivos del sistema de gestión.",True,PROVISIONAL_SUPPORTING_REFERENCE,6,https://www.iso.org/standard/9001,NOT_YET_LICENSED,"Evaluar dentro del alcance, contexto y actividades del tenant; justificar no aplicabilidad cuando el marco lo permita.","Políticas, alcance, matrices, objetivos, registros operacionales, auditorías y revisión de dirección según cláusula.",MSS;clause_6,high,provisional
ISO_9001_2026-R-004,ISO_9001_2026,7,management_requirement,"Proveer recursos, competencia, conciencia, comunicación e información documentada.",True,PROVISIONAL_SUPPORTING_REFERENCE,7,https://www.iso.org/standard/9001,NOT_YET_LICENSED,"Evaluar dentro del alcance, contexto y actividades del tenant; justificar no aplicabilidad cuando el marco lo permita.","Políticas, alcance, matrices, objetivos, registros operacionales, auditorías y revisión de dirección según cláusula.",MSS;clause_7,high,provisional
ISO_9001_2026-R-005,ISO_9001_2026,8,management_requirement,"Planificar, controlar y ejecutar procesos operacionales necesarios.",True,PROVISIONAL_SUPPORTING_REFERENCE,8,https://www.iso.org/standard/9001,NOT_YET_LICENSED,"Evaluar dentro del alcance, contexto y actividades del tenant; justificar no aplicabilidad cuando el marco lo permita.","Políticas, alcance, matrices, objetivos, registros operacionales, auditorías y revisión de dirección según cláusula.",MSS;clause_8,high,provisional
ISO_9001_2026-R-006,ISO_9001_2026,9,management_requirement,"Monitorear, medir, auditar y revisar el desempeño del sistema.",True,PROVISIONAL_SUPPORTING_REFERENCE,9,https://www.iso.org/standard/9001,NOT_YET_LICENSED,"Evaluar dentro del alcance, contexto y actividades del tenant; justificar no aplicabilidad cuando el marco lo permita.","Políticas, alcance, matrices, objetivos, registros operacionales, auditorías y revisión de dirección según cláusula.",MSS;clause_9,high,provisional
ISO_9001_2026-R-007,ISO_9001_2026,10,management_requirement,"Gestionar no conformidades, acciones correctivas y mejora continua.",True,PROVISIONAL_SUPPORTING_REFERENCE,10,https://www.iso.org/standard/9001,NOT_YET_LICENSED,"Evaluar dentro del alcance, contexto y actividades del tenant; justificar no aplicabilidad cuando el marco lo permita.","Políticas, alcance, matrices, objetivos, registros operacionales, auditorías y revisión de dirección según cláusula.",MSS;clause_10,high,provisional
ISO_IEC_27001_2022-R-001,ISO_IEC_27001_2022,4,management_requirement,"Determinar contexto, partes interesadas, alcance y sistema de gestión.",True,PROVISIONAL_SUPPORTING_REFERENCE,4,https://www.iso.org/standard/27001,NOT_YET_LICENSED,"Evaluar dentro del alcance, contexto y actividades del tenant; justificar no aplicabilidad cuando el marco lo permita.","Políticas, alcance, matrices, objetivos, registros operacionales, auditorías y revisión de dirección según cláusula.",MSS;clause_4,high,provisional
ISO_IEC_27001_2022-R-002,ISO_IEC_27001_2022,5,management_requirement,"Asegurar liderazgo, política, responsabilidades y rendición de cuentas.",True,PROVISIONAL_SUPPORTING_REFERENCE,5,https://www.iso.org/standard/27001,NOT_YET_LICENSED,"Evaluar dentro del alcance, contexto y actividades del tenant; justificar no aplicabilidad cuando el marco lo permita.","Políticas, alcance, matrices, objetivos, registros operacionales, auditorías y revisión de dirección según cláusula.",MSS;clause_5,high,provisional
ISO_IEC_27001_2022-R-003,ISO_IEC_27001_2022,6,management_requirement,"Gestionar riesgos, oportunidades y objetivos del sistema de gestión.",True,PROVISIONAL_SUPPORTING_REFERENCE,6,https://www.iso.org/standard/27001,NOT_YET_LICENSED,"Evaluar dentro del alcance, contexto y actividades del tenant; justificar no aplicabilidad cuando el marco lo permita.","Políticas, alcance, matrices, objetivos, registros operacionales, auditorías y revisión de dirección según cláusula.",MSS;clause_6,high,provisional
ISO_IEC_27001_2022-R-004,ISO_IEC_27001_2022,7,management_requirement,"Proveer recursos, competencia, conciencia, comunicación e información documentada.",True,PROVISIONAL_SUPPORTING_REFERENCE,7,https://www.iso.org/standard/27001,NOT_YET_LICENSED,"Evaluar dentro del alcance, contexto y actividades del tenant; justificar no aplicabilidad cuando el marco lo permita.","Políticas, alcance, matrices, objetivos, registros operacionales, auditorías y revisión de dirección según cláusula.",MSS;clause_7,high,provisional
ISO_IEC_27001_2022-R-005,ISO_IEC_27001_2022,8,management_requirement,"Planificar, controlar y ejecutar procesos operacionales necesarios.",True,PROVISIONAL_SUPPORTING_REFERENCE,8,https://www.iso.org/standard/27001,NOT_YET_LICENSED,"Evaluar dentro del alcance, contexto y actividades del tenant; justificar no aplicabilidad cuando el marco lo permita.","Políticas, alcance, matrices, objetivos, registros operacionales, auditorías y revisión de dirección según cláusula.",MSS;clause_8,high,provisional
ISO_IEC_27001_2022-R-006,ISO_IEC_27001_2022,9,management_requirement,"Monitorear, medir, auditar y revisar el desempeño del sistema.",True,PROVISIONAL_SUPPORTING_REFERENCE,9,https://www.iso.org/standard/27001,NOT_YET_LICENSED,"Evaluar dentro del alcance, contexto y actividades del tenant; justificar no aplicabilidad cuando el marco lo permita.","Políticas, alcance, matrices, objetivos, registros operacionales, auditorías y revisión de dirección según cláusula.",MSS;clause_9,high,provisional
ISO_IEC_27001_2022-R-007,ISO_IEC_27001_2022,10,management_requirement,"Gestionar no conformidades, acciones correctivas y mejora continua.",True,PROVISIONAL_SUPPORTING_REFERENCE,10,https://www.iso.org/standard/27001,NOT_YET_LICENSED,"Evaluar dentro del alcance, contexto y actividades del tenant; justificar no aplicabilidad cuando el marco lo permita.","Políticas, alcance, matrices, objetivos, registros operacionales, auditorías y revisión de dirección según cláusula.",MSS;clause_10,high,provisional
ISO_IEC_42001_2023-R-001,ISO_IEC_42001_2023,4,management_requirement,"Determinar contexto, partes interesadas, alcance y sistema de gestión.",True,PROVISIONAL_SUPPORTING_REFERENCE,4,https://www.iso.org/standard/42001,NOT_YET_LICENSED,"Evaluar dentro del alcance, contexto y actividades del tenant; justificar no aplicabilidad cuando el marco lo permita.","Políticas, alcance, matrices, objetivos, registros operacionales, auditorías y revisión de dirección según cláusula.",MSS;clause_4,high,provisional
ISO_IEC_42001_2023-R-002,ISO_IEC_42001_2023,5,management_requirement,"Asegurar liderazgo, política, responsabilidades y rendición de cuentas.",True,PROVISIONAL_SUPPORTING_REFERENCE,5,https://www.iso.org/standard/42001,NOT_YET_LICENSED,"Evaluar dentro del alcance, contexto y actividades del tenant; justificar no aplicabilidad cuando el marco lo permita.","Políticas, alcance, matrices, objetivos, registros operacionales, auditorías y revisión de dirección según cláusula.",MSS;clause_5,high,provisional
ISO_IEC_42001_2023-R-003,ISO_IEC_42001_2023,6,management_requirement,"Gestionar riesgos, oportunidades y objetivos del sistema de gestión.",True,PROVISIONAL_SUPPORTING_REFERENCE,6,https://www.iso.org/standard/42001,NOT_YET_LICENSED,"Evaluar dentro del alcance, contexto y actividades del tenant; justificar no aplicabilidad cuando el marco lo permita.","Políticas, alcance, matrices, objetivos, registros operacionales, auditorías y revisión de dirección según cláusula.",MSS;clause_6,high,provisional
ISO_IEC_42001_2023-R-004,ISO_IEC_42001_2023,7,management_requirement,"Proveer recursos, competencia, conciencia, comunicación e información documentada.",True,PROVISIONAL_SUPPORTING_REFERENCE,7,https://www.iso.org/standard/42001,NOT_YET_LICENSED,"Evaluar dentro del alcance, contexto y actividades del tenant; justificar no aplicabilidad cuando el marco lo permita.","Políticas, alcance, matrices, objetivos, registros operacionales, auditorías y revisión de dirección según cláusula.",MSS;clause_7,high,provisional
ISO_IEC_42001_2023-R-005,ISO_IEC_42001_2023,8,management_requirement,"Planificar, controlar y ejecutar procesos operacionales necesarios.",True,PROVISIONAL_SUPPORTING_REFERENCE,8,https://www.iso.org/standard/42001,NOT_YET_LICENSED,"Evaluar dentro del alcance, contexto y actividades del tenant; justificar no aplicabilidad cuando el marco lo permita.","Políticas, alcance, matrices, objetivos, registros operacionales, auditorías y revisión de dirección según cláusula.",MSS;clause_8,high,provisional
ISO_IEC_42001_2023-R-006,ISO_IEC_42001_2023,9,management_requirement,"Monitorear, medir, auditar y revisar el desempeño del sistema.",True,PROVISIONAL_SUPPORTING_REFERENCE,9,https://www.iso.org/standard/42001,NOT_YET_LICENSED,"Evaluar dentro del alcance, contexto y actividades del tenant; justificar no aplicabilidad cuando el marco lo permita.","Políticas, alcance, matrices, objetivos, registros operacionales, auditorías y revisión de dirección según cláusula.",MSS;clause_9,high,provisional
ISO_IEC_42001_2023-R-007,ISO_IEC_42001_2023,10,management_requirement,"Gestionar no conformidades, acciones correctivas y mejora continua.",True,PROVISIONAL_SUPPORTING_REFERENCE,10,https://www.iso.org/standard/42001,NOT_YET_LICENSED,"Evaluar dentro del alcance, contexto y actividades del tenant; justificar no aplicabilidad cuando el marco lo permita.","Políticas, alcance, matrices, objetivos, registros operacionales, auditorías y revisión de dirección según cláusula.",MSS;clause_10,high,provisional
ISO_9001_2015-R-008,ISO_9001_2015,4.1,management_requirement,Mantener comprensión de cuestiones internas y externas pertinentes al SGC.,True,PROVISIONAL_SUPPORTING_REFERENCE,4.1,https://www.iso.org/standard/62085.html,NOT_YET_LICENSED,"Evaluar dentro del alcance, contexto y actividades del tenant; justificar no aplicabilidad cuando el marco lo permita.",Procedimiento/registro/indicador/aprobación o evidencia operacional pertinente.,QMS,high,provisional
ISO_9001_2015-R-009,ISO_9001_2015,4.2,management_requirement,Identificar partes interesadas pertinentes y sus requisitos relevantes.,True,PROVISIONAL_SUPPORTING_REFERENCE,4.2,https://www.iso.org/standard/62085.html,NOT_YET_LICENSED,"Evaluar dentro del alcance, contexto y actividades del tenant; justificar no aplicabilidad cuando el marco lo permita.",Procedimiento/registro/indicador/aprobación o evidencia operacional pertinente.,QMS,high,provisional
ISO_9001_2015-R-010,ISO_9001_2015,4.3,management_requirement,Definir y mantener el alcance del sistema de gestión de calidad.,True,PROVISIONAL_SUPPORTING_REFERENCE,4.3,https://www.iso.org/standard/62085.html,NOT_YET_LICENSED,"Evaluar dentro del alcance, contexto y actividades del tenant; justificar no aplicabilidad cuando el marco lo permita.",Procedimiento/registro/indicador/aprobación o evidencia operacional pertinente.,QMS,high,provisional
ISO_9001_2015-R-011,ISO_9001_2015,4.4,management_requirement,"Definir, operar, medir y mejorar los procesos e interacciones del SGC.",True,PROVISIONAL_SUPPORTING_REFERENCE,4.4,https://www.iso.org/standard/62085.html,NOT_YET_LICENSED,"Evaluar dentro del alcance, contexto y actividades del tenant; justificar no aplicabilidad cuando el marco lo permita.",Procedimiento/registro/indicador/aprobación o evidencia operacional pertinente.,QMS,high,provisional
ISO_9001_2015-R-012,ISO_9001_2015,5.1,management_requirement,La alta dirección debe demostrar liderazgo y compromiso con el SGC.,True,PROVISIONAL_SUPPORTING_REFERENCE,5.1,https://www.iso.org/standard/62085.html,NOT_YET_LICENSED,"Evaluar dentro del alcance, contexto y actividades del tenant; justificar no aplicabilidad cuando el marco lo permita.",Procedimiento/registro/indicador/aprobación o evidencia operacional pertinente.,QMS,high,provisional
ISO_9001_2015-R-013,ISO_9001_2015,5.2,management_requirement,"Establecer, comunicar y mantener una política de calidad apropiada.",True,PROVISIONAL_SUPPORTING_REFERENCE,5.2,https://www.iso.org/standard/62085.html,NOT_YET_LICENSED,"Evaluar dentro del alcance, contexto y actividades del tenant; justificar no aplicabilidad cuando el marco lo permita.",Procedimiento/registro/indicador/aprobación o evidencia operacional pertinente.,QMS,high,provisional
ISO_9001_2015-R-014,ISO_9001_2015,5.3,management_requirement,Asignar y comunicar responsabilidades y autoridades pertinentes.,True,PROVISIONAL_SUPPORTING_REFERENCE,5.3,https://www.iso.org/standard/62085.html,NOT_YET_LICENSED,"Evaluar dentro del alcance, contexto y actividades del tenant; justificar no aplicabilidad cuando el marco lo permita.",Procedimiento/registro/indicador/aprobación o evidencia operacional pertinente.,QMS,high,provisional
ISO_9001_2015-R-015,ISO_9001_2015,6.1,management_requirement,Determinar riesgos y oportunidades y planificar acciones proporcionadas.,True,PROVISIONAL_SUPPORTING_REFERENCE,6.1,https://www.iso.org/standard/62085.html,NOT_YET_LICENSED,"Evaluar dentro del alcance, contexto y actividades del tenant; justificar no aplicabilidad cuando el marco lo permita.",Procedimiento/registro/indicador/aprobación o evidencia operacional pertinente.,QMS,high,provisional
ISO_9001_2015-R-016,ISO_9001_2015,6.2,management_requirement,Establecer objetivos medibles y planes para lograrlos.,True,PROVISIONAL_SUPPORTING_REFERENCE,6.2,https://www.iso.org/standard/62085.html,NOT_YET_LICENSED,"Evaluar dentro del alcance, contexto y actividades del tenant; justificar no aplicabilidad cuando el marco lo permita.",Procedimiento/registro/indicador/aprobación o evidencia operacional pertinente.,QMS,high,provisional
ISO_9001_2015-R-017,ISO_9001_2015,6.3,management_requirement,Gestionar cambios al SGC de manera planificada.,True,PROVISIONAL_SUPPORTING_REFERENCE,6.3,https://www.iso.org/standard/62085.html,NOT_YET_LICENSED,"Evaluar dentro del alcance, contexto y actividades del tenant; justificar no aplicabilidad cuando el marco lo permita.",Procedimiento/registro/indicador/aprobación o evidencia operacional pertinente.,QMS,high,provisional
ISO_9001_2015-R-018,ISO_9001_2015,7.1,management_requirement,"Determinar y proporcionar personas, infraestructura, ambiente, seguimiento/medición y conocimiento organizacional.",True,PROVISIONAL_SUPPORTING_REFERENCE,7.1,https://www.iso.org/standard/62085.html,NOT_YET_LICENSED,"Evaluar dentro del alcance, contexto y actividades del tenant; justificar no aplicabilidad cuando el marco lo permita.",Procedimiento/registro/indicador/aprobación o evidencia operacional pertinente.,QMS,high,provisional
ISO_9001_2015-R-019,ISO_9001_2015,7.2,management_requirement,Asegurar competencia y conservar evidencia apropiada.,True,PROVISIONAL_SUPPORTING_REFERENCE,7.2,https://www.iso.org/standard/62085.html,NOT_YET_LICENSED,"Evaluar dentro del alcance, contexto y actividades del tenant; justificar no aplicabilidad cuando el marco lo permita.",Procedimiento/registro/indicador/aprobación o evidencia operacional pertinente.,QMS,high,provisional
ISO_9001_2015-R-020,ISO_9001_2015,7.3,management_requirement,"Asegurar conciencia sobre política, objetivos, contribución e implicancias.",True,PROVISIONAL_SUPPORTING_REFERENCE,7.3,https://www.iso.org/standard/62085.html,NOT_YET_LICENSED,"Evaluar dentro del alcance, contexto y actividades del tenant; justificar no aplicabilidad cuando el marco lo permita.",Procedimiento/registro/indicador/aprobación o evidencia operacional pertinente.,QMS,high,provisional
ISO_9001_2015-R-021,ISO_9001_2015,7.4,management_requirement,Determinar comunicaciones internas y externas pertinentes.,True,PROVISIONAL_SUPPORTING_REFERENCE,7.4,https://www.iso.org/standard/62085.html,NOT_YET_LICENSED,"Evaluar dentro del alcance, contexto y actividades del tenant; justificar no aplicabilidad cuando el marco lo permita.",Procedimiento/registro/indicador/aprobación o evidencia operacional pertinente.,QMS,high,provisional
ISO_9001_2015-R-022,ISO_9001_2015,7.5,management_requirement,"Crear, actualizar y controlar la información documentada necesaria.",True,PROVISIONAL_SUPPORTING_REFERENCE,7.5,https://www.iso.org/standard/62085.html,NOT_YET_LICENSED,"Evaluar dentro del alcance, contexto y actividades del tenant; justificar no aplicabilidad cuando el marco lo permita.",Procedimiento/registro/indicador/aprobación o evidencia operacional pertinente.,QMS,high,provisional
ISO_9001_2015-R-023,ISO_9001_2015,8.1,management_requirement,Planificar y controlar procesos necesarios para cumplir requisitos.,True,PROVISIONAL_SUPPORTING_REFERENCE,8.1,https://www.iso.org/standard/62085.html,NOT_YET_LICENSED,"Evaluar dentro del alcance, contexto y actividades del tenant; justificar no aplicabilidad cuando el marco lo permita.",Procedimiento/registro/indicador/aprobación o evidencia operacional pertinente.,QMS,high,provisional
ISO_9001_2015-R-024,ISO_9001_2015,8.2,management_requirement,Gestionar comunicación con clientes y determinar/revisar requisitos.,True,PROVISIONAL_SUPPORTING_REFERENCE,8.2,https://www.iso.org/standard/62085.html,NOT_YET_LICENSED,"Evaluar dentro del alcance, contexto y actividades del tenant; justificar no aplicabilidad cuando el marco lo permita.",Procedimiento/registro/indicador/aprobación o evidencia operacional pertinente.,QMS,high,provisional
ISO_9001_2015-R-025,ISO_9001_2015,8.3,management_requirement,Planificar y controlar diseño y desarrollo cuando sea aplicable.,True,PROVISIONAL_SUPPORTING_REFERENCE,8.3,https://www.iso.org/standard/62085.html,NOT_YET_LICENSED,"Evaluar dentro del alcance, contexto y actividades del tenant; justificar no aplicabilidad cuando el marco lo permita.",Procedimiento/registro/indicador/aprobación o evidencia operacional pertinente.,QMS,high,provisional
ISO_9001_2015-R-026,ISO_9001_2015,8.4,management_requirement,"Controlar procesos, productos y servicios suministrados externamente.",True,PROVISIONAL_SUPPORTING_REFERENCE,8.4,https://www.iso.org/standard/62085.html,NOT_YET_LICENSED,"Evaluar dentro del alcance, contexto y actividades del tenant; justificar no aplicabilidad cuando el marco lo permita.",Procedimiento/registro/indicador/aprobación o evidencia operacional pertinente.,QMS,high,provisional
ISO_9001_2015-R-027,ISO_9001_2015,8.5,management_requirement,"Controlar provisión, identificación, propiedad, preservación y cambios.",True,PROVISIONAL_SUPPORTING_REFERENCE,8.5,https://www.iso.org/standard/62085.html,NOT_YET_LICENSED,"Evaluar dentro del alcance, contexto y actividades del tenant; justificar no aplicabilidad cuando el marco lo permita.",Procedimiento/registro/indicador/aprobación o evidencia operacional pertinente.,QMS,high,provisional
ISO_9001_2015-R-028,ISO_9001_2015,8.6,management_requirement,Verificar criterios antes de liberar productos o servicios.,True,PROVISIONAL_SUPPORTING_REFERENCE,8.6,https://www.iso.org/standard/62085.html,NOT_YET_LICENSED,"Evaluar dentro del alcance, contexto y actividades del tenant; justificar no aplicabilidad cuando el marco lo permita.",Procedimiento/registro/indicador/aprobación o evidencia operacional pertinente.,QMS,high,provisional
ISO_9001_2015-R-029,ISO_9001_2015,8.7,management_requirement,Identificar y controlar salidas no conformes.,True,PROVISIONAL_SUPPORTING_REFERENCE,8.7,https://www.iso.org/standard/62085.html,NOT_YET_LICENSED,"Evaluar dentro del alcance, contexto y actividades del tenant; justificar no aplicabilidad cuando el marco lo permita.",Procedimiento/registro/indicador/aprobación o evidencia operacional pertinente.,QMS,high,provisional
ISO_9001_2015-R-030,ISO_9001_2015,9.1,management_requirement,"Definir seguimiento, medición, análisis, evaluación y satisfacción del cliente.",True,PROVISIONAL_SUPPORTING_REFERENCE,9.1,https://www.iso.org/standard/62085.html,NOT_YET_LICENSED,"Evaluar dentro del alcance, contexto y actividades del tenant; justificar no aplicabilidad cuando el marco lo permita.",Procedimiento/registro/indicador/aprobación o evidencia operacional pertinente.,QMS,high,provisional
ISO_9001_2015-R-031,ISO_9001_2015,9.2,management_requirement,Ejecutar auditorías internas planificadas e imparciales.,True,PROVISIONAL_SUPPORTING_REFERENCE,9.2,https://www.iso.org/standard/62085.html,NOT_YET_LICENSED,"Evaluar dentro del alcance, contexto y actividades del tenant; justificar no aplicabilidad cuando el marco lo permita.",Procedimiento/registro/indicador/aprobación o evidencia operacional pertinente.,QMS,high,provisional
ISO_9001_2015-R-032,ISO_9001_2015,9.3,management_requirement,"Revisar periódicamente adecuación, suficiencia y eficacia del SGC.",True,PROVISIONAL_SUPPORTING_REFERENCE,9.3,https://www.iso.org/standard/62085.html,NOT_YET_LICENSED,"Evaluar dentro del alcance, contexto y actividades del tenant; justificar no aplicabilidad cuando el marco lo permita.",Procedimiento/registro/indicador/aprobación o evidencia operacional pertinente.,QMS,high,provisional
ISO_9001_2015-R-033,ISO_9001_2015,10.1,management_requirement,Determinar oportunidades de mejora y acciones necesarias.,True,PROVISIONAL_SUPPORTING_REFERENCE,10.1,https://www.iso.org/standard/62085.html,NOT_YET_LICENSED,"Evaluar dentro del alcance, contexto y actividades del tenant; justificar no aplicabilidad cuando el marco lo permita.",Procedimiento/registro/indicador/aprobación o evidencia operacional pertinente.,QMS,high,provisional
ISO_9001_2015-R-034,ISO_9001_2015,10.2,management_requirement,"Reaccionar, corregir causas y verificar eficacia de acciones correctivas.",True,PROVISIONAL_SUPPORTING_REFERENCE,10.2,https://www.iso.org/standard/62085.html,NOT_YET_LICENSED,"Evaluar dentro del alcance, contexto y actividades del tenant; justificar no aplicabilidad cuando el marco lo permita.",Procedimiento/registro/indicador/aprobación o evidencia operacional pertinente.,QMS,high,provisional
ISO_9001_2015-R-035,ISO_9001_2015,10.3,management_requirement,"Mejorar continuamente la adecuación, suficiencia y eficacia del SGC.",True,PROVISIONAL_SUPPORTING_REFERENCE,10.3,https://www.iso.org/standard/62085.html,NOT_YET_LICENSED,"Evaluar dentro del alcance, contexto y actividades del tenant; justificar no aplicabilidad cuando el marco lo permita.",Procedimiento/registro/indicador/aprobación o evidencia operacional pertinente.,QMS,high,provisional
ISO_9001_2026-R-008,ISO_9001_2026,4.1,management_requirement,Mantener comprensión de cuestiones internas y externas pertinentes al SGC.,True,PROVISIONAL_SUPPORTING_REFERENCE,4.1,https://www.iso.org/standard/9001,NOT_YET_LICENSED,"Evaluar dentro del alcance, contexto y actividades del tenant; justificar no aplicabilidad cuando el marco lo permita.",Procedimiento/registro/indicador/aprobación o evidencia operacional pertinente.,QMS,medium,provisional
ISO_9001_2026-R-009,ISO_9001_2026,4.2,management_requirement,Identificar partes interesadas pertinentes y sus requisitos relevantes.,True,PROVISIONAL_SUPPORTING_REFERENCE,4.2,https://www.iso.org/standard/9001,NOT_YET_LICENSED,"Evaluar dentro del alcance, contexto y actividades del tenant; justificar no aplicabilidad cuando el marco lo permita.",Procedimiento/registro/indicador/aprobación o evidencia operacional pertinente.,QMS,medium,provisional
ISO_9001_2026-R-010,ISO_9001_2026,4.3,management_requirement,Definir y mantener el alcance del sistema de gestión de calidad.,True,PROVISIONAL_SUPPORTING_REFERENCE,4.3,https://www.iso.org/standard/9001,NOT_YET_LICENSED,"Evaluar dentro del alcance, contexto y actividades del tenant; justificar no aplicabilidad cuando el marco lo permita.",Procedimiento/registro/indicador/aprobación o evidencia operacional pertinente.,QMS,medium,provisional
ISO_9001_2026-R-011,ISO_9001_2026,4.4,management_requirement,"Definir, operar, medir y mejorar los procesos e interacciones del SGC.",True,PROVISIONAL_SUPPORTING_REFERENCE,4.4,https://www.iso.org/standard/9001,NOT_YET_LICENSED,"Evaluar dentro del alcance, contexto y actividades del tenant; justificar no aplicabilidad cuando el marco lo permita.",Procedimiento/registro/indicador/aprobación o evidencia operacional pertinente.,QMS,medium,provisional
ISO_9001_2026-R-012,ISO_9001_2026,5.1,management_requirement,La alta dirección debe demostrar liderazgo y compromiso con el SGC.,True,PROVISIONAL_SUPPORTING_REFERENCE,5.1,https://www.iso.org/standard/9001,NOT_YET_LICENSED,"Evaluar dentro del alcance, contexto y actividades del tenant; justificar no aplicabilidad cuando el marco lo permita.",Procedimiento/registro/indicador/aprobación o evidencia operacional pertinente.,QMS,medium,provisional
ISO_9001_2026-R-013,ISO_9001_2026,5.2,management_requirement,"Establecer, comunicar y mantener una política de calidad apropiada.",True,PROVISIONAL_SUPPORTING_REFERENCE,5.2,https://www.iso.org/standard/9001,NOT_YET_LICENSED,"Evaluar dentro del alcance, contexto y actividades del tenant; justificar no aplicabilidad cuando el marco lo permita.",Procedimiento/registro/indicador/aprobación o evidencia operacional pertinente.,QMS,medium,provisional
ISO_9001_2026-R-014,ISO_9001_2026,5.3,management_requirement,Asignar y comunicar responsabilidades y autoridades pertinentes.,True,PROVISIONAL_SUPPORTING_REFERENCE,5.3,https://www.iso.org/standard/9001,NOT_YET_LICENSED,"Evaluar dentro del alcance, contexto y actividades del tenant; justificar no aplicabilidad cuando el marco lo permita.",Procedimiento/registro/indicador/aprobación o evidencia operacional pertinente.,QMS,medium,provisional
ISO_9001_2026-R-015,ISO_9001_2026,6.1,management_requirement,Determinar riesgos y oportunidades y planificar acciones proporcionadas.,True,PROVISIONAL_SUPPORTING_REFERENCE,6.1,https://www.iso.org/standard/9001,NOT_YET_LICENSED,"Evaluar dentro del alcance, contexto y actividades del tenant; justificar no aplicabilidad cuando el marco lo permita.",Procedimiento/registro/indicador/aprobación o evidencia operacional pertinente.,QMS,medium,provisional
ISO_9001_2026-R-016,ISO_9001_2026,6.2,management_requirement,Establecer objetivos medibles y planes para lograrlos.,True,PROVISIONAL_SUPPORTING_REFERENCE,6.2,https://www.iso.org/standard/9001,NOT_YET_LICENSED,"Evaluar dentro del alcance, contexto y actividades del tenant; justificar no aplicabilidad cuando el marco lo permita.",Procedimiento/registro/indicador/aprobación o evidencia operacional pertinente.,QMS,medium,provisional
ISO_9001_2026-R-017,ISO_9001_2026,6.3,management_requirement,Gestionar cambios al SGC de manera planificada.,True,PROVISIONAL_SUPPORTING_REFERENCE,6.3,https://www.iso.org/standard/9001,NOT_YET_LICENSED,"Evaluar dentro del alcance, contexto y actividades del tenant; justificar no aplicabilidad cuando el marco lo permita.",Procedimiento/registro/indicador/aprobación o evidencia operacional pertinente.,QMS,medium,provisional
ISO_9001_2026-R-018,ISO_9001_2026,7.1,management_requirement,"Determinar y proporcionar personas, infraestructura, ambiente, seguimiento/medición y conocimiento organizacional.",True,PROVISIONAL_SUPPORTING_REFERENCE,7.1,https://www.iso.org/standard/9001,NOT_YET_LICENSED,"Evaluar dentro del alcance, contexto y actividades del tenant; justificar no aplicabilidad cuando el marco lo permita.",Procedimiento/registro/indicador/aprobación o evidencia operacional pertinente.,QMS,medium,provisional
ISO_9001_2026-R-019,ISO_9001_2026,7.2,management_requirement,Asegurar competencia y conservar evidencia apropiada.,True,PROVISIONAL_SUPPORTING_REFERENCE,7.2,https://www.iso.org/standard/9001,NOT_YET_LICENSED,"Evaluar dentro del alcance, contexto y actividades del tenant; justificar no aplicabilidad cuando el marco lo permita.",Procedimiento/registro/indicador/aprobación o evidencia operacional pertinente.,QMS,medium,provisional
ISO_9001_2026-R-020,ISO_9001_2026,7.3,management_requirement,"Asegurar conciencia sobre política, objetivos, contribución e implicancias.",True,PROVISIONAL_SUPPORTING_REFERENCE,7.3,https://www.iso.org/standard/9001,NOT_YET_LICENSED,"Evaluar dentro del alcance, contexto y actividades del tenant; justificar no aplicabilidad cuando el marco lo permita.",Procedimiento/registro/indicador/aprobación o evidencia operacional pertinente.,QMS,medium,provisional
ISO_9001_2026-R-021,ISO_9001_2026,7.4,management_requirement,Determinar comunicaciones internas y externas pertinentes.,True,PROVISIONAL_SUPPORTING_REFERENCE,7.4,https://www.iso.org/standard/9001,NOT_YET_LICENSED,"Evaluar dentro del alcance, contexto y actividades del tenant; justificar no aplicabilidad cuando el marco lo permita.",Procedimiento/registro/indicador/aprobación o evidencia operacional pertinente.,QMS,medium,provisional
ISO_9001_2026-R-022,ISO_9001_2026,7.5,management_requirement,"Crear, actualizar y controlar la información documentada necesaria.",True,PROVISIONAL_SUPPORTING_REFERENCE,7.5,https://www.iso.org/standard/9001,NOT_YET_LICENSED,"Evaluar dentro del alcance, contexto y actividades del tenant; justificar no aplicabilidad cuando el marco lo permita.",Procedimiento/registro/indicador/aprobación o evidencia operacional pertinente.,QMS,medium,provisional
ISO_9001_2026-R-023,ISO_9001_2026,8.1,management_requirement,Planificar y controlar procesos necesarios para cumplir requisitos.,True,PROVISIONAL_SUPPORTING_REFERENCE,8.1,https://www.iso.org/standard/9001,NOT_YET_LICENSED,"Evaluar dentro del alcance, contexto y actividades del tenant; justificar no aplicabilidad cuando el marco lo permita.",Procedimiento/registro/indicador/aprobación o evidencia operacional pertinente.,QMS,medium,provisional
ISO_9001_2026-R-024,ISO_9001_2026,8.2,management_requirement,Gestionar comunicación con clientes y determinar/revisar requisitos.,True,PROVISIONAL_SUPPORTING_REFERENCE,8.2,https://www.iso.org/standard/9001,NOT_YET_LICENSED,"Evaluar dentro del alcance, contexto y actividades del tenant; justificar no aplicabilidad cuando el marco lo permita.",Procedimiento/registro/indicador/aprobación o evidencia operacional pertinente.,QMS,medium,provisional
ISO_9001_2026-R-025,ISO_9001_2026,8.3,management_requirement,Planificar y controlar diseño y desarrollo cuando sea aplicable.,True,PROVISIONAL_SUPPORTING_REFERENCE,8.3,https://www.iso.org/standard/9001,NOT_YET_LICENSED,"Evaluar dentro del alcance, contexto y actividades del tenant; justificar no aplicabilidad cuando el marco lo permita.",Procedimiento/registro/indicador/aprobación o evidencia operacional pertinente.,QMS,medium,provisional
ISO_9001_2026-R-026,ISO_9001_2026,8.4,management_requirement,"Controlar procesos, productos y servicios suministrados externamente.",True,PROVISIONAL_SUPPORTING_REFERENCE,8.4,https://www.iso.org/standard/9001,NOT_YET_LICENSED,"Evaluar dentro del alcance, contexto y actividades del tenant; justificar no aplicabilidad cuando el marco lo permita.",Procedimiento/registro/indicador/aprobación o evidencia operacional pertinente.,QMS,medium,provisional
ISO_9001_2026-R-027,ISO_9001_2026,8.5,management_requirement,"Controlar provisión, identificación, propiedad, preservación y cambios.",True,PROVISIONAL_SUPPORTING_REFERENCE,8.5,https://www.iso.org/standard/9001,NOT_YET_LICENSED,"Evaluar dentro del alcance, contexto y actividades del tenant; justificar no aplicabilidad cuando el marco lo permita.",Procedimiento/registro/indicador/aprobación o evidencia operacional pertinente.,QMS,medium,provisional
ISO_9001_2026-R-028,ISO_9001_2026,8.6,management_requirement,Verificar criterios antes de liberar productos o servicios.,True,PROVISIONAL_SUPPORTING_REFERENCE,8.6,https://www.iso.org/standard/9001,NOT_YET_LICENSED,"Evaluar dentro del alcance, contexto y actividades del tenant; justificar no aplicabilidad cuando el marco lo permita.",Procedimiento/registro/indicador/aprobación o evidencia operacional pertinente.,QMS,medium,provisional
ISO_9001_2026-R-029,ISO_9001_2026,8.7,management_requirement,Identificar y controlar salidas no conformes.,True,PROVISIONAL_SUPPORTING_REFERENCE,8.7,https://www.iso.org/standard/9001,NOT_YET_LICENSED,"Evaluar dentro del alcance, contexto y actividades del tenant; justificar no aplicabilidad cuando el marco lo permita.",Procedimiento/registro/indicador/aprobación o evidencia operacional pertinente.,QMS,medium,provisional
ISO_9001_2026-R-030,ISO_9001_2026,9.1,management_requirement,"Definir seguimiento, medición, análisis, evaluación y satisfacción del cliente.",True,PROVISIONAL_SUPPORTING_REFERENCE,9.1,https://www.iso.org/standard/9001,NOT_YET_LICENSED,"Evaluar dentro del alcance, contexto y actividades del tenant; justificar no aplicabilidad cuando el marco lo permita.",Procedimiento/registro/indicador/aprobación o evidencia operacional pertinente.,QMS,medium,provisional
ISO_9001_2026-R-031,ISO_9001_2026,9.2,management_requirement,Ejecutar auditorías internas planificadas e imparciales.,True,PROVISIONAL_SUPPORTING_REFERENCE,9.2,https://www.iso.org/standard/9001,NOT_YET_LICENSED,"Evaluar dentro del alcance, contexto y actividades del tenant; justificar no aplicabilidad cuando el marco lo permita.",Procedimiento/registro/indicador/aprobación o evidencia operacional pertinente.,QMS,medium,provisional
ISO_9001_2026-R-032,ISO_9001_2026,9.3,management_requirement,"Revisar periódicamente adecuación, suficiencia y eficacia del SGC.",True,PROVISIONAL_SUPPORTING_REFERENCE,9.3,https://www.iso.org/standard/9001,NOT_YET_LICENSED,"Evaluar dentro del alcance, contexto y actividades del tenant; justificar no aplicabilidad cuando el marco lo permita.",Procedimiento/registro/indicador/aprobación o evidencia operacional pertinente.,QMS,medium,provisional
ISO_9001_2026-R-033,ISO_9001_2026,10.1,management_requirement,Determinar oportunidades de mejora y acciones necesarias.,True,PROVISIONAL_SUPPORTING_REFERENCE,10.1,https://www.iso.org/standard/9001,NOT_YET_LICENSED,"Evaluar dentro del alcance, contexto y actividades del tenant; justificar no aplicabilidad cuando el marco lo permita.",Procedimiento/registro/indicador/aprobación o evidencia operacional pertinente.,QMS,medium,provisional
ISO_9001_2026-R-034,ISO_9001_2026,10.2,management_requirement,"Reaccionar, corregir causas y verificar eficacia de acciones correctivas.",True,PROVISIONAL_SUPPORTING_REFERENCE,10.2,https://www.iso.org/standard/9001,NOT_YET_LICENSED,"Evaluar dentro del alcance, contexto y actividades del tenant; justificar no aplicabilidad cuando el marco lo permita.",Procedimiento/registro/indicador/aprobación o evidencia operacional pertinente.,QMS,medium,provisional
ISO_9001_2026-R-035,ISO_9001_2026,10.3,management_requirement,"Mejorar continuamente la adecuación, suficiencia y eficacia del SGC.",True,PROVISIONAL_SUPPORTING_REFERENCE,10.3,https://www.iso.org/standard/9001,NOT_YET_LICENSED,"Evaluar dentro del alcance, contexto y actividades del tenant; justificar no aplicabilidad cuando el marco lo permita.",Procedimiento/registro/indicador/aprobación o evidencia operacional pertinente.,QMS,medium,provisional
ISO_9001_2026-R-036,ISO_9001_2026,5.1,management_requirement,"Demostrar liderazgo reforzado, promover cultura de calidad y comportamiento ético en el SGC.",True,PROVISIONAL_SUPPORTING_REFERENCE,5.1,https://www.iso.org/quality-management/iso-9001-2026,NOT_YET_LICENSED,"Evaluar dentro del alcance, contexto y actividades del tenant; justificar no aplicabilidad cuando el marco lo permita.","Política, comunicaciones, registros de liderazgo, objetivos, decisiones, formación y evidencias de cultura/ética.",QMS;2026_CHANGE,high,provisional
ISO_9001_2026-R-037,ISO_9001_2026,5.2,management_requirement,Alinear explícitamente la política de calidad con contexto y dirección estratégica.,True,PROVISIONAL_SUPPORTING_REFERENCE,5.2,https://www.iso.org/quality-management/iso-9001-2026,NOT_YET_LICENSED,"Evaluar dentro del alcance, contexto y actividades del tenant; justificar no aplicabilidad cuando el marco lo permita.","Política, comunicaciones, registros de liderazgo, objetivos, decisiones, formación y evidencias de cultura/ética.",QMS;2026_CHANGE,high,provisional
ISO_9001_2026-R-038,ISO_9001_2026,6.1,management_requirement,Considerar de forma más clara y diferenciada riesgos y oportunidades en decisiones y planificación.,True,PROVISIONAL_SUPPORTING_REFERENCE,6.1,https://www.iso.org/quality-management/iso-9001-2026,NOT_YET_LICENSED,"Evaluar dentro del alcance, contexto y actividades del tenant; justificar no aplicabilidad cuando el marco lo permita.","Política, comunicaciones, registros de liderazgo, objetivos, decisiones, formación y evidencias de cultura/ética.",QMS;2026_CHANGE,high,provisional
ISO_9001_2026-R-039,ISO_9001_2026,7.3,management_requirement,Asegurar conciencia del personal respecto de cultura de calidad y comportamiento ético además de su contribución al SGC.,True,PROVISIONAL_SUPPORTING_REFERENCE,7.3,https://www.iso.org/quality-management/iso-9001-2026,NOT_YET_LICENSED,"Evaluar dentro del alcance, contexto y actividades del tenant; justificar no aplicabilidad cuando el marco lo permita.","Política, comunicaciones, registros de liderazgo, objetivos, decisiones, formación y evidencias de cultura/ética.",QMS;2026_CHANGE,high,provisional
ISO_IEC_27001_2022-R-008,ISO_IEC_27001_2022,A.5.1,reference_control,"Considerar, seleccionar y operar medidas de seguridad relacionadas con políticas de seguridad de acuerdo con riesgos y aplicabilidad documentada.",False,PROVISIONAL_SUPPORTING_REFERENCE,A.5.1,https://www.iso.org/standard/27001,NOT_YET_LICENSED,"Evaluar dentro del alcance, contexto y actividades del tenant; justificar no aplicabilidad cuando el marco lo permita.","Política/procedimiento, configuración, registro, ticket, reporte, evidencia técnica o contractual según el control.",ISMS;ANNEX_A,medium,provisional
ISO_IEC_27001_2022-R-009,ISO_IEC_27001_2022,A.5.2,reference_control,"Considerar, seleccionar y operar medidas de seguridad relacionadas con roles y responsabilidades de seguridad de acuerdo con riesgos y aplicabilidad documentada.",False,PROVISIONAL_SUPPORTING_REFERENCE,A.5.2,https://www.iso.org/standard/27001,NOT_YET_LICENSED,"Evaluar dentro del alcance, contexto y actividades del tenant; justificar no aplicabilidad cuando el marco lo permita.","Política/procedimiento, configuración, registro, ticket, reporte, evidencia técnica o contractual según el control.",ISMS;ANNEX_A,medium,provisional
ISO_IEC_27001_2022-R-010,ISO_IEC_27001_2022,A.5.3,reference_control,"Considerar, seleccionar y operar medidas de seguridad relacionadas con segregación de funciones de acuerdo con riesgos y aplicabilidad documentada.",False,PROVISIONAL_SUPPORTING_REFERENCE,A.5.3,https://www.iso.org/standard/27001,NOT_YET_LICENSED,"Evaluar dentro del alcance, contexto y actividades del tenant; justificar no aplicabilidad cuando el marco lo permita.","Política/procedimiento, configuración, registro, ticket, reporte, evidencia técnica o contractual según el control.",ISMS;ANNEX_A,medium,provisional
ISO_IEC_27001_2022-R-011,ISO_IEC_27001_2022,A.5.4,reference_control,"Considerar, seleccionar y operar medidas de seguridad relacionadas con responsabilidades de dirección de acuerdo con riesgos y aplicabilidad documentada.",False,PROVISIONAL_SUPPORTING_REFERENCE,A.5.4,https://www.iso.org/standard/27001,NOT_YET_LICENSED,"Evaluar dentro del alcance, contexto y actividades del tenant; justificar no aplicabilidad cuando el marco lo permita.","Política/procedimiento, configuración, registro, ticket, reporte, evidencia técnica o contractual según el control.",ISMS;ANNEX_A,medium,provisional
ISO_IEC_27001_2022-R-012,ISO_IEC_27001_2022,A.5.5,reference_control,"Considerar, seleccionar y operar medidas de seguridad relacionadas con contacto con autoridades de acuerdo con riesgos y aplicabilidad documentada.",False,PROVISIONAL_SUPPORTING_REFERENCE,A.5.5,https://www.iso.org/standard/27001,NOT_YET_LICENSED,"Evaluar dentro del alcance, contexto y actividades del tenant; justificar no aplicabilidad cuando el marco lo permita.","Política/procedimiento, configuración, registro, ticket, reporte, evidencia técnica o contractual según el control.",ISMS;ANNEX_A,medium,provisional
ISO_IEC_27001_2022-R-013,ISO_IEC_27001_2022,A.5.6,reference_control,"Considerar, seleccionar y operar medidas de seguridad relacionadas con contacto con grupos especializados de acuerdo con riesgos y aplicabilidad documentada.",False,PROVISIONAL_SUPPORTING_REFERENCE,A.5.6,https://www.iso.org/standard/27001,NOT_YET_LICENSED,"Evaluar dentro del alcance, contexto y actividades del tenant; justificar no aplicabilidad cuando el marco lo permita.","Política/procedimiento, configuración, registro, ticket, reporte, evidencia técnica o contractual según el control.",ISMS;ANNEX_A,medium,provisional
ISO_IEC_27001_2022-R-014,ISO_IEC_27001_2022,A.5.7,reference_control,"Considerar, seleccionar y operar medidas de seguridad relacionadas con inteligencia de amenazas de acuerdo con riesgos y aplicabilidad documentada.",False,PROVISIONAL_SUPPORTING_REFERENCE,A.5.7,https://www.iso.org/standard/27001,NOT_YET_LICENSED,"Evaluar dentro del alcance, contexto y actividades del tenant; justificar no aplicabilidad cuando el marco lo permita.","Política/procedimiento, configuración, registro, ticket, reporte, evidencia técnica o contractual según el control.",ISMS;ANNEX_A,medium,provisional
ISO_IEC_27001_2022-R-015,ISO_IEC_27001_2022,A.5.8,reference_control,"Considerar, seleccionar y operar medidas de seguridad relacionadas con seguridad en gestión de proyectos de acuerdo con riesgos y aplicabilidad documentada.",False,PROVISIONAL_SUPPORTING_REFERENCE,A.5.8,https://www.iso.org/standard/27001,NOT_YET_LICENSED,"Evaluar dentro del alcance, contexto y actividades del tenant; justificar no aplicabilidad cuando el marco lo permita.","Política/procedimiento, configuración, registro, ticket, reporte, evidencia técnica o contractual según el control.",ISMS;ANNEX_A,medium,provisional
ISO_IEC_27001_2022-R-016,ISO_IEC_27001_2022,A.5.9,reference_control,"Considerar, seleccionar y operar medidas de seguridad relacionadas con inventario de información y activos de acuerdo con riesgos y aplicabilidad documentada.",False,PROVISIONAL_SUPPORTING_REFERENCE,A.5.9,https://www.iso.org/standard/27001,NOT_YET_LICENSED,"Evaluar dentro del alcance, contexto y actividades del tenant; justificar no aplicabilidad cuando el marco lo permita.","Política/procedimiento, configuración, registro, ticket, reporte, evidencia técnica o contractual según el control.",ISMS;ANNEX_A,medium,provisional
ISO_IEC_27001_2022-R-017,ISO_IEC_27001_2022,A.5.10,reference_control,"Considerar, seleccionar y operar medidas de seguridad relacionadas con uso aceptable de activos de acuerdo con riesgos y aplicabilidad documentada.",False,PROVISIONAL_SUPPORTING_REFERENCE,A.5.10,https://www.iso.org/standard/27001,NOT_YET_LICENSED,"Evaluar dentro del alcance, contexto y actividades del tenant; justificar no aplicabilidad cuando el marco lo permita.","Política/procedimiento, configuración, registro, ticket, reporte, evidencia técnica o contractual según el control.",ISMS;ANNEX_A,medium,provisional
ISO_IEC_27001_2022-R-018,ISO_IEC_27001_2022,A.5.11,reference_control,"Considerar, seleccionar y operar medidas de seguridad relacionadas con devolución de activos de acuerdo con riesgos y aplicabilidad documentada.",False,PROVISIONAL_SUPPORTING_REFERENCE,A.5.11,https://www.iso.org/standard/27001,NOT_YET_LICENSED,"Evaluar dentro del alcance, contexto y actividades del tenant; justificar no aplicabilidad cuando el marco lo permita.","Política/procedimiento, configuración, registro, ticket, reporte, evidencia técnica o contractual según el control.",ISMS;ANNEX_A,medium,provisional
ISO_IEC_27001_2022-R-019,ISO_IEC_27001_2022,A.5.12,reference_control,"Considerar, seleccionar y operar medidas de seguridad relacionadas con clasificación de información de acuerdo con riesgos y aplicabilidad documentada.",False,PROVISIONAL_SUPPORTING_REFERENCE,A.5.12,https://www.iso.org/standard/27001,NOT_YET_LICENSED,"Evaluar dentro del alcance, contexto y actividades del tenant; justificar no aplicabilidad cuando el marco lo permita.","Política/procedimiento, configuración, registro, ticket, reporte, evidencia técnica o contractual según el control.",ISMS;ANNEX_A,medium,provisional
ISO_IEC_27001_2022-R-020,ISO_IEC_27001_2022,A.5.13,reference_control,"Considerar, seleccionar y operar medidas de seguridad relacionadas con etiquetado de información de acuerdo con riesgos y aplicabilidad documentada.",False,PROVISIONAL_SUPPORTING_REFERENCE,A.5.13,https://www.iso.org/standard/27001,NOT_YET_LICENSED,"Evaluar dentro del alcance, contexto y actividades del tenant; justificar no aplicabilidad cuando el marco lo permita.","Política/procedimiento, configuración, registro, ticket, reporte, evidencia técnica o contractual según el control.",ISMS;ANNEX_A,medium,provisional
ISO_IEC_27001_2022-R-021,ISO_IEC_27001_2022,A.5.14,reference_control,"Considerar, seleccionar y operar medidas de seguridad relacionadas con transferencia de información de acuerdo con riesgos y aplicabilidad documentada.",False,PROVISIONAL_SUPPORTING_REFERENCE,A.5.14,https://www.iso.org/standard/27001,NOT_YET_LICENSED,"Evaluar dentro del alcance, contexto y actividades del tenant; justificar no aplicabilidad cuando el marco lo permita.","Política/procedimiento, configuración, registro, ticket, reporte, evidencia técnica o contractual según el control.",ISMS;ANNEX_A,medium,provisional
ISO_IEC_27001_2022-R-022,ISO_IEC_27001_2022,A.5.15,reference_control,"Considerar, seleccionar y operar medidas de seguridad relacionadas con control de acceso de acuerdo con riesgos y aplicabilidad documentada.",False,PROVISIONAL_SUPPORTING_REFERENCE,A.5.15,https://www.iso.org/standard/27001,NOT_YET_LICENSED,"Evaluar dentro del alcance, contexto y actividades del tenant; justificar no aplicabilidad cuando el marco lo permita.","Política/procedimiento, configuración, registro, ticket, reporte, evidencia técnica o contractual según el control.",ISMS;ANNEX_A,medium,provisional
ISO_IEC_27001_2022-R-023,ISO_IEC_27001_2022,A.5.16,reference_control,"Considerar, seleccionar y operar medidas de seguridad relacionadas con gestión de identidades de acuerdo con riesgos y aplicabilidad documentada.",False,PROVISIONAL_SUPPORTING_REFERENCE,A.5.16,https://www.iso.org/standard/27001,NOT_YET_LICENSED,"Evaluar dentro del alcance, contexto y actividades del tenant; justificar no aplicabilidad cuando el marco lo permita.","Política/procedimiento, configuración, registro, ticket, reporte, evidencia técnica o contractual según el control.",ISMS;ANNEX_A,medium,provisional
ISO_IEC_27001_2022-R-024,ISO_IEC_27001_2022,A.5.17,reference_control,"Considerar, seleccionar y operar medidas de seguridad relacionadas con información de autenticación de acuerdo con riesgos y aplicabilidad documentada.",False,PROVISIONAL_SUPPORTING_REFERENCE,A.5.17,https://www.iso.org/standard/27001,NOT_YET_LICENSED,"Evaluar dentro del alcance, contexto y actividades del tenant; justificar no aplicabilidad cuando el marco lo permita.","Política/procedimiento, configuración, registro, ticket, reporte, evidencia técnica o contractual según el control.",ISMS;ANNEX_A,medium,provisional
ISO_IEC_27001_2022-R-025,ISO_IEC_27001_2022,A.5.18,reference_control,"Considerar, seleccionar y operar medidas de seguridad relacionadas con derechos de acceso de acuerdo con riesgos y aplicabilidad documentada.",False,PROVISIONAL_SUPPORTING_REFERENCE,A.5.18,https://www.iso.org/standard/27001,NOT_YET_LICENSED,"Evaluar dentro del alcance, contexto y actividades del tenant; justificar no aplicabilidad cuando el marco lo permita.","Política/procedimiento, configuración, registro, ticket, reporte, evidencia técnica o contractual según el control.",ISMS;ANNEX_A,medium,provisional
ISO_IEC_27001_2022-R-026,ISO_IEC_27001_2022,A.5.19,reference_control,"Considerar, seleccionar y operar medidas de seguridad relacionadas con seguridad en relaciones con proveedores de acuerdo con riesgos y aplicabilidad documentada.",False,PROVISIONAL_SUPPORTING_REFERENCE,A.5.19,https://www.iso.org/standard/27001,NOT_YET_LICENSED,"Evaluar dentro del alcance, contexto y actividades del tenant; justificar no aplicabilidad cuando el marco lo permita.","Política/procedimiento, configuración, registro, ticket, reporte, evidencia técnica o contractual según el control.",ISMS;ANNEX_A,medium,provisional
ISO_IEC_27001_2022-R-027,ISO_IEC_27001_2022,A.5.20,reference_control,"Considerar, seleccionar y operar medidas de seguridad relacionadas con seguridad en acuerdos con proveedores de acuerdo con riesgos y aplicabilidad documentada.",False,PROVISIONAL_SUPPORTING_REFERENCE,A.5.20,https://www.iso.org/standard/27001,NOT_YET_LICENSED,"Evaluar dentro del alcance, contexto y actividades del tenant; justificar no aplicabilidad cuando el marco lo permita.","Política/procedimiento, configuración, registro, ticket, reporte, evidencia técnica o contractual según el control.",ISMS;ANNEX_A,medium,provisional
ISO_IEC_27001_2022-R-028,ISO_IEC_27001_2022,A.5.21,reference_control,"Considerar, seleccionar y operar medidas de seguridad relacionadas con cadena de suministro tic de acuerdo con riesgos y aplicabilidad documentada.",False,PROVISIONAL_SUPPORTING_REFERENCE,A.5.21,https://www.iso.org/standard/27001,NOT_YET_LICENSED,"Evaluar dentro del alcance, contexto y actividades del tenant; justificar no aplicabilidad cuando el marco lo permita.","Política/procedimiento, configuración, registro, ticket, reporte, evidencia técnica o contractual según el control.",ISMS;ANNEX_A,medium,provisional
ISO_IEC_27001_2022-R-029,ISO_IEC_27001_2022,A.5.22,reference_control,"Considerar, seleccionar y operar medidas de seguridad relacionadas con monitoreo y cambios de servicios de proveedores de acuerdo con riesgos y aplicabilidad documentada.",False,PROVISIONAL_SUPPORTING_REFERENCE,A.5.22,https://www.iso.org/standard/27001,NOT_YET_LICENSED,"Evaluar dentro del alcance, contexto y actividades del tenant; justificar no aplicabilidad cuando el marco lo permita.","Política/procedimiento, configuración, registro, ticket, reporte, evidencia técnica o contractual según el control.",ISMS;ANNEX_A,medium,provisional
ISO_IEC_27001_2022-R-030,ISO_IEC_27001_2022,A.5.23,reference_control,"Considerar, seleccionar y operar medidas de seguridad relacionadas con seguridad para uso de nube de acuerdo con riesgos y aplicabilidad documentada.",False,PROVISIONAL_SUPPORTING_REFERENCE,A.5.23,https://www.iso.org/standard/27001,NOT_YET_LICENSED,"Evaluar dentro del alcance, contexto y actividades del tenant; justificar no aplicabilidad cuando el marco lo permita.","Política/procedimiento, configuración, registro, ticket, reporte, evidencia técnica o contractual según el control.",ISMS;ANNEX_A,medium,provisional
ISO_IEC_27001_2022-R-031,ISO_IEC_27001_2022,A.5.24,reference_control,"Considerar, seleccionar y operar medidas de seguridad relacionadas con preparación para gestión de incidentes de acuerdo con riesgos y aplicabilidad documentada.",False,PROVISIONAL_SUPPORTING_REFERENCE,A.5.24,https://www.iso.org/standard/27001,NOT_YET_LICENSED,"Evaluar dentro del alcance, contexto y actividades del tenant; justificar no aplicabilidad cuando el marco lo permita.","Política/procedimiento, configuración, registro, ticket, reporte, evidencia técnica o contractual según el control.",ISMS;ANNEX_A,medium,provisional
ISO_IEC_27001_2022-R-032,ISO_IEC_27001_2022,A.5.25,reference_control,"Considerar, seleccionar y operar medidas de seguridad relacionadas con evaluación de eventos de seguridad de acuerdo con riesgos y aplicabilidad documentada.",False,PROVISIONAL_SUPPORTING_REFERENCE,A.5.25,https://www.iso.org/standard/27001,NOT_YET_LICENSED,"Evaluar dentro del alcance, contexto y actividades del tenant; justificar no aplicabilidad cuando el marco lo permita.","Política/procedimiento, configuración, registro, ticket, reporte, evidencia técnica o contractual según el control.",ISMS;ANNEX_A,medium,provisional
ISO_IEC_27001_2022-R-033,ISO_IEC_27001_2022,A.5.26,reference_control,"Considerar, seleccionar y operar medidas de seguridad relacionadas con respuesta a incidentes de acuerdo con riesgos y aplicabilidad documentada.",False,PROVISIONAL_SUPPORTING_REFERENCE,A.5.26,https://www.iso.org/standard/27001,NOT_YET_LICENSED,"Evaluar dentro del alcance, contexto y actividades del tenant; justificar no aplicabilidad cuando el marco lo permita.","Política/procedimiento, configuración, registro, ticket, reporte, evidencia técnica o contractual según el control.",ISMS;ANNEX_A,medium,provisional
ISO_IEC_27001_2022-R-034,ISO_IEC_27001_2022,A.5.27,reference_control,"Considerar, seleccionar y operar medidas de seguridad relacionadas con aprendizaje de incidentes de acuerdo con riesgos y aplicabilidad documentada.",False,PROVISIONAL_SUPPORTING_REFERENCE,A.5.27,https://www.iso.org/standard/27001,NOT_YET_LICENSED,"Evaluar dentro del alcance, contexto y actividades del tenant; justificar no aplicabilidad cuando el marco lo permita.","Política/procedimiento, configuración, registro, ticket, reporte, evidencia técnica o contractual según el control.",ISMS;ANNEX_A,medium,provisional
ISO_IEC_27001_2022-R-035,ISO_IEC_27001_2022,A.5.28,reference_control,"Considerar, seleccionar y operar medidas de seguridad relacionadas con recolección de evidencia de acuerdo con riesgos y aplicabilidad documentada.",False,PROVISIONAL_SUPPORTING_REFERENCE,A.5.28,https://www.iso.org/standard/27001,NOT_YET_LICENSED,"Evaluar dentro del alcance, contexto y actividades del tenant; justificar no aplicabilidad cuando el marco lo permita.","Política/procedimiento, configuración, registro, ticket, reporte, evidencia técnica o contractual según el control.",ISMS;ANNEX_A,medium,provisional
ISO_IEC_27001_2022-R-036,ISO_IEC_27001_2022,A.5.29,reference_control,"Considerar, seleccionar y operar medidas de seguridad relacionadas con seguridad durante interrupciones de acuerdo con riesgos y aplicabilidad documentada.",False,PROVISIONAL_SUPPORTING_REFERENCE,A.5.29,https://www.iso.org/standard/27001,NOT_YET_LICENSED,"Evaluar dentro del alcance, contexto y actividades del tenant; justificar no aplicabilidad cuando el marco lo permita.","Política/procedimiento, configuración, registro, ticket, reporte, evidencia técnica o contractual según el control.",ISMS;ANNEX_A,medium,provisional
ISO_IEC_27001_2022-R-037,ISO_IEC_27001_2022,A.5.30,reference_control,"Considerar, seleccionar y operar medidas de seguridad relacionadas con preparación tic para continuidad de acuerdo con riesgos y aplicabilidad documentada.",False,PROVISIONAL_SUPPORTING_REFERENCE,A.5.30,https://www.iso.org/standard/27001,NOT_YET_LICENSED,"Evaluar dentro del alcance, contexto y actividades del tenant; justificar no aplicabilidad cuando el marco lo permita.","Política/procedimiento, configuración, registro, ticket, reporte, evidencia técnica o contractual según el control.",ISMS;ANNEX_A,medium,provisional
ISO_IEC_27001_2022-R-038,ISO_IEC_27001_2022,A.5.31,reference_control,"Considerar, seleccionar y operar medidas de seguridad relacionadas con requisitos legales/regulatorios/contractuales de acuerdo con riesgos y aplicabilidad documentada.",False,PROVISIONAL_SUPPORTING_REFERENCE,A.5.31,https://www.iso.org/standard/27001,NOT_YET_LICENSED,"Evaluar dentro del alcance, contexto y actividades del tenant; justificar no aplicabilidad cuando el marco lo permita.","Política/procedimiento, configuración, registro, ticket, reporte, evidencia técnica o contractual según el control.",ISMS;ANNEX_A,medium,provisional
ISO_IEC_27001_2022-R-039,ISO_IEC_27001_2022,A.5.32,reference_control,"Considerar, seleccionar y operar medidas de seguridad relacionadas con derechos de propiedad intelectual de acuerdo con riesgos y aplicabilidad documentada.",False,PROVISIONAL_SUPPORTING_REFERENCE,A.5.32,https://www.iso.org/standard/27001,NOT_YET_LICENSED,"Evaluar dentro del alcance, contexto y actividades del tenant; justificar no aplicabilidad cuando el marco lo permita.","Política/procedimiento, configuración, registro, ticket, reporte, evidencia técnica o contractual según el control.",ISMS;ANNEX_A,medium,provisional
ISO_IEC_27001_2022-R-040,ISO_IEC_27001_2022,A.5.33,reference_control,"Considerar, seleccionar y operar medidas de seguridad relacionadas con protección de registros de acuerdo con riesgos y aplicabilidad documentada.",False,PROVISIONAL_SUPPORTING_REFERENCE,A.5.33,https://www.iso.org/standard/27001,NOT_YET_LICENSED,"Evaluar dentro del alcance, contexto y actividades del tenant; justificar no aplicabilidad cuando el marco lo permita.","Política/procedimiento, configuración, registro, ticket, reporte, evidencia técnica o contractual según el control.",ISMS;ANNEX_A,medium,provisional
ISO_IEC_27001_2022-R-041,ISO_IEC_27001_2022,A.5.34,reference_control,"Considerar, seleccionar y operar medidas de seguridad relacionadas con privacidad y protección de pii de acuerdo con riesgos y aplicabilidad documentada.",False,PROVISIONAL_SUPPORTING_REFERENCE,A.5.34,https://www.iso.org/standard/27001,NOT_YET_LICENSED,"Evaluar dentro del alcance, contexto y actividades del tenant; justificar no aplicabilidad cuando el marco lo permita.","Política/procedimiento, configuración, registro, ticket, reporte, evidencia técnica o contractual según el control.",ISMS;ANNEX_A,medium,provisional
ISO_IEC_27001_2022-R-042,ISO_IEC_27001_2022,A.5.35,reference_control,"Considerar, seleccionar y operar medidas de seguridad relacionadas con revisión independiente de seguridad de acuerdo con riesgos y aplicabilidad documentada.",False,PROVISIONAL_SUPPORTING_REFERENCE,A.5.35,https://www.iso.org/standard/27001,NOT_YET_LICENSED,"Evaluar dentro del alcance, contexto y actividades del tenant; justificar no aplicabilidad cuando el marco lo permita.","Política/procedimiento, configuración, registro, ticket, reporte, evidencia técnica o contractual según el control.",ISMS;ANNEX_A,medium,provisional
ISO_IEC_27001_2022-R-043,ISO_IEC_27001_2022,A.5.36,reference_control,"Considerar, seleccionar y operar medidas de seguridad relacionadas con cumplimiento de políticas y estándares de acuerdo con riesgos y aplicabilidad documentada.",False,PROVISIONAL_SUPPORTING_REFERENCE,A.5.36,https://www.iso.org/standard/27001,NOT_YET_LICENSED,"Evaluar dentro del alcance, contexto y actividades del tenant; justificar no aplicabilidad cuando el marco lo permita.","Política/procedimiento, configuración, registro, ticket, reporte, evidencia técnica o contractual según el control.",ISMS;ANNEX_A,medium,provisional
ISO_IEC_27001_2022-R-044,ISO_IEC_27001_2022,A.5.37,reference_control,"Considerar, seleccionar y operar medidas de seguridad relacionadas con procedimientos operativos documentados de acuerdo con riesgos y aplicabilidad documentada.",False,PROVISIONAL_SUPPORTING_REFERENCE,A.5.37,https://www.iso.org/standard/27001,NOT_YET_LICENSED,"Evaluar dentro del alcance, contexto y actividades del tenant; justificar no aplicabilidad cuando el marco lo permita.","Política/procedimiento, configuración, registro, ticket, reporte, evidencia técnica o contractual según el control.",ISMS;ANNEX_A,medium,provisional
ISO_IEC_27001_2022-R-045,ISO_IEC_27001_2022,A.6.1,reference_control,"Considerar, seleccionar y operar medidas de seguridad relacionadas con selección de personal de acuerdo con riesgos y aplicabilidad documentada.",False,PROVISIONAL_SUPPORTING_REFERENCE,A.6.1,https://www.iso.org/standard/27001,NOT_YET_LICENSED,"Evaluar dentro del alcance, contexto y actividades del tenant; justificar no aplicabilidad cuando el marco lo permita.","Política/procedimiento, configuración, registro, ticket, reporte, evidencia técnica o contractual según el control.",ISMS;ANNEX_A,medium,provisional
ISO_IEC_27001_2022-R-046,ISO_IEC_27001_2022,A.6.2,reference_control,"Considerar, seleccionar y operar medidas de seguridad relacionadas con términos y condiciones laborales de acuerdo con riesgos y aplicabilidad documentada.",False,PROVISIONAL_SUPPORTING_REFERENCE,A.6.2,https://www.iso.org/standard/27001,NOT_YET_LICENSED,"Evaluar dentro del alcance, contexto y actividades del tenant; justificar no aplicabilidad cuando el marco lo permita.","Política/procedimiento, configuración, registro, ticket, reporte, evidencia técnica o contractual según el control.",ISMS;ANNEX_A,medium,provisional
ISO_IEC_27001_2022-R-047,ISO_IEC_27001_2022,A.6.3,reference_control,"Considerar, seleccionar y operar medidas de seguridad relacionadas con conciencia y formación en seguridad de acuerdo con riesgos y aplicabilidad documentada.",False,PROVISIONAL_SUPPORTING_REFERENCE,A.6.3,https://www.iso.org/standard/27001,NOT_YET_LICENSED,"Evaluar dentro del alcance, contexto y actividades del tenant; justificar no aplicabilidad cuando el marco lo permita.","Política/procedimiento, configuración, registro, ticket, reporte, evidencia técnica o contractual según el control.",ISMS;ANNEX_A,medium,provisional
ISO_IEC_27001_2022-R-048,ISO_IEC_27001_2022,A.6.4,reference_control,"Considerar, seleccionar y operar medidas de seguridad relacionadas con proceso disciplinario de acuerdo con riesgos y aplicabilidad documentada.",False,PROVISIONAL_SUPPORTING_REFERENCE,A.6.4,https://www.iso.org/standard/27001,NOT_YET_LICENSED,"Evaluar dentro del alcance, contexto y actividades del tenant; justificar no aplicabilidad cuando el marco lo permita.","Política/procedimiento, configuración, registro, ticket, reporte, evidencia técnica o contractual según el control.",ISMS;ANNEX_A,medium,provisional
ISO_IEC_27001_2022-R-049,ISO_IEC_27001_2022,A.6.5,reference_control,"Considerar, seleccionar y operar medidas de seguridad relacionadas con responsabilidades tras cambio o término de acuerdo con riesgos y aplicabilidad documentada.",False,PROVISIONAL_SUPPORTING_REFERENCE,A.6.5,https://www.iso.org/standard/27001,NOT_YET_LICENSED,"Evaluar dentro del alcance, contexto y actividades del tenant; justificar no aplicabilidad cuando el marco lo permita.","Política/procedimiento, configuración, registro, ticket, reporte, evidencia técnica o contractual según el control.",ISMS;ANNEX_A,medium,provisional
ISO_IEC_27001_2022-R-050,ISO_IEC_27001_2022,A.6.6,reference_control,"Considerar, seleccionar y operar medidas de seguridad relacionadas con acuerdos de confidencialidad de acuerdo con riesgos y aplicabilidad documentada.",False,PROVISIONAL_SUPPORTING_REFERENCE,A.6.6,https://www.iso.org/standard/27001,NOT_YET_LICENSED,"Evaluar dentro del alcance, contexto y actividades del tenant; justificar no aplicabilidad cuando el marco lo permita.","Política/procedimiento, configuración, registro, ticket, reporte, evidencia técnica o contractual según el control.",ISMS;ANNEX_A,medium,provisional
ISO_IEC_27001_2022-R-051,ISO_IEC_27001_2022,A.6.7,reference_control,"Considerar, seleccionar y operar medidas de seguridad relacionadas con trabajo remoto de acuerdo con riesgos y aplicabilidad documentada.",False,PROVISIONAL_SUPPORTING_REFERENCE,A.6.7,https://www.iso.org/standard/27001,NOT_YET_LICENSED,"Evaluar dentro del alcance, contexto y actividades del tenant; justificar no aplicabilidad cuando el marco lo permita.","Política/procedimiento, configuración, registro, ticket, reporte, evidencia técnica o contractual según el control.",ISMS;ANNEX_A,medium,provisional
ISO_IEC_27001_2022-R-052,ISO_IEC_27001_2022,A.6.8,reference_control,"Considerar, seleccionar y operar medidas de seguridad relacionadas con reporte de eventos de seguridad de acuerdo con riesgos y aplicabilidad documentada.",False,PROVISIONAL_SUPPORTING_REFERENCE,A.6.8,https://www.iso.org/standard/27001,NOT_YET_LICENSED,"Evaluar dentro del alcance, contexto y actividades del tenant; justificar no aplicabilidad cuando el marco lo permita.","Política/procedimiento, configuración, registro, ticket, reporte, evidencia técnica o contractual según el control.",ISMS;ANNEX_A,medium,provisional
ISO_IEC_27001_2022-R-053,ISO_IEC_27001_2022,A.7.1,reference_control,"Considerar, seleccionar y operar medidas de seguridad relacionadas con perímetros físicos de acuerdo con riesgos y aplicabilidad documentada.",False,PROVISIONAL_SUPPORTING_REFERENCE,A.7.1,https://www.iso.org/standard/27001,NOT_YET_LICENSED,"Evaluar dentro del alcance, contexto y actividades del tenant; justificar no aplicabilidad cuando el marco lo permita.","Política/procedimiento, configuración, registro, ticket, reporte, evidencia técnica o contractual según el control.",ISMS;ANNEX_A,medium,provisional
ISO_IEC_27001_2022-R-054,ISO_IEC_27001_2022,A.7.2,reference_control,"Considerar, seleccionar y operar medidas de seguridad relacionadas con entrada física de acuerdo con riesgos y aplicabilidad documentada.",False,PROVISIONAL_SUPPORTING_REFERENCE,A.7.2,https://www.iso.org/standard/27001,NOT_YET_LICENSED,"Evaluar dentro del alcance, contexto y actividades del tenant; justificar no aplicabilidad cuando el marco lo permita.","Política/procedimiento, configuración, registro, ticket, reporte, evidencia técnica o contractual según el control.",ISMS;ANNEX_A,medium,provisional
ISO_IEC_27001_2022-R-055,ISO_IEC_27001_2022,A.7.3,reference_control,"Considerar, seleccionar y operar medidas de seguridad relacionadas con protección de oficinas e instalaciones de acuerdo con riesgos y aplicabilidad documentada.",False,PROVISIONAL_SUPPORTING_REFERENCE,A.7.3,https://www.iso.org/standard/27001,NOT_YET_LICENSED,"Evaluar dentro del alcance, contexto y actividades del tenant; justificar no aplicabilidad cuando el marco lo permita.","Política/procedimiento, configuración, registro, ticket, reporte, evidencia técnica o contractual según el control.",ISMS;ANNEX_A,medium,provisional
ISO_IEC_27001_2022-R-056,ISO_IEC_27001_2022,A.7.4,reference_control,"Considerar, seleccionar y operar medidas de seguridad relacionadas con monitoreo de seguridad física de acuerdo con riesgos y aplicabilidad documentada.",False,PROVISIONAL_SUPPORTING_REFERENCE,A.7.4,https://www.iso.org/standard/27001,NOT_YET_LICENSED,"Evaluar dentro del alcance, contexto y actividades del tenant; justificar no aplicabilidad cuando el marco lo permita.","Política/procedimiento, configuración, registro, ticket, reporte, evidencia técnica o contractual según el control.",ISMS;ANNEX_A,medium,provisional
ISO_IEC_27001_2022-R-057,ISO_IEC_27001_2022,A.7.5,reference_control,"Considerar, seleccionar y operar medidas de seguridad relacionadas con protección contra amenazas físicas/ambientales de acuerdo con riesgos y aplicabilidad documentada.",False,PROVISIONAL_SUPPORTING_REFERENCE,A.7.5,https://www.iso.org/standard/27001,NOT_YET_LICENSED,"Evaluar dentro del alcance, contexto y actividades del tenant; justificar no aplicabilidad cuando el marco lo permita.","Política/procedimiento, configuración, registro, ticket, reporte, evidencia técnica o contractual según el control.",ISMS;ANNEX_A,medium,provisional
ISO_IEC_27001_2022-R-058,ISO_IEC_27001_2022,A.7.6,reference_control,"Considerar, seleccionar y operar medidas de seguridad relacionadas con trabajo en áreas seguras de acuerdo con riesgos y aplicabilidad documentada.",False,PROVISIONAL_SUPPORTING_REFERENCE,A.7.6,https://www.iso.org/standard/27001,NOT_YET_LICENSED,"Evaluar dentro del alcance, contexto y actividades del tenant; justificar no aplicabilidad cuando el marco lo permita.","Política/procedimiento, configuración, registro, ticket, reporte, evidencia técnica o contractual según el control.",ISMS;ANNEX_A,medium,provisional
ISO_IEC_27001_2022-R-059,ISO_IEC_27001_2022,A.7.7,reference_control,"Considerar, seleccionar y operar medidas de seguridad relacionadas con escritorio y pantalla limpia de acuerdo con riesgos y aplicabilidad documentada.",False,PROVISIONAL_SUPPORTING_REFERENCE,A.7.7,https://www.iso.org/standard/27001,NOT_YET_LICENSED,"Evaluar dentro del alcance, contexto y actividades del tenant; justificar no aplicabilidad cuando el marco lo permita.","Política/procedimiento, configuración, registro, ticket, reporte, evidencia técnica o contractual según el control.",ISMS;ANNEX_A,medium,provisional
ISO_IEC_27001_2022-R-060,ISO_IEC_27001_2022,A.7.8,reference_control,"Considerar, seleccionar y operar medidas de seguridad relacionadas con ubicación y protección de equipos de acuerdo con riesgos y aplicabilidad documentada.",False,PROVISIONAL_SUPPORTING_REFERENCE,A.7.8,https://www.iso.org/standard/27001,NOT_YET_LICENSED,"Evaluar dentro del alcance, contexto y actividades del tenant; justificar no aplicabilidad cuando el marco lo permita.","Política/procedimiento, configuración, registro, ticket, reporte, evidencia técnica o contractual según el control.",ISMS;ANNEX_A,medium,provisional
ISO_IEC_27001_2022-R-061,ISO_IEC_27001_2022,A.7.9,reference_control,"Considerar, seleccionar y operar medidas de seguridad relacionadas con activos fuera de instalaciones de acuerdo con riesgos y aplicabilidad documentada.",False,PROVISIONAL_SUPPORTING_REFERENCE,A.7.9,https://www.iso.org/standard/27001,NOT_YET_LICENSED,"Evaluar dentro del alcance, contexto y actividades del tenant; justificar no aplicabilidad cuando el marco lo permita.","Política/procedimiento, configuración, registro, ticket, reporte, evidencia técnica o contractual según el control.",ISMS;ANNEX_A,medium,provisional
ISO_IEC_27001_2022-R-062,ISO_IEC_27001_2022,A.7.10,reference_control,"Considerar, seleccionar y operar medidas de seguridad relacionadas con medios de almacenamiento de acuerdo con riesgos y aplicabilidad documentada.",False,PROVISIONAL_SUPPORTING_REFERENCE,A.7.10,https://www.iso.org/standard/27001,NOT_YET_LICENSED,"Evaluar dentro del alcance, contexto y actividades del tenant; justificar no aplicabilidad cuando el marco lo permita.","Política/procedimiento, configuración, registro, ticket, reporte, evidencia técnica o contractual según el control.",ISMS;ANNEX_A,medium,provisional
ISO_IEC_27001_2022-R-063,ISO_IEC_27001_2022,A.7.11,reference_control,"Considerar, seleccionar y operar medidas de seguridad relacionadas con servicios de soporte de acuerdo con riesgos y aplicabilidad documentada.",False,PROVISIONAL_SUPPORTING_REFERENCE,A.7.11,https://www.iso.org/standard/27001,NOT_YET_LICENSED,"Evaluar dentro del alcance, contexto y actividades del tenant; justificar no aplicabilidad cuando el marco lo permita.","Política/procedimiento, configuración, registro, ticket, reporte, evidencia técnica o contractual según el control.",ISMS;ANNEX_A,medium,provisional
ISO_IEC_27001_2022-R-064,ISO_IEC_27001_2022,A.7.12,reference_control,"Considerar, seleccionar y operar medidas de seguridad relacionadas con seguridad del cableado de acuerdo con riesgos y aplicabilidad documentada.",False,PROVISIONAL_SUPPORTING_REFERENCE,A.7.12,https://www.iso.org/standard/27001,NOT_YET_LICENSED,"Evaluar dentro del alcance, contexto y actividades del tenant; justificar no aplicabilidad cuando el marco lo permita.","Política/procedimiento, configuración, registro, ticket, reporte, evidencia técnica o contractual según el control.",ISMS;ANNEX_A,medium,provisional
ISO_IEC_27001_2022-R-065,ISO_IEC_27001_2022,A.7.13,reference_control,"Considerar, seleccionar y operar medidas de seguridad relacionadas con mantenimiento de equipos de acuerdo con riesgos y aplicabilidad documentada.",False,PROVISIONAL_SUPPORTING_REFERENCE,A.7.13,https://www.iso.org/standard/27001,NOT_YET_LICENSED,"Evaluar dentro del alcance, contexto y actividades del tenant; justificar no aplicabilidad cuando el marco lo permita.","Política/procedimiento, configuración, registro, ticket, reporte, evidencia técnica o contractual según el control.",ISMS;ANNEX_A,medium,provisional
ISO_IEC_27001_2022-R-066,ISO_IEC_27001_2022,A.7.14,reference_control,"Considerar, seleccionar y operar medidas de seguridad relacionadas con eliminación o reutilización segura de equipos de acuerdo con riesgos y aplicabilidad documentada.",False,PROVISIONAL_SUPPORTING_REFERENCE,A.7.14,https://www.iso.org/standard/27001,NOT_YET_LICENSED,"Evaluar dentro del alcance, contexto y actividades del tenant; justificar no aplicabilidad cuando el marco lo permita.","Política/procedimiento, configuración, registro, ticket, reporte, evidencia técnica o contractual según el control.",ISMS;ANNEX_A,medium,provisional
ISO_IEC_27001_2022-R-067,ISO_IEC_27001_2022,A.8.1,reference_control,"Considerar, seleccionar y operar medidas de seguridad relacionadas con dispositivos endpoint de acuerdo con riesgos y aplicabilidad documentada.",False,PROVISIONAL_SUPPORTING_REFERENCE,A.8.1,https://www.iso.org/standard/27001,NOT_YET_LICENSED,"Evaluar dentro del alcance, contexto y actividades del tenant; justificar no aplicabilidad cuando el marco lo permita.","Política/procedimiento, configuración, registro, ticket, reporte, evidencia técnica o contractual según el control.",ISMS;ANNEX_A,medium,provisional
ISO_IEC_27001_2022-R-068,ISO_IEC_27001_2022,A.8.2,reference_control,"Considerar, seleccionar y operar medidas de seguridad relacionadas con accesos privilegiados de acuerdo con riesgos y aplicabilidad documentada.",False,PROVISIONAL_SUPPORTING_REFERENCE,A.8.2,https://www.iso.org/standard/27001,NOT_YET_LICENSED,"Evaluar dentro del alcance, contexto y actividades del tenant; justificar no aplicabilidad cuando el marco lo permita.","Política/procedimiento, configuración, registro, ticket, reporte, evidencia técnica o contractual según el control.",ISMS;ANNEX_A,medium,provisional
ISO_IEC_27001_2022-R-069,ISO_IEC_27001_2022,A.8.3,reference_control,"Considerar, seleccionar y operar medidas de seguridad relacionadas con restricción de acceso a información de acuerdo con riesgos y aplicabilidad documentada.",False,PROVISIONAL_SUPPORTING_REFERENCE,A.8.3,https://www.iso.org/standard/27001,NOT_YET_LICENSED,"Evaluar dentro del alcance, contexto y actividades del tenant; justificar no aplicabilidad cuando el marco lo permita.","Política/procedimiento, configuración, registro, ticket, reporte, evidencia técnica o contractual según el control.",ISMS;ANNEX_A,medium,provisional
ISO_IEC_27001_2022-R-070,ISO_IEC_27001_2022,A.8.4,reference_control,"Considerar, seleccionar y operar medidas de seguridad relacionadas con acceso a código fuente de acuerdo con riesgos y aplicabilidad documentada.",False,PROVISIONAL_SUPPORTING_REFERENCE,A.8.4,https://www.iso.org/standard/27001,NOT_YET_LICENSED,"Evaluar dentro del alcance, contexto y actividades del tenant; justificar no aplicabilidad cuando el marco lo permita.","Política/procedimiento, configuración, registro, ticket, reporte, evidencia técnica o contractual según el control.",ISMS;ANNEX_A,medium,provisional
ISO_IEC_27001_2022-R-071,ISO_IEC_27001_2022,A.8.5,reference_control,"Considerar, seleccionar y operar medidas de seguridad relacionadas con autenticación segura de acuerdo con riesgos y aplicabilidad documentada.",False,PROVISIONAL_SUPPORTING_REFERENCE,A.8.5,https://www.iso.org/standard/27001,NOT_YET_LICENSED,"Evaluar dentro del alcance, contexto y actividades del tenant; justificar no aplicabilidad cuando el marco lo permita.","Política/procedimiento, configuración, registro, ticket, reporte, evidencia técnica o contractual según el control.",ISMS;ANNEX_A,medium,provisional
ISO_IEC_27001_2022-R-072,ISO_IEC_27001_2022,A.8.6,reference_control,"Considerar, seleccionar y operar medidas de seguridad relacionadas con gestión de capacidad de acuerdo con riesgos y aplicabilidad documentada.",False,PROVISIONAL_SUPPORTING_REFERENCE,A.8.6,https://www.iso.org/standard/27001,NOT_YET_LICENSED,"Evaluar dentro del alcance, contexto y actividades del tenant; justificar no aplicabilidad cuando el marco lo permita.","Política/procedimiento, configuración, registro, ticket, reporte, evidencia técnica o contractual según el control.",ISMS;ANNEX_A,medium,provisional
ISO_IEC_27001_2022-R-073,ISO_IEC_27001_2022,A.8.7,reference_control,"Considerar, seleccionar y operar medidas de seguridad relacionadas con protección contra malware de acuerdo con riesgos y aplicabilidad documentada.",False,PROVISIONAL_SUPPORTING_REFERENCE,A.8.7,https://www.iso.org/standard/27001,NOT_YET_LICENSED,"Evaluar dentro del alcance, contexto y actividades del tenant; justificar no aplicabilidad cuando el marco lo permita.","Política/procedimiento, configuración, registro, ticket, reporte, evidencia técnica o contractual según el control.",ISMS;ANNEX_A,medium,provisional
ISO_IEC_27001_2022-R-074,ISO_IEC_27001_2022,A.8.8,reference_control,"Considerar, seleccionar y operar medidas de seguridad relacionadas con vulnerabilidades técnicas de acuerdo con riesgos y aplicabilidad documentada.",False,PROVISIONAL_SUPPORTING_REFERENCE,A.8.8,https://www.iso.org/standard/27001,NOT_YET_LICENSED,"Evaluar dentro del alcance, contexto y actividades del tenant; justificar no aplicabilidad cuando el marco lo permita.","Política/procedimiento, configuración, registro, ticket, reporte, evidencia técnica o contractual según el control.",ISMS;ANNEX_A,medium,provisional
ISO_IEC_27001_2022-R-075,ISO_IEC_27001_2022,A.8.9,reference_control,"Considerar, seleccionar y operar medidas de seguridad relacionadas con gestión de configuración de acuerdo con riesgos y aplicabilidad documentada.",False,PROVISIONAL_SUPPORTING_REFERENCE,A.8.9,https://www.iso.org/standard/27001,NOT_YET_LICENSED,"Evaluar dentro del alcance, contexto y actividades del tenant; justificar no aplicabilidad cuando el marco lo permita.","Política/procedimiento, configuración, registro, ticket, reporte, evidencia técnica o contractual según el control.",ISMS;ANNEX_A,medium,provisional
ISO_IEC_27001_2022-R-076,ISO_IEC_27001_2022,A.8.10,reference_control,"Considerar, seleccionar y operar medidas de seguridad relacionadas con eliminación de información de acuerdo con riesgos y aplicabilidad documentada.",False,PROVISIONAL_SUPPORTING_REFERENCE,A.8.10,https://www.iso.org/standard/27001,NOT_YET_LICENSED,"Evaluar dentro del alcance, contexto y actividades del tenant; justificar no aplicabilidad cuando el marco lo permita.","Política/procedimiento, configuración, registro, ticket, reporte, evidencia técnica o contractual según el control.",ISMS;ANNEX_A,medium,provisional
ISO_IEC_27001_2022-R-077,ISO_IEC_27001_2022,A.8.11,reference_control,"Considerar, seleccionar y operar medidas de seguridad relacionadas con enmascaramiento de datos de acuerdo con riesgos y aplicabilidad documentada.",False,PROVISIONAL_SUPPORTING_REFERENCE,A.8.11,https://www.iso.org/standard/27001,NOT_YET_LICENSED,"Evaluar dentro del alcance, contexto y actividades del tenant; justificar no aplicabilidad cuando el marco lo permita.","Política/procedimiento, configuración, registro, ticket, reporte, evidencia técnica o contractual según el control.",ISMS;ANNEX_A,medium,provisional
ISO_IEC_27001_2022-R-078,ISO_IEC_27001_2022,A.8.12,reference_control,"Considerar, seleccionar y operar medidas de seguridad relacionadas con prevención de fuga de datos de acuerdo con riesgos y aplicabilidad documentada.",False,PROVISIONAL_SUPPORTING_REFERENCE,A.8.12,https://www.iso.org/standard/27001,NOT_YET_LICENSED,"Evaluar dentro del alcance, contexto y actividades del tenant; justificar no aplicabilidad cuando el marco lo permita.","Política/procedimiento, configuración, registro, ticket, reporte, evidencia técnica o contractual según el control.",ISMS;ANNEX_A,medium,provisional
ISO_IEC_27001_2022-R-079,ISO_IEC_27001_2022,A.8.13,reference_control,"Considerar, seleccionar y operar medidas de seguridad relacionadas con respaldo de información de acuerdo con riesgos y aplicabilidad documentada.",False,PROVISIONAL_SUPPORTING_REFERENCE,A.8.13,https://www.iso.org/standard/27001,NOT_YET_LICENSED,"Evaluar dentro del alcance, contexto y actividades del tenant; justificar no aplicabilidad cuando el marco lo permita.","Política/procedimiento, configuración, registro, ticket, reporte, evidencia técnica o contractual según el control.",ISMS;ANNEX_A,medium,provisional
ISO_IEC_27001_2022-R-080,ISO_IEC_27001_2022,A.8.14,reference_control,"Considerar, seleccionar y operar medidas de seguridad relacionadas con redundancia de procesamiento de acuerdo con riesgos y aplicabilidad documentada.",False,PROVISIONAL_SUPPORTING_REFERENCE,A.8.14,https://www.iso.org/standard/27001,NOT_YET_LICENSED,"Evaluar dentro del alcance, contexto y actividades del tenant; justificar no aplicabilidad cuando el marco lo permita.","Política/procedimiento, configuración, registro, ticket, reporte, evidencia técnica o contractual según el control.",ISMS;ANNEX_A,medium,provisional
ISO_IEC_27001_2022-R-081,ISO_IEC_27001_2022,A.8.15,reference_control,"Considerar, seleccionar y operar medidas de seguridad relacionadas con logging de acuerdo con riesgos y aplicabilidad documentada.",False,PROVISIONAL_SUPPORTING_REFERENCE,A.8.15,https://www.iso.org/standard/27001,NOT_YET_LICENSED,"Evaluar dentro del alcance, contexto y actividades del tenant; justificar no aplicabilidad cuando el marco lo permita.","Política/procedimiento, configuración, registro, ticket, reporte, evidencia técnica o contractual según el control.",ISMS;ANNEX_A,medium,provisional
ISO_IEC_27001_2022-R-082,ISO_IEC_27001_2022,A.8.16,reference_control,"Considerar, seleccionar y operar medidas de seguridad relacionadas con monitoreo de actividades de acuerdo con riesgos y aplicabilidad documentada.",False,PROVISIONAL_SUPPORTING_REFERENCE,A.8.16,https://www.iso.org/standard/27001,NOT_YET_LICENSED,"Evaluar dentro del alcance, contexto y actividades del tenant; justificar no aplicabilidad cuando el marco lo permita.","Política/procedimiento, configuración, registro, ticket, reporte, evidencia técnica o contractual según el control.",ISMS;ANNEX_A,medium,provisional
ISO_IEC_27001_2022-R-083,ISO_IEC_27001_2022,A.8.17,reference_control,"Considerar, seleccionar y operar medidas de seguridad relacionadas con sincronización de relojes de acuerdo con riesgos y aplicabilidad documentada.",False,PROVISIONAL_SUPPORTING_REFERENCE,A.8.17,https://www.iso.org/standard/27001,NOT_YET_LICENSED,"Evaluar dentro del alcance, contexto y actividades del tenant; justificar no aplicabilidad cuando el marco lo permita.","Política/procedimiento, configuración, registro, ticket, reporte, evidencia técnica o contractual según el control.",ISMS;ANNEX_A,medium,provisional
ISO_IEC_27001_2022-R-084,ISO_IEC_27001_2022,A.8.18,reference_control,"Considerar, seleccionar y operar medidas de seguridad relacionadas con uso de utilitarios privilegiados de acuerdo con riesgos y aplicabilidad documentada.",False,PROVISIONAL_SUPPORTING_REFERENCE,A.8.18,https://www.iso.org/standard/27001,NOT_YET_LICENSED,"Evaluar dentro del alcance, contexto y actividades del tenant; justificar no aplicabilidad cuando el marco lo permita.","Política/procedimiento, configuración, registro, ticket, reporte, evidencia técnica o contractual según el control.",ISMS;ANNEX_A,medium,provisional
ISO_IEC_27001_2022-R-085,ISO_IEC_27001_2022,A.8.19,reference_control,"Considerar, seleccionar y operar medidas de seguridad relacionadas con instalación de software de acuerdo con riesgos y aplicabilidad documentada.",False,PROVISIONAL_SUPPORTING_REFERENCE,A.8.19,https://www.iso.org/standard/27001,NOT_YET_LICENSED,"Evaluar dentro del alcance, contexto y actividades del tenant; justificar no aplicabilidad cuando el marco lo permita.","Política/procedimiento, configuración, registro, ticket, reporte, evidencia técnica o contractual según el control.",ISMS;ANNEX_A,medium,provisional
ISO_IEC_27001_2022-R-086,ISO_IEC_27001_2022,A.8.20,reference_control,"Considerar, seleccionar y operar medidas de seguridad relacionadas con seguridad de redes de acuerdo con riesgos y aplicabilidad documentada.",False,PROVISIONAL_SUPPORTING_REFERENCE,A.8.20,https://www.iso.org/standard/27001,NOT_YET_LICENSED,"Evaluar dentro del alcance, contexto y actividades del tenant; justificar no aplicabilidad cuando el marco lo permita.","Política/procedimiento, configuración, registro, ticket, reporte, evidencia técnica o contractual según el control.",ISMS;ANNEX_A,medium,provisional
ISO_IEC_27001_2022-R-087,ISO_IEC_27001_2022,A.8.21,reference_control,"Considerar, seleccionar y operar medidas de seguridad relacionadas con seguridad de servicios de red de acuerdo con riesgos y aplicabilidad documentada.",False,PROVISIONAL_SUPPORTING_REFERENCE,A.8.21,https://www.iso.org/standard/27001,NOT_YET_LICENSED,"Evaluar dentro del alcance, contexto y actividades del tenant; justificar no aplicabilidad cuando el marco lo permita.","Política/procedimiento, configuración, registro, ticket, reporte, evidencia técnica o contractual según el control.",ISMS;ANNEX_A,medium,provisional
ISO_IEC_27001_2022-R-088,ISO_IEC_27001_2022,A.8.22,reference_control,"Considerar, seleccionar y operar medidas de seguridad relacionadas con segregación de redes de acuerdo con riesgos y aplicabilidad documentada.",False,PROVISIONAL_SUPPORTING_REFERENCE,A.8.22,https://www.iso.org/standard/27001,NOT_YET_LICENSED,"Evaluar dentro del alcance, contexto y actividades del tenant; justificar no aplicabilidad cuando el marco lo permita.","Política/procedimiento, configuración, registro, ticket, reporte, evidencia técnica o contractual según el control.",ISMS;ANNEX_A,medium,provisional
ISO_IEC_27001_2022-R-089,ISO_IEC_27001_2022,A.8.23,reference_control,"Considerar, seleccionar y operar medidas de seguridad relacionadas con filtrado web de acuerdo con riesgos y aplicabilidad documentada.",False,PROVISIONAL_SUPPORTING_REFERENCE,A.8.23,https://www.iso.org/standard/27001,NOT_YET_LICENSED,"Evaluar dentro del alcance, contexto y actividades del tenant; justificar no aplicabilidad cuando el marco lo permita.","Política/procedimiento, configuración, registro, ticket, reporte, evidencia técnica o contractual según el control.",ISMS;ANNEX_A,medium,provisional
ISO_IEC_27001_2022-R-090,ISO_IEC_27001_2022,A.8.24,reference_control,"Considerar, seleccionar y operar medidas de seguridad relacionadas con criptografía de acuerdo con riesgos y aplicabilidad documentada.",False,PROVISIONAL_SUPPORTING_REFERENCE,A.8.24,https://www.iso.org/standard/27001,NOT_YET_LICENSED,"Evaluar dentro del alcance, contexto y actividades del tenant; justificar no aplicabilidad cuando el marco lo permita.","Política/procedimiento, configuración, registro, ticket, reporte, evidencia técnica o contractual según el control.",ISMS;ANNEX_A,medium,provisional
ISO_IEC_27001_2022-R-091,ISO_IEC_27001_2022,A.8.25,reference_control,"Considerar, seleccionar y operar medidas de seguridad relacionadas con ciclo de desarrollo seguro de acuerdo con riesgos y aplicabilidad documentada.",False,PROVISIONAL_SUPPORTING_REFERENCE,A.8.25,https://www.iso.org/standard/27001,NOT_YET_LICENSED,"Evaluar dentro del alcance, contexto y actividades del tenant; justificar no aplicabilidad cuando el marco lo permita.","Política/procedimiento, configuración, registro, ticket, reporte, evidencia técnica o contractual según el control.",ISMS;ANNEX_A,medium,provisional
ISO_IEC_27001_2022-R-092,ISO_IEC_27001_2022,A.8.26,reference_control,"Considerar, seleccionar y operar medidas de seguridad relacionadas con requisitos de seguridad de aplicaciones de acuerdo con riesgos y aplicabilidad documentada.",False,PROVISIONAL_SUPPORTING_REFERENCE,A.8.26,https://www.iso.org/standard/27001,NOT_YET_LICENSED,"Evaluar dentro del alcance, contexto y actividades del tenant; justificar no aplicabilidad cuando el marco lo permita.","Política/procedimiento, configuración, registro, ticket, reporte, evidencia técnica o contractual según el control.",ISMS;ANNEX_A,medium,provisional
ISO_IEC_27001_2022-R-093,ISO_IEC_27001_2022,A.8.27,reference_control,"Considerar, seleccionar y operar medidas de seguridad relacionadas con arquitectura e ingeniería segura de acuerdo con riesgos y aplicabilidad documentada.",False,PROVISIONAL_SUPPORTING_REFERENCE,A.8.27,https://www.iso.org/standard/27001,NOT_YET_LICENSED,"Evaluar dentro del alcance, contexto y actividades del tenant; justificar no aplicabilidad cuando el marco lo permita.","Política/procedimiento, configuración, registro, ticket, reporte, evidencia técnica o contractual según el control.",ISMS;ANNEX_A,medium,provisional
ISO_IEC_27001_2022-R-094,ISO_IEC_27001_2022,A.8.28,reference_control,"Considerar, seleccionar y operar medidas de seguridad relacionadas con codificación segura de acuerdo con riesgos y aplicabilidad documentada.",False,PROVISIONAL_SUPPORTING_REFERENCE,A.8.28,https://www.iso.org/standard/27001,NOT_YET_LICENSED,"Evaluar dentro del alcance, contexto y actividades del tenant; justificar no aplicabilidad cuando el marco lo permita.","Política/procedimiento, configuración, registro, ticket, reporte, evidencia técnica o contractual según el control.",ISMS;ANNEX_A,medium,provisional
ISO_IEC_27001_2022-R-095,ISO_IEC_27001_2022,A.8.29,reference_control,"Considerar, seleccionar y operar medidas de seguridad relacionadas con pruebas de seguridad en desarrollo/aceptación de acuerdo con riesgos y aplicabilidad documentada.",False,PROVISIONAL_SUPPORTING_REFERENCE,A.8.29,https://www.iso.org/standard/27001,NOT_YET_LICENSED,"Evaluar dentro del alcance, contexto y actividades del tenant; justificar no aplicabilidad cuando el marco lo permita.","Política/procedimiento, configuración, registro, ticket, reporte, evidencia técnica o contractual según el control.",ISMS;ANNEX_A,medium,provisional
ISO_IEC_27001_2022-R-096,ISO_IEC_27001_2022,A.8.30,reference_control,"Considerar, seleccionar y operar medidas de seguridad relacionadas con desarrollo externalizado de acuerdo con riesgos y aplicabilidad documentada.",False,PROVISIONAL_SUPPORTING_REFERENCE,A.8.30,https://www.iso.org/standard/27001,NOT_YET_LICENSED,"Evaluar dentro del alcance, contexto y actividades del tenant; justificar no aplicabilidad cuando el marco lo permita.","Política/procedimiento, configuración, registro, ticket, reporte, evidencia técnica o contractual según el control.",ISMS;ANNEX_A,medium,provisional
ISO_IEC_27001_2022-R-097,ISO_IEC_27001_2022,A.8.31,reference_control,"Considerar, seleccionar y operar medidas de seguridad relacionadas con separación desarrollo/prueba/producción de acuerdo con riesgos y aplicabilidad documentada.",False,PROVISIONAL_SUPPORTING_REFERENCE,A.8.31,https://www.iso.org/standard/27001,NOT_YET_LICENSED,"Evaluar dentro del alcance, contexto y actividades del tenant; justificar no aplicabilidad cuando el marco lo permita.","Política/procedimiento, configuración, registro, ticket, reporte, evidencia técnica o contractual según el control.",ISMS;ANNEX_A,medium,provisional
ISO_IEC_27001_2022-R-098,ISO_IEC_27001_2022,A.8.32,reference_control,"Considerar, seleccionar y operar medidas de seguridad relacionadas con gestión de cambios de acuerdo con riesgos y aplicabilidad documentada.",False,PROVISIONAL_SUPPORTING_REFERENCE,A.8.32,https://www.iso.org/standard/27001,NOT_YET_LICENSED,"Evaluar dentro del alcance, contexto y actividades del tenant; justificar no aplicabilidad cuando el marco lo permita.","Política/procedimiento, configuración, registro, ticket, reporte, evidencia técnica o contractual según el control.",ISMS;ANNEX_A,medium,provisional
ISO_IEC_27001_2022-R-099,ISO_IEC_27001_2022,A.8.33,reference_control,"Considerar, seleccionar y operar medidas de seguridad relacionadas con datos de prueba de acuerdo con riesgos y aplicabilidad documentada.",False,PROVISIONAL_SUPPORTING_REFERENCE,A.8.33,https://www.iso.org/standard/27001,NOT_YET_LICENSED,"Evaluar dentro del alcance, contexto y actividades del tenant; justificar no aplicabilidad cuando el marco lo permita.","Política/procedimiento, configuración, registro, ticket, reporte, evidencia técnica o contractual según el control.",ISMS;ANNEX_A,medium,provisional
ISO_IEC_27001_2022-R-100,ISO_IEC_27001_2022,A.8.34,reference_control,"Considerar, seleccionar y operar medidas de seguridad relacionadas con protección durante pruebas de auditoría de acuerdo con riesgos y aplicabilidad documentada.",False,PROVISIONAL_SUPPORTING_REFERENCE,A.8.34,https://www.iso.org/standard/27001,NOT_YET_LICENSED,"Evaluar dentro del alcance, contexto y actividades del tenant; justificar no aplicabilidad cuando el marco lo permita.","Política/procedimiento, configuración, registro, ticket, reporte, evidencia técnica o contractual según el control.",ISMS;ANNEX_A,medium,provisional
ISO_IEC_42001_2023-R-008,ISO_IEC_42001_2023,A.2.2,reference_control,"Considerar y gobernar política de ia conforme al riesgo, impacto y contexto del sistema de IA.",False,PROVISIONAL_SUPPORTING_REFERENCE,A.2.2,https://www.iso.org/standard/42001,NOT_YET_LICENSED,"Evaluar dentro del alcance, contexto y actividades del tenant; justificar no aplicabilidad cuando el marco lo permita.","Política, inventario, evaluación, model/system card, logs, pruebas, registros de datos, contratos o comunicaciones según corresponda.",AIMS;ANNEX_A,medium,provisional
ISO_IEC_42001_2023-R-009,ISO_IEC_42001_2023,A.2.3,reference_control,"Considerar y gobernar alineación de política de ia con otras políticas conforme al riesgo, impacto y contexto del sistema de IA.",False,PROVISIONAL_SUPPORTING_REFERENCE,A.2.3,https://www.iso.org/standard/42001,NOT_YET_LICENSED,"Evaluar dentro del alcance, contexto y actividades del tenant; justificar no aplicabilidad cuando el marco lo permita.","Política, inventario, evaluación, model/system card, logs, pruebas, registros de datos, contratos o comunicaciones según corresponda.",AIMS;ANNEX_A,medium,provisional
ISO_IEC_42001_2023-R-010,ISO_IEC_42001_2023,A.2.4,reference_control,"Considerar y gobernar revisión de política de ia conforme al riesgo, impacto y contexto del sistema de IA.",False,PROVISIONAL_SUPPORTING_REFERENCE,A.2.4,https://www.iso.org/standard/42001,NOT_YET_LICENSED,"Evaluar dentro del alcance, contexto y actividades del tenant; justificar no aplicabilidad cuando el marco lo permita.","Política, inventario, evaluación, model/system card, logs, pruebas, registros de datos, contratos o comunicaciones según corresponda.",AIMS;ANNEX_A,medium,provisional
ISO_IEC_42001_2023-R-011,ISO_IEC_42001_2023,A.3.2,reference_control,"Considerar y gobernar roles y responsabilidades de ia conforme al riesgo, impacto y contexto del sistema de IA.",False,PROVISIONAL_SUPPORTING_REFERENCE,A.3.2,https://www.iso.org/standard/42001,NOT_YET_LICENSED,"Evaluar dentro del alcance, contexto y actividades del tenant; justificar no aplicabilidad cuando el marco lo permita.","Política, inventario, evaluación, model/system card, logs, pruebas, registros de datos, contratos o comunicaciones según corresponda.",AIMS;ANNEX_A,medium,provisional
ISO_IEC_42001_2023-R-012,ISO_IEC_42001_2023,A.3.3,reference_control,"Considerar y gobernar reporte de preocupaciones relacionadas con ia conforme al riesgo, impacto y contexto del sistema de IA.",False,PROVISIONAL_SUPPORTING_REFERENCE,A.3.3,https://www.iso.org/standard/42001,NOT_YET_LICENSED,"Evaluar dentro del alcance, contexto y actividades del tenant; justificar no aplicabilidad cuando el marco lo permita.","Política, inventario, evaluación, model/system card, logs, pruebas, registros de datos, contratos o comunicaciones según corresponda.",AIMS;ANNEX_A,medium,provisional
ISO_IEC_42001_2023-R-013,ISO_IEC_42001_2023,A.4.2,reference_control,"Considerar y gobernar documentación de recursos de ia conforme al riesgo, impacto y contexto del sistema de IA.",False,PROVISIONAL_SUPPORTING_REFERENCE,A.4.2,https://www.iso.org/standard/42001,NOT_YET_LICENSED,"Evaluar dentro del alcance, contexto y actividades del tenant; justificar no aplicabilidad cuando el marco lo permita.","Política, inventario, evaluación, model/system card, logs, pruebas, registros de datos, contratos o comunicaciones según corresponda.",AIMS;ANNEX_A,medium,provisional
ISO_IEC_42001_2023-R-014,ISO_IEC_42001_2023,A.4.3,reference_control,"Considerar y gobernar recursos de datos conforme al riesgo, impacto y contexto del sistema de IA.",False,PROVISIONAL_SUPPORTING_REFERENCE,A.4.3,https://www.iso.org/standard/42001,NOT_YET_LICENSED,"Evaluar dentro del alcance, contexto y actividades del tenant; justificar no aplicabilidad cuando el marco lo permita.","Política, inventario, evaluación, model/system card, logs, pruebas, registros de datos, contratos o comunicaciones según corresponda.",AIMS;ANNEX_A,medium,provisional
ISO_IEC_42001_2023-R-015,ISO_IEC_42001_2023,A.4.4,reference_control,"Considerar y gobernar recursos de herramientas conforme al riesgo, impacto y contexto del sistema de IA.",False,PROVISIONAL_SUPPORTING_REFERENCE,A.4.4,https://www.iso.org/standard/42001,NOT_YET_LICENSED,"Evaluar dentro del alcance, contexto y actividades del tenant; justificar no aplicabilidad cuando el marco lo permita.","Política, inventario, evaluación, model/system card, logs, pruebas, registros de datos, contratos o comunicaciones según corresponda.",AIMS;ANNEX_A,medium,provisional
ISO_IEC_42001_2023-R-016,ISO_IEC_42001_2023,A.4.5,reference_control,"Considerar y gobernar recursos de sistemas y cómputo conforme al riesgo, impacto y contexto del sistema de IA.",False,PROVISIONAL_SUPPORTING_REFERENCE,A.4.5,https://www.iso.org/standard/42001,NOT_YET_LICENSED,"Evaluar dentro del alcance, contexto y actividades del tenant; justificar no aplicabilidad cuando el marco lo permita.","Política, inventario, evaluación, model/system card, logs, pruebas, registros de datos, contratos o comunicaciones según corresponda.",AIMS;ANNEX_A,medium,provisional
ISO_IEC_42001_2023-R-017,ISO_IEC_42001_2023,A.4.6,reference_control,"Considerar y gobernar recursos humanos conforme al riesgo, impacto y contexto del sistema de IA.",False,PROVISIONAL_SUPPORTING_REFERENCE,A.4.6,https://www.iso.org/standard/42001,NOT_YET_LICENSED,"Evaluar dentro del alcance, contexto y actividades del tenant; justificar no aplicabilidad cuando el marco lo permita.","Política, inventario, evaluación, model/system card, logs, pruebas, registros de datos, contratos o comunicaciones según corresponda.",AIMS;ANNEX_A,medium,provisional
ISO_IEC_42001_2023-R-018,ISO_IEC_42001_2023,A.5.2,reference_control,"Considerar y gobernar proceso de evaluación de impacto ia conforme al riesgo, impacto y contexto del sistema de IA.",False,PROVISIONAL_SUPPORTING_REFERENCE,A.5.2,https://www.iso.org/standard/42001,NOT_YET_LICENSED,"Evaluar dentro del alcance, contexto y actividades del tenant; justificar no aplicabilidad cuando el marco lo permita.","Política, inventario, evaluación, model/system card, logs, pruebas, registros de datos, contratos o comunicaciones según corresponda.",AIMS;ANNEX_A,medium,provisional
ISO_IEC_42001_2023-R-019,ISO_IEC_42001_2023,A.5.3,reference_control,"Considerar y gobernar documentación de evaluaciones de impacto conforme al riesgo, impacto y contexto del sistema de IA.",False,PROVISIONAL_SUPPORTING_REFERENCE,A.5.3,https://www.iso.org/standard/42001,NOT_YET_LICENSED,"Evaluar dentro del alcance, contexto y actividades del tenant; justificar no aplicabilidad cuando el marco lo permita.","Política, inventario, evaluación, model/system card, logs, pruebas, registros de datos, contratos o comunicaciones según corresponda.",AIMS;ANNEX_A,medium,provisional
ISO_IEC_42001_2023-R-020,ISO_IEC_42001_2023,A.5.4,reference_control,"Considerar y gobernar impacto sobre individuos o grupos conforme al riesgo, impacto y contexto del sistema de IA.",False,PROVISIONAL_SUPPORTING_REFERENCE,A.5.4,https://www.iso.org/standard/42001,NOT_YET_LICENSED,"Evaluar dentro del alcance, contexto y actividades del tenant; justificar no aplicabilidad cuando el marco lo permita.","Política, inventario, evaluación, model/system card, logs, pruebas, registros de datos, contratos o comunicaciones según corresponda.",AIMS;ANNEX_A,medium,provisional
ISO_IEC_42001_2023-R-021,ISO_IEC_42001_2023,A.5.5,reference_control,"Considerar y gobernar impacto social conforme al riesgo, impacto y contexto del sistema de IA.",False,PROVISIONAL_SUPPORTING_REFERENCE,A.5.5,https://www.iso.org/standard/42001,NOT_YET_LICENSED,"Evaluar dentro del alcance, contexto y actividades del tenant; justificar no aplicabilidad cuando el marco lo permita.","Política, inventario, evaluación, model/system card, logs, pruebas, registros de datos, contratos o comunicaciones según corresponda.",AIMS;ANNEX_A,medium,provisional
ISO_IEC_42001_2023-R-022,ISO_IEC_42001_2023,A.6.2,reference_control,"Considerar y gobernar objetivos de desarrollo responsable de ia conforme al riesgo, impacto y contexto del sistema de IA.",False,PROVISIONAL_SUPPORTING_REFERENCE,A.6.2,https://www.iso.org/standard/42001,NOT_YET_LICENSED,"Evaluar dentro del alcance, contexto y actividades del tenant; justificar no aplicabilidad cuando el marco lo permita.","Política, inventario, evaluación, model/system card, logs, pruebas, registros de datos, contratos o comunicaciones según corresponda.",AIMS;ANNEX_A,medium,provisional
ISO_IEC_42001_2023-R-023,ISO_IEC_42001_2023,A.6.3,reference_control,"Considerar y gobernar procesos para desarrollo responsable de ia conforme al riesgo, impacto y contexto del sistema de IA.",False,PROVISIONAL_SUPPORTING_REFERENCE,A.6.3,https://www.iso.org/standard/42001,NOT_YET_LICENSED,"Evaluar dentro del alcance, contexto y actividades del tenant; justificar no aplicabilidad cuando el marco lo permita.","Política, inventario, evaluación, model/system card, logs, pruebas, registros de datos, contratos o comunicaciones según corresponda.",AIMS;ANNEX_A,medium,provisional
ISO_IEC_42001_2023-R-024,ISO_IEC_42001_2023,A.6.4,reference_control,"Considerar y gobernar requisitos del sistema ia conforme al riesgo, impacto y contexto del sistema de IA.",False,PROVISIONAL_SUPPORTING_REFERENCE,A.6.4,https://www.iso.org/standard/42001,NOT_YET_LICENSED,"Evaluar dentro del alcance, contexto y actividades del tenant; justificar no aplicabilidad cuando el marco lo permita.","Política, inventario, evaluación, model/system card, logs, pruebas, registros de datos, contratos o comunicaciones según corresponda.",AIMS;ANNEX_A,medium,provisional
ISO_IEC_42001_2023-R-025,ISO_IEC_42001_2023,A.6.5,reference_control,"Considerar y gobernar documentación de diseño y desarrollo conforme al riesgo, impacto y contexto del sistema de IA.",False,PROVISIONAL_SUPPORTING_REFERENCE,A.6.5,https://www.iso.org/standard/42001,NOT_YET_LICENSED,"Evaluar dentro del alcance, contexto y actividades del tenant; justificar no aplicabilidad cuando el marco lo permita.","Política, inventario, evaluación, model/system card, logs, pruebas, registros de datos, contratos o comunicaciones según corresponda.",AIMS;ANNEX_A,medium,provisional
ISO_IEC_42001_2023-R-026,ISO_IEC_42001_2023,A.6.6,reference_control,"Considerar y gobernar verificación y validación del sistema ia conforme al riesgo, impacto y contexto del sistema de IA.",False,PROVISIONAL_SUPPORTING_REFERENCE,A.6.6,https://www.iso.org/standard/42001,NOT_YET_LICENSED,"Evaluar dentro del alcance, contexto y actividades del tenant; justificar no aplicabilidad cuando el marco lo permita.","Política, inventario, evaluación, model/system card, logs, pruebas, registros de datos, contratos o comunicaciones según corresponda.",AIMS;ANNEX_A,medium,provisional
ISO_IEC_42001_2023-R-027,ISO_IEC_42001_2023,A.6.7,reference_control,"Considerar y gobernar despliegue del sistema ia conforme al riesgo, impacto y contexto del sistema de IA.",False,PROVISIONAL_SUPPORTING_REFERENCE,A.6.7,https://www.iso.org/standard/42001,NOT_YET_LICENSED,"Evaluar dentro del alcance, contexto y actividades del tenant; justificar no aplicabilidad cuando el marco lo permita.","Política, inventario, evaluación, model/system card, logs, pruebas, registros de datos, contratos o comunicaciones según corresponda.",AIMS;ANNEX_A,medium,provisional
ISO_IEC_42001_2023-R-028,ISO_IEC_42001_2023,A.6.8,reference_control,"Considerar y gobernar operación y monitoreo del sistema ia conforme al riesgo, impacto y contexto del sistema de IA.",False,PROVISIONAL_SUPPORTING_REFERENCE,A.6.8,https://www.iso.org/standard/42001,NOT_YET_LICENSED,"Evaluar dentro del alcance, contexto y actividades del tenant; justificar no aplicabilidad cuando el marco lo permita.","Política, inventario, evaluación, model/system card, logs, pruebas, registros de datos, contratos o comunicaciones según corresponda.",AIMS;ANNEX_A,medium,provisional
ISO_IEC_42001_2023-R-029,ISO_IEC_42001_2023,A.6.9,reference_control,"Considerar y gobernar documentación técnica del sistema ia conforme al riesgo, impacto y contexto del sistema de IA.",False,PROVISIONAL_SUPPORTING_REFERENCE,A.6.9,https://www.iso.org/standard/42001,NOT_YET_LICENSED,"Evaluar dentro del alcance, contexto y actividades del tenant; justificar no aplicabilidad cuando el marco lo permita.","Política, inventario, evaluación, model/system card, logs, pruebas, registros de datos, contratos o comunicaciones según corresponda.",AIMS;ANNEX_A,medium,provisional
ISO_IEC_42001_2023-R-030,ISO_IEC_42001_2023,A.6.10,reference_control,"Considerar y gobernar registro de eventos del sistema ia conforme al riesgo, impacto y contexto del sistema de IA.",False,PROVISIONAL_SUPPORTING_REFERENCE,A.6.10,https://www.iso.org/standard/42001,NOT_YET_LICENSED,"Evaluar dentro del alcance, contexto y actividades del tenant; justificar no aplicabilidad cuando el marco lo permita.","Política, inventario, evaluación, model/system card, logs, pruebas, registros de datos, contratos o comunicaciones según corresponda.",AIMS;ANNEX_A,medium,provisional
ISO_IEC_42001_2023-R-031,ISO_IEC_42001_2023,A.7.2,reference_control,"Considerar y gobernar gestión de datos para ia conforme al riesgo, impacto y contexto del sistema de IA.",False,PROVISIONAL_SUPPORTING_REFERENCE,A.7.2,https://www.iso.org/standard/42001,NOT_YET_LICENSED,"Evaluar dentro del alcance, contexto y actividades del tenant; justificar no aplicabilidad cuando el marco lo permita.","Política, inventario, evaluación, model/system card, logs, pruebas, registros de datos, contratos o comunicaciones según corresponda.",AIMS;ANNEX_A,medium,provisional
ISO_IEC_42001_2023-R-032,ISO_IEC_42001_2023,A.7.3,reference_control,"Considerar y gobernar adquisición de datos conforme al riesgo, impacto y contexto del sistema de IA.",False,PROVISIONAL_SUPPORTING_REFERENCE,A.7.3,https://www.iso.org/standard/42001,NOT_YET_LICENSED,"Evaluar dentro del alcance, contexto y actividades del tenant; justificar no aplicabilidad cuando el marco lo permita.","Política, inventario, evaluación, model/system card, logs, pruebas, registros de datos, contratos o comunicaciones según corresponda.",AIMS;ANNEX_A,medium,provisional
ISO_IEC_42001_2023-R-033,ISO_IEC_42001_2023,A.7.4,reference_control,"Considerar y gobernar calidad de datos conforme al riesgo, impacto y contexto del sistema de IA.",False,PROVISIONAL_SUPPORTING_REFERENCE,A.7.4,https://www.iso.org/standard/42001,NOT_YET_LICENSED,"Evaluar dentro del alcance, contexto y actividades del tenant; justificar no aplicabilidad cuando el marco lo permita.","Política, inventario, evaluación, model/system card, logs, pruebas, registros de datos, contratos o comunicaciones según corresponda.",AIMS;ANNEX_A,medium,provisional
ISO_IEC_42001_2023-R-034,ISO_IEC_42001_2023,A.7.5,reference_control,"Considerar y gobernar proveniencia de datos conforme al riesgo, impacto y contexto del sistema de IA.",False,PROVISIONAL_SUPPORTING_REFERENCE,A.7.5,https://www.iso.org/standard/42001,NOT_YET_LICENSED,"Evaluar dentro del alcance, contexto y actividades del tenant; justificar no aplicabilidad cuando el marco lo permita.","Política, inventario, evaluación, model/system card, logs, pruebas, registros de datos, contratos o comunicaciones según corresponda.",AIMS;ANNEX_A,medium,provisional
ISO_IEC_42001_2023-R-035,ISO_IEC_42001_2023,A.7.6,reference_control,"Considerar y gobernar preparación de datos conforme al riesgo, impacto y contexto del sistema de IA.",False,PROVISIONAL_SUPPORTING_REFERENCE,A.7.6,https://www.iso.org/standard/42001,NOT_YET_LICENSED,"Evaluar dentro del alcance, contexto y actividades del tenant; justificar no aplicabilidad cuando el marco lo permita.","Política, inventario, evaluación, model/system card, logs, pruebas, registros de datos, contratos o comunicaciones según corresponda.",AIMS;ANNEX_A,medium,provisional
ISO_IEC_42001_2023-R-036,ISO_IEC_42001_2023,A.8.2,reference_control,"Considerar y gobernar información y documentación para usuarios conforme al riesgo, impacto y contexto del sistema de IA.",False,PROVISIONAL_SUPPORTING_REFERENCE,A.8.2,https://www.iso.org/standard/42001,NOT_YET_LICENSED,"Evaluar dentro del alcance, contexto y actividades del tenant; justificar no aplicabilidad cuando el marco lo permita.","Política, inventario, evaluación, model/system card, logs, pruebas, registros de datos, contratos o comunicaciones según corresponda.",AIMS;ANNEX_A,medium,provisional
ISO_IEC_42001_2023-R-037,ISO_IEC_42001_2023,A.8.3,reference_control,"Considerar y gobernar reporte externo sobre sistemas ia conforme al riesgo, impacto y contexto del sistema de IA.",False,PROVISIONAL_SUPPORTING_REFERENCE,A.8.3,https://www.iso.org/standard/42001,NOT_YET_LICENSED,"Evaluar dentro del alcance, contexto y actividades del tenant; justificar no aplicabilidad cuando el marco lo permita.","Política, inventario, evaluación, model/system card, logs, pruebas, registros de datos, contratos o comunicaciones según corresponda.",AIMS;ANNEX_A,medium,provisional
ISO_IEC_42001_2023-R-038,ISO_IEC_42001_2023,A.8.4,reference_control,"Considerar y gobernar comunicación de incidentes ia conforme al riesgo, impacto y contexto del sistema de IA.",False,PROVISIONAL_SUPPORTING_REFERENCE,A.8.4,https://www.iso.org/standard/42001,NOT_YET_LICENSED,"Evaluar dentro del alcance, contexto y actividades del tenant; justificar no aplicabilidad cuando el marco lo permita.","Política, inventario, evaluación, model/system card, logs, pruebas, registros de datos, contratos o comunicaciones según corresponda.",AIMS;ANNEX_A,medium,provisional
ISO_IEC_42001_2023-R-039,ISO_IEC_42001_2023,A.8.5,reference_control,"Considerar y gobernar información a partes interesadas conforme al riesgo, impacto y contexto del sistema de IA.",False,PROVISIONAL_SUPPORTING_REFERENCE,A.8.5,https://www.iso.org/standard/42001,NOT_YET_LICENSED,"Evaluar dentro del alcance, contexto y actividades del tenant; justificar no aplicabilidad cuando el marco lo permita.","Política, inventario, evaluación, model/system card, logs, pruebas, registros de datos, contratos o comunicaciones según corresponda.",AIMS;ANNEX_A,medium,provisional
ISO_IEC_42001_2023-R-040,ISO_IEC_42001_2023,A.9.2,reference_control,"Considerar y gobernar procesos para uso responsable de ia conforme al riesgo, impacto y contexto del sistema de IA.",False,PROVISIONAL_SUPPORTING_REFERENCE,A.9.2,https://www.iso.org/standard/42001,NOT_YET_LICENSED,"Evaluar dentro del alcance, contexto y actividades del tenant; justificar no aplicabilidad cuando el marco lo permita.","Política, inventario, evaluación, model/system card, logs, pruebas, registros de datos, contratos o comunicaciones según corresponda.",AIMS;ANNEX_A,medium,provisional
ISO_IEC_42001_2023-R-041,ISO_IEC_42001_2023,A.9.3,reference_control,"Considerar y gobernar objetivos para uso responsable de ia conforme al riesgo, impacto y contexto del sistema de IA.",False,PROVISIONAL_SUPPORTING_REFERENCE,A.9.3,https://www.iso.org/standard/42001,NOT_YET_LICENSED,"Evaluar dentro del alcance, contexto y actividades del tenant; justificar no aplicabilidad cuando el marco lo permita.","Política, inventario, evaluación, model/system card, logs, pruebas, registros de datos, contratos o comunicaciones según corresponda.",AIMS;ANNEX_A,medium,provisional
ISO_IEC_42001_2023-R-042,ISO_IEC_42001_2023,A.9.4,reference_control,"Considerar y gobernar uso previsto del sistema ia conforme al riesgo, impacto y contexto del sistema de IA.",False,PROVISIONAL_SUPPORTING_REFERENCE,A.9.4,https://www.iso.org/standard/42001,NOT_YET_LICENSED,"Evaluar dentro del alcance, contexto y actividades del tenant; justificar no aplicabilidad cuando el marco lo permita.","Política, inventario, evaluación, model/system card, logs, pruebas, registros de datos, contratos o comunicaciones según corresponda.",AIMS;ANNEX_A,medium,provisional
ISO_IEC_42001_2023-R-043,ISO_IEC_42001_2023,A.10.2,reference_control,"Considerar y gobernar asignación de responsabilidades con terceros conforme al riesgo, impacto y contexto del sistema de IA.",False,PROVISIONAL_SUPPORTING_REFERENCE,A.10.2,https://www.iso.org/standard/42001,NOT_YET_LICENSED,"Evaluar dentro del alcance, contexto y actividades del tenant; justificar no aplicabilidad cuando el marco lo permita.","Política, inventario, evaluación, model/system card, logs, pruebas, registros de datos, contratos o comunicaciones según corresponda.",AIMS;ANNEX_A,medium,provisional
ISO_IEC_42001_2023-R-044,ISO_IEC_42001_2023,A.10.3,reference_control,"Considerar y gobernar proveedores de sistemas/servicios ia conforme al riesgo, impacto y contexto del sistema de IA.",False,PROVISIONAL_SUPPORTING_REFERENCE,A.10.3,https://www.iso.org/standard/42001,NOT_YET_LICENSED,"Evaluar dentro del alcance, contexto y actividades del tenant; justificar no aplicabilidad cuando el marco lo permita.","Política, inventario, evaluación, model/system card, logs, pruebas, registros de datos, contratos o comunicaciones según corresponda.",AIMS;ANNEX_A,medium,provisional
ISO_IEC_42001_2023-R-045,ISO_IEC_42001_2023,A.10.4,reference_control,"Considerar y gobernar relaciones y obligaciones con clientes conforme al riesgo, impacto y contexto del sistema de IA.",False,PROVISIONAL_SUPPORTING_REFERENCE,A.10.4,https://www.iso.org/standard/42001,NOT_YET_LICENSED,"Evaluar dentro del alcance, contexto y actividades del tenant; justificar no aplicabilidad cuando el marco lo permita.","Política, inventario, evaluación, model/system card, logs, pruebas, registros de datos, contratos o comunicaciones según corresponda.",AIMS;ANNEX_A,medium,provisional
CL_LEY_21719-R-001,CL_LEY_21719,Art. 3,legal_obligation,"Aplicar licitud y lealtad, finalidad, proporcionalidad, calidad, responsabilidad, seguridad, transparencia e información, confidencialidad y conservación limitada.",True,OFFICIAL_PUBLIC_SOURCE,Art. 3,https://www.bcn.cl/leychile/Navegar?idNorma=1209272&idVersion=2026-12-01,PUBLIC_LAW,"Evaluar dentro del alcance, contexto y actividades del tenant; justificar no aplicabilidad cuando el marco lo permita.","Políticas, registro de actividades/tratamientos, solicitudes, contratos, evaluaciones, logs, comunicaciones, incidentes y controles técnicos/organizativos según obligación.",PRIVACY;CHILE,high,reviewed_public_source
CL_LEY_21719-R-002,CL_LEY_21719,Art. 4,legal_obligation,"Habilitar acceso, rectificación, supresión, oposición, portabilidad y bloqueo, sin renuncias o limitaciones indebidas.",True,OFFICIAL_PUBLIC_SOURCE,Art. 4,https://www.bcn.cl/leychile/Navegar?idNorma=1209272&idVersion=2026-12-01,PUBLIC_LAW,"Evaluar dentro del alcance, contexto y actividades del tenant; justificar no aplicabilidad cuando el marco lo permita.","Políticas, registro de actividades/tratamientos, solicitudes, contratos, evaluaciones, logs, comunicaciones, incidentes y controles técnicos/organizativos según obligación.",PRIVACY;CHILE,high,reviewed_public_source
CL_LEY_21719-R-003,CL_LEY_21719,Art. 5,legal_obligation,"Entregar confirmación e información suficiente sobre tratamientos, categorías, finalidades, destinatarios, transferencias, conservación, fuente y decisiones automatizadas.",True,OFFICIAL_PUBLIC_SOURCE,Art. 5,https://www.bcn.cl/leychile/Navegar?idNorma=1209272&idVersion=2026-12-01,PUBLIC_LAW,"Evaluar dentro del alcance, contexto y actividades del tenant; justificar no aplicabilidad cuando el marco lo permita.","Políticas, registro de actividades/tratamientos, solicitudes, contratos, evaluaciones, logs, comunicaciones, incidentes y controles técnicos/organizativos según obligación.",PRIVACY;CHILE,high,reviewed_public_source
CL_LEY_21719-R-004,CL_LEY_21719,Art. 6,legal_obligation,"Permitir corrección de datos inexactos, desactualizados o incompletos cuando proceda.",True,OFFICIAL_PUBLIC_SOURCE,Art. 6,https://www.bcn.cl/leychile/Navegar?idNorma=1209272&idVersion=2026-12-01,PUBLIC_LAW,"Evaluar dentro del alcance, contexto y actividades del tenant; justificar no aplicabilidad cuando el marco lo permita.","Políticas, registro de actividades/tratamientos, solicitudes, contratos, evaluaciones, logs, comunicaciones, incidentes y controles técnicos/organizativos según obligación.",PRIVACY;CHILE,high,reviewed_public_source
CL_LEY_21719-R-005,CL_LEY_21719,Art. 7,legal_obligation,Permitir eliminación cuando se cumplan causales legales y controlar excepciones.,True,OFFICIAL_PUBLIC_SOURCE,Art. 7,https://www.bcn.cl/leychile/Navegar?idNorma=1209272&idVersion=2026-12-01,PUBLIC_LAW,"Evaluar dentro del alcance, contexto y actividades del tenant; justificar no aplicabilidad cuando el marco lo permita.","Políticas, registro de actividades/tratamientos, solicitudes, contratos, evaluaciones, logs, comunicaciones, incidentes y controles técnicos/organizativos según obligación.",PRIVACY;CHILE,high,reviewed_public_source
CL_LEY_21719-R-006,CL_LEY_21719,Art. 8,legal_obligation,Permitir oposición a tratamientos en los casos legalmente establecidos.,True,OFFICIAL_PUBLIC_SOURCE,Art. 8,https://www.bcn.cl/leychile/Navegar?idNorma=1209272&idVersion=2026-12-01,PUBLIC_LAW,"Evaluar dentro del alcance, contexto y actividades del tenant; justificar no aplicabilidad cuando el marco lo permita.","Políticas, registro de actividades/tratamientos, solicitudes, contratos, evaluaciones, logs, comunicaciones, incidentes y controles técnicos/organizativos según obligación.",PRIVACY;CHILE,high,reviewed_public_source
CL_LEY_21719-R-007,CL_LEY_21719,Art. 8 bis,legal_obligation,"Aplicar salvaguardas a decisiones automatizadas/perfilamiento, incluida información, explicación, intervención humana y revisión cuando corresponda.",True,OFFICIAL_PUBLIC_SOURCE,Art. 8 bis,https://www.bcn.cl/leychile/Navegar?idNorma=1209272&idVersion=2026-12-01,PUBLIC_LAW,"Evaluar dentro del alcance, contexto y actividades del tenant; justificar no aplicabilidad cuando el marco lo permita.","Políticas, registro de actividades/tratamientos, solicitudes, contratos, evaluaciones, logs, comunicaciones, incidentes y controles técnicos/organizativos según obligación.",PRIVACY;CHILE,high,reviewed_public_source
CL_LEY_21719-R-008,CL_LEY_21719,Art. 8 ter,legal_obligation,"Suspender temporalmente tratamientos durante solicitudes de rectificación, supresión u oposición cuando proceda.",True,OFFICIAL_PUBLIC_SOURCE,Art. 8 ter,https://www.bcn.cl/leychile/Navegar?idNorma=1209272&idVersion=2026-12-01,PUBLIC_LAW,"Evaluar dentro del alcance, contexto y actividades del tenant; justificar no aplicabilidad cuando el marco lo permita.","Políticas, registro de actividades/tratamientos, solicitudes, contratos, evaluaciones, logs, comunicaciones, incidentes y controles técnicos/organizativos según obligación.",PRIVACY;CHILE,high,reviewed_public_source
CL_LEY_21719-R-009,CL_LEY_21719,Art. 9,legal_obligation,Entregar datos aplicables en formato estructurado e interoperable y posibilitar transferencia cuando corresponda.,True,OFFICIAL_PUBLIC_SOURCE,Art. 9,https://www.bcn.cl/leychile/Navegar?idNorma=1209272&idVersion=2026-12-01,PUBLIC_LAW,"Evaluar dentro del alcance, contexto y actividades del tenant; justificar no aplicabilidad cuando el marco lo permita.","Políticas, registro de actividades/tratamientos, solicitudes, contratos, evaluaciones, logs, comunicaciones, incidentes y controles técnicos/organizativos según obligación.",PRIVACY;CHILE,high,reviewed_public_source
CL_LEY_21719-R-010,CL_LEY_21719,Art. 10,legal_obligation,"Disponer medios accesibles, trazables y oportunos para ejercer derechos de titulares.",True,OFFICIAL_PUBLIC_SOURCE,Art. 10,https://www.bcn.cl/leychile/Navegar?idNorma=1209272&idVersion=2026-12-01,PUBLIC_LAW,"Evaluar dentro del alcance, contexto y actividades del tenant; justificar no aplicabilidad cuando el marco lo permita.","Políticas, registro de actividades/tratamientos, solicitudes, contratos, evaluaciones, logs, comunicaciones, incidentes y controles técnicos/organizativos según obligación.",PRIVACY;CHILE,high,reviewed_public_source
CL_LEY_21719-R-011,CL_LEY_21719,Art. 12,legal_obligation,"Gestionar consentimiento libre, específico, inequívoco e informado y su retiro cuando sea la base de legitimidad.",True,OFFICIAL_PUBLIC_SOURCE,Art. 12,https://www.bcn.cl/leychile/Navegar?idNorma=1209272&idVersion=2026-12-01,PUBLIC_LAW,"Evaluar dentro del alcance, contexto y actividades del tenant; justificar no aplicabilidad cuando el marco lo permita.","Políticas, registro de actividades/tratamientos, solicitudes, contratos, evaluaciones, logs, comunicaciones, incidentes y controles técnicos/organizativos según obligación.",PRIVACY;CHILE,high,reviewed_public_source
CL_LEY_21719-R-012,CL_LEY_21719,Art. 13,legal_obligation,Identificar y documentar la base jurídica aplicable a cada tratamiento.,True,OFFICIAL_PUBLIC_SOURCE,Art. 13,https://www.bcn.cl/leychile/Navegar?idNorma=1209272&idVersion=2026-12-01,PUBLIC_LAW,"Evaluar dentro del alcance, contexto y actividades del tenant; justificar no aplicabilidad cuando el marco lo permita.","Políticas, registro de actividades/tratamientos, solicitudes, contratos, evaluaciones, logs, comunicaciones, incidentes y controles técnicos/organizativos según obligación.",PRIVACY;CHILE,high,reviewed_public_source
CL_LEY_21719-R-013,CL_LEY_21719,Art. 14 bis,legal_obligation,"Preservar secreto/confidencialidad mediante controles adecuados, incluso tras terminar la relación pertinente.",True,OFFICIAL_PUBLIC_SOURCE,Art. 14 bis,https://www.bcn.cl/leychile/Navegar?idNorma=1209272&idVersion=2026-12-01,PUBLIC_LAW,"Evaluar dentro del alcance, contexto y actividades del tenant; justificar no aplicabilidad cuando el marco lo permita.","Políticas, registro de actividades/tratamientos, solicitudes, contratos, evaluaciones, logs, comunicaciones, incidentes y controles técnicos/organizativos según obligación.",PRIVACY;CHILE,high,reviewed_public_source
CL_LEY_21719-R-014,CL_LEY_21719,Art. 14 ter,legal_obligation,Mantener información y medidas organizativas que permitan demostrar cumplimiento de obligaciones del responsable.,True,OFFICIAL_PUBLIC_SOURCE,Art. 14 ter,https://www.bcn.cl/leychile/Navegar?idNorma=1209272&idVersion=2026-12-01,PUBLIC_LAW,"Evaluar dentro del alcance, contexto y actividades del tenant; justificar no aplicabilidad cuando el marco lo permita.","Políticas, registro de actividades/tratamientos, solicitudes, contratos, evaluaciones, logs, comunicaciones, incidentes y controles técnicos/organizativos según obligación.",PRIVACY;CHILE,high,reviewed_public_source
CL_LEY_21719-R-015,CL_LEY_21719,Art. 14 quáter,legal_obligation,"Aplicar medidas técnicas y organizativas desde diseño y por defecto, limitando tratamiento a datos necesarios, alcance, conservación y accesibilidad.",True,OFFICIAL_PUBLIC_SOURCE,Art. 14 quáter,https://www.bcn.cl/leychile/Navegar?idNorma=1209272&idVersion=2026-12-01,PUBLIC_LAW,"Evaluar dentro del alcance, contexto y actividades del tenant; justificar no aplicabilidad cuando el marco lo permita.","Políticas, registro de actividades/tratamientos, solicitudes, contratos, evaluaciones, logs, comunicaciones, incidentes y controles técnicos/organizativos según obligación.",PRIVACY;CHILE,high,reviewed_public_source
CL_LEY_21719-R-016,CL_LEY_21719,Art. 14 quinquies,legal_obligation,"Aplicar medidas técnicas y organizativas adecuadas al riesgo para confidencialidad, integridad, disponibilidad y resiliencia; prevenir accesos, pérdidas y alteraciones no autorizadas.",True,OFFICIAL_PUBLIC_SOURCE,Art. 14 quinquies,https://www.bcn.cl/leychile/Navegar?idNorma=1209272&idVersion=2026-12-01,PUBLIC_LAW,"Evaluar dentro del alcance, contexto y actividades del tenant; justificar no aplicabilidad cuando el marco lo permita.","Políticas, registro de actividades/tratamientos, solicitudes, contratos, evaluaciones, logs, comunicaciones, incidentes y controles técnicos/organizativos según obligación.",PRIVACY;CHILE,high,reviewed_public_source
CL_LEY_21719-R-017,CL_LEY_21719,Art. 14 quinquies,legal_obligation,"Mantener capacidad de detectar, gestionar, registrar y comunicar vulneraciones de seguridad conforme a las condiciones legales aplicables.",True,OFFICIAL_PUBLIC_SOURCE,Art. 14 quinquies,https://www.bcn.cl/leychile/Navegar?idNorma=1209272&idVersion=2026-12-01,PUBLIC_LAW,"Evaluar dentro del alcance, contexto y actividades del tenant; justificar no aplicabilidad cuando el marco lo permita.","Políticas, registro de actividades/tratamientos, solicitudes, contratos, evaluaciones, logs, comunicaciones, incidentes y controles técnicos/organizativos según obligación.",PRIVACY;CHILE,high,reviewed_public_source
CL_LEY_21719-R-018,CL_LEY_21719,Art. 15,legal_obligation,"Controlar cesiones, finalidades, bases de licitud y documentación de las partes y datos involucrados.",True,OFFICIAL_PUBLIC_SOURCE,Art. 15,https://www.bcn.cl/leychile/Navegar?idNorma=1209272&idVersion=2026-12-01,PUBLIC_LAW,"Evaluar dentro del alcance, contexto y actividades del tenant; justificar no aplicabilidad cuando el marco lo permita.","Políticas, registro de actividades/tratamientos, solicitudes, contratos, evaluaciones, logs, comunicaciones, incidentes y controles técnicos/organizativos según obligación.",PRIVACY;CHILE,high,reviewed_public_source
CL_LEY_21719-R-019,CL_LEY_21719,Art. 15 bis,legal_obligation,"Formalizar contratos de encargo, instrucciones, finalidad, duración, categorías, obligaciones y subencargados autorizados.",True,OFFICIAL_PUBLIC_SOURCE,Art. 15 bis,https://www.bcn.cl/leychile/Navegar?idNorma=1209272&idVersion=2026-12-01,PUBLIC_LAW,"Evaluar dentro del alcance, contexto y actividades del tenant; justificar no aplicabilidad cuando el marco lo permita.","Políticas, registro de actividades/tratamientos, solicitudes, contratos, evaluaciones, logs, comunicaciones, incidentes y controles técnicos/organizativos según obligación.",PRIVACY;CHILE,high,reviewed_public_source
CL_LEY_21719-R-020,CL_LEY_21719,Datos sensibles,legal_obligation,Aplicar condiciones reforzadas para datos sensibles y limitar tratamientos a bases legales aplicables.,True,OFFICIAL_PUBLIC_SOURCE,Datos sensibles,https://www.bcn.cl/leychile/Navegar?idNorma=1209272&idVersion=2026-12-01,PUBLIC_LAW,"Evaluar dentro del alcance, contexto y actividades del tenant; justificar no aplicabilidad cuando el marco lo permita.","Políticas, registro de actividades/tratamientos, solicitudes, contratos, evaluaciones, logs, comunicaciones, incidentes y controles técnicos/organizativos según obligación.",PRIVACY;CHILE,high,reviewed_public_source
CL_LEY_21719-R-021,CL_LEY_21719,NNA,legal_obligation,Aplicar salvaguardas específicas al tratamiento de datos de menores cuando corresponda.,True,OFFICIAL_PUBLIC_SOURCE,NNA,https://www.bcn.cl/leychile/Navegar?idNorma=1209272&idVersion=2026-12-01,PUBLIC_LAW,"Evaluar dentro del alcance, contexto y actividades del tenant; justificar no aplicabilidad cuando el marco lo permita.","Políticas, registro de actividades/tratamientos, solicitudes, contratos, evaluaciones, logs, comunicaciones, incidentes y controles técnicos/organizativos según obligación.",PRIVACY;CHILE,high,reviewed_public_source
CL_LEY_21719-R-022,CL_LEY_21719,Art. 27,legal_obligation,"Autorizar transferencias internacionales sólo bajo mecanismos admitidos: adecuación, garantías u otras excepciones legales.",True,OFFICIAL_PUBLIC_SOURCE,Art. 27,https://www.bcn.cl/leychile/Navegar?idNorma=1209272&idVersion=2026-12-01,PUBLIC_LAW,"Evaluar dentro del alcance, contexto y actividades del tenant; justificar no aplicabilidad cuando el marco lo permita.","Políticas, registro de actividades/tratamientos, solicitudes, contratos, evaluaciones, logs, comunicaciones, incidentes y controles técnicos/organizativos según obligación.",PRIVACY;CHILE,high,reviewed_public_source
CL_LEY_21719-R-023,CL_LEY_21719,Art. 28,legal_obligation,"Evaluar adecuación/garantías, mantener instrumentos y demostrar conformidad de transferencias internacionales.",True,OFFICIAL_PUBLIC_SOURCE,Art. 28,https://www.bcn.cl/leychile/Navegar?idNorma=1209272&idVersion=2026-12-01,PUBLIC_LAW,"Evaluar dentro del alcance, contexto y actividades del tenant; justificar no aplicabilidad cuando el marco lo permita.","Políticas, registro de actividades/tratamientos, solicitudes, contratos, evaluaciones, logs, comunicaciones, incidentes y controles técnicos/organizativos según obligación.",PRIVACY;CHILE,high,reviewed_public_source
CL_LEY_21719-R-024,CL_LEY_21719,Art. 29,legal_obligation,Mantener evidencia y capacidad de respuesta ante fiscalización de transferencias.,True,OFFICIAL_PUBLIC_SOURCE,Art. 29,https://www.bcn.cl/leychile/Navegar?idNorma=1209272&idVersion=2026-12-01,PUBLIC_LAW,"Evaluar dentro del alcance, contexto y actividades del tenant; justificar no aplicabilidad cuando el marco lo permita.","Políticas, registro de actividades/tratamientos, solicitudes, contratos, evaluaciones, logs, comunicaciones, incidentes y controles técnicos/organizativos según obligación.",PRIVACY;CHILE,high,reviewed_public_source
CL_LEY_21719-R-025,CL_LEY_21719,Responsabilidad,legal_obligation,"Mantener evidencia verificable de decisiones, controles y cumplimiento para demostrar responsabilidad.",True,OFFICIAL_PUBLIC_SOURCE,Responsabilidad,https://www.bcn.cl/leychile/Navegar?idNorma=1209272&idVersion=2026-12-01,PUBLIC_LAW,"Evaluar dentro del alcance, contexto y actividades del tenant; justificar no aplicabilidad cuando el marco lo permita.","Políticas, registro de actividades/tratamientos, solicitudes, contratos, evaluaciones, logs, comunicaciones, incidentes y controles técnicos/organizativos según obligación.",PRIVACY;CHILE,high,reviewed_public_source
CL_LEY_21719-R-026,CL_LEY_21719,Conservación,legal_obligation,Suprimir o anonimizar datos al terminar la necesidad del tratamiento salvo base legal o consentimiento que autorice mayor conservación.,True,OFFICIAL_PUBLIC_SOURCE,Conservación,https://www.bcn.cl/leychile/Navegar?idNorma=1209272&idVersion=2026-12-01,PUBLIC_LAW,"Evaluar dentro del alcance, contexto y actividades del tenant; justificar no aplicabilidad cuando el marco lo permita.","Políticas, registro de actividades/tratamientos, solicitudes, contratos, evaluaciones, logs, comunicaciones, incidentes y controles técnicos/organizativos según obligación.",PRIVACY;CHILE,high,reviewed_public_source
CL_LEY_21719-R-027,CL_LEY_21719,Transparencia,legal_obligation,"Mantener políticas y prácticas de tratamiento accesibles, claras, precisas y gratuitas.",True,OFFICIAL_PUBLIC_SOURCE,Transparencia,https://www.bcn.cl/leychile/Navegar?idNorma=1209272&idVersion=2026-12-01,PUBLIC_LAW,"Evaluar dentro del alcance, contexto y actividades del tenant; justificar no aplicabilidad cuando el marco lo permita.","Políticas, registro de actividades/tratamientos, solicitudes, contratos, evaluaciones, logs, comunicaciones, incidentes y controles técnicos/organizativos según obligación.",PRIVACY;CHILE,high,reviewed_public_source
CL_LEY_21719-R-028,CL_LEY_21719,Calidad,legal_obligation,"Mantener datos exactos, completos, actuales y pertinentes para su finalidad.",True,OFFICIAL_PUBLIC_SOURCE,Calidad,https://www.bcn.cl/leychile/Navegar?idNorma=1209272&idVersion=2026-12-01,PUBLIC_LAW,"Evaluar dentro del alcance, contexto y actividades del tenant; justificar no aplicabilidad cuando el marco lo permita.","Políticas, registro de actividades/tratamientos, solicitudes, contratos, evaluaciones, logs, comunicaciones, incidentes y controles técnicos/organizativos según obligación.",PRIVACY;CHILE,high,reviewed_public_source
CL_LEY_21719-R-029,CL_LEY_21719,Seguridad,legal_obligation,"Evaluar naturaleza, alcance, contexto, fines, probabilidad y gravedad de riesgos para determinar medidas apropiadas.",True,OFFICIAL_PUBLIC_SOURCE,Seguridad,https://www.bcn.cl/leychile/Navegar?idNorma=1209272&idVersion=2026-12-01,PUBLIC_LAW,"Evaluar dentro del alcance, contexto y actividades del tenant; justificar no aplicabilidad cuando el marco lo permita.","Políticas, registro de actividades/tratamientos, solicitudes, contratos, evaluaciones, logs, comunicaciones, incidentes y controles técnicos/organizativos según obligación.",PRIVACY;CHILE,high,reviewed_public_source
CL_LEY_21719-R-030,CL_LEY_21719,Registro,legal_obligation,"Mantener registros suficientes de tratamientos, decisiones, incidentes, solicitudes y controles cuando sean necesarios para demostrar cumplimiento.",True,OFFICIAL_PUBLIC_SOURCE,Registro,https://www.bcn.cl/leychile/Navegar?idNorma=1209272&idVersion=2026-12-01,PUBLIC_LAW,"Evaluar dentro del alcance, contexto y actividades del tenant; justificar no aplicabilidad cuando el marco lo permita.","Políticas, registro de actividades/tratamientos, solicitudes, contratos, evaluaciones, logs, comunicaciones, incidentes y controles técnicos/organizativos según obligación.",PRIVACY;CHILE,high,reviewed_public_source
