mapping_id,requirement_code,control_code,mapping_type,coverage,rationale_tcdx,confidence,review_status
MAP-00001,ISO_9001_2015-R-001,CTX-001,direct,PARTIAL,El control contribuye a operacionalizar o evidenciar el requisito; la conclusión de cumplimiento permanece específica del requisito y no se infiere automáticamente.,medium,provisional
MAP-00002,ISO_9001_2015-R-001,SCOPE-001,supporting,PARTIAL,El control contribuye a operacionalizar o evidenciar el requisito; la conclusión de cumplimiento permanece específica del requisito y no se infiere automáticamente.,medium,provisional
MAP-00003,ISO_9001_2015-R-002,GOV-001,direct,PARTIAL,El control contribuye a operacionalizar o evidenciar el requisito; la conclusión de cumplimiento permanece específica del requisito y no se infiere automáticamente.,medium,provisional
MAP-00004,ISO_9001_2015-R-002,GOV-002,supporting,PARTIAL,El control contribuye a operacionalizar o evidenciar el requisito; la conclusión de cumplimiento permanece específica del requisito y no se infiere automáticamente.,medium,provisional
MAP-00005,ISO_9001_2015-R-002,GOV-003,supporting,PARTIAL,El control contribuye a operacionalizar o evidenciar el requisito; la conclusión de cumplimiento permanece específica del requisito y no se infiere automáticamente.,medium,provisional
MAP-00006,ISO_9001_2015-R-003,RISK-001,direct,PARTIAL,El control contribuye a operacionalizar o evidenciar el requisito; la conclusión de cumplimiento permanece específica del requisito y no se infiere automáticamente.,medium,provisional
MAP-00007,ISO_9001_2015-R-003,RISK-002,supporting,PARTIAL,El control contribuye a operacionalizar o evidenciar el requisito; la conclusión de cumplimiento permanece específica del requisito y no se infiere automáticamente.,medium,provisional
MAP-00008,ISO_9001_2015-R-003,OBJ-001,supporting,PARTIAL,El control contribuye a operacionalizar o evidenciar el requisito; la conclusión de cumplimiento permanece específica del requisito y no se infiere automáticamente.,medium,provisional
MAP-00009,ISO_9001_2015-R-003,METRIC-001,supporting,PARTIAL,El control contribuye a operacionalizar o evidenciar el requisito; la conclusión de cumplimiento permanece específica del requisito y no se infiere automáticamente.,medium,provisional
MAP-00010,ISO_9001_2015-R-004,COMP-001,direct,PARTIAL,El control contribuye a operacionalizar o evidenciar el requisito; la conclusión de cumplimiento permanece específica del requisito y no se infiere automáticamente.,medium,provisional
MAP-00011,ISO_9001_2015-R-004,AWARE-001,supporting,PARTIAL,El control contribuye a operacionalizar o evidenciar el requisito; la conclusión de cumplimiento permanece específica del requisito y no se infiere automáticamente.,medium,provisional
MAP-00012,ISO_9001_2015-R-004,COMM-001,supporting,PARTIAL,El control contribuye a operacionalizar o evidenciar el requisito; la conclusión de cumplimiento permanece específica del requisito y no se infiere automáticamente.,medium,provisional
MAP-00013,ISO_9001_2015-R-004,DOC-001,supporting,PARTIAL,El control contribuye a operacionalizar o evidenciar el requisito; la conclusión de cumplimiento permanece específica del requisito y no se infiere automáticamente.,medium,provisional
MAP-00014,ISO_9001_2015-R-004,REC-001,supporting,PARTIAL,El control contribuye a operacionalizar o evidenciar el requisito; la conclusión de cumplimiento permanece específica del requisito y no se infiere automáticamente.,medium,provisional
MAP-00015,ISO_9001_2015-R-004,AI-001,supporting,PARTIAL,El control contribuye a operacionalizar o evidenciar el requisito; la conclusión de cumplimiento permanece específica del requisito y no se infiere automáticamente.,medium,provisional
MAP-00016,ISO_9001_2015-R-005,PROC-001,direct,FULL,El control contribuye a operacionalizar o evidenciar el requisito; la conclusión de cumplimiento permanece específica del requisito y no se infiere automáticamente.,medium,provisional
MAP-00017,ISO_9001_2015-R-006,METRIC-001,direct,PARTIAL,El control contribuye a operacionalizar o evidenciar el requisito; la conclusión de cumplimiento permanece específica del requisito y no se infiere automáticamente.,medium,provisional
MAP-00018,ISO_9001_2015-R-006,AUDIT-001,supporting,PARTIAL,El control contribuye a operacionalizar o evidenciar el requisito; la conclusión de cumplimiento permanece específica del requisito y no se infiere automáticamente.,medium,provisional
MAP-00019,ISO_9001_2015-R-006,GOV-004,supporting,PARTIAL,El control contribuye a operacionalizar o evidenciar el requisito; la conclusión de cumplimiento permanece específica del requisito y no se infiere automáticamente.,medium,provisional
MAP-00020,ISO_9001_2015-R-007,NC-001,direct,PARTIAL,El control contribuye a operacionalizar o evidenciar el requisito; la conclusión de cumplimiento permanece específica del requisito y no se infiere automáticamente.,medium,provisional
MAP-00021,ISO_9001_2015-R-007,IMPROVE-001,supporting,PARTIAL,El control contribuye a operacionalizar o evidenciar el requisito; la conclusión de cumplimiento permanece específica del requisito y no se infiere automáticamente.,medium,provisional
MAP-00022,ISO_9001_2026-R-001,CTX-001,direct,PARTIAL,El control contribuye a operacionalizar o evidenciar el requisito; la conclusión de cumplimiento permanece específica del requisito y no se infiere automáticamente.,medium,provisional
MAP-00023,ISO_9001_2026-R-001,SCOPE-001,supporting,PARTIAL,El control contribuye a operacionalizar o evidenciar el requisito; la conclusión de cumplimiento permanece específica del requisito y no se infiere automáticamente.,medium,provisional
MAP-00024,ISO_9001_2026-R-002,GOV-001,direct,PARTIAL,El control contribuye a operacionalizar o evidenciar el requisito; la conclusión de cumplimiento permanece específica del requisito y no se infiere automáticamente.,medium,provisional
MAP-00025,ISO_9001_2026-R-002,GOV-002,supporting,PARTIAL,El control contribuye a operacionalizar o evidenciar el requisito; la conclusión de cumplimiento permanece específica del requisito y no se infiere automáticamente.,medium,provisional
MAP-00026,ISO_9001_2026-R-002,GOV-003,supporting,PARTIAL,El control contribuye a operacionalizar o evidenciar el requisito; la conclusión de cumplimiento permanece específica del requisito y no se infiere automáticamente.,medium,provisional
MAP-00027,ISO_9001_2026-R-003,RISK-001,direct,PARTIAL,El control contribuye a operacionalizar o evidenciar el requisito; la conclusión de cumplimiento permanece específica del requisito y no se infiere automáticamente.,medium,provisional
MAP-00028,ISO_9001_2026-R-003,RISK-002,supporting,PARTIAL,El control contribuye a operacionalizar o evidenciar el requisito; la conclusión de cumplimiento permanece específica del requisito y no se infiere automáticamente.,medium,provisional
MAP-00029,ISO_9001_2026-R-003,OBJ-001,supporting,PARTIAL,El control contribuye a operacionalizar o evidenciar el requisito; la conclusión de cumplimiento permanece específica del requisito y no se infiere automáticamente.,medium,provisional
MAP-00030,ISO_9001_2026-R-003,METRIC-001,supporting,PARTIAL,El control contribuye a operacionalizar o evidenciar el requisito; la conclusión de cumplimiento permanece específica del requisito y no se infiere automáticamente.,medium,provisional
MAP-00031,ISO_9001_2026-R-004,COMP-001,direct,PARTIAL,El control contribuye a operacionalizar o evidenciar el requisito; la conclusión de cumplimiento permanece específica del requisito y no se infiere automáticamente.,medium,provisional
MAP-00032,ISO_9001_2026-R-004,AWARE-001,supporting,PARTIAL,El control contribuye a operacionalizar o evidenciar el requisito; la conclusión de cumplimiento permanece específica del requisito y no se infiere automáticamente.,medium,provisional
MAP-00033,ISO_9001_2026-R-004,COMM-001,supporting,PARTIAL,El control contribuye a operacionalizar o evidenciar el requisito; la conclusión de cumplimiento permanece específica del requisito y no se infiere automáticamente.,medium,provisional
MAP-00034,ISO_9001_2026-R-004,DOC-001,supporting,PARTIAL,El control contribuye a operacionalizar o evidenciar el requisito; la conclusión de cumplimiento permanece específica del requisito y no se infiere automáticamente.,medium,provisional
MAP-00035,ISO_9001_2026-R-004,REC-001,supporting,PARTIAL,El control contribuye a operacionalizar o evidenciar el requisito; la conclusión de cumplimiento permanece específica del requisito y no se infiere automáticamente.,medium,provisional
MAP-00036,ISO_9001_2026-R-004,AI-001,supporting,PARTIAL,El control contribuye a operacionalizar o evidenciar el requisito; la conclusión de cumplimiento permanece específica del requisito y no se infiere automáticamente.,medium,provisional
MAP-00037,ISO_9001_2026-R-005,PROC-001,direct,FULL,El control contribuye a operacionalizar o evidenciar el requisito; la conclusión de cumplimiento permanece específica del requisito y no se infiere automáticamente.,medium,provisional
MAP-00038,ISO_9001_2026-R-006,METRIC-001,direct,PARTIAL,El control contribuye a operacionalizar o evidenciar el requisito; la conclusión de cumplimiento permanece específica del requisito y no se infiere automáticamente.,medium,provisional
MAP-00039,ISO_9001_2026-R-006,AUDIT-001,supporting,PARTIAL,El control contribuye a operacionalizar o evidenciar el requisito; la conclusión de cumplimiento permanece específica del requisito y no se infiere automáticamente.,medium,provisional
MAP-00040,ISO_9001_2026-R-006,GOV-004,supporting,PARTIAL,El control contribuye a operacionalizar o evidenciar el requisito; la conclusión de cumplimiento permanece específica del requisito y no se infiere automáticamente.,medium,provisional
MAP-00041,ISO_9001_2026-R-007,NC-001,direct,PARTIAL,El control contribuye a operacionalizar o evidenciar el requisito; la conclusión de cumplimiento permanece específica del requisito y no se infiere automáticamente.,medium,provisional
MAP-00042,ISO_9001_2026-R-007,IMPROVE-001,supporting,PARTIAL,El control contribuye a operacionalizar o evidenciar el requisito; la conclusión de cumplimiento permanece específica del requisito y no se infiere automáticamente.,medium,provisional
MAP-00043,ISO_IEC_27001_2022-R-001,CTX-001,direct,PARTIAL,El control contribuye a operacionalizar o evidenciar el requisito; la conclusión de cumplimiento permanece específica del requisito y no se infiere automáticamente.,medium,provisional
MAP-00044,ISO_IEC_27001_2022-R-001,SCOPE-001,supporting,PARTIAL,El control contribuye a operacionalizar o evidenciar el requisito; la conclusión de cumplimiento permanece específica del requisito y no se infiere automáticamente.,medium,provisional
MAP-00045,ISO_IEC_27001_2022-R-002,GOV-001,direct,PARTIAL,El control contribuye a operacionalizar o evidenciar el requisito; la conclusión de cumplimiento permanece específica del requisito y no se infiere automáticamente.,medium,provisional
MAP-00046,ISO_IEC_27001_2022-R-002,GOV-002,supporting,PARTIAL,El control contribuye a operacionalizar o evidenciar el requisito; la conclusión de cumplimiento permanece específica del requisito y no se infiere automáticamente.,medium,provisional
MAP-00047,ISO_IEC_27001_2022-R-002,GOV-003,supporting,PARTIAL,El control contribuye a operacionalizar o evidenciar el requisito; la conclusión de cumplimiento permanece específica del requisito y no se infiere automáticamente.,medium,provisional
MAP-00048,ISO_IEC_27001_2022-R-003,RISK-001,direct,PARTIAL,El control contribuye a operacionalizar o evidenciar el requisito; la conclusión de cumplimiento permanece específica del requisito y no se infiere automáticamente.,medium,provisional
MAP-00049,ISO_IEC_27001_2022-R-003,RISK-002,supporting,PARTIAL,El control contribuye a operacionalizar o evidenciar el requisito; la conclusión de cumplimiento permanece específica del requisito y no se infiere automáticamente.,medium,provisional
MAP-00050,ISO_IEC_27001_2022-R-003,OBJ-001,supporting,PARTIAL,El control contribuye a operacionalizar o evidenciar el requisito; la conclusión de cumplimiento permanece específica del requisito y no se infiere automáticamente.,medium,provisional
MAP-00051,ISO_IEC_27001_2022-R-003,METRIC-001,supporting,PARTIAL,El control contribuye a operacionalizar o evidenciar el requisito; la conclusión de cumplimiento permanece específica del requisito y no se infiere automáticamente.,medium,provisional
MAP-00052,ISO_IEC_27001_2022-R-004,COMP-001,direct,PARTIAL,El control contribuye a operacionalizar o evidenciar el requisito; la conclusión de cumplimiento permanece específica del requisito y no se infiere automáticamente.,medium,provisional
MAP-00053,ISO_IEC_27001_2022-R-004,AWARE-001,supporting,PARTIAL,El control contribuye a operacionalizar o evidenciar el requisito; la conclusión de cumplimiento permanece específica del requisito y no se infiere automáticamente.,medium,provisional
MAP-00054,ISO_IEC_27001_2022-R-004,COMM-001,supporting,PARTIAL,El control contribuye a operacionalizar o evidenciar el requisito; la conclusión de cumplimiento permanece específica del requisito y no se infiere automáticamente.,medium,provisional
MAP-00055,ISO_IEC_27001_2022-R-004,DOC-001,supporting,PARTIAL,El control contribuye a operacionalizar o evidenciar el requisito; la conclusión de cumplimiento permanece específica del requisito y no se infiere automáticamente.,medium,provisional
MAP-00056,ISO_IEC_27001_2022-R-004,REC-001,supporting,PARTIAL,El control contribuye a operacionalizar o evidenciar el requisito; la conclusión de cumplimiento permanece específica del requisito y no se infiere automáticamente.,medium,provisional
MAP-00057,ISO_IEC_27001_2022-R-004,AI-001,supporting,PARTIAL,El control contribuye a operacionalizar o evidenciar el requisito; la conclusión de cumplimiento permanece específica del requisito y no se infiere automáticamente.,medium,provisional
MAP-00058,ISO_IEC_27001_2022-R-005,PROC-001,direct,FULL,El control contribuye a operacionalizar o evidenciar el requisito; la conclusión de cumplimiento permanece específica del requisito y no se infiere automáticamente.,medium,provisional
MAP-00059,ISO_IEC_27001_2022-R-006,METRIC-001,direct,PARTIAL,El control contribuye a operacionalizar o evidenciar el requisito; la conclusión de cumplimiento permanece específica del requisito y no se infiere automáticamente.,medium,provisional
MAP-00060,ISO_IEC_27001_2022-R-006,AUDIT-001,supporting,PARTIAL,El control contribuye a operacionalizar o evidenciar el requisito; la conclusión de cumplimiento permanece específica del requisito y no se infiere automáticamente.,medium,provisional
MAP-00061,ISO_IEC_27001_2022-R-006,GOV-004,supporting,PARTIAL,El control contribuye a operacionalizar o evidenciar el requisito; la conclusión de cumplimiento permanece específica del requisito y no se infiere automáticamente.,medium,provisional
MAP-00062,ISO_IEC_27001_2022-R-007,NC-001,direct,PARTIAL,El control contribuye a operacionalizar o evidenciar el requisito; la conclusión de cumplimiento permanece específica del requisito y no se infiere automáticamente.,medium,provisional
MAP-00063,ISO_IEC_27001_2022-R-007,IMPROVE-001,supporting,PARTIAL,El control contribuye a operacionalizar o evidenciar el requisito; la conclusión de cumplimiento permanece específica del requisito y no se infiere automáticamente.,medium,provisional
MAP-00064,ISO_IEC_42001_2023-R-001,CTX-001,direct,PARTIAL,El control contribuye a operacionalizar o evidenciar el requisito; la conclusión de cumplimiento permanece específica del requisito y no se infiere automáticamente.,medium,provisional
MAP-00065,ISO_IEC_42001_2023-R-001,SCOPE-001,supporting,PARTIAL,El control contribuye a operacionalizar o evidenciar el requisito; la conclusión de cumplimiento permanece específica del requisito y no se infiere automáticamente.,medium,provisional
MAP-00066,ISO_IEC_42001_2023-R-002,GOV-001,direct,PARTIAL,El control contribuye a operacionalizar o evidenciar el requisito; la conclusión de cumplimiento permanece específica del requisito y no se infiere automáticamente.,medium,provisional
MAP-00067,ISO_IEC_42001_2023-R-002,GOV-002,supporting,PARTIAL,El control contribuye a operacionalizar o evidenciar el requisito; la conclusión de cumplimiento permanece específica del requisito y no se infiere automáticamente.,medium,provisional
MAP-00068,ISO_IEC_42001_2023-R-002,GOV-003,supporting,PARTIAL,El control contribuye a operacionalizar o evidenciar el requisito; la conclusión de cumplimiento permanece específica del requisito y no se infiere automáticamente.,medium,provisional
MAP-00069,ISO_IEC_42001_2023-R-003,RISK-001,direct,PARTIAL,El control contribuye a operacionalizar o evidenciar el requisito; la conclusión de cumplimiento permanece específica del requisito y no se infiere automáticamente.,medium,provisional
MAP-00070,ISO_IEC_42001_2023-R-003,RISK-002,supporting,PARTIAL,El control contribuye a operacionalizar o evidenciar el requisito; la conclusión de cumplimiento permanece específica del requisito y no se infiere automáticamente.,medium,provisional
MAP-00071,ISO_IEC_42001_2023-R-003,OBJ-001,supporting,PARTIAL,El control contribuye a operacionalizar o evidenciar el requisito; la conclusión de cumplimiento permanece específica del requisito y no se infiere automáticamente.,medium,provisional
MAP-00072,ISO_IEC_42001_2023-R-003,METRIC-001,supporting,PARTIAL,El control contribuye a operacionalizar o evidenciar el requisito; la conclusión de cumplimiento permanece específica del requisito y no se infiere automáticamente.,medium,provisional
MAP-00073,ISO_IEC_42001_2023-R-004,COMP-001,direct,PARTIAL,El control contribuye a operacionalizar o evidenciar el requisito; la conclusión de cumplimiento permanece específica del requisito y no se infiere automáticamente.,medium,provisional
MAP-00074,ISO_IEC_42001_2023-R-004,AWARE-001,supporting,PARTIAL,El control contribuye a operacionalizar o evidenciar el requisito; la conclusión de cumplimiento permanece específica del requisito y no se infiere automáticamente.,medium,provisional
MAP-00075,ISO_IEC_42001_2023-R-004,COMM-001,supporting,PARTIAL,El control contribuye a operacionalizar o evidenciar el requisito; la conclusión de cumplimiento permanece específica del requisito y no se infiere automáticamente.,medium,provisional
MAP-00076,ISO_IEC_42001_2023-R-004,DOC-001,supporting,PARTIAL,El control contribuye a operacionalizar o evidenciar el requisito; la conclusión de cumplimiento permanece específica del requisito y no se infiere automáticamente.,medium,provisional
MAP-00077,ISO_IEC_42001_2023-R-004,REC-001,supporting,PARTIAL,El control contribuye a operacionalizar o evidenciar el requisito; la conclusión de cumplimiento permanece específica del requisito y no se infiere automáticamente.,medium,provisional
MAP-00078,ISO_IEC_42001_2023-R-004,AI-001,supporting,PARTIAL,El control contribuye a operacionalizar o evidenciar el requisito; la conclusión de cumplimiento permanece específica del requisito y no se infiere automáticamente.,medium,provisional
MAP-00079,ISO_IEC_42001_2023-R-005,PROC-001,direct,FULL,El control contribuye a operacionalizar o evidenciar el requisito; la conclusión de cumplimiento permanece específica del requisito y no se infiere automáticamente.,medium,provisional
MAP-00080,ISO_IEC_42001_2023-R-006,METRIC-001,direct,PARTIAL,El control contribuye a operacionalizar o evidenciar el requisito; la conclusión de cumplimiento permanece específica del requisito y no se infiere automáticamente.,medium,provisional
MAP-00081,ISO_IEC_42001_2023-R-006,AUDIT-001,supporting,PARTIAL,El control contribuye a operacionalizar o evidenciar el requisito; la conclusión de cumplimiento permanece específica del requisito y no se infiere automáticamente.,medium,provisional
MAP-00082,ISO_IEC_42001_2023-R-006,GOV-004,supporting,PARTIAL,El control contribuye a operacionalizar o evidenciar el requisito; la conclusión de cumplimiento permanece específica del requisito y no se infiere automáticamente.,medium,provisional
MAP-00083,ISO_IEC_42001_2023-R-007,NC-001,direct,PARTIAL,El control contribuye a operacionalizar o evidenciar el requisito; la conclusión de cumplimiento permanece específica del requisito y no se infiere automáticamente.,medium,provisional
MAP-00084,ISO_IEC_42001_2023-R-007,IMPROVE-001,supporting,PARTIAL,El control contribuye a operacionalizar o evidenciar el requisito; la conclusión de cumplimiento permanece específica del requisito y no se infiere automáticamente.,medium,provisional
MAP-00085,ISO_9001_2015-R-008,GOV-001,direct,FULL,El control contribuye a operacionalizar o evidenciar el requisito; la conclusión de cumplimiento permanece específica del requisito y no se infiere automáticamente.,medium,provisional
MAP-00086,ISO_9001_2015-R-009,CTX-001,direct,PARTIAL,El control contribuye a operacionalizar o evidenciar el requisito; la conclusión de cumplimiento permanece específica del requisito y no se infiere automáticamente.,medium,provisional
MAP-00087,ISO_9001_2015-R-009,SCOPE-001,supporting,PARTIAL,El control contribuye a operacionalizar o evidenciar el requisito; la conclusión de cumplimiento permanece específica del requisito y no se infiere automáticamente.,medium,provisional
MAP-00088,ISO_9001_2015-R-010,GOV-001,direct,FULL,El control contribuye a operacionalizar o evidenciar el requisito; la conclusión de cumplimiento permanece específica del requisito y no se infiere automáticamente.,medium,provisional
MAP-00089,ISO_9001_2015-R-011,IMPROVE-001,direct,FULL,El control contribuye a operacionalizar o evidenciar el requisito; la conclusión de cumplimiento permanece específica del requisito y no se infiere automáticamente.,medium,provisional
MAP-00090,ISO_9001_2015-R-012,GOV-001,direct,PARTIAL,El control contribuye a operacionalizar o evidenciar el requisito; la conclusión de cumplimiento permanece específica del requisito y no se infiere automáticamente.,medium,provisional
MAP-00091,ISO_9001_2015-R-012,GOV-002,supporting,PARTIAL,El control contribuye a operacionalizar o evidenciar el requisito; la conclusión de cumplimiento permanece específica del requisito y no se infiere automáticamente.,medium,provisional
MAP-00092,ISO_9001_2015-R-013,GOV-003,direct,PARTIAL,El control contribuye a operacionalizar o evidenciar el requisito; la conclusión de cumplimiento permanece específica del requisito y no se infiere automáticamente.,medium,provisional
MAP-00093,ISO_9001_2015-R-013,AI-001,supporting,PARTIAL,El control contribuye a operacionalizar o evidenciar el requisito; la conclusión de cumplimiento permanece específica del requisito y no se infiere automáticamente.,medium,provisional
MAP-00094,ISO_9001_2015-R-013,AI-003,supporting,PARTIAL,El control contribuye a operacionalizar o evidenciar el requisito; la conclusión de cumplimiento permanece específica del requisito y no se infiere automáticamente.,medium,provisional
MAP-00095,ISO_9001_2015-R-013,AI-006,supporting,PARTIAL,El control contribuye a operacionalizar o evidenciar el requisito; la conclusión de cumplimiento permanece específica del requisito y no se infiere automáticamente.,medium,provisional
MAP-00096,ISO_9001_2015-R-014,GOV-001,direct,PARTIAL,El control contribuye a operacionalizar o evidenciar el requisito; la conclusión de cumplimiento permanece específica del requisito y no se infiere automáticamente.,medium,provisional
MAP-00097,ISO_9001_2015-R-014,GOV-002,supporting,PARTIAL,El control contribuye a operacionalizar o evidenciar el requisito; la conclusión de cumplimiento permanece específica del requisito y no se infiere automáticamente.,medium,provisional
MAP-00098,ISO_9001_2015-R-015,RISK-001,direct,PARTIAL,El control contribuye a operacionalizar o evidenciar el requisito; la conclusión de cumplimiento permanece específica del requisito y no se infiere automáticamente.,medium,provisional
MAP-00099,ISO_9001_2015-R-015,RISK-002,supporting,PARTIAL,El control contribuye a operacionalizar o evidenciar el requisito; la conclusión de cumplimiento permanece específica del requisito y no se infiere automáticamente.,medium,provisional
MAP-00100,ISO_9001_2015-R-016,OBJ-001,direct,PARTIAL,El control contribuye a operacionalizar o evidenciar el requisito; la conclusión de cumplimiento permanece específica del requisito y no se infiere automáticamente.,medium,provisional
MAP-00101,ISO_9001_2015-R-016,METRIC-001,supporting,PARTIAL,El control contribuye a operacionalizar o evidenciar el requisito; la conclusión de cumplimiento permanece específica del requisito y no se infiere automáticamente.,medium,provisional
MAP-00102,ISO_9001_2015-R-017,GOV-001,direct,FULL,El control contribuye a operacionalizar o evidenciar el requisito; la conclusión de cumplimiento permanece específica del requisito y no se infiere automáticamente.,medium,provisional
MAP-00103,ISO_9001_2015-R-018,GOV-001,direct,FULL,El control contribuye a operacionalizar o evidenciar el requisito; la conclusión de cumplimiento permanece específica del requisito y no se infiere automáticamente.,medium,provisional
MAP-00104,ISO_9001_2015-R-019,COMP-001,direct,PARTIAL,El control contribuye a operacionalizar o evidenciar el requisito; la conclusión de cumplimiento permanece específica del requisito y no se infiere automáticamente.,medium,provisional
MAP-00105,ISO_9001_2015-R-019,EVIDENCE-001,supporting,PARTIAL,El control contribuye a operacionalizar o evidenciar el requisito; la conclusión de cumplimiento permanece específica del requisito y no se infiere automáticamente.,medium,provisional
MAP-00106,ISO_9001_2015-R-019,AI-001,supporting,PARTIAL,El control contribuye a operacionalizar o evidenciar el requisito; la conclusión de cumplimiento permanece específica del requisito y no se infiere automáticamente.,medium,provisional
MAP-00107,ISO_9001_2015-R-019,AI-003,supporting,PARTIAL,El control contribuye a operacionalizar o evidenciar el requisito; la conclusión de cumplimiento permanece específica del requisito y no se infiere automáticamente.,medium,provisional
MAP-00108,ISO_9001_2015-R-019,AI-006,supporting,PARTIAL,El control contribuye a operacionalizar o evidenciar el requisito; la conclusión de cumplimiento permanece específica del requisito y no se infiere automáticamente.,medium,provisional
MAP-00109,ISO_9001_2015-R-020,GOV-003,direct,PARTIAL,El control contribuye a operacionalizar o evidenciar el requisito; la conclusión de cumplimiento permanece específica del requisito y no se infiere automáticamente.,medium,provisional
MAP-00110,ISO_9001_2015-R-020,OBJ-001,supporting,PARTIAL,El control contribuye a operacionalizar o evidenciar el requisito; la conclusión de cumplimiento permanece específica del requisito y no se infiere automáticamente.,medium,provisional
MAP-00111,ISO_9001_2015-R-020,METRIC-001,supporting,PARTIAL,El control contribuye a operacionalizar o evidenciar el requisito; la conclusión de cumplimiento permanece específica del requisito y no se infiere automáticamente.,medium,provisional
MAP-00112,ISO_9001_2015-R-020,AWARE-001,supporting,PARTIAL,El control contribuye a operacionalizar o evidenciar el requisito; la conclusión de cumplimiento permanece específica del requisito y no se infiere automáticamente.,medium,provisional
MAP-00113,ISO_9001_2015-R-020,AI-001,supporting,PARTIAL,El control contribuye a operacionalizar o evidenciar el requisito; la conclusión de cumplimiento permanece específica del requisito y no se infiere automáticamente.,medium,provisional
MAP-00114,ISO_9001_2015-R-020,AI-003,supporting,PARTIAL,El control contribuye a operacionalizar o evidenciar el requisito; la conclusión de cumplimiento permanece específica del requisito y no se infiere automáticamente.,medium,provisional
MAP-00115,ISO_9001_2015-R-021,GOV-001,direct,FULL,El control contribuye a operacionalizar o evidenciar el requisito; la conclusión de cumplimiento permanece específica del requisito y no se infiere automáticamente.,medium,provisional
MAP-00116,ISO_9001_2015-R-022,COMP-001,direct,PARTIAL,El control contribuye a operacionalizar o evidenciar el requisito; la conclusión de cumplimiento permanece específica del requisito y no se infiere automáticamente.,medium,provisional
MAP-00117,ISO_9001_2015-R-022,DOC-001,supporting,PARTIAL,El control contribuye a operacionalizar o evidenciar el requisito; la conclusión de cumplimiento permanece específica del requisito y no se infiere automáticamente.,medium,provisional
MAP-00118,ISO_9001_2015-R-022,REC-001,supporting,PARTIAL,El control contribuye a operacionalizar o evidenciar el requisito; la conclusión de cumplimiento permanece específica del requisito y no se infiere automáticamente.,medium,provisional
MAP-00119,ISO_9001_2015-R-022,AI-001,supporting,PARTIAL,El control contribuye a operacionalizar o evidenciar el requisito; la conclusión de cumplimiento permanece específica del requisito y no se infiere automáticamente.,medium,provisional
MAP-00120,ISO_9001_2015-R-022,AI-003,supporting,PARTIAL,El control contribuye a operacionalizar o evidenciar el requisito; la conclusión de cumplimiento permanece específica del requisito y no se infiere automáticamente.,medium,provisional
MAP-00121,ISO_9001_2015-R-022,AI-006,supporting,PARTIAL,El control contribuye a operacionalizar o evidenciar el requisito; la conclusión de cumplimiento permanece específica del requisito y no se infiere automáticamente.,medium,provisional
MAP-00122,ISO_9001_2015-R-023,GOV-001,direct,FULL,El control contribuye a operacionalizar o evidenciar el requisito; la conclusión de cumplimiento permanece específica del requisito y no se infiere automáticamente.,medium,provisional
MAP-00123,ISO_9001_2015-R-024,COMM-001,direct,PARTIAL,El control contribuye a operacionalizar o evidenciar el requisito; la conclusión de cumplimiento permanece específica del requisito y no se infiere automáticamente.,medium,provisional
MAP-00124,ISO_9001_2015-R-024,QUALITY-001,supporting,PARTIAL,El control contribuye a operacionalizar o evidenciar el requisito; la conclusión de cumplimiento permanece específica del requisito y no se infiere automáticamente.,medium,provisional
MAP-00125,ISO_9001_2015-R-024,QUALITY-007,supporting,PARTIAL,El control contribuye a operacionalizar o evidenciar el requisito; la conclusión de cumplimiento permanece específica del requisito y no se infiere automáticamente.,medium,provisional
MAP-00126,ISO_9001_2015-R-025,QUALITY-002,direct,PARTIAL,El control contribuye a operacionalizar o evidenciar el requisito; la conclusión de cumplimiento permanece específica del requisito y no se infiere automáticamente.,medium,provisional
MAP-00127,ISO_9001_2015-R-025,DEV-001,supporting,PARTIAL,El control contribuye a operacionalizar o evidenciar el requisito; la conclusión de cumplimiento permanece específica del requisito y no se infiere automáticamente.,medium,provisional
MAP-00128,ISO_9001_2015-R-026,GOV-001,direct,FULL,El control contribuye a operacionalizar o evidenciar el requisito; la conclusión de cumplimiento permanece específica del requisito y no se infiere automáticamente.,medium,provisional
MAP-00129,ISO_9001_2015-R-027,PROC-001,direct,PARTIAL,El control contribuye a operacionalizar o evidenciar el requisito; la conclusión de cumplimiento permanece específica del requisito y no se infiere automáticamente.,medium,provisional
MAP-00130,ISO_9001_2015-R-027,QUALITY-004,supporting,PARTIAL,El control contribuye a operacionalizar o evidenciar el requisito; la conclusión de cumplimiento permanece específica del requisito y no se infiere automáticamente.,medium,provisional
MAP-00131,ISO_9001_2015-R-028,GOV-001,direct,FULL,El control contribuye a operacionalizar o evidenciar el requisito; la conclusión de cumplimiento permanece específica del requisito y no se infiere automáticamente.,medium,provisional
MAP-00132,ISO_9001_2015-R-029,QUALITY-006,direct,FULL,El control contribuye a operacionalizar o evidenciar el requisito; la conclusión de cumplimiento permanece específica del requisito y no se infiere automáticamente.,medium,provisional
MAP-00133,ISO_9001_2015-R-030,QUALITY-001,direct,PARTIAL,El control contribuye a operacionalizar o evidenciar el requisito; la conclusión de cumplimiento permanece específica del requisito y no se infiere automáticamente.,medium,provisional
MAP-00134,ISO_9001_2015-R-030,QUALITY-007,supporting,PARTIAL,El control contribuye a operacionalizar o evidenciar el requisito; la conclusión de cumplimiento permanece específica del requisito y no se infiere automáticamente.,medium,provisional
MAP-00135,ISO_9001_2015-R-031,AUDIT-001,direct,PARTIAL,El control contribuye a operacionalizar o evidenciar el requisito; la conclusión de cumplimiento permanece específica del requisito y no se infiere automáticamente.,medium,provisional
MAP-00136,ISO_9001_2015-R-031,AI-001,supporting,PARTIAL,El control contribuye a operacionalizar o evidenciar el requisito; la conclusión de cumplimiento permanece específica del requisito y no se infiere automáticamente.,medium,provisional
MAP-00137,ISO_9001_2015-R-031,AI-003,supporting,PARTIAL,El control contribuye a operacionalizar o evidenciar el requisito; la conclusión de cumplimiento permanece específica del requisito y no se infiere automáticamente.,medium,provisional
MAP-00138,ISO_9001_2015-R-031,AI-006,supporting,PARTIAL,El control contribuye a operacionalizar o evidenciar el requisito; la conclusión de cumplimiento permanece específica del requisito y no se infiere automáticamente.,medium,provisional
MAP-00139,ISO_9001_2015-R-032,AI-001,direct,PARTIAL,El control contribuye a operacionalizar o evidenciar el requisito; la conclusión de cumplimiento permanece específica del requisito y no se infiere automáticamente.,medium,provisional
MAP-00140,ISO_9001_2015-R-032,AI-003,supporting,PARTIAL,El control contribuye a operacionalizar o evidenciar el requisito; la conclusión de cumplimiento permanece específica del requisito y no se infiere automáticamente.,medium,provisional
MAP-00141,ISO_9001_2015-R-032,AI-006,supporting,PARTIAL,El control contribuye a operacionalizar o evidenciar el requisito; la conclusión de cumplimiento permanece específica del requisito y no se infiere automáticamente.,medium,provisional
MAP-00142,ISO_9001_2015-R-033,RISK-001,direct,PARTIAL,El control contribuye a operacionalizar o evidenciar el requisito; la conclusión de cumplimiento permanece específica del requisito y no se infiere automáticamente.,medium,provisional
MAP-00143,ISO_9001_2015-R-033,RISK-002,supporting,PARTIAL,El control contribuye a operacionalizar o evidenciar el requisito; la conclusión de cumplimiento permanece específica del requisito y no se infiere automáticamente.,medium,provisional
MAP-00144,ISO_9001_2015-R-033,IMPROVE-001,supporting,PARTIAL,El control contribuye a operacionalizar o evidenciar el requisito; la conclusión de cumplimiento permanece específica del requisito y no se infiere automáticamente.,medium,provisional
MAP-00145,ISO_9001_2015-R-033,AI-001,supporting,PARTIAL,El control contribuye a operacionalizar o evidenciar el requisito; la conclusión de cumplimiento permanece específica del requisito y no se infiere automáticamente.,medium,provisional
MAP-00146,ISO_9001_2015-R-033,AI-003,supporting,PARTIAL,El control contribuye a operacionalizar o evidenciar el requisito; la conclusión de cumplimiento permanece específica del requisito y no se infiere automáticamente.,medium,provisional
MAP-00147,ISO_9001_2015-R-033,AI-006,supporting,PARTIAL,El control contribuye a operacionalizar o evidenciar el requisito; la conclusión de cumplimiento permanece específica del requisito y no se infiere automáticamente.,medium,provisional
MAP-00148,ISO_9001_2015-R-034,NC-001,direct,PARTIAL,El control contribuye a operacionalizar o evidenciar el requisito; la conclusión de cumplimiento permanece específica del requisito y no se infiere automáticamente.,medium,provisional
MAP-00149,ISO_9001_2015-R-034,AI-001,supporting,PARTIAL,El control contribuye a operacionalizar o evidenciar el requisito; la conclusión de cumplimiento permanece específica del requisito y no se infiere automáticamente.,medium,provisional
MAP-00150,ISO_9001_2015-R-034,AI-003,supporting,PARTIAL,El control contribuye a operacionalizar o evidenciar el requisito; la conclusión de cumplimiento permanece específica del requisito y no se infiere automáticamente.,medium,provisional
MAP-00151,ISO_9001_2015-R-034,AI-006,supporting,PARTIAL,El control contribuye a operacionalizar o evidenciar el requisito; la conclusión de cumplimiento permanece específica del requisito y no se infiere automáticamente.,medium,provisional
MAP-00152,ISO_9001_2015-R-035,IMPROVE-001,direct,PARTIAL,El control contribuye a operacionalizar o evidenciar el requisito; la conclusión de cumplimiento permanece específica del requisito y no se infiere automáticamente.,medium,provisional
MAP-00153,ISO_9001_2015-R-035,AI-001,supporting,PARTIAL,El control contribuye a operacionalizar o evidenciar el requisito; la conclusión de cumplimiento permanece específica del requisito y no se infiere automáticamente.,medium,provisional
MAP-00154,ISO_9001_2015-R-035,AI-003,supporting,PARTIAL,El control contribuye a operacionalizar o evidenciar el requisito; la conclusión de cumplimiento permanece específica del requisito y no se infiere automáticamente.,medium,provisional
MAP-00155,ISO_9001_2015-R-035,AI-006,supporting,PARTIAL,El control contribuye a operacionalizar o evidenciar el requisito; la conclusión de cumplimiento permanece específica del requisito y no se infiere automáticamente.,medium,provisional
MAP-00156,ISO_9001_2026-R-008,GOV-001,direct,FULL,El control contribuye a operacionalizar o evidenciar el requisito; la conclusión de cumplimiento permanece específica del requisito y no se infiere automáticamente.,medium,provisional
MAP-00157,ISO_9001_2026-R-009,CTX-001,direct,PARTIAL,El control contribuye a operacionalizar o evidenciar el requisito; la conclusión de cumplimiento permanece específica del requisito y no se infiere automáticamente.,medium,provisional
MAP-00158,ISO_9001_2026-R-009,SCOPE-001,supporting,PARTIAL,El control contribuye a operacionalizar o evidenciar el requisito; la conclusión de cumplimiento permanece específica del requisito y no se infiere automáticamente.,medium,provisional
MAP-00159,ISO_9001_2026-R-010,GOV-001,direct,FULL,El control contribuye a operacionalizar o evidenciar el requisito; la conclusión de cumplimiento permanece específica del requisito y no se infiere automáticamente.,medium,provisional
MAP-00160,ISO_9001_2026-R-011,IMPROVE-001,direct,FULL,El control contribuye a operacionalizar o evidenciar el requisito; la conclusión de cumplimiento permanece específica del requisito y no se infiere automáticamente.,medium,provisional
MAP-00161,ISO_9001_2026-R-012,GOV-001,direct,PARTIAL,El control contribuye a operacionalizar o evidenciar el requisito; la conclusión de cumplimiento permanece específica del requisito y no se infiere automáticamente.,medium,provisional
MAP-00162,ISO_9001_2026-R-012,GOV-002,supporting,PARTIAL,El control contribuye a operacionalizar o evidenciar el requisito; la conclusión de cumplimiento permanece específica del requisito y no se infiere automáticamente.,medium,provisional
MAP-00163,ISO_9001_2026-R-013,GOV-003,direct,PARTIAL,El control contribuye a operacionalizar o evidenciar el requisito; la conclusión de cumplimiento permanece específica del requisito y no se infiere automáticamente.,medium,provisional
MAP-00164,ISO_9001_2026-R-013,AI-001,supporting,PARTIAL,El control contribuye a operacionalizar o evidenciar el requisito; la conclusión de cumplimiento permanece específica del requisito y no se infiere automáticamente.,medium,provisional
MAP-00165,ISO_9001_2026-R-013,AI-003,supporting,PARTIAL,El control contribuye a operacionalizar o evidenciar el requisito; la conclusión de cumplimiento permanece específica del requisito y no se infiere automáticamente.,medium,provisional
MAP-00166,ISO_9001_2026-R-013,AI-006,supporting,PARTIAL,El control contribuye a operacionalizar o evidenciar el requisito; la conclusión de cumplimiento permanece específica del requisito y no se infiere automáticamente.,medium,provisional
MAP-00167,ISO_9001_2026-R-014,GOV-001,direct,PARTIAL,El control contribuye a operacionalizar o evidenciar el requisito; la conclusión de cumplimiento permanece específica del requisito y no se infiere automáticamente.,medium,provisional
MAP-00168,ISO_9001_2026-R-014,GOV-002,supporting,PARTIAL,El control contribuye a operacionalizar o evidenciar el requisito; la conclusión de cumplimiento permanece específica del requisito y no se infiere automáticamente.,medium,provisional
MAP-00169,ISO_9001_2026-R-015,RISK-001,direct,PARTIAL,El control contribuye a operacionalizar o evidenciar el requisito; la conclusión de cumplimiento permanece específica del requisito y no se infiere automáticamente.,medium,provisional
MAP-00170,ISO_9001_2026-R-015,RISK-002,supporting,PARTIAL,El control contribuye a operacionalizar o evidenciar el requisito; la conclusión de cumplimiento permanece específica del requisito y no se infiere automáticamente.,medium,provisional
MAP-00171,ISO_9001_2026-R-016,OBJ-001,direct,PARTIAL,El control contribuye a operacionalizar o evidenciar el requisito; la conclusión de cumplimiento permanece específica del requisito y no se infiere automáticamente.,medium,provisional
MAP-00172,ISO_9001_2026-R-016,METRIC-001,supporting,PARTIAL,El control contribuye a operacionalizar o evidenciar el requisito; la conclusión de cumplimiento permanece específica del requisito y no se infiere automáticamente.,medium,provisional
MAP-00173,ISO_9001_2026-R-017,GOV-001,direct,FULL,El control contribuye a operacionalizar o evidenciar el requisito; la conclusión de cumplimiento permanece específica del requisito y no se infiere automáticamente.,medium,provisional
MAP-00174,ISO_9001_2026-R-018,GOV-001,direct,FULL,El control contribuye a operacionalizar o evidenciar el requisito; la conclusión de cumplimiento permanece específica del requisito y no se infiere automáticamente.,medium,provisional
MAP-00175,ISO_9001_2026-R-019,COMP-001,direct,PARTIAL,El control contribuye a operacionalizar o evidenciar el requisito; la conclusión de cumplimiento permanece específica del requisito y no se infiere automáticamente.,medium,provisional
MAP-00176,ISO_9001_2026-R-019,EVIDENCE-001,supporting,PARTIAL,El control contribuye a operacionalizar o evidenciar el requisito; la conclusión de cumplimiento permanece específica del requisito y no se infiere automáticamente.,medium,provisional
MAP-00177,ISO_9001_2026-R-019,AI-001,supporting,PARTIAL,El control contribuye a operacionalizar o evidenciar el requisito; la conclusión de cumplimiento permanece específica del requisito y no se infiere automáticamente.,medium,provisional
MAP-00178,ISO_9001_2026-R-019,AI-003,supporting,PARTIAL,El control contribuye a operacionalizar o evidenciar el requisito; la conclusión de cumplimiento permanece específica del requisito y no se infiere automáticamente.,medium,provisional
MAP-00179,ISO_9001_2026-R-019,AI-006,supporting,PARTIAL,El control contribuye a operacionalizar o evidenciar el requisito; la conclusión de cumplimiento permanece específica del requisito y no se infiere automáticamente.,medium,provisional
MAP-00180,ISO_9001_2026-R-020,GOV-003,direct,PARTIAL,El control contribuye a operacionalizar o evidenciar el requisito; la conclusión de cumplimiento permanece específica del requisito y no se infiere automáticamente.,medium,provisional
MAP-00181,ISO_9001_2026-R-020,OBJ-001,supporting,PARTIAL,El control contribuye a operacionalizar o evidenciar el requisito; la conclusión de cumplimiento permanece específica del requisito y no se infiere automáticamente.,medium,provisional
MAP-00182,ISO_9001_2026-R-020,METRIC-001,supporting,PARTIAL,El control contribuye a operacionalizar o evidenciar el requisito; la conclusión de cumplimiento permanece específica del requisito y no se infiere automáticamente.,medium,provisional
MAP-00183,ISO_9001_2026-R-020,AWARE-001,supporting,PARTIAL,El control contribuye a operacionalizar o evidenciar el requisito; la conclusión de cumplimiento permanece específica del requisito y no se infiere automáticamente.,medium,provisional
MAP-00184,ISO_9001_2026-R-020,AI-001,supporting,PARTIAL,El control contribuye a operacionalizar o evidenciar el requisito; la conclusión de cumplimiento permanece específica del requisito y no se infiere automáticamente.,medium,provisional
MAP-00185,ISO_9001_2026-R-020,AI-003,supporting,PARTIAL,El control contribuye a operacionalizar o evidenciar el requisito; la conclusión de cumplimiento permanece específica del requisito y no se infiere automáticamente.,medium,provisional
MAP-00186,ISO_9001_2026-R-021,GOV-001,direct,FULL,El control contribuye a operacionalizar o evidenciar el requisito; la conclusión de cumplimiento permanece específica del requisito y no se infiere automáticamente.,medium,provisional
MAP-00187,ISO_9001_2026-R-022,COMP-001,direct,PARTIAL,El control contribuye a operacionalizar o evidenciar el requisito; la conclusión de cumplimiento permanece específica del requisito y no se infiere automáticamente.,medium,provisional
MAP-00188,ISO_9001_2026-R-022,DOC-001,supporting,PARTIAL,El control contribuye a operacionalizar o evidenciar el requisito; la conclusión de cumplimiento permanece específica del requisito y no se infiere automáticamente.,medium,provisional
MAP-00189,ISO_9001_2026-R-022,REC-001,supporting,PARTIAL,El control contribuye a operacionalizar o evidenciar el requisito; la conclusión de cumplimiento permanece específica del requisito y no se infiere automáticamente.,medium,provisional
MAP-00190,ISO_9001_2026-R-022,AI-001,supporting,PARTIAL,El control contribuye a operacionalizar o evidenciar el requisito; la conclusión de cumplimiento permanece específica del requisito y no se infiere automáticamente.,medium,provisional
MAP-00191,ISO_9001_2026-R-022,AI-003,supporting,PARTIAL,El control contribuye a operacionalizar o evidenciar el requisito; la conclusión de cumplimiento permanece específica del requisito y no se infiere automáticamente.,medium,provisional
MAP-00192,ISO_9001_2026-R-022,AI-006,supporting,PARTIAL,El control contribuye a operacionalizar o evidenciar el requisito; la conclusión de cumplimiento permanece específica del requisito y no se infiere automáticamente.,medium,provisional
MAP-00193,ISO_9001_2026-R-023,GOV-001,direct,FULL,El control contribuye a operacionalizar o evidenciar el requisito; la conclusión de cumplimiento permanece específica del requisito y no se infiere automáticamente.,medium,provisional
MAP-00194,ISO_9001_2026-R-024,COMM-001,direct,PARTIAL,El control contribuye a operacionalizar o evidenciar el requisito; la conclusión de cumplimiento permanece específica del requisito y no se infiere automáticamente.,medium,provisional
MAP-00195,ISO_9001_2026-R-024,QUALITY-001,supporting,PARTIAL,El control contribuye a operacionalizar o evidenciar el requisito; la conclusión de cumplimiento permanece específica del requisito y no se infiere automáticamente.,medium,provisional
MAP-00196,ISO_9001_2026-R-024,QUALITY-007,supporting,PARTIAL,El control contribuye a operacionalizar o evidenciar el requisito; la conclusión de cumplimiento permanece específica del requisito y no se infiere automáticamente.,medium,provisional
MAP-00197,ISO_9001_2026-R-025,QUALITY-002,direct,PARTIAL,El control contribuye a operacionalizar o evidenciar el requisito; la conclusión de cumplimiento permanece específica del requisito y no se infiere automáticamente.,medium,provisional
MAP-00198,ISO_9001_2026-R-025,DEV-001,supporting,PARTIAL,El control contribuye a operacionalizar o evidenciar el requisito; la conclusión de cumplimiento permanece específica del requisito y no se infiere automáticamente.,medium,provisional
MAP-00199,ISO_9001_2026-R-026,GOV-001,direct,FULL,El control contribuye a operacionalizar o evidenciar el requisito; la conclusión de cumplimiento permanece específica del requisito y no se infiere automáticamente.,medium,provisional
MAP-00200,ISO_9001_2026-R-027,PROC-001,direct,PARTIAL,El control contribuye a operacionalizar o evidenciar el requisito; la conclusión de cumplimiento permanece específica del requisito y no se infiere automáticamente.,medium,provisional
MAP-00201,ISO_9001_2026-R-027,QUALITY-004,supporting,PARTIAL,El control contribuye a operacionalizar o evidenciar el requisito; la conclusión de cumplimiento permanece específica del requisito y no se infiere automáticamente.,medium,provisional
MAP-00202,ISO_9001_2026-R-028,GOV-001,direct,FULL,El control contribuye a operacionalizar o evidenciar el requisito; la conclusión de cumplimiento permanece específica del requisito y no se infiere automáticamente.,medium,provisional
MAP-00203,ISO_9001_2026-R-029,QUALITY-006,direct,FULL,El control contribuye a operacionalizar o evidenciar el requisito; la conclusión de cumplimiento permanece específica del requisito y no se infiere automáticamente.,medium,provisional
MAP-00204,ISO_9001_2026-R-030,QUALITY-001,direct,PARTIAL,El control contribuye a operacionalizar o evidenciar el requisito; la conclusión de cumplimiento permanece específica del requisito y no se infiere automáticamente.,medium,provisional
MAP-00205,ISO_9001_2026-R-030,QUALITY-007,supporting,PARTIAL,El control contribuye a operacionalizar o evidenciar el requisito; la conclusión de cumplimiento permanece específica del requisito y no se infiere automáticamente.,medium,provisional
MAP-00206,ISO_9001_2026-R-031,AUDIT-001,direct,PARTIAL,El control contribuye a operacionalizar o evidenciar el requisito; la conclusión de cumplimiento permanece específica del requisito y no se infiere automáticamente.,medium,provisional
MAP-00207,ISO_9001_2026-R-031,AI-001,supporting,PARTIAL,El control contribuye a operacionalizar o evidenciar el requisito; la conclusión de cumplimiento permanece específica del requisito y no se infiere automáticamente.,medium,provisional
MAP-00208,ISO_9001_2026-R-031,AI-003,supporting,PARTIAL,El control contribuye a operacionalizar o evidenciar el requisito; la conclusión de cumplimiento permanece específica del requisito y no se infiere automáticamente.,medium,provisional
MAP-00209,ISO_9001_2026-R-031,AI-006,supporting,PARTIAL,El control contribuye a operacionalizar o evidenciar el requisito; la conclusión de cumplimiento permanece específica del requisito y no se infiere automáticamente.,medium,provisional
MAP-00210,ISO_9001_2026-R-032,AI-001,direct,PARTIAL,El control contribuye a operacionalizar o evidenciar el requisito; la conclusión de cumplimiento permanece específica del requisito y no se infiere automáticamente.,medium,provisional
MAP-00211,ISO_9001_2026-R-032,AI-003,supporting,PARTIAL,El control contribuye a operacionalizar o evidenciar el requisito; la conclusión de cumplimiento permanece específica del requisito y no se infiere automáticamente.,medium,provisional
MAP-00212,ISO_9001_2026-R-032,AI-006,supporting,PARTIAL,El control contribuye a operacionalizar o evidenciar el requisito; la conclusión de cumplimiento permanece específica del requisito y no se infiere automáticamente.,medium,provisional
MAP-00213,ISO_9001_2026-R-033,RISK-001,direct,PARTIAL,El control contribuye a operacionalizar o evidenciar el requisito; la conclusión de cumplimiento permanece específica del requisito y no se infiere automáticamente.,medium,provisional
MAP-00214,ISO_9001_2026-R-033,RISK-002,supporting,PARTIAL,El control contribuye a operacionalizar o evidenciar el requisito; la conclusión de cumplimiento permanece específica del requisito y no se infiere automáticamente.,medium,provisional
MAP-00215,ISO_9001_2026-R-033,IMPROVE-001,supporting,PARTIAL,El control contribuye a operacionalizar o evidenciar el requisito; la conclusión de cumplimiento permanece específica del requisito y no se infiere automáticamente.,medium,provisional
MAP-00216,ISO_9001_2026-R-033,AI-001,supporting,PARTIAL,El control contribuye a operacionalizar o evidenciar el requisito; la conclusión de cumplimiento permanece específica del requisito y no se infiere automáticamente.,medium,provisional
MAP-00217,ISO_9001_2026-R-033,AI-003,supporting,PARTIAL,El control contribuye a operacionalizar o evidenciar el requisito; la conclusión de cumplimiento permanece específica del requisito y no se infiere automáticamente.,medium,provisional
MAP-00218,ISO_9001_2026-R-033,AI-006,supporting,PARTIAL,El control contribuye a operacionalizar o evidenciar el requisito; la conclusión de cumplimiento permanece específica del requisito y no se infiere automáticamente.,medium,provisional
MAP-00219,ISO_9001_2026-R-034,NC-001,direct,PARTIAL,El control contribuye a operacionalizar o evidenciar el requisito; la conclusión de cumplimiento permanece específica del requisito y no se infiere automáticamente.,medium,provisional
MAP-00220,ISO_9001_2026-R-034,AI-001,supporting,PARTIAL,El control contribuye a operacionalizar o evidenciar el requisito; la conclusión de cumplimiento permanece específica del requisito y no se infiere automáticamente.,medium,provisional
MAP-00221,ISO_9001_2026-R-034,AI-003,supporting,PARTIAL,El control contribuye a operacionalizar o evidenciar el requisito; la conclusión de cumplimiento permanece específica del requisito y no se infiere automáticamente.,medium,provisional
MAP-00222,ISO_9001_2026-R-034,AI-006,supporting,PARTIAL,El control contribuye a operacionalizar o evidenciar el requisito; la conclusión de cumplimiento permanece específica del requisito y no se infiere automáticamente.,medium,provisional
MAP-00223,ISO_9001_2026-R-035,IMPROVE-001,direct,PARTIAL,El control contribuye a operacionalizar o evidenciar el requisito; la conclusión de cumplimiento permanece específica del requisito y no se infiere automáticamente.,medium,provisional
MAP-00224,ISO_9001_2026-R-035,AI-001,supporting,PARTIAL,El control contribuye a operacionalizar o evidenciar el requisito; la conclusión de cumplimiento permanece específica del requisito y no se infiere automáticamente.,medium,provisional
MAP-00225,ISO_9001_2026-R-035,AI-003,supporting,PARTIAL,El control contribuye a operacionalizar o evidenciar el requisito; la conclusión de cumplimiento permanece específica del requisito y no se infiere automáticamente.,medium,provisional
MAP-00226,ISO_9001_2026-R-035,AI-006,supporting,PARTIAL,El control contribuye a operacionalizar o evidenciar el requisito; la conclusión de cumplimiento permanece específica del requisito y no se infiere automáticamente.,medium,provisional
MAP-00227,ISO_9001_2026-R-036,GOV-001,direct,PARTIAL,El control contribuye a operacionalizar o evidenciar el requisito; la conclusión de cumplimiento permanece específica del requisito y no se infiere automáticamente.,medium,provisional
MAP-00228,ISO_9001_2026-R-036,GOV-002,supporting,PARTIAL,El control contribuye a operacionalizar o evidenciar el requisito; la conclusión de cumplimiento permanece específica del requisito y no se infiere automáticamente.,medium,provisional
MAP-00229,ISO_9001_2026-R-037,CTX-001,direct,PARTIAL,El control contribuye a operacionalizar o evidenciar el requisito; la conclusión de cumplimiento permanece específica del requisito y no se infiere automáticamente.,medium,provisional
MAP-00230,ISO_9001_2026-R-037,SCOPE-001,supporting,PARTIAL,El control contribuye a operacionalizar o evidenciar el requisito; la conclusión de cumplimiento permanece específica del requisito y no se infiere automáticamente.,medium,provisional
MAP-00231,ISO_9001_2026-R-037,GOV-001,supporting,PARTIAL,El control contribuye a operacionalizar o evidenciar el requisito; la conclusión de cumplimiento permanece específica del requisito y no se infiere automáticamente.,medium,provisional
MAP-00232,ISO_9001_2026-R-037,GOV-002,supporting,PARTIAL,El control contribuye a operacionalizar o evidenciar el requisito; la conclusión de cumplimiento permanece específica del requisito y no se infiere automáticamente.,medium,provisional
MAP-00233,ISO_9001_2026-R-037,GOV-003,supporting,PARTIAL,El control contribuye a operacionalizar o evidenciar el requisito; la conclusión de cumplimiento permanece específica del requisito y no se infiere automáticamente.,medium,provisional
MAP-00234,ISO_9001_2026-R-038,RISK-001,direct,PARTIAL,El control contribuye a operacionalizar o evidenciar el requisito; la conclusión de cumplimiento permanece específica del requisito y no se infiere automáticamente.,medium,provisional
MAP-00235,ISO_9001_2026-R-038,RISK-002,supporting,PARTIAL,El control contribuye a operacionalizar o evidenciar el requisito; la conclusión de cumplimiento permanece específica del requisito y no se infiere automáticamente.,medium,provisional
MAP-00236,ISO_9001_2026-R-038,AI-001,supporting,PARTIAL,El control contribuye a operacionalizar o evidenciar el requisito; la conclusión de cumplimiento permanece específica del requisito y no se infiere automáticamente.,medium,provisional
MAP-00237,ISO_9001_2026-R-038,AI-003,supporting,PARTIAL,El control contribuye a operacionalizar o evidenciar el requisito; la conclusión de cumplimiento permanece específica del requisito y no se infiere automáticamente.,medium,provisional
MAP-00238,ISO_9001_2026-R-038,AI-006,supporting,PARTIAL,El control contribuye a operacionalizar o evidenciar el requisito; la conclusión de cumplimiento permanece específica del requisito y no se infiere automáticamente.,medium,provisional
MAP-00239,ISO_9001_2026-R-039,AWARE-001,direct,PARTIAL,El control contribuye a operacionalizar o evidenciar el requisito; la conclusión de cumplimiento permanece específica del requisito y no se infiere automáticamente.,medium,provisional
MAP-00240,ISO_9001_2026-R-039,AI-001,supporting,PARTIAL,El control contribuye a operacionalizar o evidenciar el requisito; la conclusión de cumplimiento permanece específica del requisito y no se infiere automáticamente.,medium,provisional
MAP-00241,ISO_9001_2026-R-039,AI-003,supporting,PARTIAL,El control contribuye a operacionalizar o evidenciar el requisito; la conclusión de cumplimiento permanece específica del requisito y no se infiere automáticamente.,medium,provisional
MAP-00242,ISO_9001_2026-R-039,AI-006,supporting,PARTIAL,El control contribuye a operacionalizar o evidenciar el requisito; la conclusión de cumplimiento permanece específica del requisito y no se infiere automáticamente.,medium,provisional
MAP-00243,ISO_IEC_27001_2022-R-008,GOV-003,direct,PARTIAL,El control contribuye a operacionalizar o evidenciar el requisito; la conclusión de cumplimiento permanece específica del requisito y no se infiere automáticamente.,medium,provisional
MAP-00244,ISO_IEC_27001_2022-R-008,RISK-001,supporting,PARTIAL,El control contribuye a operacionalizar o evidenciar el requisito; la conclusión de cumplimiento permanece específica del requisito y no se infiere automáticamente.,medium,provisional
MAP-00245,ISO_IEC_27001_2022-R-008,RISK-002,supporting,PARTIAL,El control contribuye a operacionalizar o evidenciar el requisito; la conclusión de cumplimiento permanece específica del requisito y no se infiere automáticamente.,medium,provisional
MAP-00246,ISO_IEC_27001_2022-R-008,DOC-001,supporting,PARTIAL,El control contribuye a operacionalizar o evidenciar el requisito; la conclusión de cumplimiento permanece específica del requisito y no se infiere automáticamente.,medium,provisional
MAP-00247,ISO_IEC_27001_2022-R-008,REC-001,supporting,PARTIAL,El control contribuye a operacionalizar o evidenciar el requisito; la conclusión de cumplimiento permanece específica del requisito y no se infiere automáticamente.,medium,provisional
MAP-00248,ISO_IEC_27001_2022-R-009,GOV-001,direct,PARTIAL,El control contribuye a operacionalizar o evidenciar el requisito; la conclusión de cumplimiento permanece específica del requisito y no se infiere automáticamente.,medium,provisional
MAP-00249,ISO_IEC_27001_2022-R-009,GOV-002,supporting,PARTIAL,El control contribuye a operacionalizar o evidenciar el requisito; la conclusión de cumplimiento permanece específica del requisito y no se infiere automáticamente.,medium,provisional
MAP-00250,ISO_IEC_27001_2022-R-009,RISK-001,supporting,PARTIAL,El control contribuye a operacionalizar o evidenciar el requisito; la conclusión de cumplimiento permanece específica del requisito y no se infiere automáticamente.,medium,provisional
MAP-00251,ISO_IEC_27001_2022-R-009,RISK-002,supporting,PARTIAL,El control contribuye a operacionalizar o evidenciar el requisito; la conclusión de cumplimiento permanece específica del requisito y no se infiere automáticamente.,medium,provisional
MAP-00252,ISO_IEC_27001_2022-R-009,DOC-001,supporting,PARTIAL,El control contribuye a operacionalizar o evidenciar el requisito; la conclusión de cumplimiento permanece específica del requisito y no se infiere automáticamente.,medium,provisional
MAP-00253,ISO_IEC_27001_2022-R-009,REC-001,supporting,PARTIAL,El control contribuye a operacionalizar o evidenciar el requisito; la conclusión de cumplimiento permanece específica del requisito y no se infiere automáticamente.,medium,provisional
MAP-00254,ISO_IEC_27001_2022-R-010,RISK-001,direct,PARTIAL,El control contribuye a operacionalizar o evidenciar el requisito; la conclusión de cumplimiento permanece específica del requisito y no se infiere automáticamente.,medium,provisional
MAP-00255,ISO_IEC_27001_2022-R-010,RISK-002,supporting,PARTIAL,El control contribuye a operacionalizar o evidenciar el requisito; la conclusión de cumplimiento permanece específica del requisito y no se infiere automáticamente.,medium,provisional
MAP-00256,ISO_IEC_27001_2022-R-010,DOC-001,supporting,PARTIAL,El control contribuye a operacionalizar o evidenciar el requisito; la conclusión de cumplimiento permanece específica del requisito y no se infiere automáticamente.,medium,provisional
MAP-00257,ISO_IEC_27001_2022-R-010,REC-001,supporting,PARTIAL,El control contribuye a operacionalizar o evidenciar el requisito; la conclusión de cumplimiento permanece específica del requisito y no se infiere automáticamente.,medium,provisional
MAP-00258,ISO_IEC_27001_2022-R-010,SOD-001,supporting,PARTIAL,El control contribuye a operacionalizar o evidenciar el requisito; la conclusión de cumplimiento permanece específica del requisito y no se infiere automáticamente.,medium,provisional
MAP-00259,ISO_IEC_27001_2022-R-011,GOV-001,direct,PARTIAL,El control contribuye a operacionalizar o evidenciar el requisito; la conclusión de cumplimiento permanece específica del requisito y no se infiere automáticamente.,medium,provisional
MAP-00260,ISO_IEC_27001_2022-R-011,GOV-002,supporting,PARTIAL,El control contribuye a operacionalizar o evidenciar el requisito; la conclusión de cumplimiento permanece específica del requisito y no se infiere automáticamente.,medium,provisional
MAP-00261,ISO_IEC_27001_2022-R-011,RISK-001,supporting,PARTIAL,El control contribuye a operacionalizar o evidenciar el requisito; la conclusión de cumplimiento permanece específica del requisito y no se infiere automáticamente.,medium,provisional
MAP-00262,ISO_IEC_27001_2022-R-011,RISK-002,supporting,PARTIAL,El control contribuye a operacionalizar o evidenciar el requisito; la conclusión de cumplimiento permanece específica del requisito y no se infiere automáticamente.,medium,provisional
MAP-00263,ISO_IEC_27001_2022-R-011,DOC-001,supporting,PARTIAL,El control contribuye a operacionalizar o evidenciar el requisito; la conclusión de cumplimiento permanece específica del requisito y no se infiere automáticamente.,medium,provisional
MAP-00264,ISO_IEC_27001_2022-R-011,REC-001,supporting,PARTIAL,El control contribuye a operacionalizar o evidenciar el requisito; la conclusión de cumplimiento permanece específica del requisito y no se infiere automáticamente.,medium,provisional
MAP-00265,ISO_IEC_27001_2022-R-012,RISK-001,direct,PARTIAL,El control contribuye a operacionalizar o evidenciar el requisito; la conclusión de cumplimiento permanece específica del requisito y no se infiere automáticamente.,medium,provisional
MAP-00266,ISO_IEC_27001_2022-R-012,RISK-002,supporting,PARTIAL,El control contribuye a operacionalizar o evidenciar el requisito; la conclusión de cumplimiento permanece específica del requisito y no se infiere automáticamente.,medium,provisional
MAP-00267,ISO_IEC_27001_2022-R-012,DOC-001,supporting,PARTIAL,El control contribuye a operacionalizar o evidenciar el requisito; la conclusión de cumplimiento permanece específica del requisito y no se infiere automáticamente.,medium,provisional
MAP-00268,ISO_IEC_27001_2022-R-012,REC-001,supporting,PARTIAL,El control contribuye a operacionalizar o evidenciar el requisito; la conclusión de cumplimiento permanece específica del requisito y no se infiere automáticamente.,medium,provisional
MAP-00269,ISO_IEC_27001_2022-R-013,RISK-001,direct,PARTIAL,El control contribuye a operacionalizar o evidenciar el requisito; la conclusión de cumplimiento permanece específica del requisito y no se infiere automáticamente.,medium,provisional
MAP-00270,ISO_IEC_27001_2022-R-013,RISK-002,supporting,PARTIAL,El control contribuye a operacionalizar o evidenciar el requisito; la conclusión de cumplimiento permanece específica del requisito y no se infiere automáticamente.,medium,provisional
MAP-00271,ISO_IEC_27001_2022-R-013,DOC-001,supporting,PARTIAL,El control contribuye a operacionalizar o evidenciar el requisito; la conclusión de cumplimiento permanece específica del requisito y no se infiere automáticamente.,medium,provisional
MAP-00272,ISO_IEC_27001_2022-R-013,REC-001,supporting,PARTIAL,El control contribuye a operacionalizar o evidenciar el requisito; la conclusión de cumplimiento permanece específica del requisito y no se infiere automáticamente.,medium,provisional
MAP-00273,ISO_IEC_27001_2022-R-013,AI-001,supporting,PARTIAL,El control contribuye a operacionalizar o evidenciar el requisito; la conclusión de cumplimiento permanece específica del requisito y no se infiere automáticamente.,medium,provisional
MAP-00274,ISO_IEC_27001_2022-R-013,AI-003,supporting,PARTIAL,El control contribuye a operacionalizar o evidenciar el requisito; la conclusión de cumplimiento permanece específica del requisito y no se infiere automáticamente.,medium,provisional
MAP-00275,ISO_IEC_27001_2022-R-014,RISK-001,direct,PARTIAL,El control contribuye a operacionalizar o evidenciar el requisito; la conclusión de cumplimiento permanece específica del requisito y no se infiere automáticamente.,medium,provisional
MAP-00276,ISO_IEC_27001_2022-R-014,RISK-002,supporting,PARTIAL,El control contribuye a operacionalizar o evidenciar el requisito; la conclusión de cumplimiento permanece específica del requisito y no se infiere automáticamente.,medium,provisional
MAP-00277,ISO_IEC_27001_2022-R-014,DOC-001,supporting,PARTIAL,El control contribuye a operacionalizar o evidenciar el requisito; la conclusión de cumplimiento permanece específica del requisito y no se infiere automáticamente.,medium,provisional
MAP-00278,ISO_IEC_27001_2022-R-014,REC-001,supporting,PARTIAL,El control contribuye a operacionalizar o evidenciar el requisito; la conclusión de cumplimiento permanece específica del requisito y no se infiere automáticamente.,medium,provisional
MAP-00279,ISO_IEC_27001_2022-R-014,AI-001,supporting,PARTIAL,El control contribuye a operacionalizar o evidenciar el requisito; la conclusión de cumplimiento permanece específica del requisito y no se infiere automáticamente.,medium,provisional
MAP-00280,ISO_IEC_27001_2022-R-014,AI-003,supporting,PARTIAL,El control contribuye a operacionalizar o evidenciar el requisito; la conclusión de cumplimiento permanece específica del requisito y no se infiere automáticamente.,medium,provisional
MAP-00281,ISO_IEC_27001_2022-R-015,RISK-001,direct,PARTIAL,El control contribuye a operacionalizar o evidenciar el requisito; la conclusión de cumplimiento permanece específica del requisito y no se infiere automáticamente.,medium,provisional
MAP-00282,ISO_IEC_27001_2022-R-015,RISK-002,supporting,PARTIAL,El control contribuye a operacionalizar o evidenciar el requisito; la conclusión de cumplimiento permanece específica del requisito y no se infiere automáticamente.,medium,provisional
MAP-00283,ISO_IEC_27001_2022-R-015,DOC-001,supporting,PARTIAL,El control contribuye a operacionalizar o evidenciar el requisito; la conclusión de cumplimiento permanece específica del requisito y no se infiere automáticamente.,medium,provisional
MAP-00284,ISO_IEC_27001_2022-R-015,REC-001,supporting,PARTIAL,El control contribuye a operacionalizar o evidenciar el requisito; la conclusión de cumplimiento permanece específica del requisito y no se infiere automáticamente.,medium,provisional
MAP-00285,ISO_IEC_27001_2022-R-016,RISK-001,direct,PARTIAL,El control contribuye a operacionalizar o evidenciar el requisito; la conclusión de cumplimiento permanece específica del requisito y no se infiere automáticamente.,medium,provisional
MAP-00286,ISO_IEC_27001_2022-R-016,RISK-002,supporting,PARTIAL,El control contribuye a operacionalizar o evidenciar el requisito; la conclusión de cumplimiento permanece específica del requisito y no se infiere automáticamente.,medium,provisional
MAP-00287,ISO_IEC_27001_2022-R-016,COMP-001,supporting,PARTIAL,El control contribuye a operacionalizar o evidenciar el requisito; la conclusión de cumplimiento permanece específica del requisito y no se infiere automáticamente.,medium,provisional
MAP-00288,ISO_IEC_27001_2022-R-016,DOC-001,supporting,PARTIAL,El control contribuye a operacionalizar o evidenciar el requisito; la conclusión de cumplimiento permanece específica del requisito y no se infiere automáticamente.,medium,provisional
MAP-00289,ISO_IEC_27001_2022-R-016,REC-001,supporting,PARTIAL,El control contribuye a operacionalizar o evidenciar el requisito; la conclusión de cumplimiento permanece específica del requisito y no se infiere automáticamente.,medium,provisional
MAP-00290,ISO_IEC_27001_2022-R-016,ASSET-001,supporting,PARTIAL,El control contribuye a operacionalizar o evidenciar el requisito; la conclusión de cumplimiento permanece específica del requisito y no se infiere automáticamente.,medium,provisional
MAP-00291,ISO_IEC_27001_2022-R-017,RISK-001,direct,PARTIAL,El control contribuye a operacionalizar o evidenciar el requisito; la conclusión de cumplimiento permanece específica del requisito y no se infiere automáticamente.,medium,provisional
MAP-00292,ISO_IEC_27001_2022-R-017,RISK-002,supporting,PARTIAL,El control contribuye a operacionalizar o evidenciar el requisito; la conclusión de cumplimiento permanece específica del requisito y no se infiere automáticamente.,medium,provisional
MAP-00293,ISO_IEC_27001_2022-R-017,DOC-001,supporting,PARTIAL,El control contribuye a operacionalizar o evidenciar el requisito; la conclusión de cumplimiento permanece específica del requisito y no se infiere automáticamente.,medium,provisional
MAP-00294,ISO_IEC_27001_2022-R-017,REC-001,supporting,PARTIAL,El control contribuye a operacionalizar o evidenciar el requisito; la conclusión de cumplimiento permanece específica del requisito y no se infiere automáticamente.,medium,provisional
MAP-00295,ISO_IEC_27001_2022-R-017,ASSET-001,supporting,PARTIAL,El control contribuye a operacionalizar o evidenciar el requisito; la conclusión de cumplimiento permanece específica del requisito y no se infiere automáticamente.,medium,provisional
MAP-00296,ISO_IEC_27001_2022-R-018,RISK-001,direct,PARTIAL,El control contribuye a operacionalizar o evidenciar el requisito; la conclusión de cumplimiento permanece específica del requisito y no se infiere automáticamente.,medium,provisional
MAP-00297,ISO_IEC_27001_2022-R-018,RISK-002,supporting,PARTIAL,El control contribuye a operacionalizar o evidenciar el requisito; la conclusión de cumplimiento permanece específica del requisito y no se infiere automáticamente.,medium,provisional
MAP-00298,ISO_IEC_27001_2022-R-018,DOC-001,supporting,PARTIAL,El control contribuye a operacionalizar o evidenciar el requisito; la conclusión de cumplimiento permanece específica del requisito y no se infiere automáticamente.,medium,provisional
MAP-00299,ISO_IEC_27001_2022-R-018,REC-001,supporting,PARTIAL,El control contribuye a operacionalizar o evidenciar el requisito; la conclusión de cumplimiento permanece específica del requisito y no se infiere automáticamente.,medium,provisional
MAP-00300,ISO_IEC_27001_2022-R-018,ASSET-001,supporting,PARTIAL,El control contribuye a operacionalizar o evidenciar el requisito; la conclusión de cumplimiento permanece específica del requisito y no se infiere automáticamente.,medium,provisional
MAP-00301,ISO_IEC_27001_2022-R-019,RISK-001,direct,PARTIAL,El control contribuye a operacionalizar o evidenciar el requisito; la conclusión de cumplimiento permanece específica del requisito y no se infiere automáticamente.,medium,provisional
MAP-00302,ISO_IEC_27001_2022-R-019,RISK-002,supporting,PARTIAL,El control contribuye a operacionalizar o evidenciar el requisito; la conclusión de cumplimiento permanece específica del requisito y no se infiere automáticamente.,medium,provisional
MAP-00303,ISO_IEC_27001_2022-R-019,COMP-001,supporting,PARTIAL,El control contribuye a operacionalizar o evidenciar el requisito; la conclusión de cumplimiento permanece específica del requisito y no se infiere automáticamente.,medium,provisional
MAP-00304,ISO_IEC_27001_2022-R-019,DOC-001,supporting,PARTIAL,El control contribuye a operacionalizar o evidenciar el requisito; la conclusión de cumplimiento permanece específica del requisito y no se infiere automáticamente.,medium,provisional
MAP-00305,ISO_IEC_27001_2022-R-019,REC-001,supporting,PARTIAL,El control contribuye a operacionalizar o evidenciar el requisito; la conclusión de cumplimiento permanece específica del requisito y no se infiere automáticamente.,medium,provisional
MAP-00306,ISO_IEC_27001_2022-R-019,CLASS-001,supporting,PARTIAL,El control contribuye a operacionalizar o evidenciar el requisito; la conclusión de cumplimiento permanece específica del requisito y no se infiere automáticamente.,medium,provisional
MAP-00307,ISO_IEC_27001_2022-R-020,RISK-001,direct,PARTIAL,El control contribuye a operacionalizar o evidenciar el requisito; la conclusión de cumplimiento permanece específica del requisito y no se infiere automáticamente.,medium,provisional
MAP-00308,ISO_IEC_27001_2022-R-020,RISK-002,supporting,PARTIAL,El control contribuye a operacionalizar o evidenciar el requisito; la conclusión de cumplimiento permanece específica del requisito y no se infiere automáticamente.,medium,provisional
MAP-00309,ISO_IEC_27001_2022-R-020,COMP-001,supporting,PARTIAL,El control contribuye a operacionalizar o evidenciar el requisito; la conclusión de cumplimiento permanece específica del requisito y no se infiere automáticamente.,medium,provisional
MAP-00310,ISO_IEC_27001_2022-R-020,DOC-001,supporting,PARTIAL,El control contribuye a operacionalizar o evidenciar el requisito; la conclusión de cumplimiento permanece específica del requisito y no se infiere automáticamente.,medium,provisional
MAP-00311,ISO_IEC_27001_2022-R-020,REC-001,supporting,PARTIAL,El control contribuye a operacionalizar o evidenciar el requisito; la conclusión de cumplimiento permanece específica del requisito y no se infiere automáticamente.,medium,provisional
MAP-00312,ISO_IEC_27001_2022-R-021,RISK-001,direct,PARTIAL,El control contribuye a operacionalizar o evidenciar el requisito; la conclusión de cumplimiento permanece específica del requisito y no se infiere automáticamente.,medium,provisional
MAP-00313,ISO_IEC_27001_2022-R-021,RISK-002,supporting,PARTIAL,El control contribuye a operacionalizar o evidenciar el requisito; la conclusión de cumplimiento permanece específica del requisito y no se infiere automáticamente.,medium,provisional
MAP-00314,ISO_IEC_27001_2022-R-021,COMP-001,supporting,PARTIAL,El control contribuye a operacionalizar o evidenciar el requisito; la conclusión de cumplimiento permanece específica del requisito y no se infiere automáticamente.,medium,provisional
MAP-00315,ISO_IEC_27001_2022-R-021,DOC-001,supporting,PARTIAL,El control contribuye a operacionalizar o evidenciar el requisito; la conclusión de cumplimiento permanece específica del requisito y no se infiere automáticamente.,medium,provisional
MAP-00316,ISO_IEC_27001_2022-R-021,REC-001,supporting,PARTIAL,El control contribuye a operacionalizar o evidenciar el requisito; la conclusión de cumplimiento permanece específica del requisito y no se infiere automáticamente.,medium,provisional
MAP-00317,ISO_IEC_27001_2022-R-021,TRANSFER-001,supporting,PARTIAL,El control contribuye a operacionalizar o evidenciar el requisito; la conclusión de cumplimiento permanece específica del requisito y no se infiere automáticamente.,medium,provisional
MAP-00318,ISO_IEC_27001_2022-R-022,RISK-001,direct,PARTIAL,El control contribuye a operacionalizar o evidenciar el requisito; la conclusión de cumplimiento permanece específica del requisito y no se infiere automáticamente.,medium,provisional
MAP-00319,ISO_IEC_27001_2022-R-022,RISK-002,supporting,PARTIAL,El control contribuye a operacionalizar o evidenciar el requisito; la conclusión de cumplimiento permanece específica del requisito y no se infiere automáticamente.,medium,provisional
MAP-00320,ISO_IEC_27001_2022-R-022,DOC-001,supporting,PARTIAL,El control contribuye a operacionalizar o evidenciar el requisito; la conclusión de cumplimiento permanece específica del requisito y no se infiere automáticamente.,medium,provisional
MAP-00321,ISO_IEC_27001_2022-R-022,REC-001,supporting,PARTIAL,El control contribuye a operacionalizar o evidenciar el requisito; la conclusión de cumplimiento permanece específica del requisito y no se infiere automáticamente.,medium,provisional
MAP-00322,ISO_IEC_27001_2022-R-022,ACCESS-001,supporting,PARTIAL,El control contribuye a operacionalizar o evidenciar el requisito; la conclusión de cumplimiento permanece específica del requisito y no se infiere automáticamente.,medium,provisional
MAP-00323,ISO_IEC_27001_2022-R-022,ACCESS-002,supporting,PARTIAL,El control contribuye a operacionalizar o evidenciar el requisito; la conclusión de cumplimiento permanece específica del requisito y no se infiere automáticamente.,medium,provisional
MAP-00324,ISO_IEC_27001_2022-R-023,RISK-001,direct,PARTIAL,El control contribuye a operacionalizar o evidenciar el requisito; la conclusión de cumplimiento permanece específica del requisito y no se infiere automáticamente.,medium,provisional
MAP-00325,ISO_IEC_27001_2022-R-023,RISK-002,supporting,PARTIAL,El control contribuye a operacionalizar o evidenciar el requisito; la conclusión de cumplimiento permanece específica del requisito y no se infiere automáticamente.,medium,provisional
MAP-00326,ISO_IEC_27001_2022-R-023,DOC-001,supporting,PARTIAL,El control contribuye a operacionalizar o evidenciar el requisito; la conclusión de cumplimiento permanece específica del requisito y no se infiere automáticamente.,medium,provisional
MAP-00327,ISO_IEC_27001_2022-R-023,REC-001,supporting,PARTIAL,El control contribuye a operacionalizar o evidenciar el requisito; la conclusión de cumplimiento permanece específica del requisito y no se infiere automáticamente.,medium,provisional
MAP-00328,ISO_IEC_27001_2022-R-023,IAM-001,supporting,PARTIAL,El control contribuye a operacionalizar o evidenciar el requisito; la conclusión de cumplimiento permanece específica del requisito y no se infiere automáticamente.,medium,provisional
MAP-00329,ISO_IEC_27001_2022-R-024,RISK-001,direct,PARTIAL,El control contribuye a operacionalizar o evidenciar el requisito; la conclusión de cumplimiento permanece específica del requisito y no se infiere automáticamente.,medium,provisional
MAP-00330,ISO_IEC_27001_2022-R-024,RISK-002,supporting,PARTIAL,El control contribuye a operacionalizar o evidenciar el requisito; la conclusión de cumplimiento permanece específica del requisito y no se infiere automáticamente.,medium,provisional
MAP-00331,ISO_IEC_27001_2022-R-024,COMP-001,supporting,PARTIAL,El control contribuye a operacionalizar o evidenciar el requisito; la conclusión de cumplimiento permanece específica del requisito y no se infiere automáticamente.,medium,provisional
MAP-00332,ISO_IEC_27001_2022-R-024,DOC-001,supporting,PARTIAL,El control contribuye a operacionalizar o evidenciar el requisito; la conclusión de cumplimiento permanece específica del requisito y no se infiere automáticamente.,medium,provisional
MAP-00333,ISO_IEC_27001_2022-R-024,REC-001,supporting,PARTIAL,El control contribuye a operacionalizar o evidenciar el requisito; la conclusión de cumplimiento permanece específica del requisito y no se infiere automáticamente.,medium,provisional
MAP-00334,ISO_IEC_27001_2022-R-024,IAM-001,supporting,PARTIAL,El control contribuye a operacionalizar o evidenciar el requisito; la conclusión de cumplimiento permanece específica del requisito y no se infiere automáticamente.,medium,provisional
MAP-00335,ISO_IEC_27001_2022-R-025,RISK-001,direct,PARTIAL,El control contribuye a operacionalizar o evidenciar el requisito; la conclusión de cumplimiento permanece específica del requisito y no se infiere automáticamente.,medium,provisional
MAP-00336,ISO_IEC_27001_2022-R-025,RISK-002,supporting,PARTIAL,El control contribuye a operacionalizar o evidenciar el requisito; la conclusión de cumplimiento permanece específica del requisito y no se infiere automáticamente.,medium,provisional
MAP-00337,ISO_IEC_27001_2022-R-025,DOC-001,supporting,PARTIAL,El control contribuye a operacionalizar o evidenciar el requisito; la conclusión de cumplimiento permanece específica del requisito y no se infiere automáticamente.,medium,provisional
MAP-00338,ISO_IEC_27001_2022-R-025,REC-001,supporting,PARTIAL,El control contribuye a operacionalizar o evidenciar el requisito; la conclusión de cumplimiento permanece específica del requisito y no se infiere automáticamente.,medium,provisional
MAP-00339,ISO_IEC_27001_2022-R-025,ACCESS-001,supporting,PARTIAL,El control contribuye a operacionalizar o evidenciar el requisito; la conclusión de cumplimiento permanece específica del requisito y no se infiere automáticamente.,medium,provisional
MAP-00340,ISO_IEC_27001_2022-R-025,ACCESS-002,supporting,PARTIAL,El control contribuye a operacionalizar o evidenciar el requisito; la conclusión de cumplimiento permanece específica del requisito y no se infiere automáticamente.,medium,provisional
MAP-00341,ISO_IEC_27001_2022-R-026,RISK-001,direct,PARTIAL,El control contribuye a operacionalizar o evidenciar el requisito; la conclusión de cumplimiento permanece específica del requisito y no se infiere automáticamente.,medium,provisional
MAP-00342,ISO_IEC_27001_2022-R-026,RISK-002,supporting,PARTIAL,El control contribuye a operacionalizar o evidenciar el requisito; la conclusión de cumplimiento permanece específica del requisito y no se infiere automáticamente.,medium,provisional
MAP-00343,ISO_IEC_27001_2022-R-026,DOC-001,supporting,PARTIAL,El control contribuye a operacionalizar o evidenciar el requisito; la conclusión de cumplimiento permanece específica del requisito y no se infiere automáticamente.,medium,provisional
MAP-00344,ISO_IEC_27001_2022-R-026,REC-001,supporting,PARTIAL,El control contribuye a operacionalizar o evidenciar el requisito; la conclusión de cumplimiento permanece específica del requisito y no se infiere automáticamente.,medium,provisional
MAP-00345,ISO_IEC_27001_2022-R-026,SUP-001,supporting,PARTIAL,El control contribuye a operacionalizar o evidenciar el requisito; la conclusión de cumplimiento permanece específica del requisito y no se infiere automáticamente.,medium,provisional
MAP-00346,ISO_IEC_27001_2022-R-026,CONTRACT-001,supporting,PARTIAL,El control contribuye a operacionalizar o evidenciar el requisito; la conclusión de cumplimiento permanece específica del requisito y no se infiere automáticamente.,medium,provisional
MAP-00347,ISO_IEC_27001_2022-R-027,RISK-001,direct,PARTIAL,El control contribuye a operacionalizar o evidenciar el requisito; la conclusión de cumplimiento permanece específica del requisito y no se infiere automáticamente.,medium,provisional
MAP-00348,ISO_IEC_27001_2022-R-027,RISK-002,supporting,PARTIAL,El control contribuye a operacionalizar o evidenciar el requisito; la conclusión de cumplimiento permanece específica del requisito y no se infiere automáticamente.,medium,provisional
MAP-00349,ISO_IEC_27001_2022-R-027,DOC-001,supporting,PARTIAL,El control contribuye a operacionalizar o evidenciar el requisito; la conclusión de cumplimiento permanece específica del requisito y no se infiere automáticamente.,medium,provisional
MAP-00350,ISO_IEC_27001_2022-R-027,REC-001,supporting,PARTIAL,El control contribuye a operacionalizar o evidenciar el requisito; la conclusión de cumplimiento permanece específica del requisito y no se infiere automáticamente.,medium,provisional
MAP-00351,ISO_IEC_27001_2022-R-027,SUP-001,supporting,PARTIAL,El control contribuye a operacionalizar o evidenciar el requisito; la conclusión de cumplimiento permanece específica del requisito y no se infiere automáticamente.,medium,provisional
MAP-00352,ISO_IEC_27001_2022-R-027,CONTRACT-001,supporting,PARTIAL,El control contribuye a operacionalizar o evidenciar el requisito; la conclusión de cumplimiento permanece específica del requisito y no se infiere automáticamente.,medium,provisional
MAP-00353,ISO_IEC_27001_2022-R-028,RISK-001,direct,PARTIAL,El control contribuye a operacionalizar o evidenciar el requisito; la conclusión de cumplimiento permanece específica del requisito y no se infiere automáticamente.,medium,provisional
MAP-00354,ISO_IEC_27001_2022-R-028,RISK-002,supporting,PARTIAL,El control contribuye a operacionalizar o evidenciar el requisito; la conclusión de cumplimiento permanece específica del requisito y no se infiere automáticamente.,medium,provisional
MAP-00355,ISO_IEC_27001_2022-R-028,DOC-001,supporting,PARTIAL,El control contribuye a operacionalizar o evidenciar el requisito; la conclusión de cumplimiento permanece específica del requisito y no se infiere automáticamente.,medium,provisional
MAP-00356,ISO_IEC_27001_2022-R-028,REC-001,supporting,PARTIAL,El control contribuye a operacionalizar o evidenciar el requisito; la conclusión de cumplimiento permanece específica del requisito y no se infiere automáticamente.,medium,provisional
MAP-00357,ISO_IEC_27001_2022-R-029,RISK-001,direct,PARTIAL,El control contribuye a operacionalizar o evidenciar el requisito; la conclusión de cumplimiento permanece específica del requisito y no se infiere automáticamente.,medium,provisional
MAP-00358,ISO_IEC_27001_2022-R-029,RISK-002,supporting,PARTIAL,El control contribuye a operacionalizar o evidenciar el requisito; la conclusión de cumplimiento permanece específica del requisito y no se infiere automáticamente.,medium,provisional
MAP-00359,ISO_IEC_27001_2022-R-029,DOC-001,supporting,PARTIAL,El control contribuye a operacionalizar o evidenciar el requisito; la conclusión de cumplimiento permanece específica del requisito y no se infiere automáticamente.,medium,provisional
MAP-00360,ISO_IEC_27001_2022-R-029,REC-001,supporting,PARTIAL,El control contribuye a operacionalizar o evidenciar el requisito; la conclusión de cumplimiento permanece específica del requisito y no se infiere automáticamente.,medium,provisional
MAP-00361,ISO_IEC_27001_2022-R-029,SUP-001,supporting,PARTIAL,El control contribuye a operacionalizar o evidenciar el requisito; la conclusión de cumplimiento permanece específica del requisito y no se infiere automáticamente.,medium,provisional
MAP-00362,ISO_IEC_27001_2022-R-029,CONTRACT-001,supporting,PARTIAL,El control contribuye a operacionalizar o evidenciar el requisito; la conclusión de cumplimiento permanece específica del requisito y no se infiere automáticamente.,medium,provisional
MAP-00363,ISO_IEC_27001_2022-R-030,RISK-001,direct,PARTIAL,El control contribuye a operacionalizar o evidenciar el requisito; la conclusión de cumplimiento permanece específica del requisito y no se infiere automáticamente.,medium,provisional
MAP-00364,ISO_IEC_27001_2022-R-030,RISK-002,supporting,PARTIAL,El control contribuye a operacionalizar o evidenciar el requisito; la conclusión de cumplimiento permanece específica del requisito y no se infiere automáticamente.,medium,provisional
MAP-00365,ISO_IEC_27001_2022-R-030,DOC-001,supporting,PARTIAL,El control contribuye a operacionalizar o evidenciar el requisito; la conclusión de cumplimiento permanece específica del requisito y no se infiere automáticamente.,medium,provisional
MAP-00366,ISO_IEC_27001_2022-R-030,REC-001,supporting,PARTIAL,El control contribuye a operacionalizar o evidenciar el requisito; la conclusión de cumplimiento permanece específica del requisito y no se infiere automáticamente.,medium,provisional
MAP-00367,ISO_IEC_27001_2022-R-031,RISK-001,direct,PARTIAL,El control contribuye a operacionalizar o evidenciar el requisito; la conclusión de cumplimiento permanece específica del requisito y no se infiere automáticamente.,medium,provisional
MAP-00368,ISO_IEC_27001_2022-R-031,RISK-002,supporting,PARTIAL,El control contribuye a operacionalizar o evidenciar el requisito; la conclusión de cumplimiento permanece específica del requisito y no se infiere automáticamente.,medium,provisional
MAP-00369,ISO_IEC_27001_2022-R-031,DOC-001,supporting,PARTIAL,El control contribuye a operacionalizar o evidenciar el requisito; la conclusión de cumplimiento permanece específica del requisito y no se infiere automáticamente.,medium,provisional
MAP-00370,ISO_IEC_27001_2022-R-031,REC-001,supporting,PARTIAL,El control contribuye a operacionalizar o evidenciar el requisito; la conclusión de cumplimiento permanece específica del requisito y no se infiere automáticamente.,medium,provisional
MAP-00371,ISO_IEC_27001_2022-R-031,INCIDENT-001,supporting,PARTIAL,El control contribuye a operacionalizar o evidenciar el requisito; la conclusión de cumplimiento permanece específica del requisito y no se infiere automáticamente.,medium,provisional
MAP-00372,ISO_IEC_27001_2022-R-032,RISK-001,direct,PARTIAL,El control contribuye a operacionalizar o evidenciar el requisito; la conclusión de cumplimiento permanece específica del requisito y no se infiere automáticamente.,medium,provisional
MAP-00373,ISO_IEC_27001_2022-R-032,RISK-002,supporting,PARTIAL,El control contribuye a operacionalizar o evidenciar el requisito; la conclusión de cumplimiento permanece específica del requisito y no se infiere automáticamente.,medium,provisional
MAP-00374,ISO_IEC_27001_2022-R-032,DOC-001,supporting,PARTIAL,El control contribuye a operacionalizar o evidenciar el requisito; la conclusión de cumplimiento permanece específica del requisito y no se infiere automáticamente.,medium,provisional
MAP-00375,ISO_IEC_27001_2022-R-032,REC-001,supporting,PARTIAL,El control contribuye a operacionalizar o evidenciar el requisito; la conclusión de cumplimiento permanece específica del requisito y no se infiere automáticamente.,medium,provisional
MAP-00376,ISO_IEC_27001_2022-R-033,RISK-001,direct,PARTIAL,El control contribuye a operacionalizar o evidenciar el requisito; la conclusión de cumplimiento permanece específica del requisito y no se infiere automáticamente.,medium,provisional
MAP-00377,ISO_IEC_27001_2022-R-033,RISK-002,supporting,PARTIAL,El control contribuye a operacionalizar o evidenciar el requisito; la conclusión de cumplimiento permanece específica del requisito y no se infiere automáticamente.,medium,provisional
MAP-00378,ISO_IEC_27001_2022-R-033,DOC-001,supporting,PARTIAL,El control contribuye a operacionalizar o evidenciar el requisito; la conclusión de cumplimiento permanece específica del requisito y no se infiere automáticamente.,medium,provisional
MAP-00379,ISO_IEC_27001_2022-R-033,REC-001,supporting,PARTIAL,El control contribuye a operacionalizar o evidenciar el requisito; la conclusión de cumplimiento permanece específica del requisito y no se infiere automáticamente.,medium,provisional
MAP-00380,ISO_IEC_27001_2022-R-033,INCIDENT-001,supporting,PARTIAL,El control contribuye a operacionalizar o evidenciar el requisito; la conclusión de cumplimiento permanece específica del requisito y no se infiere automáticamente.,medium,provisional
MAP-00381,ISO_IEC_27001_2022-R-034,RISK-001,direct,PARTIAL,El control contribuye a operacionalizar o evidenciar el requisito; la conclusión de cumplimiento permanece específica del requisito y no se infiere automáticamente.,medium,provisional
MAP-00382,ISO_IEC_27001_2022-R-034,RISK-002,supporting,PARTIAL,El control contribuye a operacionalizar o evidenciar el requisito; la conclusión de cumplimiento permanece específica del requisito y no se infiere automáticamente.,medium,provisional
MAP-00383,ISO_IEC_27001_2022-R-034,DOC-001,supporting,PARTIAL,El control contribuye a operacionalizar o evidenciar el requisito; la conclusión de cumplimiento permanece específica del requisito y no se infiere automáticamente.,medium,provisional
MAP-00384,ISO_IEC_27001_2022-R-034,REC-001,supporting,PARTIAL,El control contribuye a operacionalizar o evidenciar el requisito; la conclusión de cumplimiento permanece específica del requisito y no se infiere automáticamente.,medium,provisional
MAP-00385,ISO_IEC_27001_2022-R-034,INCIDENT-001,supporting,PARTIAL,El control contribuye a operacionalizar o evidenciar el requisito; la conclusión de cumplimiento permanece específica del requisito y no se infiere automáticamente.,medium,provisional
MAP-00386,ISO_IEC_27001_2022-R-035,RISK-001,direct,PARTIAL,El control contribuye a operacionalizar o evidenciar el requisito; la conclusión de cumplimiento permanece específica del requisito y no se infiere automáticamente.,medium,provisional
MAP-00387,ISO_IEC_27001_2022-R-035,RISK-002,supporting,PARTIAL,El control contribuye a operacionalizar o evidenciar el requisito; la conclusión de cumplimiento permanece específica del requisito y no se infiere automáticamente.,medium,provisional
MAP-00388,ISO_IEC_27001_2022-R-035,DOC-001,supporting,PARTIAL,El control contribuye a operacionalizar o evidenciar el requisito; la conclusión de cumplimiento permanece específica del requisito y no se infiere automáticamente.,medium,provisional
MAP-00389,ISO_IEC_27001_2022-R-035,REC-001,supporting,PARTIAL,El control contribuye a operacionalizar o evidenciar el requisito; la conclusión de cumplimiento permanece específica del requisito y no se infiere automáticamente.,medium,provisional
MAP-00390,ISO_IEC_27001_2022-R-035,EVIDENCE-001,supporting,PARTIAL,El control contribuye a operacionalizar o evidenciar el requisito; la conclusión de cumplimiento permanece específica del requisito y no se infiere automáticamente.,medium,provisional
MAP-00391,ISO_IEC_27001_2022-R-035,AI-001,supporting,PARTIAL,El control contribuye a operacionalizar o evidenciar el requisito; la conclusión de cumplimiento permanece específica del requisito y no se infiere automáticamente.,medium,provisional
MAP-00392,ISO_IEC_27001_2022-R-036,RISK-001,direct,PARTIAL,El control contribuye a operacionalizar o evidenciar el requisito; la conclusión de cumplimiento permanece específica del requisito y no se infiere automáticamente.,medium,provisional
MAP-00393,ISO_IEC_27001_2022-R-036,RISK-002,supporting,PARTIAL,El control contribuye a operacionalizar o evidenciar el requisito; la conclusión de cumplimiento permanece específica del requisito y no se infiere automáticamente.,medium,provisional
MAP-00394,ISO_IEC_27001_2022-R-036,DOC-001,supporting,PARTIAL,El control contribuye a operacionalizar o evidenciar el requisito; la conclusión de cumplimiento permanece específica del requisito y no se infiere automáticamente.,medium,provisional
MAP-00395,ISO_IEC_27001_2022-R-036,REC-001,supporting,PARTIAL,El control contribuye a operacionalizar o evidenciar el requisito; la conclusión de cumplimiento permanece específica del requisito y no se infiere automáticamente.,medium,provisional
MAP-00396,ISO_IEC_27001_2022-R-037,RISK-001,direct,PARTIAL,El control contribuye a operacionalizar o evidenciar el requisito; la conclusión de cumplimiento permanece específica del requisito y no se infiere automáticamente.,medium,provisional
MAP-00397,ISO_IEC_27001_2022-R-037,RISK-002,supporting,PARTIAL,El control contribuye a operacionalizar o evidenciar el requisito; la conclusión de cumplimiento permanece específica del requisito y no se infiere automáticamente.,medium,provisional
MAP-00398,ISO_IEC_27001_2022-R-037,DOC-001,supporting,PARTIAL,El control contribuye a operacionalizar o evidenciar el requisito; la conclusión de cumplimiento permanece específica del requisito y no se infiere automáticamente.,medium,provisional
MAP-00399,ISO_IEC_27001_2022-R-037,REC-001,supporting,PARTIAL,El control contribuye a operacionalizar o evidenciar el requisito; la conclusión de cumplimiento permanece específica del requisito y no se infiere automáticamente.,medium,provisional
MAP-00400,ISO_IEC_27001_2022-R-037,BCM-001,supporting,PARTIAL,El control contribuye a operacionalizar o evidenciar el requisito; la conclusión de cumplimiento permanece específica del requisito y no se infiere automáticamente.,medium,provisional
MAP-00401,ISO_IEC_27001_2022-R-038,RISK-001,direct,PARTIAL,El control contribuye a operacionalizar o evidenciar el requisito; la conclusión de cumplimiento permanece específica del requisito y no se infiere automáticamente.,medium,provisional
MAP-00402,ISO_IEC_27001_2022-R-038,RISK-002,supporting,PARTIAL,El control contribuye a operacionalizar o evidenciar el requisito; la conclusión de cumplimiento permanece específica del requisito y no se infiere automáticamente.,medium,provisional
MAP-00403,ISO_IEC_27001_2022-R-038,DOC-001,supporting,PARTIAL,El control contribuye a operacionalizar o evidenciar el requisito; la conclusión de cumplimiento permanece específica del requisito y no se infiere automáticamente.,medium,provisional
MAP-00404,ISO_IEC_27001_2022-R-038,REC-001,supporting,PARTIAL,El control contribuye a operacionalizar o evidenciar el requisito; la conclusión de cumplimiento permanece específica del requisito y no se infiere automáticamente.,medium,provisional
MAP-00405,ISO_IEC_27001_2022-R-039,RISK-001,direct,PARTIAL,El control contribuye a operacionalizar o evidenciar el requisito; la conclusión de cumplimiento permanece específica del requisito y no se infiere automáticamente.,medium,provisional
MAP-00406,ISO_IEC_27001_2022-R-039,RISK-002,supporting,PARTIAL,El control contribuye a operacionalizar o evidenciar el requisito; la conclusión de cumplimiento permanece específica del requisito y no se infiere automáticamente.,medium,provisional
MAP-00407,ISO_IEC_27001_2022-R-039,DOC-001,supporting,PARTIAL,El control contribuye a operacionalizar o evidenciar el requisito; la conclusión de cumplimiento permanece específica del requisito y no se infiere automáticamente.,medium,provisional
MAP-00408,ISO_IEC_27001_2022-R-039,REC-001,supporting,PARTIAL,El control contribuye a operacionalizar o evidenciar el requisito; la conclusión de cumplimiento permanece específica del requisito y no se infiere automáticamente.,medium,provisional
MAP-00409,ISO_IEC_27001_2022-R-039,PRIV-004,supporting,PARTIAL,El control contribuye a operacionalizar o evidenciar el requisito; la conclusión de cumplimiento permanece específica del requisito y no se infiere automáticamente.,medium,provisional
MAP-00410,ISO_IEC_27001_2022-R-040,RISK-001,direct,PARTIAL,El control contribuye a operacionalizar o evidenciar el requisito; la conclusión de cumplimiento permanece específica del requisito y no se infiere automáticamente.,medium,provisional
MAP-00411,ISO_IEC_27001_2022-R-040,RISK-002,supporting,PARTIAL,El control contribuye a operacionalizar o evidenciar el requisito; la conclusión de cumplimiento permanece específica del requisito y no se infiere automáticamente.,medium,provisional
MAP-00412,ISO_IEC_27001_2022-R-040,DOC-001,supporting,PARTIAL,El control contribuye a operacionalizar o evidenciar el requisito; la conclusión de cumplimiento permanece específica del requisito y no se infiere automáticamente.,medium,provisional
MAP-00413,ISO_IEC_27001_2022-R-040,REC-001,supporting,PARTIAL,El control contribuye a operacionalizar o evidenciar el requisito; la conclusión de cumplimiento permanece específica del requisito y no se infiere automáticamente.,medium,provisional
MAP-00414,ISO_IEC_27001_2022-R-041,RISK-001,direct,PARTIAL,El control contribuye a operacionalizar o evidenciar el requisito; la conclusión de cumplimiento permanece específica del requisito y no se infiere automáticamente.,medium,provisional
MAP-00415,ISO_IEC_27001_2022-R-041,RISK-002,supporting,PARTIAL,El control contribuye a operacionalizar o evidenciar el requisito; la conclusión de cumplimiento permanece específica del requisito y no se infiere automáticamente.,medium,provisional
MAP-00416,ISO_IEC_27001_2022-R-041,DOC-001,supporting,PARTIAL,El control contribuye a operacionalizar o evidenciar el requisito; la conclusión de cumplimiento permanece específica del requisito y no se infiere automáticamente.,medium,provisional
MAP-00417,ISO_IEC_27001_2022-R-041,REC-001,supporting,PARTIAL,El control contribuye a operacionalizar o evidenciar el requisito; la conclusión de cumplimiento permanece específica del requisito y no se infiere automáticamente.,medium,provisional
MAP-00418,ISO_IEC_27001_2022-R-041,PRIV-001,supporting,PARTIAL,El control contribuye a operacionalizar o evidenciar el requisito; la conclusión de cumplimiento permanece específica del requisito y no se infiere automáticamente.,medium,provisional
MAP-00419,ISO_IEC_27001_2022-R-041,PRIV-006,supporting,PARTIAL,El control contribuye a operacionalizar o evidenciar el requisito; la conclusión de cumplimiento permanece específica del requisito y no se infiere automáticamente.,medium,provisional
MAP-00420,ISO_IEC_27001_2022-R-042,RISK-001,direct,PARTIAL,El control contribuye a operacionalizar o evidenciar el requisito; la conclusión de cumplimiento permanece específica del requisito y no se infiere automáticamente.,medium,provisional
MAP-00421,ISO_IEC_27001_2022-R-042,RISK-002,supporting,PARTIAL,El control contribuye a operacionalizar o evidenciar el requisito; la conclusión de cumplimiento permanece específica del requisito y no se infiere automáticamente.,medium,provisional
MAP-00422,ISO_IEC_27001_2022-R-042,DOC-001,supporting,PARTIAL,El control contribuye a operacionalizar o evidenciar el requisito; la conclusión de cumplimiento permanece específica del requisito y no se infiere automáticamente.,medium,provisional
MAP-00423,ISO_IEC_27001_2022-R-042,REC-001,supporting,PARTIAL,El control contribuye a operacionalizar o evidenciar el requisito; la conclusión de cumplimiento permanece específica del requisito y no se infiere automáticamente.,medium,provisional
MAP-00424,ISO_IEC_27001_2022-R-043,GOV-003,direct,PARTIAL,El control contribuye a operacionalizar o evidenciar el requisito; la conclusión de cumplimiento permanece específica del requisito y no se infiere automáticamente.,medium,provisional
MAP-00425,ISO_IEC_27001_2022-R-043,RISK-001,supporting,PARTIAL,El control contribuye a operacionalizar o evidenciar el requisito; la conclusión de cumplimiento permanece específica del requisito y no se infiere automáticamente.,medium,provisional
MAP-00426,ISO_IEC_27001_2022-R-043,RISK-002,supporting,PARTIAL,El control contribuye a operacionalizar o evidenciar el requisito; la conclusión de cumplimiento permanece específica del requisito y no se infiere automáticamente.,medium,provisional
MAP-00427,ISO_IEC_27001_2022-R-043,DOC-001,supporting,PARTIAL,El control contribuye a operacionalizar o evidenciar el requisito; la conclusión de cumplimiento permanece específica del requisito y no se infiere automáticamente.,medium,provisional
MAP-00428,ISO_IEC_27001_2022-R-043,REC-001,supporting,PARTIAL,El control contribuye a operacionalizar o evidenciar el requisito; la conclusión de cumplimiento permanece específica del requisito y no se infiere automáticamente.,medium,provisional
MAP-00429,ISO_IEC_27001_2022-R-044,RISK-001,direct,PARTIAL,El control contribuye a operacionalizar o evidenciar el requisito; la conclusión de cumplimiento permanece específica del requisito y no se infiere automáticamente.,medium,provisional
MAP-00430,ISO_IEC_27001_2022-R-044,RISK-002,supporting,PARTIAL,El control contribuye a operacionalizar o evidenciar el requisito; la conclusión de cumplimiento permanece específica del requisito y no se infiere automáticamente.,medium,provisional
MAP-00431,ISO_IEC_27001_2022-R-044,DOC-001,supporting,PARTIAL,El control contribuye a operacionalizar o evidenciar el requisito; la conclusión de cumplimiento permanece específica del requisito y no se infiere automáticamente.,medium,provisional
MAP-00432,ISO_IEC_27001_2022-R-044,REC-001,supporting,PARTIAL,El control contribuye a operacionalizar o evidenciar el requisito; la conclusión de cumplimiento permanece específica del requisito y no se infiere automáticamente.,medium,provisional
MAP-00433,ISO_IEC_27001_2022-R-045,RISK-001,direct,PARTIAL,El control contribuye a operacionalizar o evidenciar el requisito; la conclusión de cumplimiento permanece específica del requisito y no se infiere automáticamente.,medium,provisional
MAP-00434,ISO_IEC_27001_2022-R-045,RISK-002,supporting,PARTIAL,El control contribuye a operacionalizar o evidenciar el requisito; la conclusión de cumplimiento permanece específica del requisito y no se infiere automáticamente.,medium,provisional
MAP-00435,ISO_IEC_27001_2022-R-045,DOC-001,supporting,PARTIAL,El control contribuye a operacionalizar o evidenciar el requisito; la conclusión de cumplimiento permanece específica del requisito y no se infiere automáticamente.,medium,provisional
MAP-00436,ISO_IEC_27001_2022-R-045,REC-001,supporting,PARTIAL,El control contribuye a operacionalizar o evidenciar el requisito; la conclusión de cumplimiento permanece específica del requisito y no se infiere automáticamente.,medium,provisional
MAP-00437,ISO_IEC_27001_2022-R-046,RISK-001,direct,PARTIAL,El control contribuye a operacionalizar o evidenciar el requisito; la conclusión de cumplimiento permanece específica del requisito y no se infiere automáticamente.,medium,provisional
MAP-00438,ISO_IEC_27001_2022-R-046,RISK-002,supporting,PARTIAL,El control contribuye a operacionalizar o evidenciar el requisito; la conclusión de cumplimiento permanece específica del requisito y no se infiere automáticamente.,medium,provisional
MAP-00439,ISO_IEC_27001_2022-R-046,DOC-001,supporting,PARTIAL,El control contribuye a operacionalizar o evidenciar el requisito; la conclusión de cumplimiento permanece específica del requisito y no se infiere automáticamente.,medium,provisional
MAP-00440,ISO_IEC_27001_2022-R-046,REC-001,supporting,PARTIAL,El control contribuye a operacionalizar o evidenciar el requisito; la conclusión de cumplimiento permanece específica del requisito y no se infiere automáticamente.,medium,provisional
MAP-00441,ISO_IEC_27001_2022-R-047,RISK-001,direct,PARTIAL,El control contribuye a operacionalizar o evidenciar el requisito; la conclusión de cumplimiento permanece específica del requisito y no se infiere automáticamente.,medium,provisional
MAP-00442,ISO_IEC_27001_2022-R-047,RISK-002,supporting,PARTIAL,El control contribuye a operacionalizar o evidenciar el requisito; la conclusión de cumplimiento permanece específica del requisito y no se infiere automáticamente.,medium,provisional
MAP-00443,ISO_IEC_27001_2022-R-047,COMP-001,supporting,PARTIAL,El control contribuye a operacionalizar o evidenciar el requisito; la conclusión de cumplimiento permanece específica del requisito y no se infiere automáticamente.,medium,provisional
MAP-00444,ISO_IEC_27001_2022-R-047,AWARE-001,supporting,PARTIAL,El control contribuye a operacionalizar o evidenciar el requisito; la conclusión de cumplimiento permanece específica del requisito y no se infiere automáticamente.,medium,provisional
MAP-00445,ISO_IEC_27001_2022-R-047,DOC-001,supporting,PARTIAL,El control contribuye a operacionalizar o evidenciar el requisito; la conclusión de cumplimiento permanece específica del requisito y no se infiere automáticamente.,medium,provisional
MAP-00446,ISO_IEC_27001_2022-R-047,REC-001,supporting,PARTIAL,El control contribuye a operacionalizar o evidenciar el requisito; la conclusión de cumplimiento permanece específica del requisito y no se infiere automáticamente.,medium,provisional
MAP-00447,ISO_IEC_27001_2022-R-048,RISK-001,direct,PARTIAL,El control contribuye a operacionalizar o evidenciar el requisito; la conclusión de cumplimiento permanece específica del requisito y no se infiere automáticamente.,medium,provisional
MAP-00448,ISO_IEC_27001_2022-R-048,RISK-002,supporting,PARTIAL,El control contribuye a operacionalizar o evidenciar el requisito; la conclusión de cumplimiento permanece específica del requisito y no se infiere automáticamente.,medium,provisional
MAP-00449,ISO_IEC_27001_2022-R-048,DOC-001,supporting,PARTIAL,El control contribuye a operacionalizar o evidenciar el requisito; la conclusión de cumplimiento permanece específica del requisito y no se infiere automáticamente.,medium,provisional
MAP-00450,ISO_IEC_27001_2022-R-048,REC-001,supporting,PARTIAL,El control contribuye a operacionalizar o evidenciar el requisito; la conclusión de cumplimiento permanece específica del requisito y no se infiere automáticamente.,medium,provisional
MAP-00451,ISO_IEC_27001_2022-R-049,GOV-001,direct,PARTIAL,El control contribuye a operacionalizar o evidenciar el requisito; la conclusión de cumplimiento permanece específica del requisito y no se infiere automáticamente.,medium,provisional
MAP-00452,ISO_IEC_27001_2022-R-049,GOV-002,supporting,PARTIAL,El control contribuye a operacionalizar o evidenciar el requisito; la conclusión de cumplimiento permanece específica del requisito y no se infiere automáticamente.,medium,provisional
MAP-00453,ISO_IEC_27001_2022-R-049,RISK-001,supporting,PARTIAL,El control contribuye a operacionalizar o evidenciar el requisito; la conclusión de cumplimiento permanece específica del requisito y no se infiere automáticamente.,medium,provisional
MAP-00454,ISO_IEC_27001_2022-R-049,RISK-002,supporting,PARTIAL,El control contribuye a operacionalizar o evidenciar el requisito; la conclusión de cumplimiento permanece específica del requisito y no se infiere automáticamente.,medium,provisional
MAP-00455,ISO_IEC_27001_2022-R-049,DOC-001,supporting,PARTIAL,El control contribuye a operacionalizar o evidenciar el requisito; la conclusión de cumplimiento permanece específica del requisito y no se infiere automáticamente.,medium,provisional
MAP-00456,ISO_IEC_27001_2022-R-049,REC-001,supporting,PARTIAL,El control contribuye a operacionalizar o evidenciar el requisito; la conclusión de cumplimiento permanece específica del requisito y no se infiere automáticamente.,medium,provisional
MAP-00457,ISO_IEC_27001_2022-R-050,RISK-001,direct,PARTIAL,El control contribuye a operacionalizar o evidenciar el requisito; la conclusión de cumplimiento permanece específica del requisito y no se infiere automáticamente.,medium,provisional
MAP-00458,ISO_IEC_27001_2022-R-050,RISK-002,supporting,PARTIAL,El control contribuye a operacionalizar o evidenciar el requisito; la conclusión de cumplimiento permanece específica del requisito y no se infiere automáticamente.,medium,provisional
MAP-00459,ISO_IEC_27001_2022-R-050,DOC-001,supporting,PARTIAL,El control contribuye a operacionalizar o evidenciar el requisito; la conclusión de cumplimiento permanece específica del requisito y no se infiere automáticamente.,medium,provisional
MAP-00460,ISO_IEC_27001_2022-R-050,REC-001,supporting,PARTIAL,El control contribuye a operacionalizar o evidenciar el requisito; la conclusión de cumplimiento permanece específica del requisito y no se infiere automáticamente.,medium,provisional
MAP-00461,ISO_IEC_27001_2022-R-050,AI-001,supporting,PARTIAL,El control contribuye a operacionalizar o evidenciar el requisito; la conclusión de cumplimiento permanece específica del requisito y no se infiere automáticamente.,medium,provisional
MAP-00462,ISO_IEC_27001_2022-R-050,AI-003,supporting,PARTIAL,El control contribuye a operacionalizar o evidenciar el requisito; la conclusión de cumplimiento permanece específica del requisito y no se infiere automáticamente.,medium,provisional
MAP-00463,ISO_IEC_27001_2022-R-051,RISK-001,direct,PARTIAL,El control contribuye a operacionalizar o evidenciar el requisito; la conclusión de cumplimiento permanece específica del requisito y no se infiere automáticamente.,medium,provisional
MAP-00464,ISO_IEC_27001_2022-R-051,RISK-002,supporting,PARTIAL,El control contribuye a operacionalizar o evidenciar el requisito; la conclusión de cumplimiento permanece específica del requisito y no se infiere automáticamente.,medium,provisional
MAP-00465,ISO_IEC_27001_2022-R-051,DOC-001,supporting,PARTIAL,El control contribuye a operacionalizar o evidenciar el requisito; la conclusión de cumplimiento permanece específica del requisito y no se infiere automáticamente.,medium,provisional
MAP-00466,ISO_IEC_27001_2022-R-051,REC-001,supporting,PARTIAL,El control contribuye a operacionalizar o evidenciar el requisito; la conclusión de cumplimiento permanece específica del requisito y no se infiere automáticamente.,medium,provisional
MAP-00467,ISO_IEC_27001_2022-R-052,RISK-001,direct,PARTIAL,El control contribuye a operacionalizar o evidenciar el requisito; la conclusión de cumplimiento permanece específica del requisito y no se infiere automáticamente.,medium,provisional
MAP-00468,ISO_IEC_27001_2022-R-052,RISK-002,supporting,PARTIAL,El control contribuye a operacionalizar o evidenciar el requisito; la conclusión de cumplimiento permanece específica del requisito y no se infiere automáticamente.,medium,provisional
MAP-00469,ISO_IEC_27001_2022-R-052,DOC-001,supporting,PARTIAL,El control contribuye a operacionalizar o evidenciar el requisito; la conclusión de cumplimiento permanece específica del requisito y no se infiere automáticamente.,medium,provisional
MAP-00470,ISO_IEC_27001_2022-R-052,REC-001,supporting,PARTIAL,El control contribuye a operacionalizar o evidenciar el requisito; la conclusión de cumplimiento permanece específica del requisito y no se infiere automáticamente.,medium,provisional
MAP-00471,ISO_IEC_27001_2022-R-053,RISK-001,direct,PARTIAL,El control contribuye a operacionalizar o evidenciar el requisito; la conclusión de cumplimiento permanece específica del requisito y no se infiere automáticamente.,medium,provisional
MAP-00472,ISO_IEC_27001_2022-R-053,RISK-002,supporting,PARTIAL,El control contribuye a operacionalizar o evidenciar el requisito; la conclusión de cumplimiento permanece específica del requisito y no se infiere automáticamente.,medium,provisional
MAP-00473,ISO_IEC_27001_2022-R-053,DOC-001,supporting,PARTIAL,El control contribuye a operacionalizar o evidenciar el requisito; la conclusión de cumplimiento permanece específica del requisito y no se infiere automáticamente.,medium,provisional
MAP-00474,ISO_IEC_27001_2022-R-053,REC-001,supporting,PARTIAL,El control contribuye a operacionalizar o evidenciar el requisito; la conclusión de cumplimiento permanece específica del requisito y no se infiere automáticamente.,medium,provisional
MAP-00475,ISO_IEC_27001_2022-R-054,RISK-001,direct,PARTIAL,El control contribuye a operacionalizar o evidenciar el requisito; la conclusión de cumplimiento permanece específica del requisito y no se infiere automáticamente.,medium,provisional
MAP-00476,ISO_IEC_27001_2022-R-054,RISK-002,supporting,PARTIAL,El control contribuye a operacionalizar o evidenciar el requisito; la conclusión de cumplimiento permanece específica del requisito y no se infiere automáticamente.,medium,provisional
MAP-00477,ISO_IEC_27001_2022-R-054,DOC-001,supporting,PARTIAL,El control contribuye a operacionalizar o evidenciar el requisito; la conclusión de cumplimiento permanece específica del requisito y no se infiere automáticamente.,medium,provisional
MAP-00478,ISO_IEC_27001_2022-R-054,REC-001,supporting,PARTIAL,El control contribuye a operacionalizar o evidenciar el requisito; la conclusión de cumplimiento permanece específica del requisito y no se infiere automáticamente.,medium,provisional
MAP-00479,ISO_IEC_27001_2022-R-055,RISK-001,direct,PARTIAL,El control contribuye a operacionalizar o evidenciar el requisito; la conclusión de cumplimiento permanece específica del requisito y no se infiere automáticamente.,medium,provisional
MAP-00480,ISO_IEC_27001_2022-R-055,RISK-002,supporting,PARTIAL,El control contribuye a operacionalizar o evidenciar el requisito; la conclusión de cumplimiento permanece específica del requisito y no se infiere automáticamente.,medium,provisional
MAP-00481,ISO_IEC_27001_2022-R-055,DOC-001,supporting,PARTIAL,El control contribuye a operacionalizar o evidenciar el requisito; la conclusión de cumplimiento permanece específica del requisito y no se infiere automáticamente.,medium,provisional
MAP-00482,ISO_IEC_27001_2022-R-055,REC-001,supporting,PARTIAL,El control contribuye a operacionalizar o evidenciar el requisito; la conclusión de cumplimiento permanece específica del requisito y no se infiere automáticamente.,medium,provisional
MAP-00483,ISO_IEC_27001_2022-R-056,RISK-001,direct,PARTIAL,El control contribuye a operacionalizar o evidenciar el requisito; la conclusión de cumplimiento permanece específica del requisito y no se infiere automáticamente.,medium,provisional
MAP-00484,ISO_IEC_27001_2022-R-056,RISK-002,supporting,PARTIAL,El control contribuye a operacionalizar o evidenciar el requisito; la conclusión de cumplimiento permanece específica del requisito y no se infiere automáticamente.,medium,provisional
MAP-00485,ISO_IEC_27001_2022-R-056,DOC-001,supporting,PARTIAL,El control contribuye a operacionalizar o evidenciar el requisito; la conclusión de cumplimiento permanece específica del requisito y no se infiere automáticamente.,medium,provisional
MAP-00486,ISO_IEC_27001_2022-R-056,REC-001,supporting,PARTIAL,El control contribuye a operacionalizar o evidenciar el requisito; la conclusión de cumplimiento permanece específica del requisito y no se infiere automáticamente.,medium,provisional
MAP-00487,ISO_IEC_27001_2022-R-056,MON-001,supporting,PARTIAL,El control contribuye a operacionalizar o evidenciar el requisito; la conclusión de cumplimiento permanece específica del requisito y no se infiere automáticamente.,medium,provisional
MAP-00488,ISO_IEC_27001_2022-R-056,METRIC-001,supporting,PARTIAL,El control contribuye a operacionalizar o evidenciar el requisito; la conclusión de cumplimiento permanece específica del requisito y no se infiere automáticamente.,medium,provisional
MAP-00489,ISO_IEC_27001_2022-R-057,RISK-001,direct,PARTIAL,El control contribuye a operacionalizar o evidenciar el requisito; la conclusión de cumplimiento permanece específica del requisito y no se infiere automáticamente.,medium,provisional
MAP-00490,ISO_IEC_27001_2022-R-057,RISK-002,supporting,PARTIAL,El control contribuye a operacionalizar o evidenciar el requisito; la conclusión de cumplimiento permanece específica del requisito y no se infiere automáticamente.,medium,provisional
MAP-00491,ISO_IEC_27001_2022-R-057,DOC-001,supporting,PARTIAL,El control contribuye a operacionalizar o evidenciar el requisito; la conclusión de cumplimiento permanece específica del requisito y no se infiere automáticamente.,medium,provisional
MAP-00492,ISO_IEC_27001_2022-R-057,REC-001,supporting,PARTIAL,El control contribuye a operacionalizar o evidenciar el requisito; la conclusión de cumplimiento permanece específica del requisito y no se infiere automáticamente.,medium,provisional
MAP-00493,ISO_IEC_27001_2022-R-058,RISK-001,direct,PARTIAL,El control contribuye a operacionalizar o evidenciar el requisito; la conclusión de cumplimiento permanece específica del requisito y no se infiere automáticamente.,medium,provisional
MAP-00494,ISO_IEC_27001_2022-R-058,RISK-002,supporting,PARTIAL,El control contribuye a operacionalizar o evidenciar el requisito; la conclusión de cumplimiento permanece específica del requisito y no se infiere automáticamente.,medium,provisional
MAP-00495,ISO_IEC_27001_2022-R-058,DOC-001,supporting,PARTIAL,El control contribuye a operacionalizar o evidenciar el requisito; la conclusión de cumplimiento permanece específica del requisito y no se infiere automáticamente.,medium,provisional
MAP-00496,ISO_IEC_27001_2022-R-058,REC-001,supporting,PARTIAL,El control contribuye a operacionalizar o evidenciar el requisito; la conclusión de cumplimiento permanece específica del requisito y no se infiere automáticamente.,medium,provisional
MAP-00497,ISO_IEC_27001_2022-R-059,RISK-001,direct,PARTIAL,El control contribuye a operacionalizar o evidenciar el requisito; la conclusión de cumplimiento permanece específica del requisito y no se infiere automáticamente.,medium,provisional
MAP-00498,ISO_IEC_27001_2022-R-059,RISK-002,supporting,PARTIAL,El control contribuye a operacionalizar o evidenciar el requisito; la conclusión de cumplimiento permanece específica del requisito y no se infiere automáticamente.,medium,provisional
MAP-00499,ISO_IEC_27001_2022-R-059,DOC-001,supporting,PARTIAL,El control contribuye a operacionalizar o evidenciar el requisito; la conclusión de cumplimiento permanece específica del requisito y no se infiere automáticamente.,medium,provisional
MAP-00500,ISO_IEC_27001_2022-R-059,REC-001,supporting,PARTIAL,El control contribuye a operacionalizar o evidenciar el requisito; la conclusión de cumplimiento permanece específica del requisito y no se infiere automáticamente.,medium,provisional
MAP-00501,ISO_IEC_27001_2022-R-059,AI-001,supporting,PARTIAL,El control contribuye a operacionalizar o evidenciar el requisito; la conclusión de cumplimiento permanece específica del requisito y no se infiere automáticamente.,medium,provisional
MAP-00502,ISO_IEC_27001_2022-R-059,AI-003,supporting,PARTIAL,El control contribuye a operacionalizar o evidenciar el requisito; la conclusión de cumplimiento permanece específica del requisito y no se infiere automáticamente.,medium,provisional
MAP-00503,ISO_IEC_27001_2022-R-060,RISK-001,direct,PARTIAL,El control contribuye a operacionalizar o evidenciar el requisito; la conclusión de cumplimiento permanece específica del requisito y no se infiere automáticamente.,medium,provisional
MAP-00504,ISO_IEC_27001_2022-R-060,RISK-002,supporting,PARTIAL,El control contribuye a operacionalizar o evidenciar el requisito; la conclusión de cumplimiento permanece específica del requisito y no se infiere automáticamente.,medium,provisional
MAP-00505,ISO_IEC_27001_2022-R-060,DOC-001,supporting,PARTIAL,El control contribuye a operacionalizar o evidenciar el requisito; la conclusión de cumplimiento permanece específica del requisito y no se infiere automáticamente.,medium,provisional
MAP-00506,ISO_IEC_27001_2022-R-060,REC-001,supporting,PARTIAL,El control contribuye a operacionalizar o evidenciar el requisito; la conclusión de cumplimiento permanece específica del requisito y no se infiere automáticamente.,medium,provisional
MAP-00507,ISO_IEC_27001_2022-R-061,RISK-001,direct,PARTIAL,El control contribuye a operacionalizar o evidenciar el requisito; la conclusión de cumplimiento permanece específica del requisito y no se infiere automáticamente.,medium,provisional
MAP-00508,ISO_IEC_27001_2022-R-061,RISK-002,supporting,PARTIAL,El control contribuye a operacionalizar o evidenciar el requisito; la conclusión de cumplimiento permanece específica del requisito y no se infiere automáticamente.,medium,provisional
MAP-00509,ISO_IEC_27001_2022-R-061,DOC-001,supporting,PARTIAL,El control contribuye a operacionalizar o evidenciar el requisito; la conclusión de cumplimiento permanece específica del requisito y no se infiere automáticamente.,medium,provisional
MAP-00510,ISO_IEC_27001_2022-R-061,REC-001,supporting,PARTIAL,El control contribuye a operacionalizar o evidenciar el requisito; la conclusión de cumplimiento permanece específica del requisito y no se infiere automáticamente.,medium,provisional
MAP-00511,ISO_IEC_27001_2022-R-061,ASSET-001,supporting,PARTIAL,El control contribuye a operacionalizar o evidenciar el requisito; la conclusión de cumplimiento permanece específica del requisito y no se infiere automáticamente.,medium,provisional
MAP-00512,ISO_IEC_27001_2022-R-062,RISK-001,direct,PARTIAL,El control contribuye a operacionalizar o evidenciar el requisito; la conclusión de cumplimiento permanece específica del requisito y no se infiere automáticamente.,medium,provisional
MAP-00513,ISO_IEC_27001_2022-R-062,RISK-002,supporting,PARTIAL,El control contribuye a operacionalizar o evidenciar el requisito; la conclusión de cumplimiento permanece específica del requisito y no se infiere automáticamente.,medium,provisional
MAP-00514,ISO_IEC_27001_2022-R-062,DOC-001,supporting,PARTIAL,El control contribuye a operacionalizar o evidenciar el requisito; la conclusión de cumplimiento permanece específica del requisito y no se infiere automáticamente.,medium,provisional
MAP-00515,ISO_IEC_27001_2022-R-062,REC-001,supporting,PARTIAL,El control contribuye a operacionalizar o evidenciar el requisito; la conclusión de cumplimiento permanece específica del requisito y no se infiere automáticamente.,medium,provisional
MAP-00516,ISO_IEC_27001_2022-R-063,RISK-001,direct,PARTIAL,El control contribuye a operacionalizar o evidenciar el requisito; la conclusión de cumplimiento permanece específica del requisito y no se infiere automáticamente.,medium,provisional
MAP-00517,ISO_IEC_27001_2022-R-063,RISK-002,supporting,PARTIAL,El control contribuye a operacionalizar o evidenciar el requisito; la conclusión de cumplimiento permanece específica del requisito y no se infiere automáticamente.,medium,provisional
MAP-00518,ISO_IEC_27001_2022-R-063,DOC-001,supporting,PARTIAL,El control contribuye a operacionalizar o evidenciar el requisito; la conclusión de cumplimiento permanece específica del requisito y no se infiere automáticamente.,medium,provisional
MAP-00519,ISO_IEC_27001_2022-R-063,REC-001,supporting,PARTIAL,El control contribuye a operacionalizar o evidenciar el requisito; la conclusión de cumplimiento permanece específica del requisito y no se infiere automáticamente.,medium,provisional
MAP-00520,ISO_IEC_27001_2022-R-064,RISK-001,direct,PARTIAL,El control contribuye a operacionalizar o evidenciar el requisito; la conclusión de cumplimiento permanece específica del requisito y no se infiere automáticamente.,medium,provisional
MAP-00521,ISO_IEC_27001_2022-R-064,RISK-002,supporting,PARTIAL,El control contribuye a operacionalizar o evidenciar el requisito; la conclusión de cumplimiento permanece específica del requisito y no se infiere automáticamente.,medium,provisional
MAP-00522,ISO_IEC_27001_2022-R-064,DOC-001,supporting,PARTIAL,El control contribuye a operacionalizar o evidenciar el requisito; la conclusión de cumplimiento permanece específica del requisito y no se infiere automáticamente.,medium,provisional
MAP-00523,ISO_IEC_27001_2022-R-064,REC-001,supporting,PARTIAL,El control contribuye a operacionalizar o evidenciar el requisito; la conclusión de cumplimiento permanece específica del requisito y no se infiere automáticamente.,medium,provisional
MAP-00524,ISO_IEC_27001_2022-R-065,RISK-001,direct,PARTIAL,El control contribuye a operacionalizar o evidenciar el requisito; la conclusión de cumplimiento permanece específica del requisito y no se infiere automáticamente.,medium,provisional
MAP-00525,ISO_IEC_27001_2022-R-065,RISK-002,supporting,PARTIAL,El control contribuye a operacionalizar o evidenciar el requisito; la conclusión de cumplimiento permanece específica del requisito y no se infiere automáticamente.,medium,provisional
MAP-00526,ISO_IEC_27001_2022-R-065,DOC-001,supporting,PARTIAL,El control contribuye a operacionalizar o evidenciar el requisito; la conclusión de cumplimiento permanece específica del requisito y no se infiere automáticamente.,medium,provisional
MAP-00527,ISO_IEC_27001_2022-R-065,REC-001,supporting,PARTIAL,El control contribuye a operacionalizar o evidenciar el requisito; la conclusión de cumplimiento permanece específica del requisito y no se infiere automáticamente.,medium,provisional
MAP-00528,ISO_IEC_27001_2022-R-066,RISK-001,direct,PARTIAL,El control contribuye a operacionalizar o evidenciar el requisito; la conclusión de cumplimiento permanece específica del requisito y no se infiere automáticamente.,medium,provisional
MAP-00529,ISO_IEC_27001_2022-R-066,RISK-002,supporting,PARTIAL,El control contribuye a operacionalizar o evidenciar el requisito; la conclusión de cumplimiento permanece específica del requisito y no se infiere automáticamente.,medium,provisional
MAP-00530,ISO_IEC_27001_2022-R-066,DOC-001,supporting,PARTIAL,El control contribuye a operacionalizar o evidenciar el requisito; la conclusión de cumplimiento permanece específica del requisito y no se infiere automáticamente.,medium,provisional
MAP-00531,ISO_IEC_27001_2022-R-066,REC-001,supporting,PARTIAL,El control contribuye a operacionalizar o evidenciar el requisito; la conclusión de cumplimiento permanece específica del requisito y no se infiere automáticamente.,medium,provisional
MAP-00532,ISO_IEC_27001_2022-R-066,RETENTION-001,supporting,PARTIAL,El control contribuye a operacionalizar o evidenciar el requisito; la conclusión de cumplimiento permanece específica del requisito y no se infiere automáticamente.,medium,provisional
MAP-00533,ISO_IEC_27001_2022-R-067,RISK-001,direct,PARTIAL,El control contribuye a operacionalizar o evidenciar el requisito; la conclusión de cumplimiento permanece específica del requisito y no se infiere automáticamente.,medium,provisional
MAP-00534,ISO_IEC_27001_2022-R-067,RISK-002,supporting,PARTIAL,El control contribuye a operacionalizar o evidenciar el requisito; la conclusión de cumplimiento permanece específica del requisito y no se infiere automáticamente.,medium,provisional
MAP-00535,ISO_IEC_27001_2022-R-067,DOC-001,supporting,PARTIAL,El control contribuye a operacionalizar o evidenciar el requisito; la conclusión de cumplimiento permanece específica del requisito y no se infiere automáticamente.,medium,provisional
MAP-00536,ISO_IEC_27001_2022-R-067,REC-001,supporting,PARTIAL,El control contribuye a operacionalizar o evidenciar el requisito; la conclusión de cumplimiento permanece específica del requisito y no se infiere automáticamente.,medium,provisional
MAP-00537,ISO_IEC_27001_2022-R-068,RISK-001,direct,PARTIAL,El control contribuye a operacionalizar o evidenciar el requisito; la conclusión de cumplimiento permanece específica del requisito y no se infiere automáticamente.,medium,provisional
MAP-00538,ISO_IEC_27001_2022-R-068,RISK-002,supporting,PARTIAL,El control contribuye a operacionalizar o evidenciar el requisito; la conclusión de cumplimiento permanece específica del requisito y no se infiere automáticamente.,medium,provisional
MAP-00539,ISO_IEC_27001_2022-R-068,DOC-001,supporting,PARTIAL,El control contribuye a operacionalizar o evidenciar el requisito; la conclusión de cumplimiento permanece específica del requisito y no se infiere automáticamente.,medium,provisional
MAP-00540,ISO_IEC_27001_2022-R-068,REC-001,supporting,PARTIAL,El control contribuye a operacionalizar o evidenciar el requisito; la conclusión de cumplimiento permanece específica del requisito y no se infiere automáticamente.,medium,provisional
MAP-00541,ISO_IEC_27001_2022-R-068,ACCESS-001,supporting,PARTIAL,El control contribuye a operacionalizar o evidenciar el requisito; la conclusión de cumplimiento permanece específica del requisito y no se infiere automáticamente.,medium,provisional
MAP-00542,ISO_IEC_27001_2022-R-068,ACCESS-002,supporting,PARTIAL,El control contribuye a operacionalizar o evidenciar el requisito; la conclusión de cumplimiento permanece específica del requisito y no se infiere automáticamente.,medium,provisional
MAP-00543,ISO_IEC_27001_2022-R-069,RISK-001,direct,PARTIAL,El control contribuye a operacionalizar o evidenciar el requisito; la conclusión de cumplimiento permanece específica del requisito y no se infiere automáticamente.,medium,provisional
MAP-00544,ISO_IEC_27001_2022-R-069,RISK-002,supporting,PARTIAL,El control contribuye a operacionalizar o evidenciar el requisito; la conclusión de cumplimiento permanece específica del requisito y no se infiere automáticamente.,medium,provisional
MAP-00545,ISO_IEC_27001_2022-R-069,COMP-001,supporting,PARTIAL,El control contribuye a operacionalizar o evidenciar el requisito; la conclusión de cumplimiento permanece específica del requisito y no se infiere automáticamente.,medium,provisional
MAP-00546,ISO_IEC_27001_2022-R-069,DOC-001,supporting,PARTIAL,El control contribuye a operacionalizar o evidenciar el requisito; la conclusión de cumplimiento permanece específica del requisito y no se infiere automáticamente.,medium,provisional
MAP-00547,ISO_IEC_27001_2022-R-069,REC-001,supporting,PARTIAL,El control contribuye a operacionalizar o evidenciar el requisito; la conclusión de cumplimiento permanece específica del requisito y no se infiere automáticamente.,medium,provisional
MAP-00548,ISO_IEC_27001_2022-R-069,ACCESS-001,supporting,PARTIAL,El control contribuye a operacionalizar o evidenciar el requisito; la conclusión de cumplimiento permanece específica del requisito y no se infiere automáticamente.,medium,provisional
MAP-00549,ISO_IEC_27001_2022-R-070,RISK-001,direct,PARTIAL,El control contribuye a operacionalizar o evidenciar el requisito; la conclusión de cumplimiento permanece específica del requisito y no se infiere automáticamente.,medium,provisional
MAP-00550,ISO_IEC_27001_2022-R-070,RISK-002,supporting,PARTIAL,El control contribuye a operacionalizar o evidenciar el requisito; la conclusión de cumplimiento permanece específica del requisito y no se infiere automáticamente.,medium,provisional
MAP-00551,ISO_IEC_27001_2022-R-070,DOC-001,supporting,PARTIAL,El control contribuye a operacionalizar o evidenciar el requisito; la conclusión de cumplimiento permanece específica del requisito y no se infiere automáticamente.,medium,provisional
MAP-00552,ISO_IEC_27001_2022-R-070,REC-001,supporting,PARTIAL,El control contribuye a operacionalizar o evidenciar el requisito; la conclusión de cumplimiento permanece específica del requisito y no se infiere automáticamente.,medium,provisional
MAP-00553,ISO_IEC_27001_2022-R-070,ACCESS-001,supporting,PARTIAL,El control contribuye a operacionalizar o evidenciar el requisito; la conclusión de cumplimiento permanece específica del requisito y no se infiere automáticamente.,medium,provisional
MAP-00554,ISO_IEC_27001_2022-R-070,ACCESS-002,supporting,PARTIAL,El control contribuye a operacionalizar o evidenciar el requisito; la conclusión de cumplimiento permanece específica del requisito y no se infiere automáticamente.,medium,provisional
MAP-00555,ISO_IEC_27001_2022-R-071,RISK-001,direct,PARTIAL,El control contribuye a operacionalizar o evidenciar el requisito; la conclusión de cumplimiento permanece específica del requisito y no se infiere automáticamente.,medium,provisional
MAP-00556,ISO_IEC_27001_2022-R-071,RISK-002,supporting,PARTIAL,El control contribuye a operacionalizar o evidenciar el requisito; la conclusión de cumplimiento permanece específica del requisito y no se infiere automáticamente.,medium,provisional
MAP-00557,ISO_IEC_27001_2022-R-071,DOC-001,supporting,PARTIAL,El control contribuye a operacionalizar o evidenciar el requisito; la conclusión de cumplimiento permanece específica del requisito y no se infiere automáticamente.,medium,provisional
MAP-00558,ISO_IEC_27001_2022-R-071,REC-001,supporting,PARTIAL,El control contribuye a operacionalizar o evidenciar el requisito; la conclusión de cumplimiento permanece específica del requisito y no se infiere automáticamente.,medium,provisional
MAP-00559,ISO_IEC_27001_2022-R-071,IAM-001,supporting,PARTIAL,El control contribuye a operacionalizar o evidenciar el requisito; la conclusión de cumplimiento permanece específica del requisito y no se infiere automáticamente.,medium,provisional
MAP-00560,ISO_IEC_27001_2022-R-072,RISK-001,direct,PARTIAL,El control contribuye a operacionalizar o evidenciar el requisito; la conclusión de cumplimiento permanece específica del requisito y no se infiere automáticamente.,medium,provisional
MAP-00561,ISO_IEC_27001_2022-R-072,RISK-002,supporting,PARTIAL,El control contribuye a operacionalizar o evidenciar el requisito; la conclusión de cumplimiento permanece específica del requisito y no se infiere automáticamente.,medium,provisional
MAP-00562,ISO_IEC_27001_2022-R-072,DOC-001,supporting,PARTIAL,El control contribuye a operacionalizar o evidenciar el requisito; la conclusión de cumplimiento permanece específica del requisito y no se infiere automáticamente.,medium,provisional
MAP-00563,ISO_IEC_27001_2022-R-072,REC-001,supporting,PARTIAL,El control contribuye a operacionalizar o evidenciar el requisito; la conclusión de cumplimiento permanece específica del requisito y no se infiere automáticamente.,medium,provisional
MAP-00564,ISO_IEC_27001_2022-R-073,RISK-001,direct,PARTIAL,El control contribuye a operacionalizar o evidenciar el requisito; la conclusión de cumplimiento permanece específica del requisito y no se infiere automáticamente.,medium,provisional
MAP-00565,ISO_IEC_27001_2022-R-073,RISK-002,supporting,PARTIAL,El control contribuye a operacionalizar o evidenciar el requisito; la conclusión de cumplimiento permanece específica del requisito y no se infiere automáticamente.,medium,provisional
MAP-00566,ISO_IEC_27001_2022-R-073,DOC-001,supporting,PARTIAL,El control contribuye a operacionalizar o evidenciar el requisito; la conclusión de cumplimiento permanece específica del requisito y no se infiere automáticamente.,medium,provisional
MAP-00567,ISO_IEC_27001_2022-R-073,REC-001,supporting,PARTIAL,El control contribuye a operacionalizar o evidenciar el requisito; la conclusión de cumplimiento permanece específica del requisito y no se infiere automáticamente.,medium,provisional
MAP-00568,ISO_IEC_27001_2022-R-073,MAL-001,supporting,PARTIAL,El control contribuye a operacionalizar o evidenciar el requisito; la conclusión de cumplimiento permanece específica del requisito y no se infiere automáticamente.,medium,provisional
MAP-00569,ISO_IEC_27001_2022-R-074,RISK-001,direct,PARTIAL,El control contribuye a operacionalizar o evidenciar el requisito; la conclusión de cumplimiento permanece específica del requisito y no se infiere automáticamente.,medium,provisional
MAP-00570,ISO_IEC_27001_2022-R-074,RISK-002,supporting,PARTIAL,El control contribuye a operacionalizar o evidenciar el requisito; la conclusión de cumplimiento permanece específica del requisito y no se infiere automáticamente.,medium,provisional
MAP-00571,ISO_IEC_27001_2022-R-074,DOC-001,supporting,PARTIAL,El control contribuye a operacionalizar o evidenciar el requisito; la conclusión de cumplimiento permanece específica del requisito y no se infiere automáticamente.,medium,provisional
MAP-00572,ISO_IEC_27001_2022-R-074,REC-001,supporting,PARTIAL,El control contribuye a operacionalizar o evidenciar el requisito; la conclusión de cumplimiento permanece específica del requisito y no se infiere automáticamente.,medium,provisional
MAP-00573,ISO_IEC_27001_2022-R-074,VULN-001,supporting,PARTIAL,El control contribuye a operacionalizar o evidenciar el requisito; la conclusión de cumplimiento permanece específica del requisito y no se infiere automáticamente.,medium,provisional
MAP-00574,ISO_IEC_27001_2022-R-075,RISK-001,direct,PARTIAL,El control contribuye a operacionalizar o evidenciar el requisito; la conclusión de cumplimiento permanece específica del requisito y no se infiere automáticamente.,medium,provisional
MAP-00575,ISO_IEC_27001_2022-R-075,RISK-002,supporting,PARTIAL,El control contribuye a operacionalizar o evidenciar el requisito; la conclusión de cumplimiento permanece específica del requisito y no se infiere automáticamente.,medium,provisional
MAP-00576,ISO_IEC_27001_2022-R-075,DOC-001,supporting,PARTIAL,El control contribuye a operacionalizar o evidenciar el requisito; la conclusión de cumplimiento permanece específica del requisito y no se infiere automáticamente.,medium,provisional
MAP-00577,ISO_IEC_27001_2022-R-075,REC-001,supporting,PARTIAL,El control contribuye a operacionalizar o evidenciar el requisito; la conclusión de cumplimiento permanece específica del requisito y no se infiere automáticamente.,medium,provisional
MAP-00578,ISO_IEC_27001_2022-R-075,CONFIG-001,supporting,PARTIAL,El control contribuye a operacionalizar o evidenciar el requisito; la conclusión de cumplimiento permanece específica del requisito y no se infiere automáticamente.,medium,provisional
MAP-00579,ISO_IEC_27001_2022-R-076,RISK-001,direct,PARTIAL,El control contribuye a operacionalizar o evidenciar el requisito; la conclusión de cumplimiento permanece específica del requisito y no se infiere automáticamente.,medium,provisional
MAP-00580,ISO_IEC_27001_2022-R-076,RISK-002,supporting,PARTIAL,El control contribuye a operacionalizar o evidenciar el requisito; la conclusión de cumplimiento permanece específica del requisito y no se infiere automáticamente.,medium,provisional
MAP-00581,ISO_IEC_27001_2022-R-076,COMP-001,supporting,PARTIAL,El control contribuye a operacionalizar o evidenciar el requisito; la conclusión de cumplimiento permanece específica del requisito y no se infiere automáticamente.,medium,provisional
MAP-00582,ISO_IEC_27001_2022-R-076,DOC-001,supporting,PARTIAL,El control contribuye a operacionalizar o evidenciar el requisito; la conclusión de cumplimiento permanece específica del requisito y no se infiere automáticamente.,medium,provisional
MAP-00583,ISO_IEC_27001_2022-R-076,REC-001,supporting,PARTIAL,El control contribuye a operacionalizar o evidenciar el requisito; la conclusión de cumplimiento permanece específica del requisito y no se infiere automáticamente.,medium,provisional
MAP-00584,ISO_IEC_27001_2022-R-076,RETENTION-001,supporting,PARTIAL,El control contribuye a operacionalizar o evidenciar el requisito; la conclusión de cumplimiento permanece específica del requisito y no se infiere automáticamente.,medium,provisional
MAP-00585,ISO_IEC_27001_2022-R-077,RISK-001,direct,PARTIAL,El control contribuye a operacionalizar o evidenciar el requisito; la conclusión de cumplimiento permanece específica del requisito y no se infiere automáticamente.,medium,provisional
MAP-00586,ISO_IEC_27001_2022-R-077,RISK-002,supporting,PARTIAL,El control contribuye a operacionalizar o evidenciar el requisito; la conclusión de cumplimiento permanece específica del requisito y no se infiere automáticamente.,medium,provisional
MAP-00587,ISO_IEC_27001_2022-R-077,DOC-001,supporting,PARTIAL,El control contribuye a operacionalizar o evidenciar el requisito; la conclusión de cumplimiento permanece específica del requisito y no se infiere automáticamente.,medium,provisional
MAP-00588,ISO_IEC_27001_2022-R-077,REC-001,supporting,PARTIAL,El control contribuye a operacionalizar o evidenciar el requisito; la conclusión de cumplimiento permanece específica del requisito y no se infiere automáticamente.,medium,provisional
MAP-00589,ISO_IEC_27001_2022-R-078,RISK-001,direct,PARTIAL,El control contribuye a operacionalizar o evidenciar el requisito; la conclusión de cumplimiento permanece específica del requisito y no se infiere automáticamente.,medium,provisional
MAP-00590,ISO_IEC_27001_2022-R-078,RISK-002,supporting,PARTIAL,El control contribuye a operacionalizar o evidenciar el requisito; la conclusión de cumplimiento permanece específica del requisito y no se infiere automáticamente.,medium,provisional
MAP-00591,ISO_IEC_27001_2022-R-078,DOC-001,supporting,PARTIAL,El control contribuye a operacionalizar o evidenciar el requisito; la conclusión de cumplimiento permanece específica del requisito y no se infiere automáticamente.,medium,provisional
MAP-00592,ISO_IEC_27001_2022-R-078,REC-001,supporting,PARTIAL,El control contribuye a operacionalizar o evidenciar el requisito; la conclusión de cumplimiento permanece específica del requisito y no se infiere automáticamente.,medium,provisional
MAP-00593,ISO_IEC_27001_2022-R-079,RISK-001,direct,PARTIAL,El control contribuye a operacionalizar o evidenciar el requisito; la conclusión de cumplimiento permanece específica del requisito y no se infiere automáticamente.,medium,provisional
MAP-00594,ISO_IEC_27001_2022-R-079,RISK-002,supporting,PARTIAL,El control contribuye a operacionalizar o evidenciar el requisito; la conclusión de cumplimiento permanece específica del requisito y no se infiere automáticamente.,medium,provisional
MAP-00595,ISO_IEC_27001_2022-R-079,COMP-001,supporting,PARTIAL,El control contribuye a operacionalizar o evidenciar el requisito; la conclusión de cumplimiento permanece específica del requisito y no se infiere automáticamente.,medium,provisional
MAP-00596,ISO_IEC_27001_2022-R-079,DOC-001,supporting,PARTIAL,El control contribuye a operacionalizar o evidenciar el requisito; la conclusión de cumplimiento permanece específica del requisito y no se infiere automáticamente.,medium,provisional
MAP-00597,ISO_IEC_27001_2022-R-079,REC-001,supporting,PARTIAL,El control contribuye a operacionalizar o evidenciar el requisito; la conclusión de cumplimiento permanece específica del requisito y no se infiere automáticamente.,medium,provisional
MAP-00598,ISO_IEC_27001_2022-R-079,BACKUP-001,supporting,PARTIAL,El control contribuye a operacionalizar o evidenciar el requisito; la conclusión de cumplimiento permanece específica del requisito y no se infiere automáticamente.,medium,provisional
MAP-00599,ISO_IEC_27001_2022-R-080,RISK-001,direct,PARTIAL,El control contribuye a operacionalizar o evidenciar el requisito; la conclusión de cumplimiento permanece específica del requisito y no se infiere automáticamente.,medium,provisional
MAP-00600,ISO_IEC_27001_2022-R-080,RISK-002,supporting,PARTIAL,El control contribuye a operacionalizar o evidenciar el requisito; la conclusión de cumplimiento permanece específica del requisito y no se infiere automáticamente.,medium,provisional
MAP-00601,ISO_IEC_27001_2022-R-080,DOC-001,supporting,PARTIAL,El control contribuye a operacionalizar o evidenciar el requisito; la conclusión de cumplimiento permanece específica del requisito y no se infiere automáticamente.,medium,provisional
MAP-00602,ISO_IEC_27001_2022-R-080,REC-001,supporting,PARTIAL,El control contribuye a operacionalizar o evidenciar el requisito; la conclusión de cumplimiento permanece específica del requisito y no se infiere automáticamente.,medium,provisional
MAP-00603,ISO_IEC_27001_2022-R-080,NET-001,supporting,PARTIAL,El control contribuye a operacionalizar o evidenciar el requisito; la conclusión de cumplimiento permanece específica del requisito y no se infiere automáticamente.,medium,provisional
MAP-00604,ISO_IEC_27001_2022-R-080,AI-001,supporting,PARTIAL,El control contribuye a operacionalizar o evidenciar el requisito; la conclusión de cumplimiento permanece específica del requisito y no se infiere automáticamente.,medium,provisional
MAP-00605,ISO_IEC_27001_2022-R-081,RISK-001,direct,PARTIAL,El control contribuye a operacionalizar o evidenciar el requisito; la conclusión de cumplimiento permanece específica del requisito y no se infiere automáticamente.,medium,provisional
MAP-00606,ISO_IEC_27001_2022-R-081,RISK-002,supporting,PARTIAL,El control contribuye a operacionalizar o evidenciar el requisito; la conclusión de cumplimiento permanece específica del requisito y no se infiere automáticamente.,medium,provisional
MAP-00607,ISO_IEC_27001_2022-R-081,DOC-001,supporting,PARTIAL,El control contribuye a operacionalizar o evidenciar el requisito; la conclusión de cumplimiento permanece específica del requisito y no se infiere automáticamente.,medium,provisional
MAP-00608,ISO_IEC_27001_2022-R-081,REC-001,supporting,PARTIAL,El control contribuye a operacionalizar o evidenciar el requisito; la conclusión de cumplimiento permanece específica del requisito y no se infiere automáticamente.,medium,provisional
MAP-00609,ISO_IEC_27001_2022-R-081,LOG-001,supporting,PARTIAL,El control contribuye a operacionalizar o evidenciar el requisito; la conclusión de cumplimiento permanece específica del requisito y no se infiere automáticamente.,medium,provisional
MAP-00610,ISO_IEC_27001_2022-R-082,RISK-001,direct,PARTIAL,El control contribuye a operacionalizar o evidenciar el requisito; la conclusión de cumplimiento permanece específica del requisito y no se infiere automáticamente.,medium,provisional
MAP-00611,ISO_IEC_27001_2022-R-082,RISK-002,supporting,PARTIAL,El control contribuye a operacionalizar o evidenciar el requisito; la conclusión de cumplimiento permanece específica del requisito y no se infiere automáticamente.,medium,provisional
MAP-00612,ISO_IEC_27001_2022-R-082,DOC-001,supporting,PARTIAL,El control contribuye a operacionalizar o evidenciar el requisito; la conclusión de cumplimiento permanece específica del requisito y no se infiere automáticamente.,medium,provisional
MAP-00613,ISO_IEC_27001_2022-R-082,REC-001,supporting,PARTIAL,El control contribuye a operacionalizar o evidenciar el requisito; la conclusión de cumplimiento permanece específica del requisito y no se infiere automáticamente.,medium,provisional
MAP-00614,ISO_IEC_27001_2022-R-082,MON-001,supporting,PARTIAL,El control contribuye a operacionalizar o evidenciar el requisito; la conclusión de cumplimiento permanece específica del requisito y no se infiere automáticamente.,medium,provisional
MAP-00615,ISO_IEC_27001_2022-R-082,METRIC-001,supporting,PARTIAL,El control contribuye a operacionalizar o evidenciar el requisito; la conclusión de cumplimiento permanece específica del requisito y no se infiere automáticamente.,medium,provisional
MAP-00616,ISO_IEC_27001_2022-R-083,RISK-001,direct,PARTIAL,El control contribuye a operacionalizar o evidenciar el requisito; la conclusión de cumplimiento permanece específica del requisito y no se infiere automáticamente.,medium,provisional
MAP-00617,ISO_IEC_27001_2022-R-083,RISK-002,supporting,PARTIAL,El control contribuye a operacionalizar o evidenciar el requisito; la conclusión de cumplimiento permanece específica del requisito y no se infiere automáticamente.,medium,provisional
MAP-00618,ISO_IEC_27001_2022-R-083,DOC-001,supporting,PARTIAL,El control contribuye a operacionalizar o evidenciar el requisito; la conclusión de cumplimiento permanece específica del requisito y no se infiere automáticamente.,medium,provisional
MAP-00619,ISO_IEC_27001_2022-R-083,REC-001,supporting,PARTIAL,El control contribuye a operacionalizar o evidenciar el requisito; la conclusión de cumplimiento permanece específica del requisito y no se infiere automáticamente.,medium,provisional
MAP-00620,ISO_IEC_27001_2022-R-084,RISK-001,direct,PARTIAL,El control contribuye a operacionalizar o evidenciar el requisito; la conclusión de cumplimiento permanece específica del requisito y no se infiere automáticamente.,medium,provisional
MAP-00621,ISO_IEC_27001_2022-R-084,RISK-002,supporting,PARTIAL,El control contribuye a operacionalizar o evidenciar el requisito; la conclusión de cumplimiento permanece específica del requisito y no se infiere automáticamente.,medium,provisional
MAP-00622,ISO_IEC_27001_2022-R-084,DOC-001,supporting,PARTIAL,El control contribuye a operacionalizar o evidenciar el requisito; la conclusión de cumplimiento permanece específica del requisito y no se infiere automáticamente.,medium,provisional
MAP-00623,ISO_IEC_27001_2022-R-084,REC-001,supporting,PARTIAL,El control contribuye a operacionalizar o evidenciar el requisito; la conclusión de cumplimiento permanece específica del requisito y no se infiere automáticamente.,medium,provisional
MAP-00624,ISO_IEC_27001_2022-R-084,AI-001,supporting,PARTIAL,El control contribuye a operacionalizar o evidenciar el requisito; la conclusión de cumplimiento permanece específica del requisito y no se infiere automáticamente.,medium,provisional
MAP-00625,ISO_IEC_27001_2022-R-084,AI-003,supporting,PARTIAL,El control contribuye a operacionalizar o evidenciar el requisito; la conclusión de cumplimiento permanece específica del requisito y no se infiere automáticamente.,medium,provisional
MAP-00626,ISO_IEC_27001_2022-R-085,RISK-001,direct,PARTIAL,El control contribuye a operacionalizar o evidenciar el requisito; la conclusión de cumplimiento permanece específica del requisito y no se infiere automáticamente.,medium,provisional
MAP-00627,ISO_IEC_27001_2022-R-085,RISK-002,supporting,PARTIAL,El control contribuye a operacionalizar o evidenciar el requisito; la conclusión de cumplimiento permanece específica del requisito y no se infiere automáticamente.,medium,provisional
MAP-00628,ISO_IEC_27001_2022-R-085,DOC-001,supporting,PARTIAL,El control contribuye a operacionalizar o evidenciar el requisito; la conclusión de cumplimiento permanece específica del requisito y no se infiere automáticamente.,medium,provisional
MAP-00629,ISO_IEC_27001_2022-R-085,REC-001,supporting,PARTIAL,El control contribuye a operacionalizar o evidenciar el requisito; la conclusión de cumplimiento permanece específica del requisito y no se infiere automáticamente.,medium,provisional
MAP-00630,ISO_IEC_27001_2022-R-086,RISK-001,direct,PARTIAL,El control contribuye a operacionalizar o evidenciar el requisito; la conclusión de cumplimiento permanece específica del requisito y no se infiere automáticamente.,medium,provisional
MAP-00631,ISO_IEC_27001_2022-R-086,RISK-002,supporting,PARTIAL,El control contribuye a operacionalizar o evidenciar el requisito; la conclusión de cumplimiento permanece específica del requisito y no se infiere automáticamente.,medium,provisional
MAP-00632,ISO_IEC_27001_2022-R-086,DOC-001,supporting,PARTIAL,El control contribuye a operacionalizar o evidenciar el requisito; la conclusión de cumplimiento permanece específica del requisito y no se infiere automáticamente.,medium,provisional
MAP-00633,ISO_IEC_27001_2022-R-086,REC-001,supporting,PARTIAL,El control contribuye a operacionalizar o evidenciar el requisito; la conclusión de cumplimiento permanece específica del requisito y no se infiere automáticamente.,medium,provisional
MAP-00634,ISO_IEC_27001_2022-R-086,NET-001,supporting,PARTIAL,El control contribuye a operacionalizar o evidenciar el requisito; la conclusión de cumplimiento permanece específica del requisito y no se infiere automáticamente.,medium,provisional
MAP-00635,ISO_IEC_27001_2022-R-087,RISK-001,direct,PARTIAL,El control contribuye a operacionalizar o evidenciar el requisito; la conclusión de cumplimiento permanece específica del requisito y no se infiere automáticamente.,medium,provisional
MAP-00636,ISO_IEC_27001_2022-R-087,RISK-002,supporting,PARTIAL,El control contribuye a operacionalizar o evidenciar el requisito; la conclusión de cumplimiento permanece específica del requisito y no se infiere automáticamente.,medium,provisional
MAP-00637,ISO_IEC_27001_2022-R-087,DOC-001,supporting,PARTIAL,El control contribuye a operacionalizar o evidenciar el requisito; la conclusión de cumplimiento permanece específica del requisito y no se infiere automáticamente.,medium,provisional
MAP-00638,ISO_IEC_27001_2022-R-087,REC-001,supporting,PARTIAL,El control contribuye a operacionalizar o evidenciar el requisito; la conclusión de cumplimiento permanece específica del requisito y no se infiere automáticamente.,medium,provisional
MAP-00639,ISO_IEC_27001_2022-R-087,NET-001,supporting,PARTIAL,El control contribuye a operacionalizar o evidenciar el requisito; la conclusión de cumplimiento permanece específica del requisito y no se infiere automáticamente.,medium,provisional
MAP-00640,ISO_IEC_27001_2022-R-088,RISK-001,direct,PARTIAL,El control contribuye a operacionalizar o evidenciar el requisito; la conclusión de cumplimiento permanece específica del requisito y no se infiere automáticamente.,medium,provisional
MAP-00641,ISO_IEC_27001_2022-R-088,RISK-002,supporting,PARTIAL,El control contribuye a operacionalizar o evidenciar el requisito; la conclusión de cumplimiento permanece específica del requisito y no se infiere automáticamente.,medium,provisional
MAP-00642,ISO_IEC_27001_2022-R-088,DOC-001,supporting,PARTIAL,El control contribuye a operacionalizar o evidenciar el requisito; la conclusión de cumplimiento permanece específica del requisito y no se infiere automáticamente.,medium,provisional
MAP-00643,ISO_IEC_27001_2022-R-088,REC-001,supporting,PARTIAL,El control contribuye a operacionalizar o evidenciar el requisito; la conclusión de cumplimiento permanece específica del requisito y no se infiere automáticamente.,medium,provisional
MAP-00644,ISO_IEC_27001_2022-R-088,SOD-001,supporting,PARTIAL,El control contribuye a operacionalizar o evidenciar el requisito; la conclusión de cumplimiento permanece específica del requisito y no se infiere automáticamente.,medium,provisional
MAP-00645,ISO_IEC_27001_2022-R-088,NET-001,supporting,PARTIAL,El control contribuye a operacionalizar o evidenciar el requisito; la conclusión de cumplimiento permanece específica del requisito y no se infiere automáticamente.,medium,provisional
MAP-00646,ISO_IEC_27001_2022-R-089,RISK-001,direct,PARTIAL,El control contribuye a operacionalizar o evidenciar el requisito; la conclusión de cumplimiento permanece específica del requisito y no se infiere automáticamente.,medium,provisional
MAP-00647,ISO_IEC_27001_2022-R-089,RISK-002,supporting,PARTIAL,El control contribuye a operacionalizar o evidenciar el requisito; la conclusión de cumplimiento permanece específica del requisito y no se infiere automáticamente.,medium,provisional
MAP-00648,ISO_IEC_27001_2022-R-089,DOC-001,supporting,PARTIAL,El control contribuye a operacionalizar o evidenciar el requisito; la conclusión de cumplimiento permanece específica del requisito y no se infiere automáticamente.,medium,provisional
MAP-00649,ISO_IEC_27001_2022-R-089,REC-001,supporting,PARTIAL,El control contribuye a operacionalizar o evidenciar el requisito; la conclusión de cumplimiento permanece específica del requisito y no se infiere automáticamente.,medium,provisional
MAP-00650,ISO_IEC_27001_2022-R-090,RISK-001,direct,PARTIAL,El control contribuye a operacionalizar o evidenciar el requisito; la conclusión de cumplimiento permanece específica del requisito y no se infiere automáticamente.,medium,provisional
MAP-00651,ISO_IEC_27001_2022-R-090,RISK-002,supporting,PARTIAL,El control contribuye a operacionalizar o evidenciar el requisito; la conclusión de cumplimiento permanece específica del requisito y no se infiere automáticamente.,medium,provisional
MAP-00652,ISO_IEC_27001_2022-R-090,DOC-001,supporting,PARTIAL,El control contribuye a operacionalizar o evidenciar el requisito; la conclusión de cumplimiento permanece específica del requisito y no se infiere automáticamente.,medium,provisional
MAP-00653,ISO_IEC_27001_2022-R-090,REC-001,supporting,PARTIAL,El control contribuye a operacionalizar o evidenciar el requisito; la conclusión de cumplimiento permanece específica del requisito y no se infiere automáticamente.,medium,provisional
MAP-00654,ISO_IEC_27001_2022-R-090,CRYPTO-001,supporting,PARTIAL,El control contribuye a operacionalizar o evidenciar el requisito; la conclusión de cumplimiento permanece específica del requisito y no se infiere automáticamente.,medium,provisional
MAP-00655,ISO_IEC_27001_2022-R-091,RISK-001,direct,PARTIAL,El control contribuye a operacionalizar o evidenciar el requisito; la conclusión de cumplimiento permanece específica del requisito y no se infiere automáticamente.,medium,provisional
MAP-00656,ISO_IEC_27001_2022-R-091,RISK-002,supporting,PARTIAL,El control contribuye a operacionalizar o evidenciar el requisito; la conclusión de cumplimiento permanece específica del requisito y no se infiere automáticamente.,medium,provisional
MAP-00657,ISO_IEC_27001_2022-R-091,DOC-001,supporting,PARTIAL,El control contribuye a operacionalizar o evidenciar el requisito; la conclusión de cumplimiento permanece específica del requisito y no se infiere automáticamente.,medium,provisional
MAP-00658,ISO_IEC_27001_2022-R-091,REC-001,supporting,PARTIAL,El control contribuye a operacionalizar o evidenciar el requisito; la conclusión de cumplimiento permanece específica del requisito y no se infiere automáticamente.,medium,provisional
MAP-00659,ISO_IEC_27001_2022-R-092,RISK-001,direct,PARTIAL,El control contribuye a operacionalizar o evidenciar el requisito; la conclusión de cumplimiento permanece específica del requisito y no se infiere automáticamente.,medium,provisional
MAP-00660,ISO_IEC_27001_2022-R-092,RISK-002,supporting,PARTIAL,El control contribuye a operacionalizar o evidenciar el requisito; la conclusión de cumplimiento permanece específica del requisito y no se infiere automáticamente.,medium,provisional
MAP-00661,ISO_IEC_27001_2022-R-092,DOC-001,supporting,PARTIAL,El control contribuye a operacionalizar o evidenciar el requisito; la conclusión de cumplimiento permanece específica del requisito y no se infiere automáticamente.,medium,provisional
MAP-00662,ISO_IEC_27001_2022-R-092,REC-001,supporting,PARTIAL,El control contribuye a operacionalizar o evidenciar el requisito; la conclusión de cumplimiento permanece específica del requisito y no se infiere automáticamente.,medium,provisional
MAP-00663,ISO_IEC_27001_2022-R-093,RISK-001,direct,PARTIAL,El control contribuye a operacionalizar o evidenciar el requisito; la conclusión de cumplimiento permanece específica del requisito y no se infiere automáticamente.,medium,provisional
MAP-00664,ISO_IEC_27001_2022-R-093,RISK-002,supporting,PARTIAL,El control contribuye a operacionalizar o evidenciar el requisito; la conclusión de cumplimiento permanece específica del requisito y no se infiere automáticamente.,medium,provisional
MAP-00665,ISO_IEC_27001_2022-R-093,DOC-001,supporting,PARTIAL,El control contribuye a operacionalizar o evidenciar el requisito; la conclusión de cumplimiento permanece específica del requisito y no se infiere automáticamente.,medium,provisional
MAP-00666,ISO_IEC_27001_2022-R-093,REC-001,supporting,PARTIAL,El control contribuye a operacionalizar o evidenciar el requisito; la conclusión de cumplimiento permanece específica del requisito y no se infiere automáticamente.,medium,provisional
MAP-00667,ISO_IEC_27001_2022-R-094,RISK-001,direct,PARTIAL,El control contribuye a operacionalizar o evidenciar el requisito; la conclusión de cumplimiento permanece específica del requisito y no se infiere automáticamente.,medium,provisional
MAP-00668,ISO_IEC_27001_2022-R-094,RISK-002,supporting,PARTIAL,El control contribuye a operacionalizar o evidenciar el requisito; la conclusión de cumplimiento permanece específica del requisito y no se infiere automáticamente.,medium,provisional
MAP-00669,ISO_IEC_27001_2022-R-094,DOC-001,supporting,PARTIAL,El control contribuye a operacionalizar o evidenciar el requisito; la conclusión de cumplimiento permanece específica del requisito y no se infiere automáticamente.,medium,provisional
MAP-00670,ISO_IEC_27001_2022-R-094,REC-001,supporting,PARTIAL,El control contribuye a operacionalizar o evidenciar el requisito; la conclusión de cumplimiento permanece específica del requisito y no se infiere automáticamente.,medium,provisional
MAP-00671,ISO_IEC_27001_2022-R-095,RISK-001,direct,PARTIAL,El control contribuye a operacionalizar o evidenciar el requisito; la conclusión de cumplimiento permanece específica del requisito y no se infiere automáticamente.,medium,provisional
MAP-00672,ISO_IEC_27001_2022-R-095,RISK-002,supporting,PARTIAL,El control contribuye a operacionalizar o evidenciar el requisito; la conclusión de cumplimiento permanece específica del requisito y no se infiere automáticamente.,medium,provisional
MAP-00673,ISO_IEC_27001_2022-R-095,DOC-001,supporting,PARTIAL,El control contribuye a operacionalizar o evidenciar el requisito; la conclusión de cumplimiento permanece específica del requisito y no se infiere automáticamente.,medium,provisional
MAP-00674,ISO_IEC_27001_2022-R-095,REC-001,supporting,PARTIAL,El control contribuye a operacionalizar o evidenciar el requisito; la conclusión de cumplimiento permanece específica del requisito y no se infiere automáticamente.,medium,provisional
MAP-00675,ISO_IEC_27001_2022-R-096,RISK-001,direct,PARTIAL,El control contribuye a operacionalizar o evidenciar el requisito; la conclusión de cumplimiento permanece específica del requisito y no se infiere automáticamente.,medium,provisional
MAP-00676,ISO_IEC_27001_2022-R-096,RISK-002,supporting,PARTIAL,El control contribuye a operacionalizar o evidenciar el requisito; la conclusión de cumplimiento permanece específica del requisito y no se infiere automáticamente.,medium,provisional
MAP-00677,ISO_IEC_27001_2022-R-096,DOC-001,supporting,PARTIAL,El control contribuye a operacionalizar o evidenciar el requisito; la conclusión de cumplimiento permanece específica del requisito y no se infiere automáticamente.,medium,provisional
MAP-00678,ISO_IEC_27001_2022-R-096,REC-001,supporting,PARTIAL,El control contribuye a operacionalizar o evidenciar el requisito; la conclusión de cumplimiento permanece específica del requisito y no se infiere automáticamente.,medium,provisional
MAP-00679,ISO_IEC_27001_2022-R-097,RISK-001,direct,PARTIAL,El control contribuye a operacionalizar o evidenciar el requisito; la conclusión de cumplimiento permanece específica del requisito y no se infiere automáticamente.,medium,provisional
MAP-00680,ISO_IEC_27001_2022-R-097,RISK-002,supporting,PARTIAL,El control contribuye a operacionalizar o evidenciar el requisito; la conclusión de cumplimiento permanece específica del requisito y no se infiere automáticamente.,medium,provisional
MAP-00681,ISO_IEC_27001_2022-R-097,DOC-001,supporting,PARTIAL,El control contribuye a operacionalizar o evidenciar el requisito; la conclusión de cumplimiento permanece específica del requisito y no se infiere automáticamente.,medium,provisional
MAP-00682,ISO_IEC_27001_2022-R-097,REC-001,supporting,PARTIAL,El control contribuye a operacionalizar o evidenciar el requisito; la conclusión de cumplimiento permanece específica del requisito y no se infiere automáticamente.,medium,provisional
MAP-00683,ISO_IEC_27001_2022-R-098,RISK-001,direct,PARTIAL,El control contribuye a operacionalizar o evidenciar el requisito; la conclusión de cumplimiento permanece específica del requisito y no se infiere automáticamente.,medium,provisional
MAP-00684,ISO_IEC_27001_2022-R-098,RISK-002,supporting,PARTIAL,El control contribuye a operacionalizar o evidenciar el requisito; la conclusión de cumplimiento permanece específica del requisito y no se infiere automáticamente.,medium,provisional
MAP-00685,ISO_IEC_27001_2022-R-098,DOC-001,supporting,PARTIAL,El control contribuye a operacionalizar o evidenciar el requisito; la conclusión de cumplimiento permanece específica del requisito y no se infiere automáticamente.,medium,provisional
MAP-00686,ISO_IEC_27001_2022-R-098,REC-001,supporting,PARTIAL,El control contribuye a operacionalizar o evidenciar el requisito; la conclusión de cumplimiento permanece específica del requisito y no se infiere automáticamente.,medium,provisional
MAP-00687,ISO_IEC_27001_2022-R-099,RISK-001,direct,PARTIAL,El control contribuye a operacionalizar o evidenciar el requisito; la conclusión de cumplimiento permanece específica del requisito y no se infiere automáticamente.,medium,provisional
MAP-00688,ISO_IEC_27001_2022-R-099,RISK-002,supporting,PARTIAL,El control contribuye a operacionalizar o evidenciar el requisito; la conclusión de cumplimiento permanece específica del requisito y no se infiere automáticamente.,medium,provisional
MAP-00689,ISO_IEC_27001_2022-R-099,DOC-001,supporting,PARTIAL,El control contribuye a operacionalizar o evidenciar el requisito; la conclusión de cumplimiento permanece específica del requisito y no se infiere automáticamente.,medium,provisional
MAP-00690,ISO_IEC_27001_2022-R-099,REC-001,supporting,PARTIAL,El control contribuye a operacionalizar o evidenciar el requisito; la conclusión de cumplimiento permanece específica del requisito y no se infiere automáticamente.,medium,provisional
MAP-00691,ISO_IEC_27001_2022-R-100,RISK-001,direct,PARTIAL,El control contribuye a operacionalizar o evidenciar el requisito; la conclusión de cumplimiento permanece específica del requisito y no se infiere automáticamente.,medium,provisional
MAP-00692,ISO_IEC_27001_2022-R-100,RISK-002,supporting,PARTIAL,El control contribuye a operacionalizar o evidenciar el requisito; la conclusión de cumplimiento permanece específica del requisito y no se infiere automáticamente.,medium,provisional
MAP-00693,ISO_IEC_27001_2022-R-100,DOC-001,supporting,PARTIAL,El control contribuye a operacionalizar o evidenciar el requisito; la conclusión de cumplimiento permanece específica del requisito y no se infiere automáticamente.,medium,provisional
MAP-00694,ISO_IEC_27001_2022-R-100,REC-001,supporting,PARTIAL,El control contribuye a operacionalizar o evidenciar el requisito; la conclusión de cumplimiento permanece específica del requisito y no se infiere automáticamente.,medium,provisional
MAP-00695,ISO_IEC_27001_2022-R-100,AUDIT-001,supporting,PARTIAL,El control contribuye a operacionalizar o evidenciar el requisito; la conclusión de cumplimiento permanece específica del requisito y no se infiere automáticamente.,medium,provisional
MAP-00696,ISO_IEC_42001_2023-R-008,CTX-001,direct,PARTIAL,El control contribuye a operacionalizar o evidenciar el requisito; la conclusión de cumplimiento permanece específica del requisito y no se infiere automáticamente.,medium,provisional
MAP-00697,ISO_IEC_42001_2023-R-008,SCOPE-001,supporting,PARTIAL,El control contribuye a operacionalizar o evidenciar el requisito; la conclusión de cumplimiento permanece específica del requisito y no se infiere automáticamente.,medium,provisional
MAP-00698,ISO_IEC_42001_2023-R-008,GOV-003,supporting,PARTIAL,El control contribuye a operacionalizar o evidenciar el requisito; la conclusión de cumplimiento permanece específica del requisito y no se infiere automáticamente.,medium,provisional
MAP-00699,ISO_IEC_42001_2023-R-008,RISK-001,supporting,PARTIAL,El control contribuye a operacionalizar o evidenciar el requisito; la conclusión de cumplimiento permanece específica del requisito y no se infiere automáticamente.,medium,provisional
MAP-00700,ISO_IEC_42001_2023-R-008,RISK-002,supporting,PARTIAL,El control contribuye a operacionalizar o evidenciar el requisito; la conclusión de cumplimiento permanece específica del requisito y no se infiere automáticamente.,medium,provisional
MAP-00701,ISO_IEC_42001_2023-R-008,AI-001,supporting,PARTIAL,El control contribuye a operacionalizar o evidenciar el requisito; la conclusión de cumplimiento permanece específica del requisito y no se infiere automáticamente.,medium,provisional
MAP-00702,ISO_IEC_42001_2023-R-009,CTX-001,direct,PARTIAL,El control contribuye a operacionalizar o evidenciar el requisito; la conclusión de cumplimiento permanece específica del requisito y no se infiere automáticamente.,medium,provisional
MAP-00703,ISO_IEC_42001_2023-R-009,SCOPE-001,supporting,PARTIAL,El control contribuye a operacionalizar o evidenciar el requisito; la conclusión de cumplimiento permanece específica del requisito y no se infiere automáticamente.,medium,provisional
MAP-00704,ISO_IEC_42001_2023-R-009,GOV-003,supporting,PARTIAL,El control contribuye a operacionalizar o evidenciar el requisito; la conclusión de cumplimiento permanece específica del requisito y no se infiere automáticamente.,medium,provisional
MAP-00705,ISO_IEC_42001_2023-R-009,RISK-001,supporting,PARTIAL,El control contribuye a operacionalizar o evidenciar el requisito; la conclusión de cumplimiento permanece específica del requisito y no se infiere automáticamente.,medium,provisional
MAP-00706,ISO_IEC_42001_2023-R-009,RISK-002,supporting,PARTIAL,El control contribuye a operacionalizar o evidenciar el requisito; la conclusión de cumplimiento permanece específica del requisito y no se infiere automáticamente.,medium,provisional
MAP-00707,ISO_IEC_42001_2023-R-009,AI-001,supporting,PARTIAL,El control contribuye a operacionalizar o evidenciar el requisito; la conclusión de cumplimiento permanece específica del requisito y no se infiere automáticamente.,medium,provisional
MAP-00708,ISO_IEC_42001_2023-R-010,CTX-001,direct,PARTIAL,El control contribuye a operacionalizar o evidenciar el requisito; la conclusión de cumplimiento permanece específica del requisito y no se infiere automáticamente.,medium,provisional
MAP-00709,ISO_IEC_42001_2023-R-010,SCOPE-001,supporting,PARTIAL,El control contribuye a operacionalizar o evidenciar el requisito; la conclusión de cumplimiento permanece específica del requisito y no se infiere automáticamente.,medium,provisional
MAP-00710,ISO_IEC_42001_2023-R-010,GOV-003,supporting,PARTIAL,El control contribuye a operacionalizar o evidenciar el requisito; la conclusión de cumplimiento permanece específica del requisito y no se infiere automáticamente.,medium,provisional
MAP-00711,ISO_IEC_42001_2023-R-010,RISK-001,supporting,PARTIAL,El control contribuye a operacionalizar o evidenciar el requisito; la conclusión de cumplimiento permanece específica del requisito y no se infiere automáticamente.,medium,provisional
MAP-00712,ISO_IEC_42001_2023-R-010,RISK-002,supporting,PARTIAL,El control contribuye a operacionalizar o evidenciar el requisito; la conclusión de cumplimiento permanece específica del requisito y no se infiere automáticamente.,medium,provisional
MAP-00713,ISO_IEC_42001_2023-R-010,AI-001,supporting,PARTIAL,El control contribuye a operacionalizar o evidenciar el requisito; la conclusión de cumplimiento permanece específica del requisito y no se infiere automáticamente.,medium,provisional
MAP-00714,ISO_IEC_42001_2023-R-011,CTX-001,direct,PARTIAL,El control contribuye a operacionalizar o evidenciar el requisito; la conclusión de cumplimiento permanece específica del requisito y no se infiere automáticamente.,medium,provisional
MAP-00715,ISO_IEC_42001_2023-R-011,SCOPE-001,supporting,PARTIAL,El control contribuye a operacionalizar o evidenciar el requisito; la conclusión de cumplimiento permanece específica del requisito y no se infiere automáticamente.,medium,provisional
MAP-00716,ISO_IEC_42001_2023-R-011,GOV-001,supporting,PARTIAL,El control contribuye a operacionalizar o evidenciar el requisito; la conclusión de cumplimiento permanece específica del requisito y no se infiere automáticamente.,medium,provisional
MAP-00717,ISO_IEC_42001_2023-R-011,GOV-002,supporting,PARTIAL,El control contribuye a operacionalizar o evidenciar el requisito; la conclusión de cumplimiento permanece específica del requisito y no se infiere automáticamente.,medium,provisional
MAP-00718,ISO_IEC_42001_2023-R-011,RISK-001,supporting,PARTIAL,El control contribuye a operacionalizar o evidenciar el requisito; la conclusión de cumplimiento permanece específica del requisito y no se infiere automáticamente.,medium,provisional
MAP-00719,ISO_IEC_42001_2023-R-011,RISK-002,supporting,PARTIAL,El control contribuye a operacionalizar o evidenciar el requisito; la conclusión de cumplimiento permanece específica del requisito y no se infiere automáticamente.,medium,provisional
MAP-00720,ISO_IEC_42001_2023-R-012,CTX-001,direct,PARTIAL,El control contribuye a operacionalizar o evidenciar el requisito; la conclusión de cumplimiento permanece específica del requisito y no se infiere automáticamente.,medium,provisional
MAP-00721,ISO_IEC_42001_2023-R-012,SCOPE-001,supporting,PARTIAL,El control contribuye a operacionalizar o evidenciar el requisito; la conclusión de cumplimiento permanece específica del requisito y no se infiere automáticamente.,medium,provisional
MAP-00722,ISO_IEC_42001_2023-R-012,RISK-001,supporting,PARTIAL,El control contribuye a operacionalizar o evidenciar el requisito; la conclusión de cumplimiento permanece específica del requisito y no se infiere automáticamente.,medium,provisional
MAP-00723,ISO_IEC_42001_2023-R-012,RISK-002,supporting,PARTIAL,El control contribuye a operacionalizar o evidenciar el requisito; la conclusión de cumplimiento permanece específica del requisito y no se infiere automáticamente.,medium,provisional
MAP-00724,ISO_IEC_42001_2023-R-012,AI-001,supporting,PARTIAL,El control contribuye a operacionalizar o evidenciar el requisito; la conclusión de cumplimiento permanece específica del requisito y no se infiere automáticamente.,medium,provisional
MAP-00725,ISO_IEC_42001_2023-R-012,AI-003,supporting,PARTIAL,El control contribuye a operacionalizar o evidenciar el requisito; la conclusión de cumplimiento permanece específica del requisito y no se infiere automáticamente.,medium,provisional
MAP-00726,ISO_IEC_42001_2023-R-013,CTX-001,direct,PARTIAL,El control contribuye a operacionalizar o evidenciar el requisito; la conclusión de cumplimiento permanece específica del requisito y no se infiere automáticamente.,medium,provisional
MAP-00727,ISO_IEC_42001_2023-R-013,SCOPE-001,supporting,PARTIAL,El control contribuye a operacionalizar o evidenciar el requisito; la conclusión de cumplimiento permanece específica del requisito y no se infiere automáticamente.,medium,provisional
MAP-00728,ISO_IEC_42001_2023-R-013,RISK-001,supporting,PARTIAL,El control contribuye a operacionalizar o evidenciar el requisito; la conclusión de cumplimiento permanece específica del requisito y no se infiere automáticamente.,medium,provisional
MAP-00729,ISO_IEC_42001_2023-R-013,RISK-002,supporting,PARTIAL,El control contribuye a operacionalizar o evidenciar el requisito; la conclusión de cumplimiento permanece específica del requisito y no se infiere automáticamente.,medium,provisional
MAP-00730,ISO_IEC_42001_2023-R-013,DOC-001,supporting,PARTIAL,El control contribuye a operacionalizar o evidenciar el requisito; la conclusión de cumplimiento permanece específica del requisito y no se infiere automáticamente.,medium,provisional
MAP-00731,ISO_IEC_42001_2023-R-013,REC-001,supporting,PARTIAL,El control contribuye a operacionalizar o evidenciar el requisito; la conclusión de cumplimiento permanece específica del requisito y no se infiere automáticamente.,medium,provisional
MAP-00732,ISO_IEC_42001_2023-R-014,CTX-001,direct,PARTIAL,El control contribuye a operacionalizar o evidenciar el requisito; la conclusión de cumplimiento permanece específica del requisito y no se infiere automáticamente.,medium,provisional
MAP-00733,ISO_IEC_42001_2023-R-014,SCOPE-001,supporting,PARTIAL,El control contribuye a operacionalizar o evidenciar el requisito; la conclusión de cumplimiento permanece específica del requisito y no se infiere automáticamente.,medium,provisional
MAP-00734,ISO_IEC_42001_2023-R-014,RISK-001,supporting,PARTIAL,El control contribuye a operacionalizar o evidenciar el requisito; la conclusión de cumplimiento permanece específica del requisito y no se infiere automáticamente.,medium,provisional
MAP-00735,ISO_IEC_42001_2023-R-014,RISK-002,supporting,PARTIAL,El control contribuye a operacionalizar o evidenciar el requisito; la conclusión de cumplimiento permanece específica del requisito y no se infiere automáticamente.,medium,provisional
MAP-00736,ISO_IEC_42001_2023-R-014,AI-001,supporting,PARTIAL,El control contribuye a operacionalizar o evidenciar el requisito; la conclusión de cumplimiento permanece específica del requisito y no se infiere automáticamente.,medium,provisional
MAP-00737,ISO_IEC_42001_2023-R-014,AI-003,supporting,PARTIAL,El control contribuye a operacionalizar o evidenciar el requisito; la conclusión de cumplimiento permanece específica del requisito y no se infiere automáticamente.,medium,provisional
MAP-00738,ISO_IEC_42001_2023-R-015,CTX-001,direct,PARTIAL,El control contribuye a operacionalizar o evidenciar el requisito; la conclusión de cumplimiento permanece específica del requisito y no se infiere automáticamente.,medium,provisional
MAP-00739,ISO_IEC_42001_2023-R-015,SCOPE-001,supporting,PARTIAL,El control contribuye a operacionalizar o evidenciar el requisito; la conclusión de cumplimiento permanece específica del requisito y no se infiere automáticamente.,medium,provisional
MAP-00740,ISO_IEC_42001_2023-R-015,RISK-001,supporting,PARTIAL,El control contribuye a operacionalizar o evidenciar el requisito; la conclusión de cumplimiento permanece específica del requisito y no se infiere automáticamente.,medium,provisional
MAP-00741,ISO_IEC_42001_2023-R-015,RISK-002,supporting,PARTIAL,El control contribuye a operacionalizar o evidenciar el requisito; la conclusión de cumplimiento permanece específica del requisito y no se infiere automáticamente.,medium,provisional
MAP-00742,ISO_IEC_42001_2023-R-015,AI-001,supporting,PARTIAL,El control contribuye a operacionalizar o evidenciar el requisito; la conclusión de cumplimiento permanece específica del requisito y no se infiere automáticamente.,medium,provisional
MAP-00743,ISO_IEC_42001_2023-R-015,AI-003,supporting,PARTIAL,El control contribuye a operacionalizar o evidenciar el requisito; la conclusión de cumplimiento permanece específica del requisito y no se infiere automáticamente.,medium,provisional
MAP-00744,ISO_IEC_42001_2023-R-016,CTX-001,direct,PARTIAL,El control contribuye a operacionalizar o evidenciar el requisito; la conclusión de cumplimiento permanece específica del requisito y no se infiere automáticamente.,medium,provisional
MAP-00745,ISO_IEC_42001_2023-R-016,SCOPE-001,supporting,PARTIAL,El control contribuye a operacionalizar o evidenciar el requisito; la conclusión de cumplimiento permanece específica del requisito y no se infiere automáticamente.,medium,provisional
MAP-00746,ISO_IEC_42001_2023-R-016,RISK-001,supporting,PARTIAL,El control contribuye a operacionalizar o evidenciar el requisito; la conclusión de cumplimiento permanece específica del requisito y no se infiere automáticamente.,medium,provisional
MAP-00747,ISO_IEC_42001_2023-R-016,RISK-002,supporting,PARTIAL,El control contribuye a operacionalizar o evidenciar el requisito; la conclusión de cumplimiento permanece específica del requisito y no se infiere automáticamente.,medium,provisional
MAP-00748,ISO_IEC_42001_2023-R-016,AI-001,supporting,PARTIAL,El control contribuye a operacionalizar o evidenciar el requisito; la conclusión de cumplimiento permanece específica del requisito y no se infiere automáticamente.,medium,provisional
MAP-00749,ISO_IEC_42001_2023-R-016,AI-003,supporting,PARTIAL,El control contribuye a operacionalizar o evidenciar el requisito; la conclusión de cumplimiento permanece específica del requisito y no se infiere automáticamente.,medium,provisional
MAP-00750,ISO_IEC_42001_2023-R-017,CTX-001,direct,PARTIAL,El control contribuye a operacionalizar o evidenciar el requisito; la conclusión de cumplimiento permanece específica del requisito y no se infiere automáticamente.,medium,provisional
MAP-00751,ISO_IEC_42001_2023-R-017,SCOPE-001,supporting,PARTIAL,El control contribuye a operacionalizar o evidenciar el requisito; la conclusión de cumplimiento permanece específica del requisito y no se infiere automáticamente.,medium,provisional
MAP-00752,ISO_IEC_42001_2023-R-017,RISK-001,supporting,PARTIAL,El control contribuye a operacionalizar o evidenciar el requisito; la conclusión de cumplimiento permanece específica del requisito y no se infiere automáticamente.,medium,provisional
MAP-00753,ISO_IEC_42001_2023-R-017,RISK-002,supporting,PARTIAL,El control contribuye a operacionalizar o evidenciar el requisito; la conclusión de cumplimiento permanece específica del requisito y no se infiere automáticamente.,medium,provisional
MAP-00754,ISO_IEC_42001_2023-R-017,AI-001,supporting,PARTIAL,El control contribuye a operacionalizar o evidenciar el requisito; la conclusión de cumplimiento permanece específica del requisito y no se infiere automáticamente.,medium,provisional
MAP-00755,ISO_IEC_42001_2023-R-017,AI-003,supporting,PARTIAL,El control contribuye a operacionalizar o evidenciar el requisito; la conclusión de cumplimiento permanece específica del requisito y no se infiere automáticamente.,medium,provisional
MAP-00756,ISO_IEC_42001_2023-R-018,CTX-001,direct,PARTIAL,El control contribuye a operacionalizar o evidenciar el requisito; la conclusión de cumplimiento permanece específica del requisito y no se infiere automáticamente.,medium,provisional
MAP-00757,ISO_IEC_42001_2023-R-018,SCOPE-001,supporting,PARTIAL,El control contribuye a operacionalizar o evidenciar el requisito; la conclusión de cumplimiento permanece específica del requisito y no se infiere automáticamente.,medium,provisional
MAP-00758,ISO_IEC_42001_2023-R-018,RISK-001,supporting,PARTIAL,El control contribuye a operacionalizar o evidenciar el requisito; la conclusión de cumplimiento permanece específica del requisito y no se infiere automáticamente.,medium,provisional
MAP-00759,ISO_IEC_42001_2023-R-018,RISK-002,supporting,PARTIAL,El control contribuye a operacionalizar o evidenciar el requisito; la conclusión de cumplimiento permanece específica del requisito y no se infiere automáticamente.,medium,provisional
MAP-00760,ISO_IEC_42001_2023-R-018,AI-001,supporting,PARTIAL,El control contribuye a operacionalizar o evidenciar el requisito; la conclusión de cumplimiento permanece específica del requisito y no se infiere automáticamente.,medium,provisional
MAP-00761,ISO_IEC_42001_2023-R-018,AI-003,supporting,PARTIAL,El control contribuye a operacionalizar o evidenciar el requisito; la conclusión de cumplimiento permanece específica del requisito y no se infiere automáticamente.,medium,provisional
MAP-00762,ISO_IEC_42001_2023-R-019,CTX-001,direct,PARTIAL,El control contribuye a operacionalizar o evidenciar el requisito; la conclusión de cumplimiento permanece específica del requisito y no se infiere automáticamente.,medium,provisional
MAP-00763,ISO_IEC_42001_2023-R-019,SCOPE-001,supporting,PARTIAL,El control contribuye a operacionalizar o evidenciar el requisito; la conclusión de cumplimiento permanece específica del requisito y no se infiere automáticamente.,medium,provisional
MAP-00764,ISO_IEC_42001_2023-R-019,RISK-001,supporting,PARTIAL,El control contribuye a operacionalizar o evidenciar el requisito; la conclusión de cumplimiento permanece específica del requisito y no se infiere automáticamente.,medium,provisional
MAP-00765,ISO_IEC_42001_2023-R-019,RISK-002,supporting,PARTIAL,El control contribuye a operacionalizar o evidenciar el requisito; la conclusión de cumplimiento permanece específica del requisito y no se infiere automáticamente.,medium,provisional
MAP-00766,ISO_IEC_42001_2023-R-019,DOC-001,supporting,PARTIAL,El control contribuye a operacionalizar o evidenciar el requisito; la conclusión de cumplimiento permanece específica del requisito y no se infiere automáticamente.,medium,provisional
MAP-00767,ISO_IEC_42001_2023-R-019,REC-001,supporting,PARTIAL,El control contribuye a operacionalizar o evidenciar el requisito; la conclusión de cumplimiento permanece específica del requisito y no se infiere automáticamente.,medium,provisional
MAP-00768,ISO_IEC_42001_2023-R-020,CTX-001,direct,PARTIAL,El control contribuye a operacionalizar o evidenciar el requisito; la conclusión de cumplimiento permanece específica del requisito y no se infiere automáticamente.,medium,provisional
MAP-00769,ISO_IEC_42001_2023-R-020,SCOPE-001,supporting,PARTIAL,El control contribuye a operacionalizar o evidenciar el requisito; la conclusión de cumplimiento permanece específica del requisito y no se infiere automáticamente.,medium,provisional
MAP-00770,ISO_IEC_42001_2023-R-020,RISK-001,supporting,PARTIAL,El control contribuye a operacionalizar o evidenciar el requisito; la conclusión de cumplimiento permanece específica del requisito y no se infiere automáticamente.,medium,provisional
MAP-00771,ISO_IEC_42001_2023-R-020,RISK-002,supporting,PARTIAL,El control contribuye a operacionalizar o evidenciar el requisito; la conclusión de cumplimiento permanece específica del requisito y no se infiere automáticamente.,medium,provisional
MAP-00772,ISO_IEC_42001_2023-R-020,AI-001,supporting,PARTIAL,El control contribuye a operacionalizar o evidenciar el requisito; la conclusión de cumplimiento permanece específica del requisito y no se infiere automáticamente.,medium,provisional
MAP-00773,ISO_IEC_42001_2023-R-020,AI-003,supporting,PARTIAL,El control contribuye a operacionalizar o evidenciar el requisito; la conclusión de cumplimiento permanece específica del requisito y no se infiere automáticamente.,medium,provisional
MAP-00774,ISO_IEC_42001_2023-R-021,CTX-001,direct,PARTIAL,El control contribuye a operacionalizar o evidenciar el requisito; la conclusión de cumplimiento permanece específica del requisito y no se infiere automáticamente.,medium,provisional
MAP-00775,ISO_IEC_42001_2023-R-021,SCOPE-001,supporting,PARTIAL,El control contribuye a operacionalizar o evidenciar el requisito; la conclusión de cumplimiento permanece específica del requisito y no se infiere automáticamente.,medium,provisional
MAP-00776,ISO_IEC_42001_2023-R-021,RISK-001,supporting,PARTIAL,El control contribuye a operacionalizar o evidenciar el requisito; la conclusión de cumplimiento permanece específica del requisito y no se infiere automáticamente.,medium,provisional
MAP-00777,ISO_IEC_42001_2023-R-021,RISK-002,supporting,PARTIAL,El control contribuye a operacionalizar o evidenciar el requisito; la conclusión de cumplimiento permanece específica del requisito y no se infiere automáticamente.,medium,provisional
MAP-00778,ISO_IEC_42001_2023-R-021,AI-001,supporting,PARTIAL,El control contribuye a operacionalizar o evidenciar el requisito; la conclusión de cumplimiento permanece específica del requisito y no se infiere automáticamente.,medium,provisional
MAP-00779,ISO_IEC_42001_2023-R-021,AI-003,supporting,PARTIAL,El control contribuye a operacionalizar o evidenciar el requisito; la conclusión de cumplimiento permanece específica del requisito y no se infiere automáticamente.,medium,provisional
MAP-00780,ISO_IEC_42001_2023-R-022,CTX-001,direct,PARTIAL,El control contribuye a operacionalizar o evidenciar el requisito; la conclusión de cumplimiento permanece específica del requisito y no se infiere automáticamente.,medium,provisional
MAP-00781,ISO_IEC_42001_2023-R-022,SCOPE-001,supporting,PARTIAL,El control contribuye a operacionalizar o evidenciar el requisito; la conclusión de cumplimiento permanece específica del requisito y no se infiere automáticamente.,medium,provisional
MAP-00782,ISO_IEC_42001_2023-R-022,RISK-001,supporting,PARTIAL,El control contribuye a operacionalizar o evidenciar el requisito; la conclusión de cumplimiento permanece específica del requisito y no se infiere automáticamente.,medium,provisional
MAP-00783,ISO_IEC_42001_2023-R-022,RISK-002,supporting,PARTIAL,El control contribuye a operacionalizar o evidenciar el requisito; la conclusión de cumplimiento permanece específica del requisito y no se infiere automáticamente.,medium,provisional
MAP-00784,ISO_IEC_42001_2023-R-022,OBJ-001,supporting,PARTIAL,El control contribuye a operacionalizar o evidenciar el requisito; la conclusión de cumplimiento permanece específica del requisito y no se infiere automáticamente.,medium,provisional
MAP-00785,ISO_IEC_42001_2023-R-022,METRIC-001,supporting,PARTIAL,El control contribuye a operacionalizar o evidenciar el requisito; la conclusión de cumplimiento permanece específica del requisito y no se infiere automáticamente.,medium,provisional
MAP-00786,ISO_IEC_42001_2023-R-023,CTX-001,direct,PARTIAL,El control contribuye a operacionalizar o evidenciar el requisito; la conclusión de cumplimiento permanece específica del requisito y no se infiere automáticamente.,medium,provisional
MAP-00787,ISO_IEC_42001_2023-R-023,SCOPE-001,supporting,PARTIAL,El control contribuye a operacionalizar o evidenciar el requisito; la conclusión de cumplimiento permanece específica del requisito y no se infiere automáticamente.,medium,provisional
MAP-00788,ISO_IEC_42001_2023-R-023,RISK-001,supporting,PARTIAL,El control contribuye a operacionalizar o evidenciar el requisito; la conclusión de cumplimiento permanece específica del requisito y no se infiere automáticamente.,medium,provisional
MAP-00789,ISO_IEC_42001_2023-R-023,RISK-002,supporting,PARTIAL,El control contribuye a operacionalizar o evidenciar el requisito; la conclusión de cumplimiento permanece específica del requisito y no se infiere automáticamente.,medium,provisional
MAP-00790,ISO_IEC_42001_2023-R-023,AI-001,supporting,PARTIAL,El control contribuye a operacionalizar o evidenciar el requisito; la conclusión de cumplimiento permanece específica del requisito y no se infiere automáticamente.,medium,provisional
MAP-00791,ISO_IEC_42001_2023-R-023,AI-003,supporting,PARTIAL,El control contribuye a operacionalizar o evidenciar el requisito; la conclusión de cumplimiento permanece específica del requisito y no se infiere automáticamente.,medium,provisional
MAP-00792,ISO_IEC_42001_2023-R-024,CTX-001,direct,PARTIAL,El control contribuye a operacionalizar o evidenciar el requisito; la conclusión de cumplimiento permanece específica del requisito y no se infiere automáticamente.,medium,provisional
MAP-00793,ISO_IEC_42001_2023-R-024,SCOPE-001,supporting,PARTIAL,El control contribuye a operacionalizar o evidenciar el requisito; la conclusión de cumplimiento permanece específica del requisito y no se infiere automáticamente.,medium,provisional
MAP-00794,ISO_IEC_42001_2023-R-024,RISK-001,supporting,PARTIAL,El control contribuye a operacionalizar o evidenciar el requisito; la conclusión de cumplimiento permanece específica del requisito y no se infiere automáticamente.,medium,provisional
MAP-00795,ISO_IEC_42001_2023-R-024,RISK-002,supporting,PARTIAL,El control contribuye a operacionalizar o evidenciar el requisito; la conclusión de cumplimiento permanece específica del requisito y no se infiere automáticamente.,medium,provisional
MAP-00796,ISO_IEC_42001_2023-R-024,AI-001,supporting,PARTIAL,El control contribuye a operacionalizar o evidenciar el requisito; la conclusión de cumplimiento permanece específica del requisito y no se infiere automáticamente.,medium,provisional
MAP-00797,ISO_IEC_42001_2023-R-024,AI-003,supporting,PARTIAL,El control contribuye a operacionalizar o evidenciar el requisito; la conclusión de cumplimiento permanece específica del requisito y no se infiere automáticamente.,medium,provisional
MAP-00798,ISO_IEC_42001_2023-R-025,CTX-001,direct,PARTIAL,El control contribuye a operacionalizar o evidenciar el requisito; la conclusión de cumplimiento permanece específica del requisito y no se infiere automáticamente.,medium,provisional
MAP-00799,ISO_IEC_42001_2023-R-025,SCOPE-001,supporting,PARTIAL,El control contribuye a operacionalizar o evidenciar el requisito; la conclusión de cumplimiento permanece específica del requisito y no se infiere automáticamente.,medium,provisional
MAP-00800,ISO_IEC_42001_2023-R-025,RISK-001,supporting,PARTIAL,El control contribuye a operacionalizar o evidenciar el requisito; la conclusión de cumplimiento permanece específica del requisito y no se infiere automáticamente.,medium,provisional
MAP-00801,ISO_IEC_42001_2023-R-025,RISK-002,supporting,PARTIAL,El control contribuye a operacionalizar o evidenciar el requisito; la conclusión de cumplimiento permanece específica del requisito y no se infiere automáticamente.,medium,provisional
MAP-00802,ISO_IEC_42001_2023-R-025,DOC-001,supporting,PARTIAL,El control contribuye a operacionalizar o evidenciar el requisito; la conclusión de cumplimiento permanece específica del requisito y no se infiere automáticamente.,medium,provisional
MAP-00803,ISO_IEC_42001_2023-R-025,REC-001,supporting,PARTIAL,El control contribuye a operacionalizar o evidenciar el requisito; la conclusión de cumplimiento permanece específica del requisito y no se infiere automáticamente.,medium,provisional
MAP-00804,ISO_IEC_42001_2023-R-026,CTX-001,direct,PARTIAL,El control contribuye a operacionalizar o evidenciar el requisito; la conclusión de cumplimiento permanece específica del requisito y no se infiere automáticamente.,medium,provisional
MAP-00805,ISO_IEC_42001_2023-R-026,SCOPE-001,supporting,PARTIAL,El control contribuye a operacionalizar o evidenciar el requisito; la conclusión de cumplimiento permanece específica del requisito y no se infiere automáticamente.,medium,provisional
MAP-00806,ISO_IEC_42001_2023-R-026,RISK-001,supporting,PARTIAL,El control contribuye a operacionalizar o evidenciar el requisito; la conclusión de cumplimiento permanece específica del requisito y no se infiere automáticamente.,medium,provisional
MAP-00807,ISO_IEC_42001_2023-R-026,RISK-002,supporting,PARTIAL,El control contribuye a operacionalizar o evidenciar el requisito; la conclusión de cumplimiento permanece específica del requisito y no se infiere automáticamente.,medium,provisional
MAP-00808,ISO_IEC_42001_2023-R-026,AI-001,supporting,PARTIAL,El control contribuye a operacionalizar o evidenciar el requisito; la conclusión de cumplimiento permanece específica del requisito y no se infiere automáticamente.,medium,provisional
MAP-00809,ISO_IEC_42001_2023-R-026,AI-003,supporting,PARTIAL,El control contribuye a operacionalizar o evidenciar el requisito; la conclusión de cumplimiento permanece específica del requisito y no se infiere automáticamente.,medium,provisional
MAP-00810,ISO_IEC_42001_2023-R-027,CTX-001,direct,PARTIAL,El control contribuye a operacionalizar o evidenciar el requisito; la conclusión de cumplimiento permanece específica del requisito y no se infiere automáticamente.,medium,provisional
MAP-00811,ISO_IEC_42001_2023-R-027,SCOPE-001,supporting,PARTIAL,El control contribuye a operacionalizar o evidenciar el requisito; la conclusión de cumplimiento permanece específica del requisito y no se infiere automáticamente.,medium,provisional
MAP-00812,ISO_IEC_42001_2023-R-027,RISK-001,supporting,PARTIAL,El control contribuye a operacionalizar o evidenciar el requisito; la conclusión de cumplimiento permanece específica del requisito y no se infiere automáticamente.,medium,provisional
MAP-00813,ISO_IEC_42001_2023-R-027,RISK-002,supporting,PARTIAL,El control contribuye a operacionalizar o evidenciar el requisito; la conclusión de cumplimiento permanece específica del requisito y no se infiere automáticamente.,medium,provisional
MAP-00814,ISO_IEC_42001_2023-R-027,AI-001,supporting,PARTIAL,El control contribuye a operacionalizar o evidenciar el requisito; la conclusión de cumplimiento permanece específica del requisito y no se infiere automáticamente.,medium,provisional
MAP-00815,ISO_IEC_42001_2023-R-027,AI-003,supporting,PARTIAL,El control contribuye a operacionalizar o evidenciar el requisito; la conclusión de cumplimiento permanece específica del requisito y no se infiere automáticamente.,medium,provisional
MAP-00816,ISO_IEC_42001_2023-R-028,CTX-001,direct,PARTIAL,El control contribuye a operacionalizar o evidenciar el requisito; la conclusión de cumplimiento permanece específica del requisito y no se infiere automáticamente.,medium,provisional
MAP-00817,ISO_IEC_42001_2023-R-028,SCOPE-001,supporting,PARTIAL,El control contribuye a operacionalizar o evidenciar el requisito; la conclusión de cumplimiento permanece específica del requisito y no se infiere automáticamente.,medium,provisional
MAP-00818,ISO_IEC_42001_2023-R-028,RISK-001,supporting,PARTIAL,El control contribuye a operacionalizar o evidenciar el requisito; la conclusión de cumplimiento permanece específica del requisito y no se infiere automáticamente.,medium,provisional
MAP-00819,ISO_IEC_42001_2023-R-028,RISK-002,supporting,PARTIAL,El control contribuye a operacionalizar o evidenciar el requisito; la conclusión de cumplimiento permanece específica del requisito y no se infiere automáticamente.,medium,provisional
MAP-00820,ISO_IEC_42001_2023-R-028,PROC-001,supporting,PARTIAL,El control contribuye a operacionalizar o evidenciar el requisito; la conclusión de cumplimiento permanece específica del requisito y no se infiere automáticamente.,medium,provisional
MAP-00821,ISO_IEC_42001_2023-R-028,QUALITY-004,supporting,PARTIAL,El control contribuye a operacionalizar o evidenciar el requisito; la conclusión de cumplimiento permanece específica del requisito y no se infiere automáticamente.,medium,provisional
MAP-00822,ISO_IEC_42001_2023-R-029,CTX-001,direct,PARTIAL,El control contribuye a operacionalizar o evidenciar el requisito; la conclusión de cumplimiento permanece específica del requisito y no se infiere automáticamente.,medium,provisional
MAP-00823,ISO_IEC_42001_2023-R-029,SCOPE-001,supporting,PARTIAL,El control contribuye a operacionalizar o evidenciar el requisito; la conclusión de cumplimiento permanece específica del requisito y no se infiere automáticamente.,medium,provisional
MAP-00824,ISO_IEC_42001_2023-R-029,RISK-001,supporting,PARTIAL,El control contribuye a operacionalizar o evidenciar el requisito; la conclusión de cumplimiento permanece específica del requisito y no se infiere automáticamente.,medium,provisional
MAP-00825,ISO_IEC_42001_2023-R-029,RISK-002,supporting,PARTIAL,El control contribuye a operacionalizar o evidenciar el requisito; la conclusión de cumplimiento permanece específica del requisito y no se infiere automáticamente.,medium,provisional
MAP-00826,ISO_IEC_42001_2023-R-029,DOC-001,supporting,PARTIAL,El control contribuye a operacionalizar o evidenciar el requisito; la conclusión de cumplimiento permanece específica del requisito y no se infiere automáticamente.,medium,provisional
MAP-00827,ISO_IEC_42001_2023-R-029,REC-001,supporting,PARTIAL,El control contribuye a operacionalizar o evidenciar el requisito; la conclusión de cumplimiento permanece específica del requisito y no se infiere automáticamente.,medium,provisional
MAP-00828,ISO_IEC_42001_2023-R-030,CTX-001,direct,PARTIAL,El control contribuye a operacionalizar o evidenciar el requisito; la conclusión de cumplimiento permanece específica del requisito y no se infiere automáticamente.,medium,provisional
MAP-00829,ISO_IEC_42001_2023-R-030,SCOPE-001,supporting,PARTIAL,El control contribuye a operacionalizar o evidenciar el requisito; la conclusión de cumplimiento permanece específica del requisito y no se infiere automáticamente.,medium,provisional
MAP-00830,ISO_IEC_42001_2023-R-030,RISK-001,supporting,PARTIAL,El control contribuye a operacionalizar o evidenciar el requisito; la conclusión de cumplimiento permanece específica del requisito y no se infiere automáticamente.,medium,provisional
MAP-00831,ISO_IEC_42001_2023-R-030,RISK-002,supporting,PARTIAL,El control contribuye a operacionalizar o evidenciar el requisito; la conclusión de cumplimiento permanece específica del requisito y no se infiere automáticamente.,medium,provisional
MAP-00832,ISO_IEC_42001_2023-R-030,LOG-001,supporting,PARTIAL,El control contribuye a operacionalizar o evidenciar el requisito; la conclusión de cumplimiento permanece específica del requisito y no se infiere automáticamente.,medium,provisional
MAP-00833,ISO_IEC_42001_2023-R-030,AI-001,supporting,PARTIAL,El control contribuye a operacionalizar o evidenciar el requisito; la conclusión de cumplimiento permanece específica del requisito y no se infiere automáticamente.,medium,provisional
MAP-00834,ISO_IEC_42001_2023-R-031,CTX-001,direct,PARTIAL,El control contribuye a operacionalizar o evidenciar el requisito; la conclusión de cumplimiento permanece específica del requisito y no se infiere automáticamente.,medium,provisional
MAP-00835,ISO_IEC_42001_2023-R-031,SCOPE-001,supporting,PARTIAL,El control contribuye a operacionalizar o evidenciar el requisito; la conclusión de cumplimiento permanece específica del requisito y no se infiere automáticamente.,medium,provisional
MAP-00836,ISO_IEC_42001_2023-R-031,RISK-001,supporting,PARTIAL,El control contribuye a operacionalizar o evidenciar el requisito; la conclusión de cumplimiento permanece específica del requisito y no se infiere automáticamente.,medium,provisional
MAP-00837,ISO_IEC_42001_2023-R-031,RISK-002,supporting,PARTIAL,El control contribuye a operacionalizar o evidenciar el requisito; la conclusión de cumplimiento permanece específica del requisito y no se infiere automáticamente.,medium,provisional
MAP-00838,ISO_IEC_42001_2023-R-031,AI-001,supporting,PARTIAL,El control contribuye a operacionalizar o evidenciar el requisito; la conclusión de cumplimiento permanece específica del requisito y no se infiere automáticamente.,medium,provisional
MAP-00839,ISO_IEC_42001_2023-R-031,AI-003,supporting,PARTIAL,El control contribuye a operacionalizar o evidenciar el requisito; la conclusión de cumplimiento permanece específica del requisito y no se infiere automáticamente.,medium,provisional
MAP-00840,ISO_IEC_42001_2023-R-032,CTX-001,direct,PARTIAL,El control contribuye a operacionalizar o evidenciar el requisito; la conclusión de cumplimiento permanece específica del requisito y no se infiere automáticamente.,medium,provisional
MAP-00841,ISO_IEC_42001_2023-R-032,SCOPE-001,supporting,PARTIAL,El control contribuye a operacionalizar o evidenciar el requisito; la conclusión de cumplimiento permanece específica del requisito y no se infiere automáticamente.,medium,provisional
MAP-00842,ISO_IEC_42001_2023-R-032,RISK-001,supporting,PARTIAL,El control contribuye a operacionalizar o evidenciar el requisito; la conclusión de cumplimiento permanece específica del requisito y no se infiere automáticamente.,medium,provisional
MAP-00843,ISO_IEC_42001_2023-R-032,RISK-002,supporting,PARTIAL,El control contribuye a operacionalizar o evidenciar el requisito; la conclusión de cumplimiento permanece específica del requisito y no se infiere automáticamente.,medium,provisional
MAP-00844,ISO_IEC_42001_2023-R-032,AI-001,supporting,PARTIAL,El control contribuye a operacionalizar o evidenciar el requisito; la conclusión de cumplimiento permanece específica del requisito y no se infiere automáticamente.,medium,provisional
MAP-00845,ISO_IEC_42001_2023-R-032,AI-003,supporting,PARTIAL,El control contribuye a operacionalizar o evidenciar el requisito; la conclusión de cumplimiento permanece específica del requisito y no se infiere automáticamente.,medium,provisional
MAP-00846,ISO_IEC_42001_2023-R-033,CTX-001,direct,PARTIAL,El control contribuye a operacionalizar o evidenciar el requisito; la conclusión de cumplimiento permanece específica del requisito y no se infiere automáticamente.,medium,provisional
MAP-00847,ISO_IEC_42001_2023-R-033,SCOPE-001,supporting,PARTIAL,El control contribuye a operacionalizar o evidenciar el requisito; la conclusión de cumplimiento permanece específica del requisito y no se infiere automáticamente.,medium,provisional
MAP-00848,ISO_IEC_42001_2023-R-033,RISK-001,supporting,PARTIAL,El control contribuye a operacionalizar o evidenciar el requisito; la conclusión de cumplimiento permanece específica del requisito y no se infiere automáticamente.,medium,provisional
MAP-00849,ISO_IEC_42001_2023-R-033,RISK-002,supporting,PARTIAL,El control contribuye a operacionalizar o evidenciar el requisito; la conclusión de cumplimiento permanece específica del requisito y no se infiere automáticamente.,medium,provisional
MAP-00850,ISO_IEC_42001_2023-R-033,PRIV-010,supporting,PARTIAL,El control contribuye a operacionalizar o evidenciar el requisito; la conclusión de cumplimiento permanece específica del requisito y no se infiere automáticamente.,medium,provisional
MAP-00851,ISO_IEC_42001_2023-R-033,AI-001,supporting,PARTIAL,El control contribuye a operacionalizar o evidenciar el requisito; la conclusión de cumplimiento permanece específica del requisito y no se infiere automáticamente.,medium,provisional
MAP-00852,ISO_IEC_42001_2023-R-034,CTX-001,direct,PARTIAL,El control contribuye a operacionalizar o evidenciar el requisito; la conclusión de cumplimiento permanece específica del requisito y no se infiere automáticamente.,medium,provisional
MAP-00853,ISO_IEC_42001_2023-R-034,SCOPE-001,supporting,PARTIAL,El control contribuye a operacionalizar o evidenciar el requisito; la conclusión de cumplimiento permanece específica del requisito y no se infiere automáticamente.,medium,provisional
MAP-00854,ISO_IEC_42001_2023-R-034,RISK-001,supporting,PARTIAL,El control contribuye a operacionalizar o evidenciar el requisito; la conclusión de cumplimiento permanece específica del requisito y no se infiere automáticamente.,medium,provisional
MAP-00855,ISO_IEC_42001_2023-R-034,RISK-002,supporting,PARTIAL,El control contribuye a operacionalizar o evidenciar el requisito; la conclusión de cumplimiento permanece específica del requisito y no se infiere automáticamente.,medium,provisional
MAP-00856,ISO_IEC_42001_2023-R-034,AI-001,supporting,PARTIAL,El control contribuye a operacionalizar o evidenciar el requisito; la conclusión de cumplimiento permanece específica del requisito y no se infiere automáticamente.,medium,provisional
MAP-00857,ISO_IEC_42001_2023-R-034,AI-003,supporting,PARTIAL,El control contribuye a operacionalizar o evidenciar el requisito; la conclusión de cumplimiento permanece específica del requisito y no se infiere automáticamente.,medium,provisional
MAP-00858,ISO_IEC_42001_2023-R-035,CTX-001,direct,PARTIAL,El control contribuye a operacionalizar o evidenciar el requisito; la conclusión de cumplimiento permanece específica del requisito y no se infiere automáticamente.,medium,provisional
MAP-00859,ISO_IEC_42001_2023-R-035,SCOPE-001,supporting,PARTIAL,El control contribuye a operacionalizar o evidenciar el requisito; la conclusión de cumplimiento permanece específica del requisito y no se infiere automáticamente.,medium,provisional
MAP-00860,ISO_IEC_42001_2023-R-035,RISK-001,supporting,PARTIAL,El control contribuye a operacionalizar o evidenciar el requisito; la conclusión de cumplimiento permanece específica del requisito y no se infiere automáticamente.,medium,provisional
MAP-00861,ISO_IEC_42001_2023-R-035,RISK-002,supporting,PARTIAL,El control contribuye a operacionalizar o evidenciar el requisito; la conclusión de cumplimiento permanece específica del requisito y no se infiere automáticamente.,medium,provisional
MAP-00862,ISO_IEC_42001_2023-R-035,AI-001,supporting,PARTIAL,El control contribuye a operacionalizar o evidenciar el requisito; la conclusión de cumplimiento permanece específica del requisito y no se infiere automáticamente.,medium,provisional
MAP-00863,ISO_IEC_42001_2023-R-035,AI-003,supporting,PARTIAL,El control contribuye a operacionalizar o evidenciar el requisito; la conclusión de cumplimiento permanece específica del requisito y no se infiere automáticamente.,medium,provisional
MAP-00864,ISO_IEC_42001_2023-R-036,CTX-001,direct,PARTIAL,El control contribuye a operacionalizar o evidenciar el requisito; la conclusión de cumplimiento permanece específica del requisito y no se infiere automáticamente.,medium,provisional
MAP-00865,ISO_IEC_42001_2023-R-036,SCOPE-001,supporting,PARTIAL,El control contribuye a operacionalizar o evidenciar el requisito; la conclusión de cumplimiento permanece específica del requisito y no se infiere automáticamente.,medium,provisional
MAP-00866,ISO_IEC_42001_2023-R-036,RISK-001,supporting,PARTIAL,El control contribuye a operacionalizar o evidenciar el requisito; la conclusión de cumplimiento permanece específica del requisito y no se infiere automáticamente.,medium,provisional
MAP-00867,ISO_IEC_42001_2023-R-036,RISK-002,supporting,PARTIAL,El control contribuye a operacionalizar o evidenciar el requisito; la conclusión de cumplimiento permanece específica del requisito y no se infiere automáticamente.,medium,provisional
MAP-00868,ISO_IEC_42001_2023-R-036,COMP-001,supporting,PARTIAL,El control contribuye a operacionalizar o evidenciar el requisito; la conclusión de cumplimiento permanece específica del requisito y no se infiere automáticamente.,medium,provisional
MAP-00869,ISO_IEC_42001_2023-R-036,DOC-001,supporting,PARTIAL,El control contribuye a operacionalizar o evidenciar el requisito; la conclusión de cumplimiento permanece específica del requisito y no se infiere automáticamente.,medium,provisional
MAP-00870,ISO_IEC_42001_2023-R-037,CTX-001,direct,PARTIAL,El control contribuye a operacionalizar o evidenciar el requisito; la conclusión de cumplimiento permanece específica del requisito y no se infiere automáticamente.,medium,provisional
MAP-00871,ISO_IEC_42001_2023-R-037,SCOPE-001,supporting,PARTIAL,El control contribuye a operacionalizar o evidenciar el requisito; la conclusión de cumplimiento permanece específica del requisito y no se infiere automáticamente.,medium,provisional
MAP-00872,ISO_IEC_42001_2023-R-037,RISK-001,supporting,PARTIAL,El control contribuye a operacionalizar o evidenciar el requisito; la conclusión de cumplimiento permanece específica del requisito y no se infiere automáticamente.,medium,provisional
MAP-00873,ISO_IEC_42001_2023-R-037,RISK-002,supporting,PARTIAL,El control contribuye a operacionalizar o evidenciar el requisito; la conclusión de cumplimiento permanece específica del requisito y no se infiere automáticamente.,medium,provisional
MAP-00874,ISO_IEC_42001_2023-R-037,AI-001,supporting,PARTIAL,El control contribuye a operacionalizar o evidenciar el requisito; la conclusión de cumplimiento permanece específica del requisito y no se infiere automáticamente.,medium,provisional
MAP-00875,ISO_IEC_42001_2023-R-037,AI-003,supporting,PARTIAL,El control contribuye a operacionalizar o evidenciar el requisito; la conclusión de cumplimiento permanece específica del requisito y no se infiere automáticamente.,medium,provisional
MAP-00876,ISO_IEC_42001_2023-R-038,CTX-001,direct,PARTIAL,El control contribuye a operacionalizar o evidenciar el requisito; la conclusión de cumplimiento permanece específica del requisito y no se infiere automáticamente.,medium,provisional
MAP-00877,ISO_IEC_42001_2023-R-038,SCOPE-001,supporting,PARTIAL,El control contribuye a operacionalizar o evidenciar el requisito; la conclusión de cumplimiento permanece específica del requisito y no se infiere automáticamente.,medium,provisional
MAP-00878,ISO_IEC_42001_2023-R-038,RISK-001,supporting,PARTIAL,El control contribuye a operacionalizar o evidenciar el requisito; la conclusión de cumplimiento permanece específica del requisito y no se infiere automáticamente.,medium,provisional
MAP-00879,ISO_IEC_42001_2023-R-038,RISK-002,supporting,PARTIAL,El control contribuye a operacionalizar o evidenciar el requisito; la conclusión de cumplimiento permanece específica del requisito y no se infiere automáticamente.,medium,provisional
MAP-00880,ISO_IEC_42001_2023-R-038,COMM-001,supporting,PARTIAL,El control contribuye a operacionalizar o evidenciar el requisito; la conclusión de cumplimiento permanece específica del requisito y no se infiere automáticamente.,medium,provisional
MAP-00881,ISO_IEC_42001_2023-R-038,INCIDENT-001,supporting,PARTIAL,El control contribuye a operacionalizar o evidenciar el requisito; la conclusión de cumplimiento permanece específica del requisito y no se infiere automáticamente.,medium,provisional
MAP-00882,ISO_IEC_42001_2023-R-039,CTX-001,direct,PARTIAL,El control contribuye a operacionalizar o evidenciar el requisito; la conclusión de cumplimiento permanece específica del requisito y no se infiere automáticamente.,medium,provisional
MAP-00883,ISO_IEC_42001_2023-R-039,SCOPE-001,supporting,PARTIAL,El control contribuye a operacionalizar o evidenciar el requisito; la conclusión de cumplimiento permanece específica del requisito y no se infiere automáticamente.,medium,provisional
MAP-00884,ISO_IEC_42001_2023-R-039,RISK-001,supporting,PARTIAL,El control contribuye a operacionalizar o evidenciar el requisito; la conclusión de cumplimiento permanece específica del requisito y no se infiere automáticamente.,medium,provisional
MAP-00885,ISO_IEC_42001_2023-R-039,RISK-002,supporting,PARTIAL,El control contribuye a operacionalizar o evidenciar el requisito; la conclusión de cumplimiento permanece específica del requisito y no se infiere automáticamente.,medium,provisional
MAP-00886,ISO_IEC_42001_2023-R-039,COMP-001,supporting,PARTIAL,El control contribuye a operacionalizar o evidenciar el requisito; la conclusión de cumplimiento permanece específica del requisito y no se infiere automáticamente.,medium,provisional
MAP-00887,ISO_IEC_42001_2023-R-039,AI-001,supporting,PARTIAL,El control contribuye a operacionalizar o evidenciar el requisito; la conclusión de cumplimiento permanece específica del requisito y no se infiere automáticamente.,medium,provisional
MAP-00888,ISO_IEC_42001_2023-R-040,CTX-001,direct,PARTIAL,El control contribuye a operacionalizar o evidenciar el requisito; la conclusión de cumplimiento permanece específica del requisito y no se infiere automáticamente.,medium,provisional
MAP-00889,ISO_IEC_42001_2023-R-040,SCOPE-001,supporting,PARTIAL,El control contribuye a operacionalizar o evidenciar el requisito; la conclusión de cumplimiento permanece específica del requisito y no se infiere automáticamente.,medium,provisional
MAP-00890,ISO_IEC_42001_2023-R-040,RISK-001,supporting,PARTIAL,El control contribuye a operacionalizar o evidenciar el requisito; la conclusión de cumplimiento permanece específica del requisito y no se infiere automáticamente.,medium,provisional
MAP-00891,ISO_IEC_42001_2023-R-040,RISK-002,supporting,PARTIAL,El control contribuye a operacionalizar o evidenciar el requisito; la conclusión de cumplimiento permanece específica del requisito y no se infiere automáticamente.,medium,provisional
MAP-00892,ISO_IEC_42001_2023-R-040,AI-001,supporting,PARTIAL,El control contribuye a operacionalizar o evidenciar el requisito; la conclusión de cumplimiento permanece específica del requisito y no se infiere automáticamente.,medium,provisional
MAP-00893,ISO_IEC_42001_2023-R-040,AI-003,supporting,PARTIAL,El control contribuye a operacionalizar o evidenciar el requisito; la conclusión de cumplimiento permanece específica del requisito y no se infiere automáticamente.,medium,provisional
MAP-00894,ISO_IEC_42001_2023-R-041,CTX-001,direct,PARTIAL,El control contribuye a operacionalizar o evidenciar el requisito; la conclusión de cumplimiento permanece específica del requisito y no se infiere automáticamente.,medium,provisional
MAP-00895,ISO_IEC_42001_2023-R-041,SCOPE-001,supporting,PARTIAL,El control contribuye a operacionalizar o evidenciar el requisito; la conclusión de cumplimiento permanece específica del requisito y no se infiere automáticamente.,medium,provisional
MAP-00896,ISO_IEC_42001_2023-R-041,RISK-001,supporting,PARTIAL,El control contribuye a operacionalizar o evidenciar el requisito; la conclusión de cumplimiento permanece específica del requisito y no se infiere automáticamente.,medium,provisional
MAP-00897,ISO_IEC_42001_2023-R-041,RISK-002,supporting,PARTIAL,El control contribuye a operacionalizar o evidenciar el requisito; la conclusión de cumplimiento permanece específica del requisito y no se infiere automáticamente.,medium,provisional
MAP-00898,ISO_IEC_42001_2023-R-041,OBJ-001,supporting,PARTIAL,El control contribuye a operacionalizar o evidenciar el requisito; la conclusión de cumplimiento permanece específica del requisito y no se infiere automáticamente.,medium,provisional
MAP-00899,ISO_IEC_42001_2023-R-041,METRIC-001,supporting,PARTIAL,El control contribuye a operacionalizar o evidenciar el requisito; la conclusión de cumplimiento permanece específica del requisito y no se infiere automáticamente.,medium,provisional
MAP-00900,ISO_IEC_42001_2023-R-042,CTX-001,direct,PARTIAL,El control contribuye a operacionalizar o evidenciar el requisito; la conclusión de cumplimiento permanece específica del requisito y no se infiere automáticamente.,medium,provisional
MAP-00901,ISO_IEC_42001_2023-R-042,SCOPE-001,supporting,PARTIAL,El control contribuye a operacionalizar o evidenciar el requisito; la conclusión de cumplimiento permanece específica del requisito y no se infiere automáticamente.,medium,provisional
MAP-00902,ISO_IEC_42001_2023-R-042,RISK-001,supporting,PARTIAL,El control contribuye a operacionalizar o evidenciar el requisito; la conclusión de cumplimiento permanece específica del requisito y no se infiere automáticamente.,medium,provisional
MAP-00903,ISO_IEC_42001_2023-R-042,RISK-002,supporting,PARTIAL,El control contribuye a operacionalizar o evidenciar el requisito; la conclusión de cumplimiento permanece específica del requisito y no se infiere automáticamente.,medium,provisional
MAP-00904,ISO_IEC_42001_2023-R-042,AI-001,supporting,PARTIAL,El control contribuye a operacionalizar o evidenciar el requisito; la conclusión de cumplimiento permanece específica del requisito y no se infiere automáticamente.,medium,provisional
MAP-00905,ISO_IEC_42001_2023-R-042,AI-003,supporting,PARTIAL,El control contribuye a operacionalizar o evidenciar el requisito; la conclusión de cumplimiento permanece específica del requisito y no se infiere automáticamente.,medium,provisional
MAP-00906,ISO_IEC_42001_2023-R-043,CTX-001,direct,PARTIAL,El control contribuye a operacionalizar o evidenciar el requisito; la conclusión de cumplimiento permanece específica del requisito y no se infiere automáticamente.,medium,provisional
MAP-00907,ISO_IEC_42001_2023-R-043,SCOPE-001,supporting,PARTIAL,El control contribuye a operacionalizar o evidenciar el requisito; la conclusión de cumplimiento permanece específica del requisito y no se infiere automáticamente.,medium,provisional
MAP-00908,ISO_IEC_42001_2023-R-043,GOV-001,supporting,PARTIAL,El control contribuye a operacionalizar o evidenciar el requisito; la conclusión de cumplimiento permanece específica del requisito y no se infiere automáticamente.,medium,provisional
MAP-00909,ISO_IEC_42001_2023-R-043,GOV-002,supporting,PARTIAL,El control contribuye a operacionalizar o evidenciar el requisito; la conclusión de cumplimiento permanece específica del requisito y no se infiere automáticamente.,medium,provisional
MAP-00910,ISO_IEC_42001_2023-R-043,RISK-001,supporting,PARTIAL,El control contribuye a operacionalizar o evidenciar el requisito; la conclusión de cumplimiento permanece específica del requisito y no se infiere automáticamente.,medium,provisional
MAP-00911,ISO_IEC_42001_2023-R-043,RISK-002,supporting,PARTIAL,El control contribuye a operacionalizar o evidenciar el requisito; la conclusión de cumplimiento permanece específica del requisito y no se infiere automáticamente.,medium,provisional
MAP-00912,ISO_IEC_42001_2023-R-044,CTX-001,direct,PARTIAL,El control contribuye a operacionalizar o evidenciar el requisito; la conclusión de cumplimiento permanece específica del requisito y no se infiere automáticamente.,medium,provisional
MAP-00913,ISO_IEC_42001_2023-R-044,SCOPE-001,supporting,PARTIAL,El control contribuye a operacionalizar o evidenciar el requisito; la conclusión de cumplimiento permanece específica del requisito y no se infiere automáticamente.,medium,provisional
MAP-00914,ISO_IEC_42001_2023-R-044,RISK-001,supporting,PARTIAL,El control contribuye a operacionalizar o evidenciar el requisito; la conclusión de cumplimiento permanece específica del requisito y no se infiere automáticamente.,medium,provisional
MAP-00915,ISO_IEC_42001_2023-R-044,RISK-002,supporting,PARTIAL,El control contribuye a operacionalizar o evidenciar el requisito; la conclusión de cumplimiento permanece específica del requisito y no se infiere automáticamente.,medium,provisional
MAP-00916,ISO_IEC_42001_2023-R-044,SUP-001,supporting,PARTIAL,El control contribuye a operacionalizar o evidenciar el requisito; la conclusión de cumplimiento permanece específica del requisito y no se infiere automáticamente.,medium,provisional
MAP-00917,ISO_IEC_42001_2023-R-044,CONTRACT-001,supporting,PARTIAL,El control contribuye a operacionalizar o evidenciar el requisito; la conclusión de cumplimiento permanece específica del requisito y no se infiere automáticamente.,medium,provisional
MAP-00918,ISO_IEC_42001_2023-R-045,CTX-001,direct,PARTIAL,El control contribuye a operacionalizar o evidenciar el requisito; la conclusión de cumplimiento permanece específica del requisito y no se infiere automáticamente.,medium,provisional
MAP-00919,ISO_IEC_42001_2023-R-045,SCOPE-001,supporting,PARTIAL,El control contribuye a operacionalizar o evidenciar el requisito; la conclusión de cumplimiento permanece específica del requisito y no se infiere automáticamente.,medium,provisional
MAP-00920,ISO_IEC_42001_2023-R-045,RISK-001,supporting,PARTIAL,El control contribuye a operacionalizar o evidenciar el requisito; la conclusión de cumplimiento permanece específica del requisito y no se infiere automáticamente.,medium,provisional
MAP-00921,ISO_IEC_42001_2023-R-045,RISK-002,supporting,PARTIAL,El control contribuye a operacionalizar o evidenciar el requisito; la conclusión de cumplimiento permanece específica del requisito y no se infiere automáticamente.,medium,provisional
MAP-00922,ISO_IEC_42001_2023-R-045,QUALITY-001,supporting,PARTIAL,El control contribuye a operacionalizar o evidenciar el requisito; la conclusión de cumplimiento permanece específica del requisito y no se infiere automáticamente.,medium,provisional
MAP-00923,ISO_IEC_42001_2023-R-045,QUALITY-007,supporting,PARTIAL,El control contribuye a operacionalizar o evidenciar el requisito; la conclusión de cumplimiento permanece específica del requisito y no se infiere automáticamente.,medium,provisional
MAP-00924,CL_LEY_21719-R-001,GOV-001,direct,PARTIAL,El control contribuye a operacionalizar o evidenciar el requisito; la conclusión de cumplimiento permanece específica del requisito y no se infiere automáticamente.,high,reviewed_public_source
MAP-00925,CL_LEY_21719-R-001,GOV-002,supporting,PARTIAL,El control contribuye a operacionalizar o evidenciar el requisito; la conclusión de cumplimiento permanece específica del requisito y no se infiere automáticamente.,high,reviewed_public_source
MAP-00926,CL_LEY_21719-R-001,COMP-001,supporting,PARTIAL,El control contribuye a operacionalizar o evidenciar el requisito; la conclusión de cumplimiento permanece específica del requisito y no se infiere automáticamente.,high,reviewed_public_source
MAP-00927,CL_LEY_21719-R-001,RETENTION-001,supporting,PARTIAL,El control contribuye a operacionalizar o evidenciar el requisito; la conclusión de cumplimiento permanece específica del requisito y no se infiere automáticamente.,high,reviewed_public_source
MAP-00928,CL_LEY_21719-R-001,PRIV-002,supporting,PARTIAL,El control contribuye a operacionalizar o evidenciar el requisito; la conclusión de cumplimiento permanece específica del requisito y no se infiere automáticamente.,high,reviewed_public_source
MAP-00929,CL_LEY_21719-R-001,PRIV-003,supporting,PARTIAL,El control contribuye a operacionalizar o evidenciar el requisito; la conclusión de cumplimiento permanece específica del requisito y no se infiere automáticamente.,high,reviewed_public_source
MAP-00930,CL_LEY_21719-R-002,ACCESS-001,direct,PARTIAL,El control contribuye a operacionalizar o evidenciar el requisito; la conclusión de cumplimiento permanece específica del requisito y no se infiere automáticamente.,high,reviewed_public_source
MAP-00931,CL_LEY_21719-R-002,ACCESS-002,supporting,PARTIAL,El control contribuye a operacionalizar o evidenciar el requisito; la conclusión de cumplimiento permanece específica del requisito y no se infiere automáticamente.,high,reviewed_public_source
MAP-00932,CL_LEY_21719-R-002,RETENTION-001,supporting,PARTIAL,El control contribuye a operacionalizar o evidenciar el requisito; la conclusión de cumplimiento permanece específica del requisito y no se infiere automáticamente.,high,reviewed_public_source
MAP-00933,CL_LEY_21719-R-002,PRIV-004,supporting,PARTIAL,El control contribuye a operacionalizar o evidenciar el requisito; la conclusión de cumplimiento permanece específica del requisito y no se infiere automáticamente.,high,reviewed_public_source
MAP-00934,CL_LEY_21719-R-002,AI-001,supporting,PARTIAL,El control contribuye a operacionalizar o evidenciar el requisito; la conclusión de cumplimiento permanece específica del requisito y no se infiere automáticamente.,high,reviewed_public_source
MAP-00935,CL_LEY_21719-R-002,AI-003,supporting,PARTIAL,El control contribuye a operacionalizar o evidenciar el requisito; la conclusión de cumplimiento permanece específica del requisito y no se infiere automáticamente.,high,reviewed_public_source
MAP-00936,CL_LEY_21719-R-003,COMP-001,direct,PARTIAL,El control contribuye a operacionalizar o evidenciar el requisito; la conclusión de cumplimiento permanece específica del requisito y no se infiere automáticamente.,high,reviewed_public_source
MAP-00937,CL_LEY_21719-R-003,TRANSFER-001,supporting,PARTIAL,El control contribuye a operacionalizar o evidenciar el requisito; la conclusión de cumplimiento permanece específica del requisito y no se infiere automáticamente.,high,reviewed_public_source
MAP-00938,CL_LEY_21719-R-003,RETENTION-001,supporting,PARTIAL,El control contribuye a operacionalizar o evidenciar el requisito; la conclusión de cumplimiento permanece específica del requisito y no se infiere automáticamente.,high,reviewed_public_source
MAP-00939,CL_LEY_21719-R-003,PRIV-012,supporting,PARTIAL,El control contribuye a operacionalizar o evidenciar el requisito; la conclusión de cumplimiento permanece específica del requisito y no se infiere automáticamente.,high,reviewed_public_source
MAP-00940,CL_LEY_21719-R-003,AI-001,supporting,PARTIAL,El control contribuye a operacionalizar o evidenciar el requisito; la conclusión de cumplimiento permanece específica del requisito y no se infiere automáticamente.,high,reviewed_public_source
MAP-00941,CL_LEY_21719-R-003,AI-003,supporting,PARTIAL,El control contribuye a operacionalizar o evidenciar el requisito; la conclusión de cumplimiento permanece específica del requisito y no se infiere automáticamente.,high,reviewed_public_source
MAP-00942,CL_LEY_21719-R-004,GOV-001,direct,FULL,El control contribuye a operacionalizar o evidenciar el requisito; la conclusión de cumplimiento permanece específica del requisito y no se infiere automáticamente.,high,reviewed_public_source
MAP-00943,CL_LEY_21719-R-005,RETENTION-001,direct,FULL,El control contribuye a operacionalizar o evidenciar el requisito; la conclusión de cumplimiento permanece específica del requisito y no se infiere automáticamente.,high,reviewed_public_source
MAP-00944,CL_LEY_21719-R-006,PRIV-004,direct,FULL,El control contribuye a operacionalizar o evidenciar el requisito; la conclusión de cumplimiento permanece específica del requisito y no se infiere automáticamente.,high,reviewed_public_source
MAP-00945,CL_LEY_21719-R-007,COMP-001,direct,PARTIAL,El control contribuye a operacionalizar o evidenciar el requisito; la conclusión de cumplimiento permanece específica del requisito y no se infiere automáticamente.,high,reviewed_public_source
MAP-00946,CL_LEY_21719-R-007,PRIV-012,supporting,PARTIAL,El control contribuye a operacionalizar o evidenciar el requisito; la conclusión de cumplimiento permanece específica del requisito y no se infiere automáticamente.,high,reviewed_public_source
MAP-00947,CL_LEY_21719-R-008,RETENTION-001,direct,PARTIAL,El control contribuye a operacionalizar o evidenciar el requisito; la conclusión de cumplimiento permanece específica del requisito y no se infiere automáticamente.,high,reviewed_public_source
MAP-00948,CL_LEY_21719-R-008,PRIV-002,supporting,PARTIAL,El control contribuye a operacionalizar o evidenciar el requisito; la conclusión de cumplimiento permanece específica del requisito y no se infiere automáticamente.,high,reviewed_public_source
MAP-00949,CL_LEY_21719-R-008,PRIV-004,supporting,PARTIAL,El control contribuye a operacionalizar o evidenciar el requisito; la conclusión de cumplimiento permanece específica del requisito y no se infiere automáticamente.,high,reviewed_public_source
MAP-00950,CL_LEY_21719-R-009,TRANSFER-001,direct,PARTIAL,El control contribuye a operacionalizar o evidenciar el requisito; la conclusión de cumplimiento permanece específica del requisito y no se infiere automáticamente.,high,reviewed_public_source
MAP-00951,CL_LEY_21719-R-009,AI-001,supporting,PARTIAL,El control contribuye a operacionalizar o evidenciar el requisito; la conclusión de cumplimiento permanece específica del requisito y no se infiere automáticamente.,high,reviewed_public_source
MAP-00952,CL_LEY_21719-R-009,AI-003,supporting,PARTIAL,El control contribuye a operacionalizar o evidenciar el requisito; la conclusión de cumplimiento permanece específica del requisito y no se infiere automáticamente.,high,reviewed_public_source
MAP-00953,CL_LEY_21719-R-009,AI-006,supporting,PARTIAL,El control contribuye a operacionalizar o evidenciar el requisito; la conclusión de cumplimiento permanece específica del requisito y no se infiere automáticamente.,high,reviewed_public_source
MAP-00954,CL_LEY_21719-R-010,PRIV-004,direct,FULL,El control contribuye a operacionalizar o evidenciar el requisito; la conclusión de cumplimiento permanece específica del requisito y no se infiere automáticamente.,high,reviewed_public_source
MAP-00955,CL_LEY_21719-R-011,PRIV-002,direct,FULL,El control contribuye a operacionalizar o evidenciar el requisito; la conclusión de cumplimiento permanece específica del requisito y no se infiere automáticamente.,high,reviewed_public_source
MAP-00956,CL_LEY_21719-R-012,DOC-001,direct,PARTIAL,El control contribuye a operacionalizar o evidenciar el requisito; la conclusión de cumplimiento permanece específica del requisito y no se infiere automáticamente.,high,reviewed_public_source
MAP-00957,CL_LEY_21719-R-012,REC-001,supporting,PARTIAL,El control contribuye a operacionalizar o evidenciar el requisito; la conclusión de cumplimiento permanece específica del requisito y no se infiere automáticamente.,high,reviewed_public_source
MAP-00958,CL_LEY_21719-R-012,PRIV-002,supporting,PARTIAL,El control contribuye a operacionalizar o evidenciar el requisito; la conclusión de cumplimiento permanece específica del requisito y no se infiere automáticamente.,high,reviewed_public_source
MAP-00959,CL_LEY_21719-R-013,AI-001,direct,PARTIAL,El control contribuye a operacionalizar o evidenciar el requisito; la conclusión de cumplimiento permanece específica del requisito y no se infiere automáticamente.,high,reviewed_public_source
MAP-00960,CL_LEY_21719-R-013,AI-003,supporting,PARTIAL,El control contribuye a operacionalizar o evidenciar el requisito; la conclusión de cumplimiento permanece específica del requisito y no se infiere automáticamente.,high,reviewed_public_source
MAP-00961,CL_LEY_21719-R-013,AI-006,supporting,PARTIAL,El control contribuye a operacionalizar o evidenciar el requisito; la conclusión de cumplimiento permanece específica del requisito y no se infiere automáticamente.,high,reviewed_public_source
MAP-00962,CL_LEY_21719-R-014,COMP-001,direct,FULL,El control contribuye a operacionalizar o evidenciar el requisito; la conclusión de cumplimiento permanece específica del requisito y no se infiere automáticamente.,high,reviewed_public_source
MAP-00963,CL_LEY_21719-R-015,RETENTION-001,direct,PARTIAL,El control contribuye a operacionalizar o evidenciar el requisito; la conclusión de cumplimiento permanece específica del requisito y no se infiere automáticamente.,high,reviewed_public_source
MAP-00964,CL_LEY_21719-R-015,PRIV-005,supporting,PARTIAL,El control contribuye a operacionalizar o evidenciar el requisito; la conclusión de cumplimiento permanece específica del requisito y no se infiere automáticamente.,high,reviewed_public_source
MAP-00965,CL_LEY_21719-R-016,RISK-001,direct,PARTIAL,El control contribuye a operacionalizar o evidenciar el requisito; la conclusión de cumplimiento permanece específica del requisito y no se infiere automáticamente.,high,reviewed_public_source
MAP-00966,CL_LEY_21719-R-016,RISK-002,supporting,PARTIAL,El control contribuye a operacionalizar o evidenciar el requisito; la conclusión de cumplimiento permanece específica del requisito y no se infiere automáticamente.,high,reviewed_public_source
MAP-00967,CL_LEY_21719-R-016,ACCESS-001,supporting,PARTIAL,El control contribuye a operacionalizar o evidenciar el requisito; la conclusión de cumplimiento permanece específica del requisito y no se infiere automáticamente.,high,reviewed_public_source
MAP-00968,CL_LEY_21719-R-016,ACCESS-002,supporting,PARTIAL,El control contribuye a operacionalizar o evidenciar el requisito; la conclusión de cumplimiento permanece específica del requisito y no se infiere automáticamente.,high,reviewed_public_source
MAP-00969,CL_LEY_21719-R-016,BCM-001,supporting,PARTIAL,El control contribuye a operacionalizar o evidenciar el requisito; la conclusión de cumplimiento permanece específica del requisito y no se infiere automáticamente.,high,reviewed_public_source
MAP-00970,CL_LEY_21719-R-016,AI-001,supporting,PARTIAL,El control contribuye a operacionalizar o evidenciar el requisito; la conclusión de cumplimiento permanece específica del requisito y no se infiere automáticamente.,high,reviewed_public_source
MAP-00971,CL_LEY_21719-R-017,GOV-001,direct,FULL,El control contribuye a operacionalizar o evidenciar el requisito; la conclusión de cumplimiento permanece específica del requisito y no se infiere automáticamente.,high,reviewed_public_source
MAP-00972,CL_LEY_21719-R-018,DOC-001,direct,PARTIAL,El control contribuye a operacionalizar o evidenciar el requisito; la conclusión de cumplimiento permanece específica del requisito y no se infiere automáticamente.,high,reviewed_public_source
MAP-00973,CL_LEY_21719-R-018,REC-001,supporting,PARTIAL,El control contribuye a operacionalizar o evidenciar el requisito; la conclusión de cumplimiento permanece específica del requisito y no se infiere automáticamente.,high,reviewed_public_source
MAP-00974,CL_LEY_21719-R-018,PRIV-002,supporting,PARTIAL,El control contribuye a operacionalizar o evidenciar el requisito; la conclusión de cumplimiento permanece específica del requisito y no se infiere automáticamente.,high,reviewed_public_source
MAP-00975,CL_LEY_21719-R-019,PRIV-007,direct,FULL,El control contribuye a operacionalizar o evidenciar el requisito; la conclusión de cumplimiento permanece específica del requisito y no se infiere automáticamente.,high,reviewed_public_source
MAP-00976,CL_LEY_21719-R-020,PRIV-011,direct,FULL,El control contribuye a operacionalizar o evidenciar el requisito; la conclusión de cumplimiento permanece específica del requisito y no se infiere automáticamente.,high,reviewed_public_source
MAP-00977,CL_LEY_21719-R-021,PRIV-011,direct,FULL,El control contribuye a operacionalizar o evidenciar el requisito; la conclusión de cumplimiento permanece específica del requisito y no se infiere automáticamente.,high,reviewed_public_source
MAP-00978,CL_LEY_21719-R-022,TRANSFER-001,direct,PARTIAL,El control contribuye a operacionalizar o evidenciar el requisito; la conclusión de cumplimiento permanece específica del requisito y no se infiere automáticamente.,high,reviewed_public_source
MAP-00979,CL_LEY_21719-R-022,PRIV-008,supporting,PARTIAL,El control contribuye a operacionalizar o evidenciar el requisito; la conclusión de cumplimiento permanece específica del requisito y no se infiere automáticamente.,high,reviewed_public_source
MAP-00980,CL_LEY_21719-R-022,AI-001,supporting,PARTIAL,El control contribuye a operacionalizar o evidenciar el requisito; la conclusión de cumplimiento permanece específica del requisito y no se infiere automáticamente.,high,reviewed_public_source
MAP-00981,CL_LEY_21719-R-022,AI-003,supporting,PARTIAL,El control contribuye a operacionalizar o evidenciar el requisito; la conclusión de cumplimiento permanece específica del requisito y no se infiere automáticamente.,high,reviewed_public_source
MAP-00982,CL_LEY_21719-R-022,AI-006,supporting,PARTIAL,El control contribuye a operacionalizar o evidenciar el requisito; la conclusión de cumplimiento permanece específica del requisito y no se infiere automáticamente.,high,reviewed_public_source
MAP-00983,CL_LEY_21719-R-023,TRANSFER-001,direct,PARTIAL,El control contribuye a operacionalizar o evidenciar el requisito; la conclusión de cumplimiento permanece específica del requisito y no se infiere automáticamente.,high,reviewed_public_source
MAP-00984,CL_LEY_21719-R-023,PRIV-008,supporting,PARTIAL,El control contribuye a operacionalizar o evidenciar el requisito; la conclusión de cumplimiento permanece específica del requisito y no se infiere automáticamente.,high,reviewed_public_source
MAP-00985,CL_LEY_21719-R-023,AI-001,supporting,PARTIAL,El control contribuye a operacionalizar o evidenciar el requisito; la conclusión de cumplimiento permanece específica del requisito y no se infiere automáticamente.,high,reviewed_public_source
MAP-00986,CL_LEY_21719-R-023,AI-003,supporting,PARTIAL,El control contribuye a operacionalizar o evidenciar el requisito; la conclusión de cumplimiento permanece específica del requisito y no se infiere automáticamente.,high,reviewed_public_source
MAP-00987,CL_LEY_21719-R-023,AI-006,supporting,PARTIAL,El control contribuye a operacionalizar o evidenciar el requisito; la conclusión de cumplimiento permanece específica del requisito y no se infiere automáticamente.,high,reviewed_public_source
MAP-00988,CL_LEY_21719-R-024,TRANSFER-001,direct,PARTIAL,El control contribuye a operacionalizar o evidenciar el requisito; la conclusión de cumplimiento permanece específica del requisito y no se infiere automáticamente.,high,reviewed_public_source
MAP-00989,CL_LEY_21719-R-024,EVIDENCE-001,supporting,PARTIAL,El control contribuye a operacionalizar o evidenciar el requisito; la conclusión de cumplimiento permanece específica del requisito y no se infiere automáticamente.,high,reviewed_public_source
MAP-00990,CL_LEY_21719-R-024,AI-001,supporting,PARTIAL,El control contribuye a operacionalizar o evidenciar el requisito; la conclusión de cumplimiento permanece específica del requisito y no se infiere automáticamente.,high,reviewed_public_source
MAP-00991,CL_LEY_21719-R-024,AI-003,supporting,PARTIAL,El control contribuye a operacionalizar o evidenciar el requisito; la conclusión de cumplimiento permanece específica del requisito y no se infiere automáticamente.,high,reviewed_public_source
MAP-00992,CL_LEY_21719-R-024,AI-006,supporting,PARTIAL,El control contribuye a operacionalizar o evidenciar el requisito; la conclusión de cumplimiento permanece específica del requisito y no se infiere automáticamente.,high,reviewed_public_source
MAP-00993,CL_LEY_21719-R-025,GOV-001,direct,PARTIAL,El control contribuye a operacionalizar o evidenciar el requisito; la conclusión de cumplimiento permanece específica del requisito y no se infiere automáticamente.,high,reviewed_public_source
MAP-00994,CL_LEY_21719-R-025,GOV-002,supporting,PARTIAL,El control contribuye a operacionalizar o evidenciar el requisito; la conclusión de cumplimiento permanece específica del requisito y no se infiere automáticamente.,high,reviewed_public_source
MAP-00995,CL_LEY_21719-R-025,EVIDENCE-001,supporting,PARTIAL,El control contribuye a operacionalizar o evidenciar el requisito; la conclusión de cumplimiento permanece específica del requisito y no se infiere automáticamente.,high,reviewed_public_source
MAP-00996,CL_LEY_21719-R-025,AI-001,supporting,PARTIAL,El control contribuye a operacionalizar o evidenciar el requisito; la conclusión de cumplimiento permanece específica del requisito y no se infiere automáticamente.,high,reviewed_public_source
MAP-00997,CL_LEY_21719-R-025,AI-003,supporting,PARTIAL,El control contribuye a operacionalizar o evidenciar el requisito; la conclusión de cumplimiento permanece específica del requisito y no se infiere automáticamente.,high,reviewed_public_source
MAP-00998,CL_LEY_21719-R-025,AI-006,supporting,PARTIAL,El control contribuye a operacionalizar o evidenciar el requisito; la conclusión de cumplimiento permanece específica del requisito y no se infiere automáticamente.,high,reviewed_public_source
MAP-00999,CL_LEY_21719-R-026,RETENTION-001,direct,PARTIAL,El control contribuye a operacionalizar o evidenciar el requisito; la conclusión de cumplimiento permanece específica del requisito y no se infiere automáticamente.,high,reviewed_public_source
MAP-01000,CL_LEY_21719-R-026,PRIV-002,supporting,PARTIAL,El control contribuye a operacionalizar o evidenciar el requisito; la conclusión de cumplimiento permanece específica del requisito y no se infiere automáticamente.,high,reviewed_public_source
MAP-01001,CL_LEY_21719-R-027,GOV-003,direct,PARTIAL,El control contribuye a operacionalizar o evidenciar el requisito; la conclusión de cumplimiento permanece específica del requisito y no se infiere automáticamente.,high,reviewed_public_source
MAP-01002,CL_LEY_21719-R-027,PRIV-003,supporting,PARTIAL,El control contribuye a operacionalizar o evidenciar el requisito; la conclusión de cumplimiento permanece específica del requisito y no se infiere automáticamente.,high,reviewed_public_source
MAP-01003,CL_LEY_21719-R-027,AI-001,supporting,PARTIAL,El control contribuye a operacionalizar o evidenciar el requisito; la conclusión de cumplimiento permanece específica del requisito y no se infiere automáticamente.,high,reviewed_public_source
MAP-01004,CL_LEY_21719-R-027,AI-003,supporting,PARTIAL,El control contribuye a operacionalizar o evidenciar el requisito; la conclusión de cumplimiento permanece específica del requisito y no se infiere automáticamente.,high,reviewed_public_source
MAP-01005,CL_LEY_21719-R-027,AI-006,supporting,PARTIAL,El control contribuye a operacionalizar o evidenciar el requisito; la conclusión de cumplimiento permanece específica del requisito y no se infiere automáticamente.,high,reviewed_public_source
MAP-01006,CL_LEY_21719-R-028,GOV-001,direct,FULL,El control contribuye a operacionalizar o evidenciar el requisito; la conclusión de cumplimiento permanece específica del requisito y no se infiere automáticamente.,high,reviewed_public_source
MAP-01007,CL_LEY_21719-R-029,CTX-001,direct,PARTIAL,El control contribuye a operacionalizar o evidenciar el requisito; la conclusión de cumplimiento permanece específica del requisito y no se infiere automáticamente.,high,reviewed_public_source
MAP-01008,CL_LEY_21719-R-029,SCOPE-001,supporting,PARTIAL,El control contribuye a operacionalizar o evidenciar el requisito; la conclusión de cumplimiento permanece específica del requisito y no se infiere automáticamente.,high,reviewed_public_source
MAP-01009,CL_LEY_21719-R-029,RISK-001,supporting,PARTIAL,El control contribuye a operacionalizar o evidenciar el requisito; la conclusión de cumplimiento permanece específica del requisito y no se infiere automáticamente.,high,reviewed_public_source
MAP-01010,CL_LEY_21719-R-029,RISK-002,supporting,PARTIAL,El control contribuye a operacionalizar o evidenciar el requisito; la conclusión de cumplimiento permanece específica del requisito y no se infiere automáticamente.,high,reviewed_public_source
MAP-01011,CL_LEY_21719-R-029,AI-001,supporting,PARTIAL,El control contribuye a operacionalizar o evidenciar el requisito; la conclusión de cumplimiento permanece específica del requisito y no se infiere automáticamente.,high,reviewed_public_source
MAP-01012,CL_LEY_21719-R-029,AI-003,supporting,PARTIAL,El control contribuye a operacionalizar o evidenciar el requisito; la conclusión de cumplimiento permanece específica del requisito y no se infiere automáticamente.,high,reviewed_public_source
MAP-01013,CL_LEY_21719-R-030,INCIDENT-001,direct,PARTIAL,El control contribuye a operacionalizar o evidenciar el requisito; la conclusión de cumplimiento permanece específica del requisito y no se infiere automáticamente.,high,reviewed_public_source
MAP-01014,CL_LEY_21719-R-030,PRIV-002,supporting,PARTIAL,El control contribuye a operacionalizar o evidenciar el requisito; la conclusión de cumplimiento permanece específica del requisito y no se infiere automáticamente.,high,reviewed_public_source
