crosswalk_id,source_requirement_code,target_requirement_code,relationship_type,coverage_direction,shared_control_codes,rationale_tcdx,confidence,review_status
XW-00001,ISO_9001_2015-R-001,ISO_9001_2026-R-001,equivalent,bidirectional_support,CTX-001;SCOPE-001,Relación provisional basada en controles TCDX compartidos y estructura pública; no implica equivalencia jurídica ni certificatoria.,medium,provisional
XW-00002,ISO_9001_2015-R-001,ISO_9001_2026-R-009,overlaps,bidirectional_support,CTX-001;SCOPE-001,Relación provisional basada en controles TCDX compartidos y estructura pública; no implica equivalencia jurídica ni certificatoria.,medium,provisional
XW-00003,ISO_9001_2015-R-001,ISO_9001_2026-R-037,overlaps,bidirectional_support,CTX-001;SCOPE-001,Relación provisional basada en controles TCDX compartidos y estructura pública; no implica equivalencia jurídica ni certificatoria.,medium,provisional
XW-00004,ISO_9001_2015-R-002,ISO_9001_2026-R-002,equivalent,bidirectional_support,GOV-001;GOV-002;GOV-003,Relación provisional basada en controles TCDX compartidos y estructura pública; no implica equivalencia jurídica ni certificatoria.,medium,provisional
XW-00005,ISO_9001_2015-R-002,ISO_9001_2026-R-037,overlaps,bidirectional_support,GOV-001;GOV-002;GOV-003,Relación provisional basada en controles TCDX compartidos y estructura pública; no implica equivalencia jurídica ni certificatoria.,medium,provisional
XW-00006,ISO_9001_2015-R-002,ISO_9001_2026-R-012,overlaps,bidirectional_support,GOV-001;GOV-002,Relación provisional basada en controles TCDX compartidos y estructura pública; no implica equivalencia jurídica ni certificatoria.,medium,provisional
XW-00007,ISO_9001_2015-R-003,ISO_9001_2026-R-003,equivalent,bidirectional_support,METRIC-001;OBJ-001;RISK-001;RISK-002,Relación provisional basada en controles TCDX compartidos y estructura pública; no implica equivalencia jurídica ni certificatoria.,medium,provisional
XW-00008,ISO_9001_2015-R-003,ISO_9001_2026-R-015,overlaps,bidirectional_support,RISK-001;RISK-002,Relación provisional basada en controles TCDX compartidos y estructura pública; no implica equivalencia jurídica ni certificatoria.,medium,provisional
XW-00009,ISO_9001_2015-R-003,ISO_9001_2026-R-016,overlaps,bidirectional_support,METRIC-001;OBJ-001,Relación provisional basada en controles TCDX compartidos y estructura pública; no implica equivalencia jurídica ni certificatoria.,medium,provisional
XW-00010,ISO_9001_2015-R-004,ISO_9001_2026-R-004,equivalent,bidirectional_support,AI-001;AWARE-001;COMM-001;COMP-001;DOC-001;REC-001,Relación provisional basada en controles TCDX compartidos y estructura pública; no implica equivalencia jurídica ni certificatoria.,medium,provisional
XW-00011,ISO_9001_2015-R-004,ISO_9001_2026-R-022,overlaps,bidirectional_support,AI-001;COMP-001;DOC-001;REC-001,Relación provisional basada en controles TCDX compartidos y estructura pública; no implica equivalencia jurídica ni certificatoria.,medium,provisional
XW-00012,ISO_9001_2015-R-004,ISO_9001_2026-R-019,overlaps,bidirectional_support,AI-001;COMP-001,Relación provisional basada en controles TCDX compartidos y estructura pública; no implica equivalencia jurídica ni certificatoria.,medium,provisional
XW-00013,ISO_9001_2015-R-005,ISO_9001_2026-R-005,equivalent,bidirectional_support,PROC-001,Relación provisional basada en controles TCDX compartidos y estructura pública; no implica equivalencia jurídica ni certificatoria.,medium,provisional
XW-00014,ISO_9001_2015-R-005,ISO_9001_2026-R-027,supports,source_supports_target,PROC-001,Relación provisional basada en controles TCDX compartidos y estructura pública; no implica equivalencia jurídica ni certificatoria.,medium,provisional
XW-00015,ISO_9001_2015-R-006,ISO_9001_2026-R-006,equivalent,bidirectional_support,AUDIT-001;GOV-004;METRIC-001,Relación provisional basada en controles TCDX compartidos y estructura pública; no implica equivalencia jurídica ni certificatoria.,medium,provisional
XW-00016,ISO_9001_2015-R-006,ISO_9001_2026-R-003,supports,source_supports_target,METRIC-001,Relación provisional basada en controles TCDX compartidos y estructura pública; no implica equivalencia jurídica ni certificatoria.,medium,provisional
XW-00017,ISO_9001_2015-R-006,ISO_9001_2026-R-016,supports,source_supports_target,METRIC-001,Relación provisional basada en controles TCDX compartidos y estructura pública; no implica equivalencia jurídica ni certificatoria.,medium,provisional
XW-00018,ISO_9001_2015-R-007,ISO_9001_2026-R-007,equivalent,bidirectional_support,IMPROVE-001;NC-001,Relación provisional basada en controles TCDX compartidos y estructura pública; no implica equivalencia jurídica ni certificatoria.,medium,provisional
XW-00019,ISO_9001_2015-R-007,ISO_9001_2026-R-011,supports,source_supports_target,IMPROVE-001,Relación provisional basada en controles TCDX compartidos y estructura pública; no implica equivalencia jurídica ni certificatoria.,medium,provisional
XW-00020,ISO_9001_2015-R-007,ISO_9001_2026-R-033,supports,source_supports_target,IMPROVE-001,Relación provisional basada en controles TCDX compartidos y estructura pública; no implica equivalencia jurídica ni certificatoria.,medium,provisional
XW-00021,ISO_9001_2015-R-008,ISO_9001_2026-R-002,supports,source_supports_target,GOV-001,Relación provisional basada en controles TCDX compartidos y estructura pública; no implica equivalencia jurídica ni certificatoria.,medium,provisional
XW-00022,ISO_9001_2015-R-008,ISO_9001_2026-R-008,equivalent,bidirectional_support,GOV-001,Relación provisional basada en controles TCDX compartidos y estructura pública; no implica equivalencia jurídica ni certificatoria.,medium,provisional
XW-00023,ISO_9001_2015-R-008,ISO_9001_2026-R-010,supports,source_supports_target,GOV-001,Relación provisional basada en controles TCDX compartidos y estructura pública; no implica equivalencia jurídica ni certificatoria.,medium,provisional
XW-00024,ISO_9001_2015-R-009,ISO_9001_2026-R-001,overlaps,bidirectional_support,CTX-001;SCOPE-001,Relación provisional basada en controles TCDX compartidos y estructura pública; no implica equivalencia jurídica ni certificatoria.,medium,provisional
XW-00025,ISO_9001_2015-R-009,ISO_9001_2026-R-009,equivalent,bidirectional_support,CTX-001;SCOPE-001,Relación provisional basada en controles TCDX compartidos y estructura pública; no implica equivalencia jurídica ni certificatoria.,medium,provisional
XW-00026,ISO_9001_2015-R-009,ISO_9001_2026-R-037,overlaps,bidirectional_support,CTX-001;SCOPE-001,Relación provisional basada en controles TCDX compartidos y estructura pública; no implica equivalencia jurídica ni certificatoria.,medium,provisional
XW-00027,ISO_9001_2015-R-010,ISO_9001_2026-R-002,supports,source_supports_target,GOV-001,Relación provisional basada en controles TCDX compartidos y estructura pública; no implica equivalencia jurídica ni certificatoria.,medium,provisional
XW-00028,ISO_9001_2015-R-010,ISO_9001_2026-R-008,supports,source_supports_target,GOV-001,Relación provisional basada en controles TCDX compartidos y estructura pública; no implica equivalencia jurídica ni certificatoria.,medium,provisional
XW-00029,ISO_9001_2015-R-010,ISO_9001_2026-R-010,equivalent,bidirectional_support,GOV-001,Relación provisional basada en controles TCDX compartidos y estructura pública; no implica equivalencia jurídica ni certificatoria.,medium,provisional
XW-00030,ISO_9001_2015-R-011,ISO_9001_2026-R-007,supports,source_supports_target,IMPROVE-001,Relación provisional basada en controles TCDX compartidos y estructura pública; no implica equivalencia jurídica ni certificatoria.,medium,provisional
XW-00031,ISO_9001_2015-R-011,ISO_9001_2026-R-011,equivalent,bidirectional_support,IMPROVE-001,Relación provisional basada en controles TCDX compartidos y estructura pública; no implica equivalencia jurídica ni certificatoria.,medium,provisional
XW-00032,ISO_9001_2015-R-011,ISO_9001_2026-R-033,supports,source_supports_target,IMPROVE-001,Relación provisional basada en controles TCDX compartidos y estructura pública; no implica equivalencia jurídica ni certificatoria.,medium,provisional
XW-00033,ISO_9001_2015-R-012,ISO_9001_2026-R-002,overlaps,bidirectional_support,GOV-001;GOV-002,Relación provisional basada en controles TCDX compartidos y estructura pública; no implica equivalencia jurídica ni certificatoria.,medium,provisional
XW-00034,ISO_9001_2015-R-012,ISO_9001_2026-R-012,equivalent,bidirectional_support,GOV-001;GOV-002,Relación provisional basada en controles TCDX compartidos y estructura pública; no implica equivalencia jurídica ni certificatoria.,medium,provisional
XW-00035,ISO_9001_2015-R-012,ISO_9001_2026-R-014,overlaps,bidirectional_support,GOV-001;GOV-002,Relación provisional basada en controles TCDX compartidos y estructura pública; no implica equivalencia jurídica ni certificatoria.,medium,provisional
XW-00036,ISO_9001_2015-R-013,ISO_9001_2026-R-013,equivalent,bidirectional_support,AI-001;AI-003;AI-006;GOV-003,Relación provisional basada en controles TCDX compartidos y estructura pública; no implica equivalencia jurídica ni certificatoria.,medium,provisional
XW-00037,ISO_9001_2015-R-013,ISO_9001_2026-R-019,overlaps,bidirectional_support,AI-001;AI-003;AI-006,Relación provisional basada en controles TCDX compartidos y estructura pública; no implica equivalencia jurídica ni certificatoria.,medium,provisional
XW-00038,ISO_9001_2015-R-013,ISO_9001_2026-R-020,overlaps,bidirectional_support,AI-001;AI-003;GOV-003,Relación provisional basada en controles TCDX compartidos y estructura pública; no implica equivalencia jurídica ni certificatoria.,medium,provisional
XW-00039,ISO_9001_2015-R-014,ISO_9001_2026-R-002,overlaps,bidirectional_support,GOV-001;GOV-002,Relación provisional basada en controles TCDX compartidos y estructura pública; no implica equivalencia jurídica ni certificatoria.,medium,provisional
XW-00040,ISO_9001_2015-R-014,ISO_9001_2026-R-012,overlaps,bidirectional_support,GOV-001;GOV-002,Relación provisional basada en controles TCDX compartidos y estructura pública; no implica equivalencia jurídica ni certificatoria.,medium,provisional
XW-00041,ISO_9001_2015-R-014,ISO_9001_2026-R-014,equivalent,bidirectional_support,GOV-001;GOV-002,Relación provisional basada en controles TCDX compartidos y estructura pública; no implica equivalencia jurídica ni certificatoria.,medium,provisional
XW-00042,ISO_9001_2015-R-015,ISO_9001_2026-R-003,overlaps,bidirectional_support,RISK-001;RISK-002,Relación provisional basada en controles TCDX compartidos y estructura pública; no implica equivalencia jurídica ni certificatoria.,medium,provisional
XW-00043,ISO_9001_2015-R-015,ISO_9001_2026-R-015,equivalent,bidirectional_support,RISK-001;RISK-002,Relación provisional basada en controles TCDX compartidos y estructura pública; no implica equivalencia jurídica ni certificatoria.,medium,provisional
XW-00044,ISO_9001_2015-R-015,ISO_9001_2026-R-033,overlaps,bidirectional_support,RISK-001;RISK-002,Relación provisional basada en controles TCDX compartidos y estructura pública; no implica equivalencia jurídica ni certificatoria.,medium,provisional
XW-00045,ISO_9001_2015-R-016,ISO_9001_2026-R-003,overlaps,bidirectional_support,METRIC-001;OBJ-001,Relación provisional basada en controles TCDX compartidos y estructura pública; no implica equivalencia jurídica ni certificatoria.,medium,provisional
XW-00046,ISO_9001_2015-R-016,ISO_9001_2026-R-016,equivalent,bidirectional_support,METRIC-001;OBJ-001,Relación provisional basada en controles TCDX compartidos y estructura pública; no implica equivalencia jurídica ni certificatoria.,medium,provisional
XW-00047,ISO_9001_2015-R-016,ISO_9001_2026-R-020,overlaps,bidirectional_support,METRIC-001;OBJ-001,Relación provisional basada en controles TCDX compartidos y estructura pública; no implica equivalencia jurídica ni certificatoria.,medium,provisional
XW-00048,ISO_9001_2015-R-017,ISO_9001_2026-R-002,supports,source_supports_target,GOV-001,Relación provisional basada en controles TCDX compartidos y estructura pública; no implica equivalencia jurídica ni certificatoria.,medium,provisional
XW-00049,ISO_9001_2015-R-017,ISO_9001_2026-R-008,supports,source_supports_target,GOV-001,Relación provisional basada en controles TCDX compartidos y estructura pública; no implica equivalencia jurídica ni certificatoria.,medium,provisional
XW-00050,ISO_9001_2015-R-017,ISO_9001_2026-R-010,supports,source_supports_target,GOV-001,Relación provisional basada en controles TCDX compartidos y estructura pública; no implica equivalencia jurídica ni certificatoria.,medium,provisional
XW-00051,ISO_9001_2015-R-018,ISO_9001_2026-R-002,supports,source_supports_target,GOV-001,Relación provisional basada en controles TCDX compartidos y estructura pública; no implica equivalencia jurídica ni certificatoria.,medium,provisional
XW-00052,ISO_9001_2015-R-018,ISO_9001_2026-R-008,supports,source_supports_target,GOV-001,Relación provisional basada en controles TCDX compartidos y estructura pública; no implica equivalencia jurídica ni certificatoria.,medium,provisional
XW-00053,ISO_9001_2015-R-018,ISO_9001_2026-R-010,supports,source_supports_target,GOV-001,Relación provisional basada en controles TCDX compartidos y estructura pública; no implica equivalencia jurídica ni certificatoria.,medium,provisional
XW-00054,ISO_9001_2015-R-019,ISO_9001_2026-R-019,equivalent,bidirectional_support,AI-001;AI-003;AI-006;COMP-001;EVIDENCE-001,Relación provisional basada en controles TCDX compartidos y estructura pública; no implica equivalencia jurídica ni certificatoria.,medium,provisional
XW-00055,ISO_9001_2015-R-019,ISO_9001_2026-R-022,overlaps,bidirectional_support,AI-001;AI-003;AI-006;COMP-001,Relación provisional basada en controles TCDX compartidos y estructura pública; no implica equivalencia jurídica ni certificatoria.,medium,provisional
XW-00056,ISO_9001_2015-R-019,ISO_9001_2026-R-013,overlaps,bidirectional_support,AI-001;AI-003;AI-006,Relación provisional basada en controles TCDX compartidos y estructura pública; no implica equivalencia jurídica ni certificatoria.,medium,provisional
XW-00057,ISO_9001_2015-R-020,ISO_9001_2026-R-020,equivalent,bidirectional_support,AI-001;AI-003;AWARE-001;GOV-003;METRIC-001;OBJ-001,Relación provisional basada en controles TCDX compartidos y estructura pública; no implica equivalencia jurídica ni certificatoria.,medium,provisional
XW-00058,ISO_9001_2015-R-020,ISO_9001_2026-R-013,overlaps,bidirectional_support,AI-001;AI-003;GOV-003,Relación provisional basada en controles TCDX compartidos y estructura pública; no implica equivalencia jurídica ni certificatoria.,medium,provisional
XW-00059,ISO_9001_2015-R-020,ISO_9001_2026-R-039,equivalent,bidirectional_support,AI-001;AI-003;AWARE-001,Relación provisional basada en controles TCDX compartidos y estructura pública; no implica equivalencia jurídica ni certificatoria.,medium,provisional
XW-00060,ISO_9001_2015-R-021,ISO_9001_2026-R-002,supports,source_supports_target,GOV-001,Relación provisional basada en controles TCDX compartidos y estructura pública; no implica equivalencia jurídica ni certificatoria.,medium,provisional
XW-00061,ISO_9001_2015-R-021,ISO_9001_2026-R-008,supports,source_supports_target,GOV-001,Relación provisional basada en controles TCDX compartidos y estructura pública; no implica equivalencia jurídica ni certificatoria.,medium,provisional
XW-00062,ISO_9001_2015-R-021,ISO_9001_2026-R-010,supports,source_supports_target,GOV-001,Relación provisional basada en controles TCDX compartidos y estructura pública; no implica equivalencia jurídica ni certificatoria.,medium,provisional
XW-00063,ISO_9001_2015-R-022,ISO_9001_2026-R-022,equivalent,bidirectional_support,AI-001;AI-003;AI-006;COMP-001;DOC-001;REC-001,Relación provisional basada en controles TCDX compartidos y estructura pública; no implica equivalencia jurídica ni certificatoria.,medium,provisional
XW-00064,ISO_9001_2015-R-022,ISO_9001_2026-R-004,overlaps,bidirectional_support,AI-001;COMP-001;DOC-001;REC-001,Relación provisional basada en controles TCDX compartidos y estructura pública; no implica equivalencia jurídica ni certificatoria.,medium,provisional
XW-00065,ISO_9001_2015-R-022,ISO_9001_2026-R-019,overlaps,bidirectional_support,AI-001;AI-003;AI-006;COMP-001,Relación provisional basada en controles TCDX compartidos y estructura pública; no implica equivalencia jurídica ni certificatoria.,medium,provisional
XW-00066,ISO_9001_2015-R-023,ISO_9001_2026-R-002,supports,source_supports_target,GOV-001,Relación provisional basada en controles TCDX compartidos y estructura pública; no implica equivalencia jurídica ni certificatoria.,medium,provisional
XW-00067,ISO_9001_2015-R-023,ISO_9001_2026-R-008,supports,source_supports_target,GOV-001,Relación provisional basada en controles TCDX compartidos y estructura pública; no implica equivalencia jurídica ni certificatoria.,medium,provisional
XW-00068,ISO_9001_2015-R-023,ISO_9001_2026-R-010,supports,source_supports_target,GOV-001,Relación provisional basada en controles TCDX compartidos y estructura pública; no implica equivalencia jurídica ni certificatoria.,medium,provisional
XW-00069,ISO_9001_2015-R-024,ISO_9001_2026-R-024,equivalent,bidirectional_support,COMM-001;QUALITY-001;QUALITY-007,Relación provisional basada en controles TCDX compartidos y estructura pública; no implica equivalencia jurídica ni certificatoria.,medium,provisional
XW-00070,ISO_9001_2015-R-024,ISO_9001_2026-R-030,overlaps,bidirectional_support,QUALITY-001;QUALITY-007,Relación provisional basada en controles TCDX compartidos y estructura pública; no implica equivalencia jurídica ni certificatoria.,medium,provisional
XW-00071,ISO_9001_2015-R-024,ISO_9001_2026-R-004,supports,source_supports_target,COMM-001,Relación provisional basada en controles TCDX compartidos y estructura pública; no implica equivalencia jurídica ni certificatoria.,medium,provisional
XW-00072,ISO_9001_2015-R-025,ISO_9001_2026-R-025,equivalent,bidirectional_support,DEV-001;QUALITY-002,Relación provisional basada en controles TCDX compartidos y estructura pública; no implica equivalencia jurídica ni certificatoria.,medium,provisional
XW-00073,ISO_9001_2015-R-026,ISO_9001_2026-R-002,supports,source_supports_target,GOV-001,Relación provisional basada en controles TCDX compartidos y estructura pública; no implica equivalencia jurídica ni certificatoria.,medium,provisional
XW-00074,ISO_9001_2015-R-026,ISO_9001_2026-R-008,supports,source_supports_target,GOV-001,Relación provisional basada en controles TCDX compartidos y estructura pública; no implica equivalencia jurídica ni certificatoria.,medium,provisional
XW-00075,ISO_9001_2015-R-026,ISO_9001_2026-R-010,supports,source_supports_target,GOV-001,Relación provisional basada en controles TCDX compartidos y estructura pública; no implica equivalencia jurídica ni certificatoria.,medium,provisional
XW-00076,ISO_9001_2015-R-027,ISO_9001_2026-R-027,equivalent,bidirectional_support,PROC-001;QUALITY-004,Relación provisional basada en controles TCDX compartidos y estructura pública; no implica equivalencia jurídica ni certificatoria.,medium,provisional
XW-00077,ISO_9001_2015-R-027,ISO_9001_2026-R-005,supports,source_supports_target,PROC-001,Relación provisional basada en controles TCDX compartidos y estructura pública; no implica equivalencia jurídica ni certificatoria.,medium,provisional
XW-00078,ISO_9001_2015-R-028,ISO_9001_2026-R-002,supports,source_supports_target,GOV-001,Relación provisional basada en controles TCDX compartidos y estructura pública; no implica equivalencia jurídica ni certificatoria.,medium,provisional
XW-00079,ISO_9001_2015-R-028,ISO_9001_2026-R-008,supports,source_supports_target,GOV-001,Relación provisional basada en controles TCDX compartidos y estructura pública; no implica equivalencia jurídica ni certificatoria.,medium,provisional
XW-00080,ISO_9001_2015-R-028,ISO_9001_2026-R-010,supports,source_supports_target,GOV-001,Relación provisional basada en controles TCDX compartidos y estructura pública; no implica equivalencia jurídica ni certificatoria.,medium,provisional
XW-00081,ISO_9001_2015-R-029,ISO_9001_2026-R-029,equivalent,bidirectional_support,QUALITY-006,Relación provisional basada en controles TCDX compartidos y estructura pública; no implica equivalencia jurídica ni certificatoria.,medium,provisional
XW-00082,ISO_9001_2015-R-030,ISO_9001_2026-R-024,overlaps,bidirectional_support,QUALITY-001;QUALITY-007,Relación provisional basada en controles TCDX compartidos y estructura pública; no implica equivalencia jurídica ni certificatoria.,medium,provisional
XW-00083,ISO_9001_2015-R-030,ISO_9001_2026-R-030,equivalent,bidirectional_support,QUALITY-001;QUALITY-007,Relación provisional basada en controles TCDX compartidos y estructura pública; no implica equivalencia jurídica ni certificatoria.,medium,provisional
XW-00084,ISO_9001_2015-R-031,ISO_9001_2026-R-031,equivalent,bidirectional_support,AI-001;AI-003;AI-006;AUDIT-001,Relación provisional basada en controles TCDX compartidos y estructura pública; no implica equivalencia jurídica ni certificatoria.,medium,provisional
XW-00085,ISO_9001_2015-R-031,ISO_9001_2026-R-013,overlaps,bidirectional_support,AI-001;AI-003;AI-006,Relación provisional basada en controles TCDX compartidos y estructura pública; no implica equivalencia jurídica ni certificatoria.,medium,provisional
XW-00086,ISO_9001_2015-R-031,ISO_9001_2026-R-019,overlaps,bidirectional_support,AI-001;AI-003;AI-006,Relación provisional basada en controles TCDX compartidos y estructura pública; no implica equivalencia jurídica ni certificatoria.,medium,provisional
XW-00087,ISO_9001_2015-R-032,ISO_9001_2026-R-013,overlaps,bidirectional_support,AI-001;AI-003;AI-006,Relación provisional basada en controles TCDX compartidos y estructura pública; no implica equivalencia jurídica ni certificatoria.,medium,provisional
XW-00088,ISO_9001_2015-R-032,ISO_9001_2026-R-019,overlaps,bidirectional_support,AI-001;AI-003;AI-006,Relación provisional basada en controles TCDX compartidos y estructura pública; no implica equivalencia jurídica ni certificatoria.,medium,provisional
XW-00089,ISO_9001_2015-R-032,ISO_9001_2026-R-022,overlaps,bidirectional_support,AI-001;AI-003;AI-006,Relación provisional basada en controles TCDX compartidos y estructura pública; no implica equivalencia jurídica ni certificatoria.,medium,provisional
XW-00090,ISO_9001_2015-R-033,ISO_9001_2026-R-033,equivalent,bidirectional_support,AI-001;AI-003;AI-006;IMPROVE-001;RISK-001;RISK-002,Relación provisional basada en controles TCDX compartidos y estructura pública; no implica equivalencia jurídica ni certificatoria.,medium,provisional
XW-00091,ISO_9001_2015-R-033,ISO_9001_2026-R-038,overlaps,bidirectional_support,AI-001;AI-003;AI-006;RISK-001;RISK-002,Relación provisional basada en controles TCDX compartidos y estructura pública; no implica equivalencia jurídica ni certificatoria.,medium,provisional
XW-00092,ISO_9001_2015-R-033,ISO_9001_2026-R-035,overlaps,bidirectional_support,AI-001;AI-003;AI-006;IMPROVE-001,Relación provisional basada en controles TCDX compartidos y estructura pública; no implica equivalencia jurídica ni certificatoria.,medium,provisional
XW-00093,ISO_9001_2015-R-034,ISO_9001_2026-R-034,equivalent,bidirectional_support,AI-001;AI-003;AI-006;NC-001,Relación provisional basada en controles TCDX compartidos y estructura pública; no implica equivalencia jurídica ni certificatoria.,medium,provisional
XW-00094,ISO_9001_2015-R-034,ISO_9001_2026-R-013,overlaps,bidirectional_support,AI-001;AI-003;AI-006,Relación provisional basada en controles TCDX compartidos y estructura pública; no implica equivalencia jurídica ni certificatoria.,medium,provisional
XW-00095,ISO_9001_2015-R-034,ISO_9001_2026-R-019,overlaps,bidirectional_support,AI-001;AI-003;AI-006,Relación provisional basada en controles TCDX compartidos y estructura pública; no implica equivalencia jurídica ni certificatoria.,medium,provisional
XW-00096,ISO_9001_2015-R-035,ISO_9001_2026-R-033,overlaps,bidirectional_support,AI-001;AI-003;AI-006;IMPROVE-001,Relación provisional basada en controles TCDX compartidos y estructura pública; no implica equivalencia jurídica ni certificatoria.,medium,provisional
XW-00097,ISO_9001_2015-R-035,ISO_9001_2026-R-035,equivalent,bidirectional_support,AI-001;AI-003;AI-006;IMPROVE-001,Relación provisional basada en controles TCDX compartidos y estructura pública; no implica equivalencia jurídica ni certificatoria.,medium,provisional
XW-00098,ISO_9001_2015-R-035,ISO_9001_2026-R-013,overlaps,bidirectional_support,AI-001;AI-003;AI-006,Relación provisional basada en controles TCDX compartidos y estructura pública; no implica equivalencia jurídica ni certificatoria.,medium,provisional
XW-00099,ISO_IEC_27001_2022-R-001,ISO_IEC_42001_2023-R-001,overlaps,bidirectional_support,CTX-001;SCOPE-001,Relación provisional basada en controles TCDX compartidos y estructura pública; no implica equivalencia jurídica ni certificatoria.,medium,provisional
XW-00100,ISO_IEC_27001_2022-R-001,ISO_IEC_42001_2023-R-008,overlaps,bidirectional_support,CTX-001;SCOPE-001,Relación provisional basada en controles TCDX compartidos y estructura pública; no implica equivalencia jurídica ni certificatoria.,medium,provisional
XW-00101,ISO_IEC_27001_2022-R-001,ISO_IEC_42001_2023-R-009,overlaps,bidirectional_support,CTX-001;SCOPE-001,Relación provisional basada en controles TCDX compartidos y estructura pública; no implica equivalencia jurídica ni certificatoria.,medium,provisional
XW-00102,ISO_IEC_27001_2022-R-002,ISO_IEC_42001_2023-R-002,overlaps,bidirectional_support,GOV-001;GOV-002;GOV-003,Relación provisional basada en controles TCDX compartidos y estructura pública; no implica equivalencia jurídica ni certificatoria.,medium,provisional
XW-00103,ISO_IEC_27001_2022-R-002,ISO_IEC_42001_2023-R-011,overlaps,bidirectional_support,GOV-001;GOV-002,Relación provisional basada en controles TCDX compartidos y estructura pública; no implica equivalencia jurídica ni certificatoria.,medium,provisional
XW-00104,ISO_IEC_27001_2022-R-002,ISO_IEC_42001_2023-R-043,overlaps,bidirectional_support,GOV-001;GOV-002,Relación provisional basada en controles TCDX compartidos y estructura pública; no implica equivalencia jurídica ni certificatoria.,medium,provisional
XW-00105,ISO_IEC_27001_2022-R-003,ISO_IEC_42001_2023-R-003,overlaps,bidirectional_support,METRIC-001;OBJ-001;RISK-001;RISK-002,Relación provisional basada en controles TCDX compartidos y estructura pública; no implica equivalencia jurídica ni certificatoria.,medium,provisional
XW-00106,ISO_IEC_27001_2022-R-003,ISO_IEC_42001_2023-R-022,overlaps,bidirectional_support,METRIC-001;OBJ-001;RISK-001;RISK-002,Relación provisional basada en controles TCDX compartidos y estructura pública; no implica equivalencia jurídica ni certificatoria.,medium,provisional
XW-00107,ISO_IEC_27001_2022-R-003,ISO_IEC_42001_2023-R-041,overlaps,bidirectional_support,METRIC-001;OBJ-001;RISK-001;RISK-002,Relación provisional basada en controles TCDX compartidos y estructura pública; no implica equivalencia jurídica ni certificatoria.,medium,provisional
XW-00108,ISO_IEC_27001_2022-R-004,ISO_IEC_42001_2023-R-004,overlaps,bidirectional_support,AI-001;AWARE-001;COMM-001;COMP-001;DOC-001;REC-001,Relación provisional basada en controles TCDX compartidos y estructura pública; no implica equivalencia jurídica ni certificatoria.,medium,provisional
XW-00109,ISO_IEC_27001_2022-R-004,ISO_IEC_42001_2023-R-013,overlaps,bidirectional_support,DOC-001;REC-001,Relación provisional basada en controles TCDX compartidos y estructura pública; no implica equivalencia jurídica ni certificatoria.,medium,provisional
XW-00110,ISO_IEC_27001_2022-R-004,ISO_IEC_42001_2023-R-019,overlaps,bidirectional_support,DOC-001;REC-001,Relación provisional basada en controles TCDX compartidos y estructura pública; no implica equivalencia jurídica ni certificatoria.,medium,provisional
XW-00111,ISO_IEC_27001_2022-R-005,ISO_IEC_42001_2023-R-005,supports,source_supports_target,PROC-001,Relación provisional basada en controles TCDX compartidos y estructura pública; no implica equivalencia jurídica ni certificatoria.,medium,provisional
XW-00112,ISO_IEC_27001_2022-R-005,ISO_IEC_42001_2023-R-028,supports,source_supports_target,PROC-001,Relación provisional basada en controles TCDX compartidos y estructura pública; no implica equivalencia jurídica ni certificatoria.,medium,provisional
XW-00113,ISO_IEC_27001_2022-R-006,ISO_IEC_42001_2023-R-006,overlaps,bidirectional_support,AUDIT-001;GOV-004;METRIC-001,Relación provisional basada en controles TCDX compartidos y estructura pública; no implica equivalencia jurídica ni certificatoria.,medium,provisional
XW-00114,ISO_IEC_27001_2022-R-006,ISO_IEC_42001_2023-R-003,supports,source_supports_target,METRIC-001,Relación provisional basada en controles TCDX compartidos y estructura pública; no implica equivalencia jurídica ni certificatoria.,medium,provisional
XW-00115,ISO_IEC_27001_2022-R-006,ISO_IEC_42001_2023-R-022,supports,source_supports_target,METRIC-001,Relación provisional basada en controles TCDX compartidos y estructura pública; no implica equivalencia jurídica ni certificatoria.,medium,provisional
XW-00116,ISO_IEC_27001_2022-R-007,ISO_IEC_42001_2023-R-007,overlaps,bidirectional_support,IMPROVE-001;NC-001,Relación provisional basada en controles TCDX compartidos y estructura pública; no implica equivalencia jurídica ni certificatoria.,medium,provisional
XW-00117,ISO_IEC_27001_2022-R-008,ISO_IEC_42001_2023-R-013,overlaps,bidirectional_support,DOC-001;REC-001;RISK-001;RISK-002,Relación provisional basada en controles TCDX compartidos y estructura pública; no implica equivalencia jurídica ni certificatoria.,medium,provisional
XW-00118,ISO_IEC_27001_2022-R-008,ISO_IEC_42001_2023-R-019,overlaps,bidirectional_support,DOC-001;REC-001;RISK-001;RISK-002,Relación provisional basada en controles TCDX compartidos y estructura pública; no implica equivalencia jurídica ni certificatoria.,medium,provisional
XW-00119,ISO_IEC_27001_2022-R-008,ISO_IEC_42001_2023-R-025,overlaps,bidirectional_support,DOC-001;REC-001;RISK-001;RISK-002,Relación provisional basada en controles TCDX compartidos y estructura pública; no implica equivalencia jurídica ni certificatoria.,medium,provisional
XW-00120,ISO_IEC_27001_2022-R-009,ISO_IEC_42001_2023-R-011,overlaps,bidirectional_support,GOV-001;GOV-002;RISK-001;RISK-002,Relación provisional basada en controles TCDX compartidos y estructura pública; no implica equivalencia jurídica ni certificatoria.,medium,provisional
XW-00121,ISO_IEC_27001_2022-R-009,ISO_IEC_42001_2023-R-013,overlaps,bidirectional_support,DOC-001;REC-001;RISK-001;RISK-002,Relación provisional basada en controles TCDX compartidos y estructura pública; no implica equivalencia jurídica ni certificatoria.,medium,provisional
XW-00122,ISO_IEC_27001_2022-R-009,ISO_IEC_42001_2023-R-019,overlaps,bidirectional_support,DOC-001;REC-001;RISK-001;RISK-002,Relación provisional basada en controles TCDX compartidos y estructura pública; no implica equivalencia jurídica ni certificatoria.,medium,provisional
XW-00123,ISO_IEC_27001_2022-R-010,ISO_IEC_42001_2023-R-013,overlaps,bidirectional_support,DOC-001;REC-001;RISK-001;RISK-002,Relación provisional basada en controles TCDX compartidos y estructura pública; no implica equivalencia jurídica ni certificatoria.,medium,provisional
XW-00124,ISO_IEC_27001_2022-R-010,ISO_IEC_42001_2023-R-019,overlaps,bidirectional_support,DOC-001;REC-001;RISK-001;RISK-002,Relación provisional basada en controles TCDX compartidos y estructura pública; no implica equivalencia jurídica ni certificatoria.,medium,provisional
XW-00125,ISO_IEC_27001_2022-R-010,ISO_IEC_42001_2023-R-025,overlaps,bidirectional_support,DOC-001;REC-001;RISK-001;RISK-002,Relación provisional basada en controles TCDX compartidos y estructura pública; no implica equivalencia jurídica ni certificatoria.,medium,provisional
XW-00126,ISO_IEC_27001_2022-R-011,ISO_IEC_42001_2023-R-011,overlaps,bidirectional_support,GOV-001;GOV-002;RISK-001;RISK-002,Relación provisional basada en controles TCDX compartidos y estructura pública; no implica equivalencia jurídica ni certificatoria.,medium,provisional
XW-00127,ISO_IEC_27001_2022-R-011,ISO_IEC_42001_2023-R-013,overlaps,bidirectional_support,DOC-001;REC-001;RISK-001;RISK-002,Relación provisional basada en controles TCDX compartidos y estructura pública; no implica equivalencia jurídica ni certificatoria.,medium,provisional
XW-00128,ISO_IEC_27001_2022-R-011,ISO_IEC_42001_2023-R-019,overlaps,bidirectional_support,DOC-001;REC-001;RISK-001;RISK-002,Relación provisional basada en controles TCDX compartidos y estructura pública; no implica equivalencia jurídica ni certificatoria.,medium,provisional
XW-00129,ISO_IEC_27001_2022-R-012,ISO_IEC_42001_2023-R-013,overlaps,bidirectional_support,DOC-001;REC-001;RISK-001;RISK-002,Relación provisional basada en controles TCDX compartidos y estructura pública; no implica equivalencia jurídica ni certificatoria.,medium,provisional
XW-00130,ISO_IEC_27001_2022-R-012,ISO_IEC_42001_2023-R-019,overlaps,bidirectional_support,DOC-001;REC-001;RISK-001;RISK-002,Relación provisional basada en controles TCDX compartidos y estructura pública; no implica equivalencia jurídica ni certificatoria.,medium,provisional
XW-00131,ISO_IEC_27001_2022-R-012,ISO_IEC_42001_2023-R-025,overlaps,bidirectional_support,DOC-001;REC-001;RISK-001;RISK-002,Relación provisional basada en controles TCDX compartidos y estructura pública; no implica equivalencia jurídica ni certificatoria.,medium,provisional
XW-00132,ISO_IEC_27001_2022-R-013,ISO_IEC_42001_2023-R-012,overlaps,bidirectional_support,AI-001;AI-003;RISK-001;RISK-002,Relación provisional basada en controles TCDX compartidos y estructura pública; no implica equivalencia jurídica ni certificatoria.,medium,provisional
XW-00133,ISO_IEC_27001_2022-R-013,ISO_IEC_42001_2023-R-013,overlaps,bidirectional_support,DOC-001;REC-001;RISK-001;RISK-002,Relación provisional basada en controles TCDX compartidos y estructura pública; no implica equivalencia jurídica ni certificatoria.,medium,provisional
XW-00134,ISO_IEC_27001_2022-R-013,ISO_IEC_42001_2023-R-014,overlaps,bidirectional_support,AI-001;AI-003;RISK-001;RISK-002,Relación provisional basada en controles TCDX compartidos y estructura pública; no implica equivalencia jurídica ni certificatoria.,medium,provisional
XW-00135,ISO_IEC_27001_2022-R-014,ISO_IEC_42001_2023-R-012,overlaps,bidirectional_support,AI-001;AI-003;RISK-001;RISK-002,Relación provisional basada en controles TCDX compartidos y estructura pública; no implica equivalencia jurídica ni certificatoria.,medium,provisional
XW-00136,ISO_IEC_27001_2022-R-014,ISO_IEC_42001_2023-R-013,overlaps,bidirectional_support,DOC-001;REC-001;RISK-001;RISK-002,Relación provisional basada en controles TCDX compartidos y estructura pública; no implica equivalencia jurídica ni certificatoria.,medium,provisional
XW-00137,ISO_IEC_27001_2022-R-014,ISO_IEC_42001_2023-R-014,overlaps,bidirectional_support,AI-001;AI-003;RISK-001;RISK-002,Relación provisional basada en controles TCDX compartidos y estructura pública; no implica equivalencia jurídica ni certificatoria.,medium,provisional
XW-00138,ISO_IEC_27001_2022-R-015,ISO_IEC_42001_2023-R-013,overlaps,bidirectional_support,DOC-001;REC-001;RISK-001;RISK-002,Relación provisional basada en controles TCDX compartidos y estructura pública; no implica equivalencia jurídica ni certificatoria.,medium,provisional
XW-00139,ISO_IEC_27001_2022-R-015,ISO_IEC_42001_2023-R-019,overlaps,bidirectional_support,DOC-001;REC-001;RISK-001;RISK-002,Relación provisional basada en controles TCDX compartidos y estructura pública; no implica equivalencia jurídica ni certificatoria.,medium,provisional
XW-00140,ISO_IEC_27001_2022-R-015,ISO_IEC_42001_2023-R-025,overlaps,bidirectional_support,DOC-001;REC-001;RISK-001;RISK-002,Relación provisional basada en controles TCDX compartidos y estructura pública; no implica equivalencia jurídica ni certificatoria.,medium,provisional
XW-00141,ISO_IEC_27001_2022-R-016,ISO_IEC_42001_2023-R-013,overlaps,bidirectional_support,DOC-001;REC-001;RISK-001;RISK-002,Relación provisional basada en controles TCDX compartidos y estructura pública; no implica equivalencia jurídica ni certificatoria.,medium,provisional
XW-00142,ISO_IEC_27001_2022-R-016,ISO_IEC_42001_2023-R-019,overlaps,bidirectional_support,DOC-001;REC-001;RISK-001;RISK-002,Relación provisional basada en controles TCDX compartidos y estructura pública; no implica equivalencia jurídica ni certificatoria.,medium,provisional
XW-00143,ISO_IEC_27001_2022-R-016,ISO_IEC_42001_2023-R-025,overlaps,bidirectional_support,DOC-001;REC-001;RISK-001;RISK-002,Relación provisional basada en controles TCDX compartidos y estructura pública; no implica equivalencia jurídica ni certificatoria.,medium,provisional
XW-00144,ISO_IEC_27001_2022-R-017,ISO_IEC_42001_2023-R-013,overlaps,bidirectional_support,DOC-001;REC-001;RISK-001;RISK-002,Relación provisional basada en controles TCDX compartidos y estructura pública; no implica equivalencia jurídica ni certificatoria.,medium,provisional
XW-00145,ISO_IEC_27001_2022-R-017,ISO_IEC_42001_2023-R-019,overlaps,bidirectional_support,DOC-001;REC-001;RISK-001;RISK-002,Relación provisional basada en controles TCDX compartidos y estructura pública; no implica equivalencia jurídica ni certificatoria.,medium,provisional
XW-00146,ISO_IEC_27001_2022-R-017,ISO_IEC_42001_2023-R-025,overlaps,bidirectional_support,DOC-001;REC-001;RISK-001;RISK-002,Relación provisional basada en controles TCDX compartidos y estructura pública; no implica equivalencia jurídica ni certificatoria.,medium,provisional
XW-00147,ISO_IEC_27001_2022-R-018,ISO_IEC_42001_2023-R-013,overlaps,bidirectional_support,DOC-001;REC-001;RISK-001;RISK-002,Relación provisional basada en controles TCDX compartidos y estructura pública; no implica equivalencia jurídica ni certificatoria.,medium,provisional
XW-00148,ISO_IEC_27001_2022-R-018,ISO_IEC_42001_2023-R-019,overlaps,bidirectional_support,DOC-001;REC-001;RISK-001;RISK-002,Relación provisional basada en controles TCDX compartidos y estructura pública; no implica equivalencia jurídica ni certificatoria.,medium,provisional
XW-00149,ISO_IEC_27001_2022-R-018,ISO_IEC_42001_2023-R-025,overlaps,bidirectional_support,DOC-001;REC-001;RISK-001;RISK-002,Relación provisional basada en controles TCDX compartidos y estructura pública; no implica equivalencia jurídica ni certificatoria.,medium,provisional
XW-00150,ISO_IEC_27001_2022-R-019,ISO_IEC_42001_2023-R-013,overlaps,bidirectional_support,DOC-001;REC-001;RISK-001;RISK-002,Relación provisional basada en controles TCDX compartidos y estructura pública; no implica equivalencia jurídica ni certificatoria.,medium,provisional
XW-00151,ISO_IEC_27001_2022-R-019,ISO_IEC_42001_2023-R-019,overlaps,bidirectional_support,DOC-001;REC-001;RISK-001;RISK-002,Relación provisional basada en controles TCDX compartidos y estructura pública; no implica equivalencia jurídica ni certificatoria.,medium,provisional
XW-00152,ISO_IEC_27001_2022-R-019,ISO_IEC_42001_2023-R-025,overlaps,bidirectional_support,DOC-001;REC-001;RISK-001;RISK-002,Relación provisional basada en controles TCDX compartidos y estructura pública; no implica equivalencia jurídica ni certificatoria.,medium,provisional
XW-00153,ISO_IEC_27001_2022-R-020,ISO_IEC_42001_2023-R-013,overlaps,bidirectional_support,DOC-001;REC-001;RISK-001;RISK-002,Relación provisional basada en controles TCDX compartidos y estructura pública; no implica equivalencia jurídica ni certificatoria.,medium,provisional
XW-00154,ISO_IEC_27001_2022-R-020,ISO_IEC_42001_2023-R-019,overlaps,bidirectional_support,DOC-001;REC-001;RISK-001;RISK-002,Relación provisional basada en controles TCDX compartidos y estructura pública; no implica equivalencia jurídica ni certificatoria.,medium,provisional
XW-00155,ISO_IEC_27001_2022-R-020,ISO_IEC_42001_2023-R-025,overlaps,bidirectional_support,DOC-001;REC-001;RISK-001;RISK-002,Relación provisional basada en controles TCDX compartidos y estructura pública; no implica equivalencia jurídica ni certificatoria.,medium,provisional
XW-00156,ISO_IEC_27001_2022-R-021,ISO_IEC_42001_2023-R-013,overlaps,bidirectional_support,DOC-001;REC-001;RISK-001;RISK-002,Relación provisional basada en controles TCDX compartidos y estructura pública; no implica equivalencia jurídica ni certificatoria.,medium,provisional
XW-00157,ISO_IEC_27001_2022-R-021,ISO_IEC_42001_2023-R-019,overlaps,bidirectional_support,DOC-001;REC-001;RISK-001;RISK-002,Relación provisional basada en controles TCDX compartidos y estructura pública; no implica equivalencia jurídica ni certificatoria.,medium,provisional
XW-00158,ISO_IEC_27001_2022-R-021,ISO_IEC_42001_2023-R-025,overlaps,bidirectional_support,DOC-001;REC-001;RISK-001;RISK-002,Relación provisional basada en controles TCDX compartidos y estructura pública; no implica equivalencia jurídica ni certificatoria.,medium,provisional
XW-00159,ISO_IEC_27001_2022-R-022,ISO_IEC_42001_2023-R-013,overlaps,bidirectional_support,DOC-001;REC-001;RISK-001;RISK-002,Relación provisional basada en controles TCDX compartidos y estructura pública; no implica equivalencia jurídica ni certificatoria.,medium,provisional
XW-00160,ISO_IEC_27001_2022-R-022,ISO_IEC_42001_2023-R-019,overlaps,bidirectional_support,DOC-001;REC-001;RISK-001;RISK-002,Relación provisional basada en controles TCDX compartidos y estructura pública; no implica equivalencia jurídica ni certificatoria.,medium,provisional
XW-00161,ISO_IEC_27001_2022-R-022,ISO_IEC_42001_2023-R-025,overlaps,bidirectional_support,DOC-001;REC-001;RISK-001;RISK-002,Relación provisional basada en controles TCDX compartidos y estructura pública; no implica equivalencia jurídica ni certificatoria.,medium,provisional
XW-00162,ISO_IEC_27001_2022-R-023,ISO_IEC_42001_2023-R-013,overlaps,bidirectional_support,DOC-001;REC-001;RISK-001;RISK-002,Relación provisional basada en controles TCDX compartidos y estructura pública; no implica equivalencia jurídica ni certificatoria.,medium,provisional
XW-00163,ISO_IEC_27001_2022-R-023,ISO_IEC_42001_2023-R-019,overlaps,bidirectional_support,DOC-001;REC-001;RISK-001;RISK-002,Relación provisional basada en controles TCDX compartidos y estructura pública; no implica equivalencia jurídica ni certificatoria.,medium,provisional
XW-00164,ISO_IEC_27001_2022-R-023,ISO_IEC_42001_2023-R-025,overlaps,bidirectional_support,DOC-001;REC-001;RISK-001;RISK-002,Relación provisional basada en controles TCDX compartidos y estructura pública; no implica equivalencia jurídica ni certificatoria.,medium,provisional
XW-00165,ISO_IEC_27001_2022-R-024,ISO_IEC_42001_2023-R-013,overlaps,bidirectional_support,DOC-001;REC-001;RISK-001;RISK-002,Relación provisional basada en controles TCDX compartidos y estructura pública; no implica equivalencia jurídica ni certificatoria.,medium,provisional
XW-00166,ISO_IEC_27001_2022-R-024,ISO_IEC_42001_2023-R-019,overlaps,bidirectional_support,DOC-001;REC-001;RISK-001;RISK-002,Relación provisional basada en controles TCDX compartidos y estructura pública; no implica equivalencia jurídica ni certificatoria.,medium,provisional
XW-00167,ISO_IEC_27001_2022-R-024,ISO_IEC_42001_2023-R-025,overlaps,bidirectional_support,DOC-001;REC-001;RISK-001;RISK-002,Relación provisional basada en controles TCDX compartidos y estructura pública; no implica equivalencia jurídica ni certificatoria.,medium,provisional
XW-00168,ISO_IEC_27001_2022-R-025,ISO_IEC_42001_2023-R-013,overlaps,bidirectional_support,DOC-001;REC-001;RISK-001;RISK-002,Relación provisional basada en controles TCDX compartidos y estructura pública; no implica equivalencia jurídica ni certificatoria.,medium,provisional
XW-00169,ISO_IEC_27001_2022-R-025,ISO_IEC_42001_2023-R-019,overlaps,bidirectional_support,DOC-001;REC-001;RISK-001;RISK-002,Relación provisional basada en controles TCDX compartidos y estructura pública; no implica equivalencia jurídica ni certificatoria.,medium,provisional
XW-00170,ISO_IEC_27001_2022-R-025,ISO_IEC_42001_2023-R-025,overlaps,bidirectional_support,DOC-001;REC-001;RISK-001;RISK-002,Relación provisional basada en controles TCDX compartidos y estructura pública; no implica equivalencia jurídica ni certificatoria.,medium,provisional
XW-00171,ISO_IEC_27001_2022-R-026,ISO_IEC_42001_2023-R-013,overlaps,bidirectional_support,DOC-001;REC-001;RISK-001;RISK-002,Relación provisional basada en controles TCDX compartidos y estructura pública; no implica equivalencia jurídica ni certificatoria.,medium,provisional
XW-00172,ISO_IEC_27001_2022-R-026,ISO_IEC_42001_2023-R-019,overlaps,bidirectional_support,DOC-001;REC-001;RISK-001;RISK-002,Relación provisional basada en controles TCDX compartidos y estructura pública; no implica equivalencia jurídica ni certificatoria.,medium,provisional
XW-00173,ISO_IEC_27001_2022-R-026,ISO_IEC_42001_2023-R-025,overlaps,bidirectional_support,DOC-001;REC-001;RISK-001;RISK-002,Relación provisional basada en controles TCDX compartidos y estructura pública; no implica equivalencia jurídica ni certificatoria.,medium,provisional
XW-00174,ISO_IEC_27001_2022-R-027,ISO_IEC_42001_2023-R-013,overlaps,bidirectional_support,DOC-001;REC-001;RISK-001;RISK-002,Relación provisional basada en controles TCDX compartidos y estructura pública; no implica equivalencia jurídica ni certificatoria.,medium,provisional
XW-00175,ISO_IEC_27001_2022-R-027,ISO_IEC_42001_2023-R-019,overlaps,bidirectional_support,DOC-001;REC-001;RISK-001;RISK-002,Relación provisional basada en controles TCDX compartidos y estructura pública; no implica equivalencia jurídica ni certificatoria.,medium,provisional
XW-00176,ISO_IEC_27001_2022-R-027,ISO_IEC_42001_2023-R-025,overlaps,bidirectional_support,DOC-001;REC-001;RISK-001;RISK-002,Relación provisional basada en controles TCDX compartidos y estructura pública; no implica equivalencia jurídica ni certificatoria.,medium,provisional
XW-00177,ISO_IEC_27001_2022-R-028,ISO_IEC_42001_2023-R-013,overlaps,bidirectional_support,DOC-001;REC-001;RISK-001;RISK-002,Relación provisional basada en controles TCDX compartidos y estructura pública; no implica equivalencia jurídica ni certificatoria.,medium,provisional
XW-00178,ISO_IEC_27001_2022-R-028,ISO_IEC_42001_2023-R-019,overlaps,bidirectional_support,DOC-001;REC-001;RISK-001;RISK-002,Relación provisional basada en controles TCDX compartidos y estructura pública; no implica equivalencia jurídica ni certificatoria.,medium,provisional
XW-00179,ISO_IEC_27001_2022-R-028,ISO_IEC_42001_2023-R-025,overlaps,bidirectional_support,DOC-001;REC-001;RISK-001;RISK-002,Relación provisional basada en controles TCDX compartidos y estructura pública; no implica equivalencia jurídica ni certificatoria.,medium,provisional
XW-00180,ISO_IEC_27001_2022-R-029,ISO_IEC_42001_2023-R-013,overlaps,bidirectional_support,DOC-001;REC-001;RISK-001;RISK-002,Relación provisional basada en controles TCDX compartidos y estructura pública; no implica equivalencia jurídica ni certificatoria.,medium,provisional
XW-00181,ISO_IEC_27001_2022-R-029,ISO_IEC_42001_2023-R-019,overlaps,bidirectional_support,DOC-001;REC-001;RISK-001;RISK-002,Relación provisional basada en controles TCDX compartidos y estructura pública; no implica equivalencia jurídica ni certificatoria.,medium,provisional
XW-00182,ISO_IEC_27001_2022-R-029,ISO_IEC_42001_2023-R-025,overlaps,bidirectional_support,DOC-001;REC-001;RISK-001;RISK-002,Relación provisional basada en controles TCDX compartidos y estructura pública; no implica equivalencia jurídica ni certificatoria.,medium,provisional
XW-00183,ISO_IEC_27001_2022-R-030,ISO_IEC_42001_2023-R-013,overlaps,bidirectional_support,DOC-001;REC-001;RISK-001;RISK-002,Relación provisional basada en controles TCDX compartidos y estructura pública; no implica equivalencia jurídica ni certificatoria.,medium,provisional
XW-00184,ISO_IEC_27001_2022-R-030,ISO_IEC_42001_2023-R-019,overlaps,bidirectional_support,DOC-001;REC-001;RISK-001;RISK-002,Relación provisional basada en controles TCDX compartidos y estructura pública; no implica equivalencia jurídica ni certificatoria.,medium,provisional
XW-00185,ISO_IEC_27001_2022-R-030,ISO_IEC_42001_2023-R-025,overlaps,bidirectional_support,DOC-001;REC-001;RISK-001;RISK-002,Relación provisional basada en controles TCDX compartidos y estructura pública; no implica equivalencia jurídica ni certificatoria.,medium,provisional
XW-00186,ISO_IEC_27001_2022-R-031,ISO_IEC_42001_2023-R-013,overlaps,bidirectional_support,DOC-001;REC-001;RISK-001;RISK-002,Relación provisional basada en controles TCDX compartidos y estructura pública; no implica equivalencia jurídica ni certificatoria.,medium,provisional
XW-00187,ISO_IEC_27001_2022-R-031,ISO_IEC_42001_2023-R-019,overlaps,bidirectional_support,DOC-001;REC-001;RISK-001;RISK-002,Relación provisional basada en controles TCDX compartidos y estructura pública; no implica equivalencia jurídica ni certificatoria.,medium,provisional
XW-00188,ISO_IEC_27001_2022-R-031,ISO_IEC_42001_2023-R-025,overlaps,bidirectional_support,DOC-001;REC-001;RISK-001;RISK-002,Relación provisional basada en controles TCDX compartidos y estructura pública; no implica equivalencia jurídica ni certificatoria.,medium,provisional
XW-00189,ISO_IEC_27001_2022-R-032,ISO_IEC_42001_2023-R-013,overlaps,bidirectional_support,DOC-001;REC-001;RISK-001;RISK-002,Relación provisional basada en controles TCDX compartidos y estructura pública; no implica equivalencia jurídica ni certificatoria.,medium,provisional
XW-00190,ISO_IEC_27001_2022-R-032,ISO_IEC_42001_2023-R-019,overlaps,bidirectional_support,DOC-001;REC-001;RISK-001;RISK-002,Relación provisional basada en controles TCDX compartidos y estructura pública; no implica equivalencia jurídica ni certificatoria.,medium,provisional
XW-00191,ISO_IEC_27001_2022-R-032,ISO_IEC_42001_2023-R-025,overlaps,bidirectional_support,DOC-001;REC-001;RISK-001;RISK-002,Relación provisional basada en controles TCDX compartidos y estructura pública; no implica equivalencia jurídica ni certificatoria.,medium,provisional
XW-00192,ISO_IEC_27001_2022-R-033,ISO_IEC_42001_2023-R-013,overlaps,bidirectional_support,DOC-001;REC-001;RISK-001;RISK-002,Relación provisional basada en controles TCDX compartidos y estructura pública; no implica equivalencia jurídica ni certificatoria.,medium,provisional
XW-00193,ISO_IEC_27001_2022-R-033,ISO_IEC_42001_2023-R-019,overlaps,bidirectional_support,DOC-001;REC-001;RISK-001;RISK-002,Relación provisional basada en controles TCDX compartidos y estructura pública; no implica equivalencia jurídica ni certificatoria.,medium,provisional
XW-00194,ISO_IEC_27001_2022-R-033,ISO_IEC_42001_2023-R-025,overlaps,bidirectional_support,DOC-001;REC-001;RISK-001;RISK-002,Relación provisional basada en controles TCDX compartidos y estructura pública; no implica equivalencia jurídica ni certificatoria.,medium,provisional
XW-00195,ISO_IEC_27001_2022-R-034,ISO_IEC_42001_2023-R-013,overlaps,bidirectional_support,DOC-001;REC-001;RISK-001;RISK-002,Relación provisional basada en controles TCDX compartidos y estructura pública; no implica equivalencia jurídica ni certificatoria.,medium,provisional
XW-00196,ISO_IEC_27001_2022-R-034,ISO_IEC_42001_2023-R-019,overlaps,bidirectional_support,DOC-001;REC-001;RISK-001;RISK-002,Relación provisional basada en controles TCDX compartidos y estructura pública; no implica equivalencia jurídica ni certificatoria.,medium,provisional
XW-00197,ISO_IEC_27001_2022-R-034,ISO_IEC_42001_2023-R-025,overlaps,bidirectional_support,DOC-001;REC-001;RISK-001;RISK-002,Relación provisional basada en controles TCDX compartidos y estructura pública; no implica equivalencia jurídica ni certificatoria.,medium,provisional
XW-00198,ISO_IEC_27001_2022-R-035,ISO_IEC_42001_2023-R-013,overlaps,bidirectional_support,DOC-001;REC-001;RISK-001;RISK-002,Relación provisional basada en controles TCDX compartidos y estructura pública; no implica equivalencia jurídica ni certificatoria.,medium,provisional
XW-00199,ISO_IEC_27001_2022-R-035,ISO_IEC_42001_2023-R-019,overlaps,bidirectional_support,DOC-001;REC-001;RISK-001;RISK-002,Relación provisional basada en controles TCDX compartidos y estructura pública; no implica equivalencia jurídica ni certificatoria.,medium,provisional
XW-00200,ISO_IEC_27001_2022-R-035,ISO_IEC_42001_2023-R-025,overlaps,bidirectional_support,DOC-001;REC-001;RISK-001;RISK-002,Relación provisional basada en controles TCDX compartidos y estructura pública; no implica equivalencia jurídica ni certificatoria.,medium,provisional
XW-00201,ISO_IEC_27001_2022-R-036,ISO_IEC_42001_2023-R-013,overlaps,bidirectional_support,DOC-001;REC-001;RISK-001;RISK-002,Relación provisional basada en controles TCDX compartidos y estructura pública; no implica equivalencia jurídica ni certificatoria.,medium,provisional
XW-00202,ISO_IEC_27001_2022-R-036,ISO_IEC_42001_2023-R-019,overlaps,bidirectional_support,DOC-001;REC-001;RISK-001;RISK-002,Relación provisional basada en controles TCDX compartidos y estructura pública; no implica equivalencia jurídica ni certificatoria.,medium,provisional
XW-00203,ISO_IEC_27001_2022-R-036,ISO_IEC_42001_2023-R-025,overlaps,bidirectional_support,DOC-001;REC-001;RISK-001;RISK-002,Relación provisional basada en controles TCDX compartidos y estructura pública; no implica equivalencia jurídica ni certificatoria.,medium,provisional
XW-00204,ISO_IEC_27001_2022-R-037,ISO_IEC_42001_2023-R-013,overlaps,bidirectional_support,DOC-001;REC-001;RISK-001;RISK-002,Relación provisional basada en controles TCDX compartidos y estructura pública; no implica equivalencia jurídica ni certificatoria.,medium,provisional
XW-00205,ISO_IEC_27001_2022-R-037,ISO_IEC_42001_2023-R-019,overlaps,bidirectional_support,DOC-001;REC-001;RISK-001;RISK-002,Relación provisional basada en controles TCDX compartidos y estructura pública; no implica equivalencia jurídica ni certificatoria.,medium,provisional
XW-00206,ISO_IEC_27001_2022-R-037,ISO_IEC_42001_2023-R-025,overlaps,bidirectional_support,DOC-001;REC-001;RISK-001;RISK-002,Relación provisional basada en controles TCDX compartidos y estructura pública; no implica equivalencia jurídica ni certificatoria.,medium,provisional
XW-00207,ISO_IEC_27001_2022-R-038,ISO_IEC_42001_2023-R-013,overlaps,bidirectional_support,DOC-001;REC-001;RISK-001;RISK-002,Relación provisional basada en controles TCDX compartidos y estructura pública; no implica equivalencia jurídica ni certificatoria.,medium,provisional
XW-00208,ISO_IEC_27001_2022-R-038,ISO_IEC_42001_2023-R-019,overlaps,bidirectional_support,DOC-001;REC-001;RISK-001;RISK-002,Relación provisional basada en controles TCDX compartidos y estructura pública; no implica equivalencia jurídica ni certificatoria.,medium,provisional
XW-00209,ISO_IEC_27001_2022-R-038,ISO_IEC_42001_2023-R-025,overlaps,bidirectional_support,DOC-001;REC-001;RISK-001;RISK-002,Relación provisional basada en controles TCDX compartidos y estructura pública; no implica equivalencia jurídica ni certificatoria.,medium,provisional
XW-00210,ISO_IEC_27001_2022-R-039,ISO_IEC_42001_2023-R-013,overlaps,bidirectional_support,DOC-001;REC-001;RISK-001;RISK-002,Relación provisional basada en controles TCDX compartidos y estructura pública; no implica equivalencia jurídica ni certificatoria.,medium,provisional
XW-00211,ISO_IEC_27001_2022-R-039,ISO_IEC_42001_2023-R-019,overlaps,bidirectional_support,DOC-001;REC-001;RISK-001;RISK-002,Relación provisional basada en controles TCDX compartidos y estructura pública; no implica equivalencia jurídica ni certificatoria.,medium,provisional
XW-00212,ISO_IEC_27001_2022-R-039,ISO_IEC_42001_2023-R-025,overlaps,bidirectional_support,DOC-001;REC-001;RISK-001;RISK-002,Relación provisional basada en controles TCDX compartidos y estructura pública; no implica equivalencia jurídica ni certificatoria.,medium,provisional
XW-00213,ISO_IEC_27001_2022-R-040,ISO_IEC_42001_2023-R-013,overlaps,bidirectional_support,DOC-001;REC-001;RISK-001;RISK-002,Relación provisional basada en controles TCDX compartidos y estructura pública; no implica equivalencia jurídica ni certificatoria.,medium,provisional
XW-00214,ISO_IEC_27001_2022-R-040,ISO_IEC_42001_2023-R-019,overlaps,bidirectional_support,DOC-001;REC-001;RISK-001;RISK-002,Relación provisional basada en controles TCDX compartidos y estructura pública; no implica equivalencia jurídica ni certificatoria.,medium,provisional
XW-00215,ISO_IEC_27001_2022-R-040,ISO_IEC_42001_2023-R-025,overlaps,bidirectional_support,DOC-001;REC-001;RISK-001;RISK-002,Relación provisional basada en controles TCDX compartidos y estructura pública; no implica equivalencia jurídica ni certificatoria.,medium,provisional
XW-00216,ISO_IEC_27001_2022-R-041,ISO_IEC_42001_2023-R-013,overlaps,bidirectional_support,DOC-001;REC-001;RISK-001;RISK-002,Relación provisional basada en controles TCDX compartidos y estructura pública; no implica equivalencia jurídica ni certificatoria.,medium,provisional
XW-00217,ISO_IEC_27001_2022-R-041,ISO_IEC_42001_2023-R-019,overlaps,bidirectional_support,DOC-001;REC-001;RISK-001;RISK-002,Relación provisional basada en controles TCDX compartidos y estructura pública; no implica equivalencia jurídica ni certificatoria.,medium,provisional
XW-00218,ISO_IEC_27001_2022-R-041,ISO_IEC_42001_2023-R-025,overlaps,bidirectional_support,DOC-001;REC-001;RISK-001;RISK-002,Relación provisional basada en controles TCDX compartidos y estructura pública; no implica equivalencia jurídica ni certificatoria.,medium,provisional
XW-00219,ISO_IEC_27001_2022-R-042,ISO_IEC_42001_2023-R-013,overlaps,bidirectional_support,DOC-001;REC-001;RISK-001;RISK-002,Relación provisional basada en controles TCDX compartidos y estructura pública; no implica equivalencia jurídica ni certificatoria.,medium,provisional
XW-00220,ISO_IEC_27001_2022-R-042,ISO_IEC_42001_2023-R-019,overlaps,bidirectional_support,DOC-001;REC-001;RISK-001;RISK-002,Relación provisional basada en controles TCDX compartidos y estructura pública; no implica equivalencia jurídica ni certificatoria.,medium,provisional
XW-00221,ISO_IEC_27001_2022-R-042,ISO_IEC_42001_2023-R-025,overlaps,bidirectional_support,DOC-001;REC-001;RISK-001;RISK-002,Relación provisional basada en controles TCDX compartidos y estructura pública; no implica equivalencia jurídica ni certificatoria.,medium,provisional
XW-00222,ISO_IEC_27001_2022-R-043,ISO_IEC_42001_2023-R-013,overlaps,bidirectional_support,DOC-001;REC-001;RISK-001;RISK-002,Relación provisional basada en controles TCDX compartidos y estructura pública; no implica equivalencia jurídica ni certificatoria.,medium,provisional
XW-00223,ISO_IEC_27001_2022-R-043,ISO_IEC_42001_2023-R-019,overlaps,bidirectional_support,DOC-001;REC-001;RISK-001;RISK-002,Relación provisional basada en controles TCDX compartidos y estructura pública; no implica equivalencia jurídica ni certificatoria.,medium,provisional
XW-00224,ISO_IEC_27001_2022-R-043,ISO_IEC_42001_2023-R-025,overlaps,bidirectional_support,DOC-001;REC-001;RISK-001;RISK-002,Relación provisional basada en controles TCDX compartidos y estructura pública; no implica equivalencia jurídica ni certificatoria.,medium,provisional
XW-00225,ISO_IEC_27001_2022-R-044,ISO_IEC_42001_2023-R-013,overlaps,bidirectional_support,DOC-001;REC-001;RISK-001;RISK-002,Relación provisional basada en controles TCDX compartidos y estructura pública; no implica equivalencia jurídica ni certificatoria.,medium,provisional
XW-00226,ISO_IEC_27001_2022-R-044,ISO_IEC_42001_2023-R-019,overlaps,bidirectional_support,DOC-001;REC-001;RISK-001;RISK-002,Relación provisional basada en controles TCDX compartidos y estructura pública; no implica equivalencia jurídica ni certificatoria.,medium,provisional
XW-00227,ISO_IEC_27001_2022-R-044,ISO_IEC_42001_2023-R-025,overlaps,bidirectional_support,DOC-001;REC-001;RISK-001;RISK-002,Relación provisional basada en controles TCDX compartidos y estructura pública; no implica equivalencia jurídica ni certificatoria.,medium,provisional
XW-00228,ISO_IEC_27001_2022-R-045,ISO_IEC_42001_2023-R-013,overlaps,bidirectional_support,DOC-001;REC-001;RISK-001;RISK-002,Relación provisional basada en controles TCDX compartidos y estructura pública; no implica equivalencia jurídica ni certificatoria.,medium,provisional
XW-00229,ISO_IEC_27001_2022-R-045,ISO_IEC_42001_2023-R-019,overlaps,bidirectional_support,DOC-001;REC-001;RISK-001;RISK-002,Relación provisional basada en controles TCDX compartidos y estructura pública; no implica equivalencia jurídica ni certificatoria.,medium,provisional
XW-00230,ISO_IEC_27001_2022-R-045,ISO_IEC_42001_2023-R-025,overlaps,bidirectional_support,DOC-001;REC-001;RISK-001;RISK-002,Relación provisional basada en controles TCDX compartidos y estructura pública; no implica equivalencia jurídica ni certificatoria.,medium,provisional
XW-00231,ISO_IEC_27001_2022-R-046,ISO_IEC_42001_2023-R-013,overlaps,bidirectional_support,DOC-001;REC-001;RISK-001;RISK-002,Relación provisional basada en controles TCDX compartidos y estructura pública; no implica equivalencia jurídica ni certificatoria.,medium,provisional
XW-00232,ISO_IEC_27001_2022-R-046,ISO_IEC_42001_2023-R-019,overlaps,bidirectional_support,DOC-001;REC-001;RISK-001;RISK-002,Relación provisional basada en controles TCDX compartidos y estructura pública; no implica equivalencia jurídica ni certificatoria.,medium,provisional
XW-00233,ISO_IEC_27001_2022-R-046,ISO_IEC_42001_2023-R-025,overlaps,bidirectional_support,DOC-001;REC-001;RISK-001;RISK-002,Relación provisional basada en controles TCDX compartidos y estructura pública; no implica equivalencia jurídica ni certificatoria.,medium,provisional
XW-00234,ISO_IEC_27001_2022-R-047,ISO_IEC_42001_2023-R-004,overlaps,bidirectional_support,AWARE-001;COMP-001;DOC-001;REC-001,Relación provisional basada en controles TCDX compartidos y estructura pública; no implica equivalencia jurídica ni certificatoria.,medium,provisional
XW-00235,ISO_IEC_27001_2022-R-047,ISO_IEC_42001_2023-R-013,overlaps,bidirectional_support,DOC-001;REC-001;RISK-001;RISK-002,Relación provisional basada en controles TCDX compartidos y estructura pública; no implica equivalencia jurídica ni certificatoria.,medium,provisional
XW-00236,ISO_IEC_27001_2022-R-047,ISO_IEC_42001_2023-R-019,overlaps,bidirectional_support,DOC-001;REC-001;RISK-001;RISK-002,Relación provisional basada en controles TCDX compartidos y estructura pública; no implica equivalencia jurídica ni certificatoria.,medium,provisional
XW-00237,ISO_IEC_27001_2022-R-048,ISO_IEC_42001_2023-R-013,overlaps,bidirectional_support,DOC-001;REC-001;RISK-001;RISK-002,Relación provisional basada en controles TCDX compartidos y estructura pública; no implica equivalencia jurídica ni certificatoria.,medium,provisional
XW-00238,ISO_IEC_27001_2022-R-048,ISO_IEC_42001_2023-R-019,overlaps,bidirectional_support,DOC-001;REC-001;RISK-001;RISK-002,Relación provisional basada en controles TCDX compartidos y estructura pública; no implica equivalencia jurídica ni certificatoria.,medium,provisional
XW-00239,ISO_IEC_27001_2022-R-048,ISO_IEC_42001_2023-R-025,overlaps,bidirectional_support,DOC-001;REC-001;RISK-001;RISK-002,Relación provisional basada en controles TCDX compartidos y estructura pública; no implica equivalencia jurídica ni certificatoria.,medium,provisional
XW-00240,ISO_IEC_27001_2022-R-049,ISO_IEC_42001_2023-R-011,overlaps,bidirectional_support,GOV-001;GOV-002;RISK-001;RISK-002,Relación provisional basada en controles TCDX compartidos y estructura pública; no implica equivalencia jurídica ni certificatoria.,medium,provisional
XW-00241,ISO_IEC_27001_2022-R-049,ISO_IEC_42001_2023-R-013,overlaps,bidirectional_support,DOC-001;REC-001;RISK-001;RISK-002,Relación provisional basada en controles TCDX compartidos y estructura pública; no implica equivalencia jurídica ni certificatoria.,medium,provisional
XW-00242,ISO_IEC_27001_2022-R-049,ISO_IEC_42001_2023-R-019,overlaps,bidirectional_support,DOC-001;REC-001;RISK-001;RISK-002,Relación provisional basada en controles TCDX compartidos y estructura pública; no implica equivalencia jurídica ni certificatoria.,medium,provisional
XW-00243,ISO_IEC_27001_2022-R-050,ISO_IEC_42001_2023-R-012,overlaps,bidirectional_support,AI-001;AI-003;RISK-001;RISK-002,Relación provisional basada en controles TCDX compartidos y estructura pública; no implica equivalencia jurídica ni certificatoria.,medium,provisional
XW-00244,ISO_IEC_27001_2022-R-050,ISO_IEC_42001_2023-R-013,overlaps,bidirectional_support,DOC-001;REC-001;RISK-001;RISK-002,Relación provisional basada en controles TCDX compartidos y estructura pública; no implica equivalencia jurídica ni certificatoria.,medium,provisional
XW-00245,ISO_IEC_27001_2022-R-050,ISO_IEC_42001_2023-R-014,overlaps,bidirectional_support,AI-001;AI-003;RISK-001;RISK-002,Relación provisional basada en controles TCDX compartidos y estructura pública; no implica equivalencia jurídica ni certificatoria.,medium,provisional
XW-00246,ISO_IEC_27001_2022-R-051,ISO_IEC_42001_2023-R-013,overlaps,bidirectional_support,DOC-001;REC-001;RISK-001;RISK-002,Relación provisional basada en controles TCDX compartidos y estructura pública; no implica equivalencia jurídica ni certificatoria.,medium,provisional
XW-00247,ISO_IEC_27001_2022-R-051,ISO_IEC_42001_2023-R-019,overlaps,bidirectional_support,DOC-001;REC-001;RISK-001;RISK-002,Relación provisional basada en controles TCDX compartidos y estructura pública; no implica equivalencia jurídica ni certificatoria.,medium,provisional
XW-00248,ISO_IEC_27001_2022-R-051,ISO_IEC_42001_2023-R-025,overlaps,bidirectional_support,DOC-001;REC-001;RISK-001;RISK-002,Relación provisional basada en controles TCDX compartidos y estructura pública; no implica equivalencia jurídica ni certificatoria.,medium,provisional
XW-00249,ISO_IEC_27001_2022-R-052,ISO_IEC_42001_2023-R-013,overlaps,bidirectional_support,DOC-001;REC-001;RISK-001;RISK-002,Relación provisional basada en controles TCDX compartidos y estructura pública; no implica equivalencia jurídica ni certificatoria.,medium,provisional
XW-00250,ISO_IEC_27001_2022-R-052,ISO_IEC_42001_2023-R-019,overlaps,bidirectional_support,DOC-001;REC-001;RISK-001;RISK-002,Relación provisional basada en controles TCDX compartidos y estructura pública; no implica equivalencia jurídica ni certificatoria.,medium,provisional
XW-00251,ISO_IEC_27001_2022-R-052,ISO_IEC_42001_2023-R-025,overlaps,bidirectional_support,DOC-001;REC-001;RISK-001;RISK-002,Relación provisional basada en controles TCDX compartidos y estructura pública; no implica equivalencia jurídica ni certificatoria.,medium,provisional
XW-00252,ISO_IEC_27001_2022-R-053,ISO_IEC_42001_2023-R-013,overlaps,bidirectional_support,DOC-001;REC-001;RISK-001;RISK-002,Relación provisional basada en controles TCDX compartidos y estructura pública; no implica equivalencia jurídica ni certificatoria.,medium,provisional
XW-00253,ISO_IEC_27001_2022-R-053,ISO_IEC_42001_2023-R-019,overlaps,bidirectional_support,DOC-001;REC-001;RISK-001;RISK-002,Relación provisional basada en controles TCDX compartidos y estructura pública; no implica equivalencia jurídica ni certificatoria.,medium,provisional
XW-00254,ISO_IEC_27001_2022-R-053,ISO_IEC_42001_2023-R-025,overlaps,bidirectional_support,DOC-001;REC-001;RISK-001;RISK-002,Relación provisional basada en controles TCDX compartidos y estructura pública; no implica equivalencia jurídica ni certificatoria.,medium,provisional
XW-00255,ISO_IEC_27001_2022-R-054,ISO_IEC_42001_2023-R-013,overlaps,bidirectional_support,DOC-001;REC-001;RISK-001;RISK-002,Relación provisional basada en controles TCDX compartidos y estructura pública; no implica equivalencia jurídica ni certificatoria.,medium,provisional
XW-00256,ISO_IEC_27001_2022-R-054,ISO_IEC_42001_2023-R-019,overlaps,bidirectional_support,DOC-001;REC-001;RISK-001;RISK-002,Relación provisional basada en controles TCDX compartidos y estructura pública; no implica equivalencia jurídica ni certificatoria.,medium,provisional
XW-00257,ISO_IEC_27001_2022-R-054,ISO_IEC_42001_2023-R-025,overlaps,bidirectional_support,DOC-001;REC-001;RISK-001;RISK-002,Relación provisional basada en controles TCDX compartidos y estructura pública; no implica equivalencia jurídica ni certificatoria.,medium,provisional
XW-00258,ISO_IEC_27001_2022-R-055,ISO_IEC_42001_2023-R-013,overlaps,bidirectional_support,DOC-001;REC-001;RISK-001;RISK-002,Relación provisional basada en controles TCDX compartidos y estructura pública; no implica equivalencia jurídica ni certificatoria.,medium,provisional
XW-00259,ISO_IEC_27001_2022-R-055,ISO_IEC_42001_2023-R-019,overlaps,bidirectional_support,DOC-001;REC-001;RISK-001;RISK-002,Relación provisional basada en controles TCDX compartidos y estructura pública; no implica equivalencia jurídica ni certificatoria.,medium,provisional
XW-00260,ISO_IEC_27001_2022-R-055,ISO_IEC_42001_2023-R-025,overlaps,bidirectional_support,DOC-001;REC-001;RISK-001;RISK-002,Relación provisional basada en controles TCDX compartidos y estructura pública; no implica equivalencia jurídica ni certificatoria.,medium,provisional
XW-00261,ISO_IEC_27001_2022-R-056,ISO_IEC_42001_2023-R-013,overlaps,bidirectional_support,DOC-001;REC-001;RISK-001;RISK-002,Relación provisional basada en controles TCDX compartidos y estructura pública; no implica equivalencia jurídica ni certificatoria.,medium,provisional
XW-00262,ISO_IEC_27001_2022-R-056,ISO_IEC_42001_2023-R-019,overlaps,bidirectional_support,DOC-001;REC-001;RISK-001;RISK-002,Relación provisional basada en controles TCDX compartidos y estructura pública; no implica equivalencia jurídica ni certificatoria.,medium,provisional
XW-00263,ISO_IEC_27001_2022-R-056,ISO_IEC_42001_2023-R-025,overlaps,bidirectional_support,DOC-001;REC-001;RISK-001;RISK-002,Relación provisional basada en controles TCDX compartidos y estructura pública; no implica equivalencia jurídica ni certificatoria.,medium,provisional
XW-00264,ISO_IEC_27001_2022-R-057,ISO_IEC_42001_2023-R-013,overlaps,bidirectional_support,DOC-001;REC-001;RISK-001;RISK-002,Relación provisional basada en controles TCDX compartidos y estructura pública; no implica equivalencia jurídica ni certificatoria.,medium,provisional
XW-00265,ISO_IEC_27001_2022-R-057,ISO_IEC_42001_2023-R-019,overlaps,bidirectional_support,DOC-001;REC-001;RISK-001;RISK-002,Relación provisional basada en controles TCDX compartidos y estructura pública; no implica equivalencia jurídica ni certificatoria.,medium,provisional
XW-00266,ISO_IEC_27001_2022-R-057,ISO_IEC_42001_2023-R-025,overlaps,bidirectional_support,DOC-001;REC-001;RISK-001;RISK-002,Relación provisional basada en controles TCDX compartidos y estructura pública; no implica equivalencia jurídica ni certificatoria.,medium,provisional
XW-00267,ISO_IEC_27001_2022-R-058,ISO_IEC_42001_2023-R-013,overlaps,bidirectional_support,DOC-001;REC-001;RISK-001;RISK-002,Relación provisional basada en controles TCDX compartidos y estructura pública; no implica equivalencia jurídica ni certificatoria.,medium,provisional
XW-00268,ISO_IEC_27001_2022-R-058,ISO_IEC_42001_2023-R-019,overlaps,bidirectional_support,DOC-001;REC-001;RISK-001;RISK-002,Relación provisional basada en controles TCDX compartidos y estructura pública; no implica equivalencia jurídica ni certificatoria.,medium,provisional
XW-00269,ISO_IEC_27001_2022-R-058,ISO_IEC_42001_2023-R-025,overlaps,bidirectional_support,DOC-001;REC-001;RISK-001;RISK-002,Relación provisional basada en controles TCDX compartidos y estructura pública; no implica equivalencia jurídica ni certificatoria.,medium,provisional
XW-00270,ISO_IEC_27001_2022-R-059,ISO_IEC_42001_2023-R-012,overlaps,bidirectional_support,AI-001;AI-003;RISK-001;RISK-002,Relación provisional basada en controles TCDX compartidos y estructura pública; no implica equivalencia jurídica ni certificatoria.,medium,provisional
XW-00271,ISO_IEC_27001_2022-R-059,ISO_IEC_42001_2023-R-013,overlaps,bidirectional_support,DOC-001;REC-001;RISK-001;RISK-002,Relación provisional basada en controles TCDX compartidos y estructura pública; no implica equivalencia jurídica ni certificatoria.,medium,provisional
XW-00272,ISO_IEC_27001_2022-R-059,ISO_IEC_42001_2023-R-014,overlaps,bidirectional_support,AI-001;AI-003;RISK-001;RISK-002,Relación provisional basada en controles TCDX compartidos y estructura pública; no implica equivalencia jurídica ni certificatoria.,medium,provisional
XW-00273,ISO_IEC_27001_2022-R-060,ISO_IEC_42001_2023-R-013,overlaps,bidirectional_support,DOC-001;REC-001;RISK-001;RISK-002,Relación provisional basada en controles TCDX compartidos y estructura pública; no implica equivalencia jurídica ni certificatoria.,medium,provisional
XW-00274,ISO_IEC_27001_2022-R-060,ISO_IEC_42001_2023-R-019,overlaps,bidirectional_support,DOC-001;REC-001;RISK-001;RISK-002,Relación provisional basada en controles TCDX compartidos y estructura pública; no implica equivalencia jurídica ni certificatoria.,medium,provisional
XW-00275,ISO_IEC_27001_2022-R-060,ISO_IEC_42001_2023-R-025,overlaps,bidirectional_support,DOC-001;REC-001;RISK-001;RISK-002,Relación provisional basada en controles TCDX compartidos y estructura pública; no implica equivalencia jurídica ni certificatoria.,medium,provisional
XW-00276,ISO_IEC_27001_2022-R-061,ISO_IEC_42001_2023-R-013,overlaps,bidirectional_support,DOC-001;REC-001;RISK-001;RISK-002,Relación provisional basada en controles TCDX compartidos y estructura pública; no implica equivalencia jurídica ni certificatoria.,medium,provisional
XW-00277,ISO_IEC_27001_2022-R-061,ISO_IEC_42001_2023-R-019,overlaps,bidirectional_support,DOC-001;REC-001;RISK-001;RISK-002,Relación provisional basada en controles TCDX compartidos y estructura pública; no implica equivalencia jurídica ni certificatoria.,medium,provisional
XW-00278,ISO_IEC_27001_2022-R-061,ISO_IEC_42001_2023-R-025,overlaps,bidirectional_support,DOC-001;REC-001;RISK-001;RISK-002,Relación provisional basada en controles TCDX compartidos y estructura pública; no implica equivalencia jurídica ni certificatoria.,medium,provisional
XW-00279,ISO_IEC_27001_2022-R-062,ISO_IEC_42001_2023-R-013,overlaps,bidirectional_support,DOC-001;REC-001;RISK-001;RISK-002,Relación provisional basada en controles TCDX compartidos y estructura pública; no implica equivalencia jurídica ni certificatoria.,medium,provisional
XW-00280,ISO_IEC_27001_2022-R-062,ISO_IEC_42001_2023-R-019,overlaps,bidirectional_support,DOC-001;REC-001;RISK-001;RISK-002,Relación provisional basada en controles TCDX compartidos y estructura pública; no implica equivalencia jurídica ni certificatoria.,medium,provisional
XW-00281,ISO_IEC_27001_2022-R-062,ISO_IEC_42001_2023-R-025,overlaps,bidirectional_support,DOC-001;REC-001;RISK-001;RISK-002,Relación provisional basada en controles TCDX compartidos y estructura pública; no implica equivalencia jurídica ni certificatoria.,medium,provisional
XW-00282,ISO_IEC_27001_2022-R-063,ISO_IEC_42001_2023-R-013,overlaps,bidirectional_support,DOC-001;REC-001;RISK-001;RISK-002,Relación provisional basada en controles TCDX compartidos y estructura pública; no implica equivalencia jurídica ni certificatoria.,medium,provisional
XW-00283,ISO_IEC_27001_2022-R-063,ISO_IEC_42001_2023-R-019,overlaps,bidirectional_support,DOC-001;REC-001;RISK-001;RISK-002,Relación provisional basada en controles TCDX compartidos y estructura pública; no implica equivalencia jurídica ni certificatoria.,medium,provisional
XW-00284,ISO_IEC_27001_2022-R-063,ISO_IEC_42001_2023-R-025,overlaps,bidirectional_support,DOC-001;REC-001;RISK-001;RISK-002,Relación provisional basada en controles TCDX compartidos y estructura pública; no implica equivalencia jurídica ni certificatoria.,medium,provisional
XW-00285,ISO_IEC_27001_2022-R-064,ISO_IEC_42001_2023-R-013,overlaps,bidirectional_support,DOC-001;REC-001;RISK-001;RISK-002,Relación provisional basada en controles TCDX compartidos y estructura pública; no implica equivalencia jurídica ni certificatoria.,medium,provisional
XW-00286,ISO_IEC_27001_2022-R-064,ISO_IEC_42001_2023-R-019,overlaps,bidirectional_support,DOC-001;REC-001;RISK-001;RISK-002,Relación provisional basada en controles TCDX compartidos y estructura pública; no implica equivalencia jurídica ni certificatoria.,medium,provisional
XW-00287,ISO_IEC_27001_2022-R-064,ISO_IEC_42001_2023-R-025,overlaps,bidirectional_support,DOC-001;REC-001;RISK-001;RISK-002,Relación provisional basada en controles TCDX compartidos y estructura pública; no implica equivalencia jurídica ni certificatoria.,medium,provisional
XW-00288,ISO_IEC_27001_2022-R-065,ISO_IEC_42001_2023-R-013,overlaps,bidirectional_support,DOC-001;REC-001;RISK-001;RISK-002,Relación provisional basada en controles TCDX compartidos y estructura pública; no implica equivalencia jurídica ni certificatoria.,medium,provisional
XW-00289,ISO_IEC_27001_2022-R-065,ISO_IEC_42001_2023-R-019,overlaps,bidirectional_support,DOC-001;REC-001;RISK-001;RISK-002,Relación provisional basada en controles TCDX compartidos y estructura pública; no implica equivalencia jurídica ni certificatoria.,medium,provisional
XW-00290,ISO_IEC_27001_2022-R-065,ISO_IEC_42001_2023-R-025,overlaps,bidirectional_support,DOC-001;REC-001;RISK-001;RISK-002,Relación provisional basada en controles TCDX compartidos y estructura pública; no implica equivalencia jurídica ni certificatoria.,medium,provisional
XW-00291,ISO_IEC_27001_2022-R-066,ISO_IEC_42001_2023-R-013,overlaps,bidirectional_support,DOC-001;REC-001;RISK-001;RISK-002,Relación provisional basada en controles TCDX compartidos y estructura pública; no implica equivalencia jurídica ni certificatoria.,medium,provisional
XW-00292,ISO_IEC_27001_2022-R-066,ISO_IEC_42001_2023-R-019,overlaps,bidirectional_support,DOC-001;REC-001;RISK-001;RISK-002,Relación provisional basada en controles TCDX compartidos y estructura pública; no implica equivalencia jurídica ni certificatoria.,medium,provisional
XW-00293,ISO_IEC_27001_2022-R-066,ISO_IEC_42001_2023-R-025,overlaps,bidirectional_support,DOC-001;REC-001;RISK-001;RISK-002,Relación provisional basada en controles TCDX compartidos y estructura pública; no implica equivalencia jurídica ni certificatoria.,medium,provisional
XW-00294,ISO_IEC_27001_2022-R-067,ISO_IEC_42001_2023-R-013,overlaps,bidirectional_support,DOC-001;REC-001;RISK-001;RISK-002,Relación provisional basada en controles TCDX compartidos y estructura pública; no implica equivalencia jurídica ni certificatoria.,medium,provisional
XW-00295,ISO_IEC_27001_2022-R-067,ISO_IEC_42001_2023-R-019,overlaps,bidirectional_support,DOC-001;REC-001;RISK-001;RISK-002,Relación provisional basada en controles TCDX compartidos y estructura pública; no implica equivalencia jurídica ni certificatoria.,medium,provisional
XW-00296,ISO_IEC_27001_2022-R-067,ISO_IEC_42001_2023-R-025,overlaps,bidirectional_support,DOC-001;REC-001;RISK-001;RISK-002,Relación provisional basada en controles TCDX compartidos y estructura pública; no implica equivalencia jurídica ni certificatoria.,medium,provisional
XW-00297,ISO_IEC_27001_2022-R-068,ISO_IEC_42001_2023-R-013,overlaps,bidirectional_support,DOC-001;REC-001;RISK-001;RISK-002,Relación provisional basada en controles TCDX compartidos y estructura pública; no implica equivalencia jurídica ni certificatoria.,medium,provisional
XW-00298,ISO_IEC_27001_2022-R-068,ISO_IEC_42001_2023-R-019,overlaps,bidirectional_support,DOC-001;REC-001;RISK-001;RISK-002,Relación provisional basada en controles TCDX compartidos y estructura pública; no implica equivalencia jurídica ni certificatoria.,medium,provisional
XW-00299,ISO_IEC_27001_2022-R-068,ISO_IEC_42001_2023-R-025,overlaps,bidirectional_support,DOC-001;REC-001;RISK-001;RISK-002,Relación provisional basada en controles TCDX compartidos y estructura pública; no implica equivalencia jurídica ni certificatoria.,medium,provisional
XW-00300,ISO_IEC_27001_2022-R-069,ISO_IEC_42001_2023-R-013,overlaps,bidirectional_support,DOC-001;REC-001;RISK-001;RISK-002,Relación provisional basada en controles TCDX compartidos y estructura pública; no implica equivalencia jurídica ni certificatoria.,medium,provisional
XW-00301,ISO_IEC_27001_2022-R-069,ISO_IEC_42001_2023-R-019,overlaps,bidirectional_support,DOC-001;REC-001;RISK-001;RISK-002,Relación provisional basada en controles TCDX compartidos y estructura pública; no implica equivalencia jurídica ni certificatoria.,medium,provisional
XW-00302,ISO_IEC_27001_2022-R-069,ISO_IEC_42001_2023-R-025,overlaps,bidirectional_support,DOC-001;REC-001;RISK-001;RISK-002,Relación provisional basada en controles TCDX compartidos y estructura pública; no implica equivalencia jurídica ni certificatoria.,medium,provisional
XW-00303,ISO_IEC_27001_2022-R-070,ISO_IEC_42001_2023-R-013,overlaps,bidirectional_support,DOC-001;REC-001;RISK-001;RISK-002,Relación provisional basada en controles TCDX compartidos y estructura pública; no implica equivalencia jurídica ni certificatoria.,medium,provisional
XW-00304,ISO_IEC_27001_2022-R-070,ISO_IEC_42001_2023-R-019,overlaps,bidirectional_support,DOC-001;REC-001;RISK-001;RISK-002,Relación provisional basada en controles TCDX compartidos y estructura pública; no implica equivalencia jurídica ni certificatoria.,medium,provisional
XW-00305,ISO_IEC_27001_2022-R-070,ISO_IEC_42001_2023-R-025,overlaps,bidirectional_support,DOC-001;REC-001;RISK-001;RISK-002,Relación provisional basada en controles TCDX compartidos y estructura pública; no implica equivalencia jurídica ni certificatoria.,medium,provisional
XW-00306,ISO_IEC_27001_2022-R-071,ISO_IEC_42001_2023-R-013,overlaps,bidirectional_support,DOC-001;REC-001;RISK-001;RISK-002,Relación provisional basada en controles TCDX compartidos y estructura pública; no implica equivalencia jurídica ni certificatoria.,medium,provisional
XW-00307,ISO_IEC_27001_2022-R-071,ISO_IEC_42001_2023-R-019,overlaps,bidirectional_support,DOC-001;REC-001;RISK-001;RISK-002,Relación provisional basada en controles TCDX compartidos y estructura pública; no implica equivalencia jurídica ni certificatoria.,medium,provisional
XW-00308,ISO_IEC_27001_2022-R-071,ISO_IEC_42001_2023-R-025,overlaps,bidirectional_support,DOC-001;REC-001;RISK-001;RISK-002,Relación provisional basada en controles TCDX compartidos y estructura pública; no implica equivalencia jurídica ni certificatoria.,medium,provisional
XW-00309,ISO_IEC_27001_2022-R-072,ISO_IEC_42001_2023-R-013,overlaps,bidirectional_support,DOC-001;REC-001;RISK-001;RISK-002,Relación provisional basada en controles TCDX compartidos y estructura pública; no implica equivalencia jurídica ni certificatoria.,medium,provisional
XW-00310,ISO_IEC_27001_2022-R-072,ISO_IEC_42001_2023-R-019,overlaps,bidirectional_support,DOC-001;REC-001;RISK-001;RISK-002,Relación provisional basada en controles TCDX compartidos y estructura pública; no implica equivalencia jurídica ni certificatoria.,medium,provisional
XW-00311,ISO_IEC_27001_2022-R-072,ISO_IEC_42001_2023-R-025,overlaps,bidirectional_support,DOC-001;REC-001;RISK-001;RISK-002,Relación provisional basada en controles TCDX compartidos y estructura pública; no implica equivalencia jurídica ni certificatoria.,medium,provisional
XW-00312,ISO_IEC_27001_2022-R-073,ISO_IEC_42001_2023-R-013,overlaps,bidirectional_support,DOC-001;REC-001;RISK-001;RISK-002,Relación provisional basada en controles TCDX compartidos y estructura pública; no implica equivalencia jurídica ni certificatoria.,medium,provisional
XW-00313,ISO_IEC_27001_2022-R-073,ISO_IEC_42001_2023-R-019,overlaps,bidirectional_support,DOC-001;REC-001;RISK-001;RISK-002,Relación provisional basada en controles TCDX compartidos y estructura pública; no implica equivalencia jurídica ni certificatoria.,medium,provisional
XW-00314,ISO_IEC_27001_2022-R-073,ISO_IEC_42001_2023-R-025,overlaps,bidirectional_support,DOC-001;REC-001;RISK-001;RISK-002,Relación provisional basada en controles TCDX compartidos y estructura pública; no implica equivalencia jurídica ni certificatoria.,medium,provisional
XW-00315,ISO_IEC_27001_2022-R-074,ISO_IEC_42001_2023-R-013,overlaps,bidirectional_support,DOC-001;REC-001;RISK-001;RISK-002,Relación provisional basada en controles TCDX compartidos y estructura pública; no implica equivalencia jurídica ni certificatoria.,medium,provisional
XW-00316,ISO_IEC_27001_2022-R-074,ISO_IEC_42001_2023-R-019,overlaps,bidirectional_support,DOC-001;REC-001;RISK-001;RISK-002,Relación provisional basada en controles TCDX compartidos y estructura pública; no implica equivalencia jurídica ni certificatoria.,medium,provisional
XW-00317,ISO_IEC_27001_2022-R-074,ISO_IEC_42001_2023-R-025,overlaps,bidirectional_support,DOC-001;REC-001;RISK-001;RISK-002,Relación provisional basada en controles TCDX compartidos y estructura pública; no implica equivalencia jurídica ni certificatoria.,medium,provisional
XW-00318,ISO_IEC_27001_2022-R-075,ISO_IEC_42001_2023-R-013,overlaps,bidirectional_support,DOC-001;REC-001;RISK-001;RISK-002,Relación provisional basada en controles TCDX compartidos y estructura pública; no implica equivalencia jurídica ni certificatoria.,medium,provisional
XW-00319,ISO_IEC_27001_2022-R-075,ISO_IEC_42001_2023-R-019,overlaps,bidirectional_support,DOC-001;REC-001;RISK-001;RISK-002,Relación provisional basada en controles TCDX compartidos y estructura pública; no implica equivalencia jurídica ni certificatoria.,medium,provisional
XW-00320,ISO_IEC_27001_2022-R-075,ISO_IEC_42001_2023-R-025,overlaps,bidirectional_support,DOC-001;REC-001;RISK-001;RISK-002,Relación provisional basada en controles TCDX compartidos y estructura pública; no implica equivalencia jurídica ni certificatoria.,medium,provisional
XW-00321,ISO_IEC_27001_2022-R-076,ISO_IEC_42001_2023-R-013,overlaps,bidirectional_support,DOC-001;REC-001;RISK-001;RISK-002,Relación provisional basada en controles TCDX compartidos y estructura pública; no implica equivalencia jurídica ni certificatoria.,medium,provisional
XW-00322,ISO_IEC_27001_2022-R-076,ISO_IEC_42001_2023-R-019,overlaps,bidirectional_support,DOC-001;REC-001;RISK-001;RISK-002,Relación provisional basada en controles TCDX compartidos y estructura pública; no implica equivalencia jurídica ni certificatoria.,medium,provisional
XW-00323,ISO_IEC_27001_2022-R-076,ISO_IEC_42001_2023-R-025,overlaps,bidirectional_support,DOC-001;REC-001;RISK-001;RISK-002,Relación provisional basada en controles TCDX compartidos y estructura pública; no implica equivalencia jurídica ni certificatoria.,medium,provisional
XW-00324,ISO_IEC_27001_2022-R-077,ISO_IEC_42001_2023-R-013,overlaps,bidirectional_support,DOC-001;REC-001;RISK-001;RISK-002,Relación provisional basada en controles TCDX compartidos y estructura pública; no implica equivalencia jurídica ni certificatoria.,medium,provisional
XW-00325,ISO_IEC_27001_2022-R-077,ISO_IEC_42001_2023-R-019,overlaps,bidirectional_support,DOC-001;REC-001;RISK-001;RISK-002,Relación provisional basada en controles TCDX compartidos y estructura pública; no implica equivalencia jurídica ni certificatoria.,medium,provisional
XW-00326,ISO_IEC_27001_2022-R-077,ISO_IEC_42001_2023-R-025,overlaps,bidirectional_support,DOC-001;REC-001;RISK-001;RISK-002,Relación provisional basada en controles TCDX compartidos y estructura pública; no implica equivalencia jurídica ni certificatoria.,medium,provisional
XW-00327,ISO_IEC_27001_2022-R-078,ISO_IEC_42001_2023-R-013,overlaps,bidirectional_support,DOC-001;REC-001;RISK-001;RISK-002,Relación provisional basada en controles TCDX compartidos y estructura pública; no implica equivalencia jurídica ni certificatoria.,medium,provisional
XW-00328,ISO_IEC_27001_2022-R-078,ISO_IEC_42001_2023-R-019,overlaps,bidirectional_support,DOC-001;REC-001;RISK-001;RISK-002,Relación provisional basada en controles TCDX compartidos y estructura pública; no implica equivalencia jurídica ni certificatoria.,medium,provisional
XW-00329,ISO_IEC_27001_2022-R-078,ISO_IEC_42001_2023-R-025,overlaps,bidirectional_support,DOC-001;REC-001;RISK-001;RISK-002,Relación provisional basada en controles TCDX compartidos y estructura pública; no implica equivalencia jurídica ni certificatoria.,medium,provisional
XW-00330,ISO_IEC_27001_2022-R-079,ISO_IEC_42001_2023-R-013,overlaps,bidirectional_support,DOC-001;REC-001;RISK-001;RISK-002,Relación provisional basada en controles TCDX compartidos y estructura pública; no implica equivalencia jurídica ni certificatoria.,medium,provisional
XW-00331,ISO_IEC_27001_2022-R-079,ISO_IEC_42001_2023-R-019,overlaps,bidirectional_support,DOC-001;REC-001;RISK-001;RISK-002,Relación provisional basada en controles TCDX compartidos y estructura pública; no implica equivalencia jurídica ni certificatoria.,medium,provisional
XW-00332,ISO_IEC_27001_2022-R-079,ISO_IEC_42001_2023-R-025,overlaps,bidirectional_support,DOC-001;REC-001;RISK-001;RISK-002,Relación provisional basada en controles TCDX compartidos y estructura pública; no implica equivalencia jurídica ni certificatoria.,medium,provisional
XW-00333,ISO_IEC_27001_2022-R-080,ISO_IEC_42001_2023-R-013,overlaps,bidirectional_support,DOC-001;REC-001;RISK-001;RISK-002,Relación provisional basada en controles TCDX compartidos y estructura pública; no implica equivalencia jurídica ni certificatoria.,medium,provisional
XW-00334,ISO_IEC_27001_2022-R-080,ISO_IEC_42001_2023-R-019,overlaps,bidirectional_support,DOC-001;REC-001;RISK-001;RISK-002,Relación provisional basada en controles TCDX compartidos y estructura pública; no implica equivalencia jurídica ni certificatoria.,medium,provisional
XW-00335,ISO_IEC_27001_2022-R-080,ISO_IEC_42001_2023-R-025,overlaps,bidirectional_support,DOC-001;REC-001;RISK-001;RISK-002,Relación provisional basada en controles TCDX compartidos y estructura pública; no implica equivalencia jurídica ni certificatoria.,medium,provisional
XW-00336,ISO_IEC_27001_2022-R-081,ISO_IEC_42001_2023-R-013,overlaps,bidirectional_support,DOC-001;REC-001;RISK-001;RISK-002,Relación provisional basada en controles TCDX compartidos y estructura pública; no implica equivalencia jurídica ni certificatoria.,medium,provisional
XW-00337,ISO_IEC_27001_2022-R-081,ISO_IEC_42001_2023-R-019,overlaps,bidirectional_support,DOC-001;REC-001;RISK-001;RISK-002,Relación provisional basada en controles TCDX compartidos y estructura pública; no implica equivalencia jurídica ni certificatoria.,medium,provisional
XW-00338,ISO_IEC_27001_2022-R-081,ISO_IEC_42001_2023-R-025,overlaps,bidirectional_support,DOC-001;REC-001;RISK-001;RISK-002,Relación provisional basada en controles TCDX compartidos y estructura pública; no implica equivalencia jurídica ni certificatoria.,medium,provisional
XW-00339,ISO_IEC_27001_2022-R-082,ISO_IEC_42001_2023-R-013,overlaps,bidirectional_support,DOC-001;REC-001;RISK-001;RISK-002,Relación provisional basada en controles TCDX compartidos y estructura pública; no implica equivalencia jurídica ni certificatoria.,medium,provisional
XW-00340,ISO_IEC_27001_2022-R-082,ISO_IEC_42001_2023-R-019,overlaps,bidirectional_support,DOC-001;REC-001;RISK-001;RISK-002,Relación provisional basada en controles TCDX compartidos y estructura pública; no implica equivalencia jurídica ni certificatoria.,medium,provisional
XW-00341,ISO_IEC_27001_2022-R-082,ISO_IEC_42001_2023-R-025,overlaps,bidirectional_support,DOC-001;REC-001;RISK-001;RISK-002,Relación provisional basada en controles TCDX compartidos y estructura pública; no implica equivalencia jurídica ni certificatoria.,medium,provisional
XW-00342,ISO_IEC_27001_2022-R-083,ISO_IEC_42001_2023-R-013,overlaps,bidirectional_support,DOC-001;REC-001;RISK-001;RISK-002,Relación provisional basada en controles TCDX compartidos y estructura pública; no implica equivalencia jurídica ni certificatoria.,medium,provisional
XW-00343,ISO_IEC_27001_2022-R-083,ISO_IEC_42001_2023-R-019,overlaps,bidirectional_support,DOC-001;REC-001;RISK-001;RISK-002,Relación provisional basada en controles TCDX compartidos y estructura pública; no implica equivalencia jurídica ni certificatoria.,medium,provisional
XW-00344,ISO_IEC_27001_2022-R-083,ISO_IEC_42001_2023-R-025,overlaps,bidirectional_support,DOC-001;REC-001;RISK-001;RISK-002,Relación provisional basada en controles TCDX compartidos y estructura pública; no implica equivalencia jurídica ni certificatoria.,medium,provisional
XW-00345,ISO_IEC_27001_2022-R-084,ISO_IEC_42001_2023-R-012,overlaps,bidirectional_support,AI-001;AI-003;RISK-001;RISK-002,Relación provisional basada en controles TCDX compartidos y estructura pública; no implica equivalencia jurídica ni certificatoria.,medium,provisional
XW-00346,ISO_IEC_27001_2022-R-084,ISO_IEC_42001_2023-R-013,overlaps,bidirectional_support,DOC-001;REC-001;RISK-001;RISK-002,Relación provisional basada en controles TCDX compartidos y estructura pública; no implica equivalencia jurídica ni certificatoria.,medium,provisional
XW-00347,ISO_IEC_27001_2022-R-084,ISO_IEC_42001_2023-R-014,overlaps,bidirectional_support,AI-001;AI-003;RISK-001;RISK-002,Relación provisional basada en controles TCDX compartidos y estructura pública; no implica equivalencia jurídica ni certificatoria.,medium,provisional
XW-00348,ISO_IEC_27001_2022-R-085,ISO_IEC_42001_2023-R-013,overlaps,bidirectional_support,DOC-001;REC-001;RISK-001;RISK-002,Relación provisional basada en controles TCDX compartidos y estructura pública; no implica equivalencia jurídica ni certificatoria.,medium,provisional
XW-00349,ISO_IEC_27001_2022-R-085,ISO_IEC_42001_2023-R-019,overlaps,bidirectional_support,DOC-001;REC-001;RISK-001;RISK-002,Relación provisional basada en controles TCDX compartidos y estructura pública; no implica equivalencia jurídica ni certificatoria.,medium,provisional
XW-00350,ISO_IEC_27001_2022-R-085,ISO_IEC_42001_2023-R-025,overlaps,bidirectional_support,DOC-001;REC-001;RISK-001;RISK-002,Relación provisional basada en controles TCDX compartidos y estructura pública; no implica equivalencia jurídica ni certificatoria.,medium,provisional
XW-00351,ISO_IEC_27001_2022-R-086,ISO_IEC_42001_2023-R-013,overlaps,bidirectional_support,DOC-001;REC-001;RISK-001;RISK-002,Relación provisional basada en controles TCDX compartidos y estructura pública; no implica equivalencia jurídica ni certificatoria.,medium,provisional
XW-00352,ISO_IEC_27001_2022-R-086,ISO_IEC_42001_2023-R-019,overlaps,bidirectional_support,DOC-001;REC-001;RISK-001;RISK-002,Relación provisional basada en controles TCDX compartidos y estructura pública; no implica equivalencia jurídica ni certificatoria.,medium,provisional
XW-00353,ISO_IEC_27001_2022-R-086,ISO_IEC_42001_2023-R-025,overlaps,bidirectional_support,DOC-001;REC-001;RISK-001;RISK-002,Relación provisional basada en controles TCDX compartidos y estructura pública; no implica equivalencia jurídica ni certificatoria.,medium,provisional
XW-00354,ISO_IEC_27001_2022-R-087,ISO_IEC_42001_2023-R-013,overlaps,bidirectional_support,DOC-001;REC-001;RISK-001;RISK-002,Relación provisional basada en controles TCDX compartidos y estructura pública; no implica equivalencia jurídica ni certificatoria.,medium,provisional
XW-00355,ISO_IEC_27001_2022-R-087,ISO_IEC_42001_2023-R-019,overlaps,bidirectional_support,DOC-001;REC-001;RISK-001;RISK-002,Relación provisional basada en controles TCDX compartidos y estructura pública; no implica equivalencia jurídica ni certificatoria.,medium,provisional
XW-00356,ISO_IEC_27001_2022-R-087,ISO_IEC_42001_2023-R-025,overlaps,bidirectional_support,DOC-001;REC-001;RISK-001;RISK-002,Relación provisional basada en controles TCDX compartidos y estructura pública; no implica equivalencia jurídica ni certificatoria.,medium,provisional
XW-00357,ISO_IEC_27001_2022-R-088,ISO_IEC_42001_2023-R-013,overlaps,bidirectional_support,DOC-001;REC-001;RISK-001;RISK-002,Relación provisional basada en controles TCDX compartidos y estructura pública; no implica equivalencia jurídica ni certificatoria.,medium,provisional
XW-00358,ISO_IEC_27001_2022-R-088,ISO_IEC_42001_2023-R-019,overlaps,bidirectional_support,DOC-001;REC-001;RISK-001;RISK-002,Relación provisional basada en controles TCDX compartidos y estructura pública; no implica equivalencia jurídica ni certificatoria.,medium,provisional
XW-00359,ISO_IEC_27001_2022-R-088,ISO_IEC_42001_2023-R-025,overlaps,bidirectional_support,DOC-001;REC-001;RISK-001;RISK-002,Relación provisional basada en controles TCDX compartidos y estructura pública; no implica equivalencia jurídica ni certificatoria.,medium,provisional
XW-00360,ISO_IEC_27001_2022-R-089,ISO_IEC_42001_2023-R-013,overlaps,bidirectional_support,DOC-001;REC-001;RISK-001;RISK-002,Relación provisional basada en controles TCDX compartidos y estructura pública; no implica equivalencia jurídica ni certificatoria.,medium,provisional
XW-00361,ISO_IEC_27001_2022-R-089,ISO_IEC_42001_2023-R-019,overlaps,bidirectional_support,DOC-001;REC-001;RISK-001;RISK-002,Relación provisional basada en controles TCDX compartidos y estructura pública; no implica equivalencia jurídica ni certificatoria.,medium,provisional
XW-00362,ISO_IEC_27001_2022-R-089,ISO_IEC_42001_2023-R-025,overlaps,bidirectional_support,DOC-001;REC-001;RISK-001;RISK-002,Relación provisional basada en controles TCDX compartidos y estructura pública; no implica equivalencia jurídica ni certificatoria.,medium,provisional
XW-00363,ISO_IEC_27001_2022-R-090,ISO_IEC_42001_2023-R-013,overlaps,bidirectional_support,DOC-001;REC-001;RISK-001;RISK-002,Relación provisional basada en controles TCDX compartidos y estructura pública; no implica equivalencia jurídica ni certificatoria.,medium,provisional
XW-00364,ISO_IEC_27001_2022-R-090,ISO_IEC_42001_2023-R-019,overlaps,bidirectional_support,DOC-001;REC-001;RISK-001;RISK-002,Relación provisional basada en controles TCDX compartidos y estructura pública; no implica equivalencia jurídica ni certificatoria.,medium,provisional
XW-00365,ISO_IEC_27001_2022-R-090,ISO_IEC_42001_2023-R-025,overlaps,bidirectional_support,DOC-001;REC-001;RISK-001;RISK-002,Relación provisional basada en controles TCDX compartidos y estructura pública; no implica equivalencia jurídica ni certificatoria.,medium,provisional
XW-00366,ISO_IEC_27001_2022-R-091,ISO_IEC_42001_2023-R-013,overlaps,bidirectional_support,DOC-001;REC-001;RISK-001;RISK-002,Relación provisional basada en controles TCDX compartidos y estructura pública; no implica equivalencia jurídica ni certificatoria.,medium,provisional
XW-00367,ISO_IEC_27001_2022-R-091,ISO_IEC_42001_2023-R-019,overlaps,bidirectional_support,DOC-001;REC-001;RISK-001;RISK-002,Relación provisional basada en controles TCDX compartidos y estructura pública; no implica equivalencia jurídica ni certificatoria.,medium,provisional
XW-00368,ISO_IEC_27001_2022-R-091,ISO_IEC_42001_2023-R-025,overlaps,bidirectional_support,DOC-001;REC-001;RISK-001;RISK-002,Relación provisional basada en controles TCDX compartidos y estructura pública; no implica equivalencia jurídica ni certificatoria.,medium,provisional
XW-00369,ISO_IEC_27001_2022-R-092,ISO_IEC_42001_2023-R-013,overlaps,bidirectional_support,DOC-001;REC-001;RISK-001;RISK-002,Relación provisional basada en controles TCDX compartidos y estructura pública; no implica equivalencia jurídica ni certificatoria.,medium,provisional
XW-00370,ISO_IEC_27001_2022-R-092,ISO_IEC_42001_2023-R-019,overlaps,bidirectional_support,DOC-001;REC-001;RISK-001;RISK-002,Relación provisional basada en controles TCDX compartidos y estructura pública; no implica equivalencia jurídica ni certificatoria.,medium,provisional
XW-00371,ISO_IEC_27001_2022-R-092,ISO_IEC_42001_2023-R-025,overlaps,bidirectional_support,DOC-001;REC-001;RISK-001;RISK-002,Relación provisional basada en controles TCDX compartidos y estructura pública; no implica equivalencia jurídica ni certificatoria.,medium,provisional
XW-00372,ISO_IEC_27001_2022-R-093,ISO_IEC_42001_2023-R-013,overlaps,bidirectional_support,DOC-001;REC-001;RISK-001;RISK-002,Relación provisional basada en controles TCDX compartidos y estructura pública; no implica equivalencia jurídica ni certificatoria.,medium,provisional
XW-00373,ISO_IEC_27001_2022-R-093,ISO_IEC_42001_2023-R-019,overlaps,bidirectional_support,DOC-001;REC-001;RISK-001;RISK-002,Relación provisional basada en controles TCDX compartidos y estructura pública; no implica equivalencia jurídica ni certificatoria.,medium,provisional
XW-00374,ISO_IEC_27001_2022-R-093,ISO_IEC_42001_2023-R-025,overlaps,bidirectional_support,DOC-001;REC-001;RISK-001;RISK-002,Relación provisional basada en controles TCDX compartidos y estructura pública; no implica equivalencia jurídica ni certificatoria.,medium,provisional
XW-00375,ISO_IEC_27001_2022-R-094,ISO_IEC_42001_2023-R-013,overlaps,bidirectional_support,DOC-001;REC-001;RISK-001;RISK-002,Relación provisional basada en controles TCDX compartidos y estructura pública; no implica equivalencia jurídica ni certificatoria.,medium,provisional
XW-00376,ISO_IEC_27001_2022-R-094,ISO_IEC_42001_2023-R-019,overlaps,bidirectional_support,DOC-001;REC-001;RISK-001;RISK-002,Relación provisional basada en controles TCDX compartidos y estructura pública; no implica equivalencia jurídica ni certificatoria.,medium,provisional
XW-00377,ISO_IEC_27001_2022-R-094,ISO_IEC_42001_2023-R-025,overlaps,bidirectional_support,DOC-001;REC-001;RISK-001;RISK-002,Relación provisional basada en controles TCDX compartidos y estructura pública; no implica equivalencia jurídica ni certificatoria.,medium,provisional
XW-00378,ISO_IEC_27001_2022-R-095,ISO_IEC_42001_2023-R-013,overlaps,bidirectional_support,DOC-001;REC-001;RISK-001;RISK-002,Relación provisional basada en controles TCDX compartidos y estructura pública; no implica equivalencia jurídica ni certificatoria.,medium,provisional
XW-00379,ISO_IEC_27001_2022-R-095,ISO_IEC_42001_2023-R-019,overlaps,bidirectional_support,DOC-001;REC-001;RISK-001;RISK-002,Relación provisional basada en controles TCDX compartidos y estructura pública; no implica equivalencia jurídica ni certificatoria.,medium,provisional
XW-00380,ISO_IEC_27001_2022-R-095,ISO_IEC_42001_2023-R-025,overlaps,bidirectional_support,DOC-001;REC-001;RISK-001;RISK-002,Relación provisional basada en controles TCDX compartidos y estructura pública; no implica equivalencia jurídica ni certificatoria.,medium,provisional
XW-00381,ISO_IEC_27001_2022-R-096,ISO_IEC_42001_2023-R-013,overlaps,bidirectional_support,DOC-001;REC-001;RISK-001;RISK-002,Relación provisional basada en controles TCDX compartidos y estructura pública; no implica equivalencia jurídica ni certificatoria.,medium,provisional
XW-00382,ISO_IEC_27001_2022-R-096,ISO_IEC_42001_2023-R-019,overlaps,bidirectional_support,DOC-001;REC-001;RISK-001;RISK-002,Relación provisional basada en controles TCDX compartidos y estructura pública; no implica equivalencia jurídica ni certificatoria.,medium,provisional
XW-00383,ISO_IEC_27001_2022-R-096,ISO_IEC_42001_2023-R-025,overlaps,bidirectional_support,DOC-001;REC-001;RISK-001;RISK-002,Relación provisional basada en controles TCDX compartidos y estructura pública; no implica equivalencia jurídica ni certificatoria.,medium,provisional
XW-00384,ISO_IEC_27001_2022-R-097,ISO_IEC_42001_2023-R-013,overlaps,bidirectional_support,DOC-001;REC-001;RISK-001;RISK-002,Relación provisional basada en controles TCDX compartidos y estructura pública; no implica equivalencia jurídica ni certificatoria.,medium,provisional
XW-00385,ISO_IEC_27001_2022-R-097,ISO_IEC_42001_2023-R-019,overlaps,bidirectional_support,DOC-001;REC-001;RISK-001;RISK-002,Relación provisional basada en controles TCDX compartidos y estructura pública; no implica equivalencia jurídica ni certificatoria.,medium,provisional
XW-00386,ISO_IEC_27001_2022-R-097,ISO_IEC_42001_2023-R-025,overlaps,bidirectional_support,DOC-001;REC-001;RISK-001;RISK-002,Relación provisional basada en controles TCDX compartidos y estructura pública; no implica equivalencia jurídica ni certificatoria.,medium,provisional
XW-00387,ISO_IEC_27001_2022-R-098,ISO_IEC_42001_2023-R-013,overlaps,bidirectional_support,DOC-001;REC-001;RISK-001;RISK-002,Relación provisional basada en controles TCDX compartidos y estructura pública; no implica equivalencia jurídica ni certificatoria.,medium,provisional
XW-00388,ISO_IEC_27001_2022-R-098,ISO_IEC_42001_2023-R-019,overlaps,bidirectional_support,DOC-001;REC-001;RISK-001;RISK-002,Relación provisional basada en controles TCDX compartidos y estructura pública; no implica equivalencia jurídica ni certificatoria.,medium,provisional
XW-00389,ISO_IEC_27001_2022-R-098,ISO_IEC_42001_2023-R-025,overlaps,bidirectional_support,DOC-001;REC-001;RISK-001;RISK-002,Relación provisional basada en controles TCDX compartidos y estructura pública; no implica equivalencia jurídica ni certificatoria.,medium,provisional
XW-00390,ISO_IEC_27001_2022-R-099,ISO_IEC_42001_2023-R-013,overlaps,bidirectional_support,DOC-001;REC-001;RISK-001;RISK-002,Relación provisional basada en controles TCDX compartidos y estructura pública; no implica equivalencia jurídica ni certificatoria.,medium,provisional
XW-00391,ISO_IEC_27001_2022-R-099,ISO_IEC_42001_2023-R-019,overlaps,bidirectional_support,DOC-001;REC-001;RISK-001;RISK-002,Relación provisional basada en controles TCDX compartidos y estructura pública; no implica equivalencia jurídica ni certificatoria.,medium,provisional
XW-00392,ISO_IEC_27001_2022-R-099,ISO_IEC_42001_2023-R-025,overlaps,bidirectional_support,DOC-001;REC-001;RISK-001;RISK-002,Relación provisional basada en controles TCDX compartidos y estructura pública; no implica equivalencia jurídica ni certificatoria.,medium,provisional
XW-00393,ISO_IEC_27001_2022-R-100,ISO_IEC_42001_2023-R-013,overlaps,bidirectional_support,DOC-001;REC-001;RISK-001;RISK-002,Relación provisional basada en controles TCDX compartidos y estructura pública; no implica equivalencia jurídica ni certificatoria.,medium,provisional
XW-00394,ISO_IEC_27001_2022-R-100,ISO_IEC_42001_2023-R-019,overlaps,bidirectional_support,DOC-001;REC-001;RISK-001;RISK-002,Relación provisional basada en controles TCDX compartidos y estructura pública; no implica equivalencia jurídica ni certificatoria.,medium,provisional
XW-00395,ISO_IEC_27001_2022-R-100,ISO_IEC_42001_2023-R-025,overlaps,bidirectional_support,DOC-001;REC-001;RISK-001;RISK-002,Relación provisional basada en controles TCDX compartidos y estructura pública; no implica equivalencia jurídica ni certificatoria.,medium,provisional
XW-00396,ISO_IEC_27001_2022-R-001,CL_LEY_21719-R-029,overlaps,bidirectional_support,CTX-001;SCOPE-001,Relación provisional basada en controles TCDX compartidos y estructura pública; no implica equivalencia jurídica ni certificatoria.,medium,provisional
XW-00397,ISO_IEC_27001_2022-R-002,CL_LEY_21719-R-001,overlaps,bidirectional_support,GOV-001;GOV-002,Relación provisional basada en controles TCDX compartidos y estructura pública; no implica equivalencia jurídica ni certificatoria.,medium,provisional
XW-00398,ISO_IEC_27001_2022-R-002,CL_LEY_21719-R-025,overlaps,bidirectional_support,GOV-001;GOV-002,Relación provisional basada en controles TCDX compartidos y estructura pública; no implica equivalencia jurídica ni certificatoria.,medium,provisional
XW-00399,ISO_IEC_27001_2022-R-002,CL_LEY_21719-R-004,supports,source_supports_target,GOV-001,Relación provisional basada en controles TCDX compartidos y estructura pública; no implica equivalencia jurídica ni certificatoria.,medium,provisional
XW-00400,ISO_IEC_27001_2022-R-003,CL_LEY_21719-R-016,overlaps,bidirectional_support,RISK-001;RISK-002,Relación provisional basada en controles TCDX compartidos y estructura pública; no implica equivalencia jurídica ni certificatoria.,medium,provisional
XW-00401,ISO_IEC_27001_2022-R-003,CL_LEY_21719-R-029,overlaps,bidirectional_support,RISK-001;RISK-002,Relación provisional basada en controles TCDX compartidos y estructura pública; no implica equivalencia jurídica ni certificatoria.,medium,provisional
XW-00402,ISO_IEC_27001_2022-R-004,CL_LEY_21719-R-003,overlaps,bidirectional_support,AI-001;COMP-001,Relación provisional basada en controles TCDX compartidos y estructura pública; no implica equivalencia jurídica ni certificatoria.,medium,provisional
XW-00403,ISO_IEC_27001_2022-R-004,CL_LEY_21719-R-012,overlaps,bidirectional_support,DOC-001;REC-001,Relación provisional basada en controles TCDX compartidos y estructura pública; no implica equivalencia jurídica ni certificatoria.,medium,provisional
XW-00404,ISO_IEC_27001_2022-R-004,CL_LEY_21719-R-018,overlaps,bidirectional_support,DOC-001;REC-001,Relación provisional basada en controles TCDX compartidos y estructura pública; no implica equivalencia jurídica ni certificatoria.,medium,provisional
XW-00405,ISO_IEC_27001_2022-R-008,CL_LEY_21719-R-012,overlaps,bidirectional_support,DOC-001;REC-001,Relación provisional basada en controles TCDX compartidos y estructura pública; no implica equivalencia jurídica ni certificatoria.,medium,provisional
XW-00406,ISO_IEC_27001_2022-R-008,CL_LEY_21719-R-016,overlaps,bidirectional_support,RISK-001;RISK-002,Relación provisional basada en controles TCDX compartidos y estructura pública; no implica equivalencia jurídica ni certificatoria.,medium,provisional
XW-00407,ISO_IEC_27001_2022-R-008,CL_LEY_21719-R-018,overlaps,bidirectional_support,DOC-001;REC-001,Relación provisional basada en controles TCDX compartidos y estructura pública; no implica equivalencia jurídica ni certificatoria.,medium,provisional
XW-00408,ISO_IEC_27001_2022-R-009,CL_LEY_21719-R-001,overlaps,bidirectional_support,GOV-001;GOV-002,Relación provisional basada en controles TCDX compartidos y estructura pública; no implica equivalencia jurídica ni certificatoria.,medium,provisional
XW-00409,ISO_IEC_27001_2022-R-009,CL_LEY_21719-R-012,overlaps,bidirectional_support,DOC-001;REC-001,Relación provisional basada en controles TCDX compartidos y estructura pública; no implica equivalencia jurídica ni certificatoria.,medium,provisional
XW-00410,ISO_IEC_27001_2022-R-009,CL_LEY_21719-R-016,overlaps,bidirectional_support,RISK-001;RISK-002,Relación provisional basada en controles TCDX compartidos y estructura pública; no implica equivalencia jurídica ni certificatoria.,medium,provisional
XW-00411,ISO_IEC_27001_2022-R-010,CL_LEY_21719-R-012,overlaps,bidirectional_support,DOC-001;REC-001,Relación provisional basada en controles TCDX compartidos y estructura pública; no implica equivalencia jurídica ni certificatoria.,medium,provisional
XW-00412,ISO_IEC_27001_2022-R-010,CL_LEY_21719-R-016,overlaps,bidirectional_support,RISK-001;RISK-002,Relación provisional basada en controles TCDX compartidos y estructura pública; no implica equivalencia jurídica ni certificatoria.,medium,provisional
XW-00413,ISO_IEC_27001_2022-R-010,CL_LEY_21719-R-018,overlaps,bidirectional_support,DOC-001;REC-001,Relación provisional basada en controles TCDX compartidos y estructura pública; no implica equivalencia jurídica ni certificatoria.,medium,provisional
XW-00414,ISO_IEC_27001_2022-R-011,CL_LEY_21719-R-001,overlaps,bidirectional_support,GOV-001;GOV-002,Relación provisional basada en controles TCDX compartidos y estructura pública; no implica equivalencia jurídica ni certificatoria.,medium,provisional
XW-00415,ISO_IEC_27001_2022-R-011,CL_LEY_21719-R-012,overlaps,bidirectional_support,DOC-001;REC-001,Relación provisional basada en controles TCDX compartidos y estructura pública; no implica equivalencia jurídica ni certificatoria.,medium,provisional
XW-00416,ISO_IEC_27001_2022-R-011,CL_LEY_21719-R-016,overlaps,bidirectional_support,RISK-001;RISK-002,Relación provisional basada en controles TCDX compartidos y estructura pública; no implica equivalencia jurídica ni certificatoria.,medium,provisional
XW-00417,ISO_IEC_27001_2022-R-012,CL_LEY_21719-R-012,overlaps,bidirectional_support,DOC-001;REC-001,Relación provisional basada en controles TCDX compartidos y estructura pública; no implica equivalencia jurídica ni certificatoria.,medium,provisional
XW-00418,ISO_IEC_27001_2022-R-012,CL_LEY_21719-R-016,overlaps,bidirectional_support,RISK-001;RISK-002,Relación provisional basada en controles TCDX compartidos y estructura pública; no implica equivalencia jurídica ni certificatoria.,medium,provisional
XW-00419,ISO_IEC_27001_2022-R-012,CL_LEY_21719-R-018,overlaps,bidirectional_support,DOC-001;REC-001,Relación provisional basada en controles TCDX compartidos y estructura pública; no implica equivalencia jurídica ni certificatoria.,medium,provisional
XW-00420,ISO_IEC_27001_2022-R-013,CL_LEY_21719-R-029,overlaps,bidirectional_support,AI-001;AI-003;RISK-001;RISK-002,Relación provisional basada en controles TCDX compartidos y estructura pública; no implica equivalencia jurídica ni certificatoria.,medium,provisional
XW-00421,ISO_IEC_27001_2022-R-013,CL_LEY_21719-R-016,overlaps,bidirectional_support,AI-001;RISK-001;RISK-002,Relación provisional basada en controles TCDX compartidos y estructura pública; no implica equivalencia jurídica ni certificatoria.,medium,provisional
XW-00422,ISO_IEC_27001_2022-R-013,CL_LEY_21719-R-002,overlaps,bidirectional_support,AI-001;AI-003,Relación provisional basada en controles TCDX compartidos y estructura pública; no implica equivalencia jurídica ni certificatoria.,medium,provisional
XW-00423,ISO_IEC_27001_2022-R-014,CL_LEY_21719-R-029,overlaps,bidirectional_support,AI-001;AI-003;RISK-001;RISK-002,Relación provisional basada en controles TCDX compartidos y estructura pública; no implica equivalencia jurídica ni certificatoria.,medium,provisional
XW-00424,ISO_IEC_27001_2022-R-014,CL_LEY_21719-R-016,overlaps,bidirectional_support,AI-001;RISK-001;RISK-002,Relación provisional basada en controles TCDX compartidos y estructura pública; no implica equivalencia jurídica ni certificatoria.,medium,provisional
XW-00425,ISO_IEC_27001_2022-R-014,CL_LEY_21719-R-002,overlaps,bidirectional_support,AI-001;AI-003,Relación provisional basada en controles TCDX compartidos y estructura pública; no implica equivalencia jurídica ni certificatoria.,medium,provisional
XW-00426,ISO_IEC_27001_2022-R-015,CL_LEY_21719-R-012,overlaps,bidirectional_support,DOC-001;REC-001,Relación provisional basada en controles TCDX compartidos y estructura pública; no implica equivalencia jurídica ni certificatoria.,medium,provisional
XW-00427,ISO_IEC_27001_2022-R-015,CL_LEY_21719-R-016,overlaps,bidirectional_support,RISK-001;RISK-002,Relación provisional basada en controles TCDX compartidos y estructura pública; no implica equivalencia jurídica ni certificatoria.,medium,provisional
XW-00428,ISO_IEC_27001_2022-R-015,CL_LEY_21719-R-018,overlaps,bidirectional_support,DOC-001;REC-001,Relación provisional basada en controles TCDX compartidos y estructura pública; no implica equivalencia jurídica ni certificatoria.,medium,provisional
XW-00429,ISO_IEC_27001_2022-R-016,CL_LEY_21719-R-012,overlaps,bidirectional_support,DOC-001;REC-001,Relación provisional basada en controles TCDX compartidos y estructura pública; no implica equivalencia jurídica ni certificatoria.,medium,provisional
XW-00430,ISO_IEC_27001_2022-R-016,CL_LEY_21719-R-016,overlaps,bidirectional_support,RISK-001;RISK-002,Relación provisional basada en controles TCDX compartidos y estructura pública; no implica equivalencia jurídica ni certificatoria.,medium,provisional
XW-00431,ISO_IEC_27001_2022-R-016,CL_LEY_21719-R-018,overlaps,bidirectional_support,DOC-001;REC-001,Relación provisional basada en controles TCDX compartidos y estructura pública; no implica equivalencia jurídica ni certificatoria.,medium,provisional
XW-00432,ISO_IEC_27001_2022-R-017,CL_LEY_21719-R-012,overlaps,bidirectional_support,DOC-001;REC-001,Relación provisional basada en controles TCDX compartidos y estructura pública; no implica equivalencia jurídica ni certificatoria.,medium,provisional
XW-00433,ISO_IEC_27001_2022-R-017,CL_LEY_21719-R-016,overlaps,bidirectional_support,RISK-001;RISK-002,Relación provisional basada en controles TCDX compartidos y estructura pública; no implica equivalencia jurídica ni certificatoria.,medium,provisional
XW-00434,ISO_IEC_27001_2022-R-017,CL_LEY_21719-R-018,overlaps,bidirectional_support,DOC-001;REC-001,Relación provisional basada en controles TCDX compartidos y estructura pública; no implica equivalencia jurídica ni certificatoria.,medium,provisional
XW-00435,ISO_IEC_27001_2022-R-018,CL_LEY_21719-R-012,overlaps,bidirectional_support,DOC-001;REC-001,Relación provisional basada en controles TCDX compartidos y estructura pública; no implica equivalencia jurídica ni certificatoria.,medium,provisional
XW-00436,ISO_IEC_27001_2022-R-018,CL_LEY_21719-R-016,overlaps,bidirectional_support,RISK-001;RISK-002,Relación provisional basada en controles TCDX compartidos y estructura pública; no implica equivalencia jurídica ni certificatoria.,medium,provisional
XW-00437,ISO_IEC_27001_2022-R-018,CL_LEY_21719-R-018,overlaps,bidirectional_support,DOC-001;REC-001,Relación provisional basada en controles TCDX compartidos y estructura pública; no implica equivalencia jurídica ni certificatoria.,medium,provisional
XW-00438,ISO_IEC_27001_2022-R-019,CL_LEY_21719-R-012,overlaps,bidirectional_support,DOC-001;REC-001,Relación provisional basada en controles TCDX compartidos y estructura pública; no implica equivalencia jurídica ni certificatoria.,medium,provisional
XW-00439,ISO_IEC_27001_2022-R-019,CL_LEY_21719-R-016,overlaps,bidirectional_support,RISK-001;RISK-002,Relación provisional basada en controles TCDX compartidos y estructura pública; no implica equivalencia jurídica ni certificatoria.,medium,provisional
XW-00440,ISO_IEC_27001_2022-R-019,CL_LEY_21719-R-018,overlaps,bidirectional_support,DOC-001;REC-001,Relación provisional basada en controles TCDX compartidos y estructura pública; no implica equivalencia jurídica ni certificatoria.,medium,provisional
XW-00441,ISO_IEC_27001_2022-R-020,CL_LEY_21719-R-012,overlaps,bidirectional_support,DOC-001;REC-001,Relación provisional basada en controles TCDX compartidos y estructura pública; no implica equivalencia jurídica ni certificatoria.,medium,provisional
XW-00442,ISO_IEC_27001_2022-R-020,CL_LEY_21719-R-016,overlaps,bidirectional_support,RISK-001;RISK-002,Relación provisional basada en controles TCDX compartidos y estructura pública; no implica equivalencia jurídica ni certificatoria.,medium,provisional
XW-00443,ISO_IEC_27001_2022-R-020,CL_LEY_21719-R-018,overlaps,bidirectional_support,DOC-001;REC-001,Relación provisional basada en controles TCDX compartidos y estructura pública; no implica equivalencia jurídica ni certificatoria.,medium,provisional
XW-00444,ISO_IEC_27001_2022-R-021,CL_LEY_21719-R-003,overlaps,bidirectional_support,COMP-001;TRANSFER-001,Relación provisional basada en controles TCDX compartidos y estructura pública; no implica equivalencia jurídica ni certificatoria.,medium,provisional
XW-00445,ISO_IEC_27001_2022-R-021,CL_LEY_21719-R-012,overlaps,bidirectional_support,DOC-001;REC-001,Relación provisional basada en controles TCDX compartidos y estructura pública; no implica equivalencia jurídica ni certificatoria.,medium,provisional
XW-00446,ISO_IEC_27001_2022-R-021,CL_LEY_21719-R-016,overlaps,bidirectional_support,RISK-001;RISK-002,Relación provisional basada en controles TCDX compartidos y estructura pública; no implica equivalencia jurídica ni certificatoria.,medium,provisional
XW-00447,ISO_IEC_27001_2022-R-022,CL_LEY_21719-R-016,overlaps,bidirectional_support,ACCESS-001;ACCESS-002;RISK-001;RISK-002,Relación provisional basada en controles TCDX compartidos y estructura pública; no implica equivalencia jurídica ni certificatoria.,medium,provisional
XW-00448,ISO_IEC_27001_2022-R-022,CL_LEY_21719-R-002,overlaps,bidirectional_support,ACCESS-001;ACCESS-002,Relación provisional basada en controles TCDX compartidos y estructura pública; no implica equivalencia jurídica ni certificatoria.,medium,provisional
XW-00449,ISO_IEC_27001_2022-R-022,CL_LEY_21719-R-012,overlaps,bidirectional_support,DOC-001;REC-001,Relación provisional basada en controles TCDX compartidos y estructura pública; no implica equivalencia jurídica ni certificatoria.,medium,provisional
XW-00450,ISO_IEC_27001_2022-R-023,CL_LEY_21719-R-012,overlaps,bidirectional_support,DOC-001;REC-001,Relación provisional basada en controles TCDX compartidos y estructura pública; no implica equivalencia jurídica ni certificatoria.,medium,provisional
XW-00451,ISO_IEC_27001_2022-R-023,CL_LEY_21719-R-016,overlaps,bidirectional_support,RISK-001;RISK-002,Relación provisional basada en controles TCDX compartidos y estructura pública; no implica equivalencia jurídica ni certificatoria.,medium,provisional
XW-00452,ISO_IEC_27001_2022-R-023,CL_LEY_21719-R-018,overlaps,bidirectional_support,DOC-001;REC-001,Relación provisional basada en controles TCDX compartidos y estructura pública; no implica equivalencia jurídica ni certificatoria.,medium,provisional
XW-00453,ISO_IEC_27001_2022-R-024,CL_LEY_21719-R-012,overlaps,bidirectional_support,DOC-001;REC-001,Relación provisional basada en controles TCDX compartidos y estructura pública; no implica equivalencia jurídica ni certificatoria.,medium,provisional
XW-00454,ISO_IEC_27001_2022-R-024,CL_LEY_21719-R-016,overlaps,bidirectional_support,RISK-001;RISK-002,Relación provisional basada en controles TCDX compartidos y estructura pública; no implica equivalencia jurídica ni certificatoria.,medium,provisional
XW-00455,ISO_IEC_27001_2022-R-024,CL_LEY_21719-R-018,overlaps,bidirectional_support,DOC-001;REC-001,Relación provisional basada en controles TCDX compartidos y estructura pública; no implica equivalencia jurídica ni certificatoria.,medium,provisional
XW-00456,ISO_IEC_27001_2022-R-025,CL_LEY_21719-R-016,overlaps,bidirectional_support,ACCESS-001;ACCESS-002;RISK-001;RISK-002,Relación provisional basada en controles TCDX compartidos y estructura pública; no implica equivalencia jurídica ni certificatoria.,medium,provisional
XW-00457,ISO_IEC_27001_2022-R-025,CL_LEY_21719-R-002,overlaps,bidirectional_support,ACCESS-001;ACCESS-002,Relación provisional basada en controles TCDX compartidos y estructura pública; no implica equivalencia jurídica ni certificatoria.,medium,provisional
XW-00458,ISO_IEC_27001_2022-R-025,CL_LEY_21719-R-012,overlaps,bidirectional_support,DOC-001;REC-001,Relación provisional basada en controles TCDX compartidos y estructura pública; no implica equivalencia jurídica ni certificatoria.,medium,provisional
XW-00459,ISO_IEC_27001_2022-R-026,CL_LEY_21719-R-012,overlaps,bidirectional_support,DOC-001;REC-001,Relación provisional basada en controles TCDX compartidos y estructura pública; no implica equivalencia jurídica ni certificatoria.,medium,provisional
XW-00460,ISO_IEC_27001_2022-R-026,CL_LEY_21719-R-016,overlaps,bidirectional_support,RISK-001;RISK-002,Relación provisional basada en controles TCDX compartidos y estructura pública; no implica equivalencia jurídica ni certificatoria.,medium,provisional
XW-00461,ISO_IEC_27001_2022-R-026,CL_LEY_21719-R-018,overlaps,bidirectional_support,DOC-001;REC-001,Relación provisional basada en controles TCDX compartidos y estructura pública; no implica equivalencia jurídica ni certificatoria.,medium,provisional
XW-00462,ISO_IEC_27001_2022-R-027,CL_LEY_21719-R-012,overlaps,bidirectional_support,DOC-001;REC-001,Relación provisional basada en controles TCDX compartidos y estructura pública; no implica equivalencia jurídica ni certificatoria.,medium,provisional
XW-00463,ISO_IEC_27001_2022-R-027,CL_LEY_21719-R-016,overlaps,bidirectional_support,RISK-001;RISK-002,Relación provisional basada en controles TCDX compartidos y estructura pública; no implica equivalencia jurídica ni certificatoria.,medium,provisional
XW-00464,ISO_IEC_27001_2022-R-027,CL_LEY_21719-R-018,overlaps,bidirectional_support,DOC-001;REC-001,Relación provisional basada en controles TCDX compartidos y estructura pública; no implica equivalencia jurídica ni certificatoria.,medium,provisional
XW-00465,ISO_IEC_27001_2022-R-028,CL_LEY_21719-R-012,overlaps,bidirectional_support,DOC-001;REC-001,Relación provisional basada en controles TCDX compartidos y estructura pública; no implica equivalencia jurídica ni certificatoria.,medium,provisional
XW-00466,ISO_IEC_27001_2022-R-028,CL_LEY_21719-R-016,overlaps,bidirectional_support,RISK-001;RISK-002,Relación provisional basada en controles TCDX compartidos y estructura pública; no implica equivalencia jurídica ni certificatoria.,medium,provisional
XW-00467,ISO_IEC_27001_2022-R-028,CL_LEY_21719-R-018,overlaps,bidirectional_support,DOC-001;REC-001,Relación provisional basada en controles TCDX compartidos y estructura pública; no implica equivalencia jurídica ni certificatoria.,medium,provisional
XW-00468,ISO_IEC_27001_2022-R-029,CL_LEY_21719-R-012,overlaps,bidirectional_support,DOC-001;REC-001,Relación provisional basada en controles TCDX compartidos y estructura pública; no implica equivalencia jurídica ni certificatoria.,medium,provisional
XW-00469,ISO_IEC_27001_2022-R-029,CL_LEY_21719-R-016,overlaps,bidirectional_support,RISK-001;RISK-002,Relación provisional basada en controles TCDX compartidos y estructura pública; no implica equivalencia jurídica ni certificatoria.,medium,provisional
XW-00470,ISO_IEC_27001_2022-R-029,CL_LEY_21719-R-018,overlaps,bidirectional_support,DOC-001;REC-001,Relación provisional basada en controles TCDX compartidos y estructura pública; no implica equivalencia jurídica ni certificatoria.,medium,provisional
XW-00471,ISO_IEC_27001_2022-R-030,CL_LEY_21719-R-012,overlaps,bidirectional_support,DOC-001;REC-001,Relación provisional basada en controles TCDX compartidos y estructura pública; no implica equivalencia jurídica ni certificatoria.,medium,provisional
XW-00472,ISO_IEC_27001_2022-R-030,CL_LEY_21719-R-016,overlaps,bidirectional_support,RISK-001;RISK-002,Relación provisional basada en controles TCDX compartidos y estructura pública; no implica equivalencia jurídica ni certificatoria.,medium,provisional
XW-00473,ISO_IEC_27001_2022-R-030,CL_LEY_21719-R-018,overlaps,bidirectional_support,DOC-001;REC-001,Relación provisional basada en controles TCDX compartidos y estructura pública; no implica equivalencia jurídica ni certificatoria.,medium,provisional
XW-00474,ISO_IEC_27001_2022-R-031,CL_LEY_21719-R-012,overlaps,bidirectional_support,DOC-001;REC-001,Relación provisional basada en controles TCDX compartidos y estructura pública; no implica equivalencia jurídica ni certificatoria.,medium,provisional
XW-00475,ISO_IEC_27001_2022-R-031,CL_LEY_21719-R-016,overlaps,bidirectional_support,RISK-001;RISK-002,Relación provisional basada en controles TCDX compartidos y estructura pública; no implica equivalencia jurídica ni certificatoria.,medium,provisional
XW-00476,ISO_IEC_27001_2022-R-031,CL_LEY_21719-R-018,overlaps,bidirectional_support,DOC-001;REC-001,Relación provisional basada en controles TCDX compartidos y estructura pública; no implica equivalencia jurídica ni certificatoria.,medium,provisional
XW-00477,ISO_IEC_27001_2022-R-032,CL_LEY_21719-R-012,overlaps,bidirectional_support,DOC-001;REC-001,Relación provisional basada en controles TCDX compartidos y estructura pública; no implica equivalencia jurídica ni certificatoria.,medium,provisional
XW-00478,ISO_IEC_27001_2022-R-032,CL_LEY_21719-R-016,overlaps,bidirectional_support,RISK-001;RISK-002,Relación provisional basada en controles TCDX compartidos y estructura pública; no implica equivalencia jurídica ni certificatoria.,medium,provisional
XW-00479,ISO_IEC_27001_2022-R-032,CL_LEY_21719-R-018,overlaps,bidirectional_support,DOC-001;REC-001,Relación provisional basada en controles TCDX compartidos y estructura pública; no implica equivalencia jurídica ni certificatoria.,medium,provisional
XW-00480,ISO_IEC_27001_2022-R-033,CL_LEY_21719-R-012,overlaps,bidirectional_support,DOC-001;REC-001,Relación provisional basada en controles TCDX compartidos y estructura pública; no implica equivalencia jurídica ni certificatoria.,medium,provisional
XW-00481,ISO_IEC_27001_2022-R-033,CL_LEY_21719-R-016,overlaps,bidirectional_support,RISK-001;RISK-002,Relación provisional basada en controles TCDX compartidos y estructura pública; no implica equivalencia jurídica ni certificatoria.,medium,provisional
XW-00482,ISO_IEC_27001_2022-R-033,CL_LEY_21719-R-018,overlaps,bidirectional_support,DOC-001;REC-001,Relación provisional basada en controles TCDX compartidos y estructura pública; no implica equivalencia jurídica ni certificatoria.,medium,provisional
XW-00483,ISO_IEC_27001_2022-R-034,CL_LEY_21719-R-012,overlaps,bidirectional_support,DOC-001;REC-001,Relación provisional basada en controles TCDX compartidos y estructura pública; no implica equivalencia jurídica ni certificatoria.,medium,provisional
XW-00484,ISO_IEC_27001_2022-R-034,CL_LEY_21719-R-016,overlaps,bidirectional_support,RISK-001;RISK-002,Relación provisional basada en controles TCDX compartidos y estructura pública; no implica equivalencia jurídica ni certificatoria.,medium,provisional
XW-00485,ISO_IEC_27001_2022-R-034,CL_LEY_21719-R-018,overlaps,bidirectional_support,DOC-001;REC-001,Relación provisional basada en controles TCDX compartidos y estructura pública; no implica equivalencia jurídica ni certificatoria.,medium,provisional
XW-00486,ISO_IEC_27001_2022-R-035,CL_LEY_21719-R-016,overlaps,bidirectional_support,AI-001;RISK-001;RISK-002,Relación provisional basada en controles TCDX compartidos y estructura pública; no implica equivalencia jurídica ni certificatoria.,medium,provisional
XW-00487,ISO_IEC_27001_2022-R-035,CL_LEY_21719-R-029,overlaps,bidirectional_support,AI-001;RISK-001;RISK-002,Relación provisional basada en controles TCDX compartidos y estructura pública; no implica equivalencia jurídica ni certificatoria.,medium,provisional
XW-00488,ISO_IEC_27001_2022-R-035,CL_LEY_21719-R-012,overlaps,bidirectional_support,DOC-001;REC-001,Relación provisional basada en controles TCDX compartidos y estructura pública; no implica equivalencia jurídica ni certificatoria.,medium,provisional
XW-00489,ISO_IEC_27001_2022-R-036,CL_LEY_21719-R-012,overlaps,bidirectional_support,DOC-001;REC-001,Relación provisional basada en controles TCDX compartidos y estructura pública; no implica equivalencia jurídica ni certificatoria.,medium,provisional
XW-00490,ISO_IEC_27001_2022-R-036,CL_LEY_21719-R-016,overlaps,bidirectional_support,RISK-001;RISK-002,Relación provisional basada en controles TCDX compartidos y estructura pública; no implica equivalencia jurídica ni certificatoria.,medium,provisional
XW-00491,ISO_IEC_27001_2022-R-036,CL_LEY_21719-R-018,overlaps,bidirectional_support,DOC-001;REC-001,Relación provisional basada en controles TCDX compartidos y estructura pública; no implica equivalencia jurídica ni certificatoria.,medium,provisional
XW-00492,ISO_IEC_27001_2022-R-037,CL_LEY_21719-R-016,overlaps,bidirectional_support,BCM-001;RISK-001;RISK-002,Relación provisional basada en controles TCDX compartidos y estructura pública; no implica equivalencia jurídica ni certificatoria.,medium,provisional
XW-00493,ISO_IEC_27001_2022-R-037,CL_LEY_21719-R-012,overlaps,bidirectional_support,DOC-001;REC-001,Relación provisional basada en controles TCDX compartidos y estructura pública; no implica equivalencia jurídica ni certificatoria.,medium,provisional
XW-00494,ISO_IEC_27001_2022-R-037,CL_LEY_21719-R-018,overlaps,bidirectional_support,DOC-001;REC-001,Relación provisional basada en controles TCDX compartidos y estructura pública; no implica equivalencia jurídica ni certificatoria.,medium,provisional
XW-00495,ISO_IEC_27001_2022-R-038,CL_LEY_21719-R-012,overlaps,bidirectional_support,DOC-001;REC-001,Relación provisional basada en controles TCDX compartidos y estructura pública; no implica equivalencia jurídica ni certificatoria.,medium,provisional
XW-00496,ISO_IEC_27001_2022-R-038,CL_LEY_21719-R-016,overlaps,bidirectional_support,RISK-001;RISK-002,Relación provisional basada en controles TCDX compartidos y estructura pública; no implica equivalencia jurídica ni certificatoria.,medium,provisional
XW-00497,ISO_IEC_27001_2022-R-038,CL_LEY_21719-R-018,overlaps,bidirectional_support,DOC-001;REC-001,Relación provisional basada en controles TCDX compartidos y estructura pública; no implica equivalencia jurídica ni certificatoria.,medium,provisional
XW-00498,ISO_IEC_27001_2022-R-039,CL_LEY_21719-R-012,overlaps,bidirectional_support,DOC-001;REC-001,Relación provisional basada en controles TCDX compartidos y estructura pública; no implica equivalencia jurídica ni certificatoria.,medium,provisional
XW-00499,ISO_IEC_27001_2022-R-039,CL_LEY_21719-R-016,overlaps,bidirectional_support,RISK-001;RISK-002,Relación provisional basada en controles TCDX compartidos y estructura pública; no implica equivalencia jurídica ni certificatoria.,medium,provisional
XW-00500,ISO_IEC_27001_2022-R-039,CL_LEY_21719-R-018,overlaps,bidirectional_support,DOC-001;REC-001,Relación provisional basada en controles TCDX compartidos y estructura pública; no implica equivalencia jurídica ni certificatoria.,medium,provisional
XW-00501,ISO_IEC_27001_2022-R-040,CL_LEY_21719-R-012,overlaps,bidirectional_support,DOC-001;REC-001,Relación provisional basada en controles TCDX compartidos y estructura pública; no implica equivalencia jurídica ni certificatoria.,medium,provisional
XW-00502,ISO_IEC_27001_2022-R-040,CL_LEY_21719-R-016,overlaps,bidirectional_support,RISK-001;RISK-002,Relación provisional basada en controles TCDX compartidos y estructura pública; no implica equivalencia jurídica ni certificatoria.,medium,provisional
XW-00503,ISO_IEC_27001_2022-R-040,CL_LEY_21719-R-018,overlaps,bidirectional_support,DOC-001;REC-001,Relación provisional basada en controles TCDX compartidos y estructura pública; no implica equivalencia jurídica ni certificatoria.,medium,provisional
XW-00504,ISO_IEC_27001_2022-R-041,CL_LEY_21719-R-012,overlaps,bidirectional_support,DOC-001;REC-001,Relación provisional basada en controles TCDX compartidos y estructura pública; no implica equivalencia jurídica ni certificatoria.,medium,provisional
XW-00505,ISO_IEC_27001_2022-R-041,CL_LEY_21719-R-016,overlaps,bidirectional_support,RISK-001;RISK-002,Relación provisional basada en controles TCDX compartidos y estructura pública; no implica equivalencia jurídica ni certificatoria.,medium,provisional
XW-00506,ISO_IEC_27001_2022-R-041,CL_LEY_21719-R-018,overlaps,bidirectional_support,DOC-001;REC-001,Relación provisional basada en controles TCDX compartidos y estructura pública; no implica equivalencia jurídica ni certificatoria.,medium,provisional
XW-00507,ISO_IEC_27001_2022-R-042,CL_LEY_21719-R-012,overlaps,bidirectional_support,DOC-001;REC-001,Relación provisional basada en controles TCDX compartidos y estructura pública; no implica equivalencia jurídica ni certificatoria.,medium,provisional
XW-00508,ISO_IEC_27001_2022-R-042,CL_LEY_21719-R-016,overlaps,bidirectional_support,RISK-001;RISK-002,Relación provisional basada en controles TCDX compartidos y estructura pública; no implica equivalencia jurídica ni certificatoria.,medium,provisional
XW-00509,ISO_IEC_27001_2022-R-042,CL_LEY_21719-R-018,overlaps,bidirectional_support,DOC-001;REC-001,Relación provisional basada en controles TCDX compartidos y estructura pública; no implica equivalencia jurídica ni certificatoria.,medium,provisional
XW-00510,ISO_IEC_27001_2022-R-043,CL_LEY_21719-R-012,overlaps,bidirectional_support,DOC-001;REC-001,Relación provisional basada en controles TCDX compartidos y estructura pública; no implica equivalencia jurídica ni certificatoria.,medium,provisional
XW-00511,ISO_IEC_27001_2022-R-043,CL_LEY_21719-R-016,overlaps,bidirectional_support,RISK-001;RISK-002,Relación provisional basada en controles TCDX compartidos y estructura pública; no implica equivalencia jurídica ni certificatoria.,medium,provisional
XW-00512,ISO_IEC_27001_2022-R-043,CL_LEY_21719-R-018,overlaps,bidirectional_support,DOC-001;REC-001,Relación provisional basada en controles TCDX compartidos y estructura pública; no implica equivalencia jurídica ni certificatoria.,medium,provisional
XW-00513,ISO_IEC_27001_2022-R-044,CL_LEY_21719-R-012,overlaps,bidirectional_support,DOC-001;REC-001,Relación provisional basada en controles TCDX compartidos y estructura pública; no implica equivalencia jurídica ni certificatoria.,medium,provisional
XW-00514,ISO_IEC_27001_2022-R-044,CL_LEY_21719-R-016,overlaps,bidirectional_support,RISK-001;RISK-002,Relación provisional basada en controles TCDX compartidos y estructura pública; no implica equivalencia jurídica ni certificatoria.,medium,provisional
XW-00515,ISO_IEC_27001_2022-R-044,CL_LEY_21719-R-018,overlaps,bidirectional_support,DOC-001;REC-001,Relación provisional basada en controles TCDX compartidos y estructura pública; no implica equivalencia jurídica ni certificatoria.,medium,provisional
XW-00516,ISO_IEC_27001_2022-R-045,CL_LEY_21719-R-012,overlaps,bidirectional_support,DOC-001;REC-001,Relación provisional basada en controles TCDX compartidos y estructura pública; no implica equivalencia jurídica ni certificatoria.,medium,provisional
XW-00517,ISO_IEC_27001_2022-R-045,CL_LEY_21719-R-016,overlaps,bidirectional_support,RISK-001;RISK-002,Relación provisional basada en controles TCDX compartidos y estructura pública; no implica equivalencia jurídica ni certificatoria.,medium,provisional
XW-00518,ISO_IEC_27001_2022-R-045,CL_LEY_21719-R-018,overlaps,bidirectional_support,DOC-001;REC-001,Relación provisional basada en controles TCDX compartidos y estructura pública; no implica equivalencia jurídica ni certificatoria.,medium,provisional
XW-00519,ISO_IEC_27001_2022-R-046,CL_LEY_21719-R-012,overlaps,bidirectional_support,DOC-001;REC-001,Relación provisional basada en controles TCDX compartidos y estructura pública; no implica equivalencia jurídica ni certificatoria.,medium,provisional
XW-00520,ISO_IEC_27001_2022-R-046,CL_LEY_21719-R-016,overlaps,bidirectional_support,RISK-001;RISK-002,Relación provisional basada en controles TCDX compartidos y estructura pública; no implica equivalencia jurídica ni certificatoria.,medium,provisional
XW-00521,ISO_IEC_27001_2022-R-046,CL_LEY_21719-R-018,overlaps,bidirectional_support,DOC-001;REC-001,Relación provisional basada en controles TCDX compartidos y estructura pública; no implica equivalencia jurídica ni certificatoria.,medium,provisional
XW-00522,ISO_IEC_27001_2022-R-047,CL_LEY_21719-R-012,overlaps,bidirectional_support,DOC-001;REC-001,Relación provisional basada en controles TCDX compartidos y estructura pública; no implica equivalencia jurídica ni certificatoria.,medium,provisional
XW-00523,ISO_IEC_27001_2022-R-047,CL_LEY_21719-R-016,overlaps,bidirectional_support,RISK-001;RISK-002,Relación provisional basada en controles TCDX compartidos y estructura pública; no implica equivalencia jurídica ni certificatoria.,medium,provisional
XW-00524,ISO_IEC_27001_2022-R-047,CL_LEY_21719-R-018,overlaps,bidirectional_support,DOC-001;REC-001,Relación provisional basada en controles TCDX compartidos y estructura pública; no implica equivalencia jurídica ni certificatoria.,medium,provisional
XW-00525,ISO_IEC_27001_2022-R-048,CL_LEY_21719-R-012,overlaps,bidirectional_support,DOC-001;REC-001,Relación provisional basada en controles TCDX compartidos y estructura pública; no implica equivalencia jurídica ni certificatoria.,medium,provisional
XW-00526,ISO_IEC_27001_2022-R-048,CL_LEY_21719-R-016,overlaps,bidirectional_support,RISK-001;RISK-002,Relación provisional basada en controles TCDX compartidos y estructura pública; no implica equivalencia jurídica ni certificatoria.,medium,provisional
XW-00527,ISO_IEC_27001_2022-R-048,CL_LEY_21719-R-018,overlaps,bidirectional_support,DOC-001;REC-001,Relación provisional basada en controles TCDX compartidos y estructura pública; no implica equivalencia jurídica ni certificatoria.,medium,provisional
XW-00528,ISO_IEC_27001_2022-R-049,CL_LEY_21719-R-001,overlaps,bidirectional_support,GOV-001;GOV-002,Relación provisional basada en controles TCDX compartidos y estructura pública; no implica equivalencia jurídica ni certificatoria.,medium,provisional
XW-00529,ISO_IEC_27001_2022-R-049,CL_LEY_21719-R-012,overlaps,bidirectional_support,DOC-001;REC-001,Relación provisional basada en controles TCDX compartidos y estructura pública; no implica equivalencia jurídica ni certificatoria.,medium,provisional
XW-00530,ISO_IEC_27001_2022-R-049,CL_LEY_21719-R-016,overlaps,bidirectional_support,RISK-001;RISK-002,Relación provisional basada en controles TCDX compartidos y estructura pública; no implica equivalencia jurídica ni certificatoria.,medium,provisional
XW-00531,ISO_IEC_27001_2022-R-050,CL_LEY_21719-R-029,overlaps,bidirectional_support,AI-001;AI-003;RISK-001;RISK-002,Relación provisional basada en controles TCDX compartidos y estructura pública; no implica equivalencia jurídica ni certificatoria.,medium,provisional
XW-00532,ISO_IEC_27001_2022-R-050,CL_LEY_21719-R-016,overlaps,bidirectional_support,AI-001;RISK-001;RISK-002,Relación provisional basada en controles TCDX compartidos y estructura pública; no implica equivalencia jurídica ni certificatoria.,medium,provisional
XW-00533,ISO_IEC_27001_2022-R-050,CL_LEY_21719-R-002,overlaps,bidirectional_support,AI-001;AI-003,Relación provisional basada en controles TCDX compartidos y estructura pública; no implica equivalencia jurídica ni certificatoria.,medium,provisional
XW-00534,ISO_IEC_27001_2022-R-051,CL_LEY_21719-R-012,overlaps,bidirectional_support,DOC-001;REC-001,Relación provisional basada en controles TCDX compartidos y estructura pública; no implica equivalencia jurídica ni certificatoria.,medium,provisional
XW-00535,ISO_IEC_27001_2022-R-051,CL_LEY_21719-R-016,overlaps,bidirectional_support,RISK-001;RISK-002,Relación provisional basada en controles TCDX compartidos y estructura pública; no implica equivalencia jurídica ni certificatoria.,medium,provisional
XW-00536,ISO_IEC_27001_2022-R-051,CL_LEY_21719-R-018,overlaps,bidirectional_support,DOC-001;REC-001,Relación provisional basada en controles TCDX compartidos y estructura pública; no implica equivalencia jurídica ni certificatoria.,medium,provisional
XW-00537,ISO_IEC_27001_2022-R-052,CL_LEY_21719-R-012,overlaps,bidirectional_support,DOC-001;REC-001,Relación provisional basada en controles TCDX compartidos y estructura pública; no implica equivalencia jurídica ni certificatoria.,medium,provisional
XW-00538,ISO_IEC_27001_2022-R-052,CL_LEY_21719-R-016,overlaps,bidirectional_support,RISK-001;RISK-002,Relación provisional basada en controles TCDX compartidos y estructura pública; no implica equivalencia jurídica ni certificatoria.,medium,provisional
XW-00539,ISO_IEC_27001_2022-R-052,CL_LEY_21719-R-018,overlaps,bidirectional_support,DOC-001;REC-001,Relación provisional basada en controles TCDX compartidos y estructura pública; no implica equivalencia jurídica ni certificatoria.,medium,provisional
XW-00540,ISO_IEC_27001_2022-R-053,CL_LEY_21719-R-012,overlaps,bidirectional_support,DOC-001;REC-001,Relación provisional basada en controles TCDX compartidos y estructura pública; no implica equivalencia jurídica ni certificatoria.,medium,provisional
XW-00541,ISO_IEC_27001_2022-R-053,CL_LEY_21719-R-016,overlaps,bidirectional_support,RISK-001;RISK-002,Relación provisional basada en controles TCDX compartidos y estructura pública; no implica equivalencia jurídica ni certificatoria.,medium,provisional
XW-00542,ISO_IEC_27001_2022-R-053,CL_LEY_21719-R-018,overlaps,bidirectional_support,DOC-001;REC-001,Relación provisional basada en controles TCDX compartidos y estructura pública; no implica equivalencia jurídica ni certificatoria.,medium,provisional
XW-00543,ISO_IEC_27001_2022-R-054,CL_LEY_21719-R-012,overlaps,bidirectional_support,DOC-001;REC-001,Relación provisional basada en controles TCDX compartidos y estructura pública; no implica equivalencia jurídica ni certificatoria.,medium,provisional
XW-00544,ISO_IEC_27001_2022-R-054,CL_LEY_21719-R-016,overlaps,bidirectional_support,RISK-001;RISK-002,Relación provisional basada en controles TCDX compartidos y estructura pública; no implica equivalencia jurídica ni certificatoria.,medium,provisional
XW-00545,ISO_IEC_27001_2022-R-054,CL_LEY_21719-R-018,overlaps,bidirectional_support,DOC-001;REC-001,Relación provisional basada en controles TCDX compartidos y estructura pública; no implica equivalencia jurídica ni certificatoria.,medium,provisional
XW-00546,ISO_IEC_27001_2022-R-055,CL_LEY_21719-R-012,overlaps,bidirectional_support,DOC-001;REC-001,Relación provisional basada en controles TCDX compartidos y estructura pública; no implica equivalencia jurídica ni certificatoria.,medium,provisional
XW-00547,ISO_IEC_27001_2022-R-055,CL_LEY_21719-R-016,overlaps,bidirectional_support,RISK-001;RISK-002,Relación provisional basada en controles TCDX compartidos y estructura pública; no implica equivalencia jurídica ni certificatoria.,medium,provisional
XW-00548,ISO_IEC_27001_2022-R-055,CL_LEY_21719-R-018,overlaps,bidirectional_support,DOC-001;REC-001,Relación provisional basada en controles TCDX compartidos y estructura pública; no implica equivalencia jurídica ni certificatoria.,medium,provisional
XW-00549,ISO_IEC_27001_2022-R-056,CL_LEY_21719-R-012,overlaps,bidirectional_support,DOC-001;REC-001,Relación provisional basada en controles TCDX compartidos y estructura pública; no implica equivalencia jurídica ni certificatoria.,medium,provisional
XW-00550,ISO_IEC_27001_2022-R-056,CL_LEY_21719-R-016,overlaps,bidirectional_support,RISK-001;RISK-002,Relación provisional basada en controles TCDX compartidos y estructura pública; no implica equivalencia jurídica ni certificatoria.,medium,provisional
XW-00551,ISO_IEC_27001_2022-R-056,CL_LEY_21719-R-018,overlaps,bidirectional_support,DOC-001;REC-001,Relación provisional basada en controles TCDX compartidos y estructura pública; no implica equivalencia jurídica ni certificatoria.,medium,provisional
XW-00552,ISO_IEC_27001_2022-R-057,CL_LEY_21719-R-012,overlaps,bidirectional_support,DOC-001;REC-001,Relación provisional basada en controles TCDX compartidos y estructura pública; no implica equivalencia jurídica ni certificatoria.,medium,provisional
XW-00553,ISO_IEC_27001_2022-R-057,CL_LEY_21719-R-016,overlaps,bidirectional_support,RISK-001;RISK-002,Relación provisional basada en controles TCDX compartidos y estructura pública; no implica equivalencia jurídica ni certificatoria.,medium,provisional
XW-00554,ISO_IEC_27001_2022-R-057,CL_LEY_21719-R-018,overlaps,bidirectional_support,DOC-001;REC-001,Relación provisional basada en controles TCDX compartidos y estructura pública; no implica equivalencia jurídica ni certificatoria.,medium,provisional
XW-00555,ISO_IEC_27001_2022-R-058,CL_LEY_21719-R-012,overlaps,bidirectional_support,DOC-001;REC-001,Relación provisional basada en controles TCDX compartidos y estructura pública; no implica equivalencia jurídica ni certificatoria.,medium,provisional
XW-00556,ISO_IEC_27001_2022-R-058,CL_LEY_21719-R-016,overlaps,bidirectional_support,RISK-001;RISK-002,Relación provisional basada en controles TCDX compartidos y estructura pública; no implica equivalencia jurídica ni certificatoria.,medium,provisional
XW-00557,ISO_IEC_27001_2022-R-058,CL_LEY_21719-R-018,overlaps,bidirectional_support,DOC-001;REC-001,Relación provisional basada en controles TCDX compartidos y estructura pública; no implica equivalencia jurídica ni certificatoria.,medium,provisional
XW-00558,ISO_IEC_27001_2022-R-059,CL_LEY_21719-R-029,overlaps,bidirectional_support,AI-001;AI-003;RISK-001;RISK-002,Relación provisional basada en controles TCDX compartidos y estructura pública; no implica equivalencia jurídica ni certificatoria.,medium,provisional
XW-00559,ISO_IEC_27001_2022-R-059,CL_LEY_21719-R-016,overlaps,bidirectional_support,AI-001;RISK-001;RISK-002,Relación provisional basada en controles TCDX compartidos y estructura pública; no implica equivalencia jurídica ni certificatoria.,medium,provisional
XW-00560,ISO_IEC_27001_2022-R-059,CL_LEY_21719-R-002,overlaps,bidirectional_support,AI-001;AI-003,Relación provisional basada en controles TCDX compartidos y estructura pública; no implica equivalencia jurídica ni certificatoria.,medium,provisional
XW-00561,ISO_IEC_27001_2022-R-060,CL_LEY_21719-R-012,overlaps,bidirectional_support,DOC-001;REC-001,Relación provisional basada en controles TCDX compartidos y estructura pública; no implica equivalencia jurídica ni certificatoria.,medium,provisional
XW-00562,ISO_IEC_27001_2022-R-060,CL_LEY_21719-R-016,overlaps,bidirectional_support,RISK-001;RISK-002,Relación provisional basada en controles TCDX compartidos y estructura pública; no implica equivalencia jurídica ni certificatoria.,medium,provisional
XW-00563,ISO_IEC_27001_2022-R-060,CL_LEY_21719-R-018,overlaps,bidirectional_support,DOC-001;REC-001,Relación provisional basada en controles TCDX compartidos y estructura pública; no implica equivalencia jurídica ni certificatoria.,medium,provisional
XW-00564,ISO_IEC_27001_2022-R-061,CL_LEY_21719-R-012,overlaps,bidirectional_support,DOC-001;REC-001,Relación provisional basada en controles TCDX compartidos y estructura pública; no implica equivalencia jurídica ni certificatoria.,medium,provisional
XW-00565,ISO_IEC_27001_2022-R-061,CL_LEY_21719-R-016,overlaps,bidirectional_support,RISK-001;RISK-002,Relación provisional basada en controles TCDX compartidos y estructura pública; no implica equivalencia jurídica ni certificatoria.,medium,provisional
XW-00566,ISO_IEC_27001_2022-R-061,CL_LEY_21719-R-018,overlaps,bidirectional_support,DOC-001;REC-001,Relación provisional basada en controles TCDX compartidos y estructura pública; no implica equivalencia jurídica ni certificatoria.,medium,provisional
XW-00567,ISO_IEC_27001_2022-R-062,CL_LEY_21719-R-012,overlaps,bidirectional_support,DOC-001;REC-001,Relación provisional basada en controles TCDX compartidos y estructura pública; no implica equivalencia jurídica ni certificatoria.,medium,provisional
XW-00568,ISO_IEC_27001_2022-R-062,CL_LEY_21719-R-016,overlaps,bidirectional_support,RISK-001;RISK-002,Relación provisional basada en controles TCDX compartidos y estructura pública; no implica equivalencia jurídica ni certificatoria.,medium,provisional
XW-00569,ISO_IEC_27001_2022-R-062,CL_LEY_21719-R-018,overlaps,bidirectional_support,DOC-001;REC-001,Relación provisional basada en controles TCDX compartidos y estructura pública; no implica equivalencia jurídica ni certificatoria.,medium,provisional
XW-00570,ISO_IEC_27001_2022-R-063,CL_LEY_21719-R-012,overlaps,bidirectional_support,DOC-001;REC-001,Relación provisional basada en controles TCDX compartidos y estructura pública; no implica equivalencia jurídica ni certificatoria.,medium,provisional
XW-00571,ISO_IEC_27001_2022-R-063,CL_LEY_21719-R-016,overlaps,bidirectional_support,RISK-001;RISK-002,Relación provisional basada en controles TCDX compartidos y estructura pública; no implica equivalencia jurídica ni certificatoria.,medium,provisional
XW-00572,ISO_IEC_27001_2022-R-063,CL_LEY_21719-R-018,overlaps,bidirectional_support,DOC-001;REC-001,Relación provisional basada en controles TCDX compartidos y estructura pública; no implica equivalencia jurídica ni certificatoria.,medium,provisional
XW-00573,ISO_IEC_27001_2022-R-064,CL_LEY_21719-R-012,overlaps,bidirectional_support,DOC-001;REC-001,Relación provisional basada en controles TCDX compartidos y estructura pública; no implica equivalencia jurídica ni certificatoria.,medium,provisional
XW-00574,ISO_IEC_27001_2022-R-064,CL_LEY_21719-R-016,overlaps,bidirectional_support,RISK-001;RISK-002,Relación provisional basada en controles TCDX compartidos y estructura pública; no implica equivalencia jurídica ni certificatoria.,medium,provisional
XW-00575,ISO_IEC_27001_2022-R-064,CL_LEY_21719-R-018,overlaps,bidirectional_support,DOC-001;REC-001,Relación provisional basada en controles TCDX compartidos y estructura pública; no implica equivalencia jurídica ni certificatoria.,medium,provisional
XW-00576,ISO_IEC_27001_2022-R-065,CL_LEY_21719-R-012,overlaps,bidirectional_support,DOC-001;REC-001,Relación provisional basada en controles TCDX compartidos y estructura pública; no implica equivalencia jurídica ni certificatoria.,medium,provisional
XW-00577,ISO_IEC_27001_2022-R-065,CL_LEY_21719-R-016,overlaps,bidirectional_support,RISK-001;RISK-002,Relación provisional basada en controles TCDX compartidos y estructura pública; no implica equivalencia jurídica ni certificatoria.,medium,provisional
XW-00578,ISO_IEC_27001_2022-R-065,CL_LEY_21719-R-018,overlaps,bidirectional_support,DOC-001;REC-001,Relación provisional basada en controles TCDX compartidos y estructura pública; no implica equivalencia jurídica ni certificatoria.,medium,provisional
XW-00579,ISO_IEC_27001_2022-R-066,CL_LEY_21719-R-012,overlaps,bidirectional_support,DOC-001;REC-001,Relación provisional basada en controles TCDX compartidos y estructura pública; no implica equivalencia jurídica ni certificatoria.,medium,provisional
XW-00580,ISO_IEC_27001_2022-R-066,CL_LEY_21719-R-016,overlaps,bidirectional_support,RISK-001;RISK-002,Relación provisional basada en controles TCDX compartidos y estructura pública; no implica equivalencia jurídica ni certificatoria.,medium,provisional
XW-00581,ISO_IEC_27001_2022-R-066,CL_LEY_21719-R-018,overlaps,bidirectional_support,DOC-001;REC-001,Relación provisional basada en controles TCDX compartidos y estructura pública; no implica equivalencia jurídica ni certificatoria.,medium,provisional
XW-00582,ISO_IEC_27001_2022-R-067,CL_LEY_21719-R-012,overlaps,bidirectional_support,DOC-001;REC-001,Relación provisional basada en controles TCDX compartidos y estructura pública; no implica equivalencia jurídica ni certificatoria.,medium,provisional
XW-00583,ISO_IEC_27001_2022-R-067,CL_LEY_21719-R-016,overlaps,bidirectional_support,RISK-001;RISK-002,Relación provisional basada en controles TCDX compartidos y estructura pública; no implica equivalencia jurídica ni certificatoria.,medium,provisional
XW-00584,ISO_IEC_27001_2022-R-067,CL_LEY_21719-R-018,overlaps,bidirectional_support,DOC-001;REC-001,Relación provisional basada en controles TCDX compartidos y estructura pública; no implica equivalencia jurídica ni certificatoria.,medium,provisional
XW-00585,ISO_IEC_27001_2022-R-068,CL_LEY_21719-R-016,overlaps,bidirectional_support,ACCESS-001;ACCESS-002;RISK-001;RISK-002,Relación provisional basada en controles TCDX compartidos y estructura pública; no implica equivalencia jurídica ni certificatoria.,medium,provisional
XW-00586,ISO_IEC_27001_2022-R-068,CL_LEY_21719-R-002,overlaps,bidirectional_support,ACCESS-001;ACCESS-002,Relación provisional basada en controles TCDX compartidos y estructura pública; no implica equivalencia jurídica ni certificatoria.,medium,provisional
XW-00587,ISO_IEC_27001_2022-R-068,CL_LEY_21719-R-012,overlaps,bidirectional_support,DOC-001;REC-001,Relación provisional basada en controles TCDX compartidos y estructura pública; no implica equivalencia jurídica ni certificatoria.,medium,provisional
XW-00588,ISO_IEC_27001_2022-R-069,CL_LEY_21719-R-016,overlaps,bidirectional_support,ACCESS-001;RISK-001;RISK-002,Relación provisional basada en controles TCDX compartidos y estructura pública; no implica equivalencia jurídica ni certificatoria.,medium,provisional
XW-00589,ISO_IEC_27001_2022-R-069,CL_LEY_21719-R-012,overlaps,bidirectional_support,DOC-001;REC-001,Relación provisional basada en controles TCDX compartidos y estructura pública; no implica equivalencia jurídica ni certificatoria.,medium,provisional
XW-00590,ISO_IEC_27001_2022-R-069,CL_LEY_21719-R-018,overlaps,bidirectional_support,DOC-001;REC-001,Relación provisional basada en controles TCDX compartidos y estructura pública; no implica equivalencia jurídica ni certificatoria.,medium,provisional
XW-00591,ISO_IEC_27001_2022-R-070,CL_LEY_21719-R-016,overlaps,bidirectional_support,ACCESS-001;ACCESS-002;RISK-001;RISK-002,Relación provisional basada en controles TCDX compartidos y estructura pública; no implica equivalencia jurídica ni certificatoria.,medium,provisional
XW-00592,ISO_IEC_27001_2022-R-070,CL_LEY_21719-R-002,overlaps,bidirectional_support,ACCESS-001;ACCESS-002,Relación provisional basada en controles TCDX compartidos y estructura pública; no implica equivalencia jurídica ni certificatoria.,medium,provisional
XW-00593,ISO_IEC_27001_2022-R-070,CL_LEY_21719-R-012,overlaps,bidirectional_support,DOC-001;REC-001,Relación provisional basada en controles TCDX compartidos y estructura pública; no implica equivalencia jurídica ni certificatoria.,medium,provisional
XW-00594,ISO_IEC_27001_2022-R-071,CL_LEY_21719-R-012,overlaps,bidirectional_support,DOC-001;REC-001,Relación provisional basada en controles TCDX compartidos y estructura pública; no implica equivalencia jurídica ni certificatoria.,medium,provisional
XW-00595,ISO_IEC_27001_2022-R-071,CL_LEY_21719-R-016,overlaps,bidirectional_support,RISK-001;RISK-002,Relación provisional basada en controles TCDX compartidos y estructura pública; no implica equivalencia jurídica ni certificatoria.,medium,provisional
XW-00596,ISO_IEC_27001_2022-R-071,CL_LEY_21719-R-018,overlaps,bidirectional_support,DOC-001;REC-001,Relación provisional basada en controles TCDX compartidos y estructura pública; no implica equivalencia jurídica ni certificatoria.,medium,provisional
XW-00597,ISO_IEC_27001_2022-R-072,CL_LEY_21719-R-012,overlaps,bidirectional_support,DOC-001;REC-001,Relación provisional basada en controles TCDX compartidos y estructura pública; no implica equivalencia jurídica ni certificatoria.,medium,provisional
XW-00598,ISO_IEC_27001_2022-R-072,CL_LEY_21719-R-016,overlaps,bidirectional_support,RISK-001;RISK-002,Relación provisional basada en controles TCDX compartidos y estructura pública; no implica equivalencia jurídica ni certificatoria.,medium,provisional
XW-00599,ISO_IEC_27001_2022-R-072,CL_LEY_21719-R-018,overlaps,bidirectional_support,DOC-001;REC-001,Relación provisional basada en controles TCDX compartidos y estructura pública; no implica equivalencia jurídica ni certificatoria.,medium,provisional
XW-00600,ISO_IEC_27001_2022-R-073,CL_LEY_21719-R-012,overlaps,bidirectional_support,DOC-001;REC-001,Relación provisional basada en controles TCDX compartidos y estructura pública; no implica equivalencia jurídica ni certificatoria.,medium,provisional
XW-00601,ISO_IEC_27001_2022-R-073,CL_LEY_21719-R-016,overlaps,bidirectional_support,RISK-001;RISK-002,Relación provisional basada en controles TCDX compartidos y estructura pública; no implica equivalencia jurídica ni certificatoria.,medium,provisional
XW-00602,ISO_IEC_27001_2022-R-073,CL_LEY_21719-R-018,overlaps,bidirectional_support,DOC-001;REC-001,Relación provisional basada en controles TCDX compartidos y estructura pública; no implica equivalencia jurídica ni certificatoria.,medium,provisional
XW-00603,ISO_IEC_27001_2022-R-074,CL_LEY_21719-R-012,overlaps,bidirectional_support,DOC-001;REC-001,Relación provisional basada en controles TCDX compartidos y estructura pública; no implica equivalencia jurídica ni certificatoria.,medium,provisional
XW-00604,ISO_IEC_27001_2022-R-074,CL_LEY_21719-R-016,overlaps,bidirectional_support,RISK-001;RISK-002,Relación provisional basada en controles TCDX compartidos y estructura pública; no implica equivalencia jurídica ni certificatoria.,medium,provisional
XW-00605,ISO_IEC_27001_2022-R-074,CL_LEY_21719-R-018,overlaps,bidirectional_support,DOC-001;REC-001,Relación provisional basada en controles TCDX compartidos y estructura pública; no implica equivalencia jurídica ni certificatoria.,medium,provisional
XW-00606,ISO_IEC_27001_2022-R-075,CL_LEY_21719-R-012,overlaps,bidirectional_support,DOC-001;REC-001,Relación provisional basada en controles TCDX compartidos y estructura pública; no implica equivalencia jurídica ni certificatoria.,medium,provisional
XW-00607,ISO_IEC_27001_2022-R-075,CL_LEY_21719-R-016,overlaps,bidirectional_support,RISK-001;RISK-002,Relación provisional basada en controles TCDX compartidos y estructura pública; no implica equivalencia jurídica ni certificatoria.,medium,provisional
XW-00608,ISO_IEC_27001_2022-R-075,CL_LEY_21719-R-018,overlaps,bidirectional_support,DOC-001;REC-001,Relación provisional basada en controles TCDX compartidos y estructura pública; no implica equivalencia jurídica ni certificatoria.,medium,provisional
XW-00609,ISO_IEC_27001_2022-R-076,CL_LEY_21719-R-001,overlaps,bidirectional_support,COMP-001;RETENTION-001,Relación provisional basada en controles TCDX compartidos y estructura pública; no implica equivalencia jurídica ni certificatoria.,medium,provisional
XW-00610,ISO_IEC_27001_2022-R-076,CL_LEY_21719-R-003,overlaps,bidirectional_support,COMP-001;RETENTION-001,Relación provisional basada en controles TCDX compartidos y estructura pública; no implica equivalencia jurídica ni certificatoria.,medium,provisional
XW-00611,ISO_IEC_27001_2022-R-076,CL_LEY_21719-R-012,overlaps,bidirectional_support,DOC-001;REC-001,Relación provisional basada en controles TCDX compartidos y estructura pública; no implica equivalencia jurídica ni certificatoria.,medium,provisional
XW-00612,ISO_IEC_27001_2022-R-077,CL_LEY_21719-R-012,overlaps,bidirectional_support,DOC-001;REC-001,Relación provisional basada en controles TCDX compartidos y estructura pública; no implica equivalencia jurídica ni certificatoria.,medium,provisional
XW-00613,ISO_IEC_27001_2022-R-077,CL_LEY_21719-R-016,overlaps,bidirectional_support,RISK-001;RISK-002,Relación provisional basada en controles TCDX compartidos y estructura pública; no implica equivalencia jurídica ni certificatoria.,medium,provisional
XW-00614,ISO_IEC_27001_2022-R-077,CL_LEY_21719-R-018,overlaps,bidirectional_support,DOC-001;REC-001,Relación provisional basada en controles TCDX compartidos y estructura pública; no implica equivalencia jurídica ni certificatoria.,medium,provisional
XW-00615,ISO_IEC_27001_2022-R-078,CL_LEY_21719-R-012,overlaps,bidirectional_support,DOC-001;REC-001,Relación provisional basada en controles TCDX compartidos y estructura pública; no implica equivalencia jurídica ni certificatoria.,medium,provisional
XW-00616,ISO_IEC_27001_2022-R-078,CL_LEY_21719-R-016,overlaps,bidirectional_support,RISK-001;RISK-002,Relación provisional basada en controles TCDX compartidos y estructura pública; no implica equivalencia jurídica ni certificatoria.,medium,provisional
XW-00617,ISO_IEC_27001_2022-R-078,CL_LEY_21719-R-018,overlaps,bidirectional_support,DOC-001;REC-001,Relación provisional basada en controles TCDX compartidos y estructura pública; no implica equivalencia jurídica ni certificatoria.,medium,provisional
XW-00618,ISO_IEC_27001_2022-R-079,CL_LEY_21719-R-012,overlaps,bidirectional_support,DOC-001;REC-001,Relación provisional basada en controles TCDX compartidos y estructura pública; no implica equivalencia jurídica ni certificatoria.,medium,provisional
XW-00619,ISO_IEC_27001_2022-R-079,CL_LEY_21719-R-016,overlaps,bidirectional_support,RISK-001;RISK-002,Relación provisional basada en controles TCDX compartidos y estructura pública; no implica equivalencia jurídica ni certificatoria.,medium,provisional
XW-00620,ISO_IEC_27001_2022-R-079,CL_LEY_21719-R-018,overlaps,bidirectional_support,DOC-001;REC-001,Relación provisional basada en controles TCDX compartidos y estructura pública; no implica equivalencia jurídica ni certificatoria.,medium,provisional
XW-00621,ISO_IEC_27001_2022-R-080,CL_LEY_21719-R-016,overlaps,bidirectional_support,AI-001;RISK-001;RISK-002,Relación provisional basada en controles TCDX compartidos y estructura pública; no implica equivalencia jurídica ni certificatoria.,medium,provisional
XW-00622,ISO_IEC_27001_2022-R-080,CL_LEY_21719-R-029,overlaps,bidirectional_support,AI-001;RISK-001;RISK-002,Relación provisional basada en controles TCDX compartidos y estructura pública; no implica equivalencia jurídica ni certificatoria.,medium,provisional
XW-00623,ISO_IEC_27001_2022-R-080,CL_LEY_21719-R-012,overlaps,bidirectional_support,DOC-001;REC-001,Relación provisional basada en controles TCDX compartidos y estructura pública; no implica equivalencia jurídica ni certificatoria.,medium,provisional
XW-00624,ISO_IEC_27001_2022-R-081,CL_LEY_21719-R-012,overlaps,bidirectional_support,DOC-001;REC-001,Relación provisional basada en controles TCDX compartidos y estructura pública; no implica equivalencia jurídica ni certificatoria.,medium,provisional
XW-00625,ISO_IEC_27001_2022-R-081,CL_LEY_21719-R-016,overlaps,bidirectional_support,RISK-001;RISK-002,Relación provisional basada en controles TCDX compartidos y estructura pública; no implica equivalencia jurídica ni certificatoria.,medium,provisional
XW-00626,ISO_IEC_27001_2022-R-081,CL_LEY_21719-R-018,overlaps,bidirectional_support,DOC-001;REC-001,Relación provisional basada en controles TCDX compartidos y estructura pública; no implica equivalencia jurídica ni certificatoria.,medium,provisional
XW-00627,ISO_IEC_27001_2022-R-082,CL_LEY_21719-R-012,overlaps,bidirectional_support,DOC-001;REC-001,Relación provisional basada en controles TCDX compartidos y estructura pública; no implica equivalencia jurídica ni certificatoria.,medium,provisional
XW-00628,ISO_IEC_27001_2022-R-082,CL_LEY_21719-R-016,overlaps,bidirectional_support,RISK-001;RISK-002,Relación provisional basada en controles TCDX compartidos y estructura pública; no implica equivalencia jurídica ni certificatoria.,medium,provisional
XW-00629,ISO_IEC_27001_2022-R-082,CL_LEY_21719-R-018,overlaps,bidirectional_support,DOC-001;REC-001,Relación provisional basada en controles TCDX compartidos y estructura pública; no implica equivalencia jurídica ni certificatoria.,medium,provisional
XW-00630,ISO_IEC_27001_2022-R-083,CL_LEY_21719-R-012,overlaps,bidirectional_support,DOC-001;REC-001,Relación provisional basada en controles TCDX compartidos y estructura pública; no implica equivalencia jurídica ni certificatoria.,medium,provisional
XW-00631,ISO_IEC_27001_2022-R-083,CL_LEY_21719-R-016,overlaps,bidirectional_support,RISK-001;RISK-002,Relación provisional basada en controles TCDX compartidos y estructura pública; no implica equivalencia jurídica ni certificatoria.,medium,provisional
XW-00632,ISO_IEC_27001_2022-R-083,CL_LEY_21719-R-018,overlaps,bidirectional_support,DOC-001;REC-001,Relación provisional basada en controles TCDX compartidos y estructura pública; no implica equivalencia jurídica ni certificatoria.,medium,provisional
XW-00633,ISO_IEC_27001_2022-R-084,CL_LEY_21719-R-029,overlaps,bidirectional_support,AI-001;AI-003;RISK-001;RISK-002,Relación provisional basada en controles TCDX compartidos y estructura pública; no implica equivalencia jurídica ni certificatoria.,medium,provisional
XW-00634,ISO_IEC_27001_2022-R-084,CL_LEY_21719-R-016,overlaps,bidirectional_support,AI-001;RISK-001;RISK-002,Relación provisional basada en controles TCDX compartidos y estructura pública; no implica equivalencia jurídica ni certificatoria.,medium,provisional
XW-00635,ISO_IEC_27001_2022-R-084,CL_LEY_21719-R-002,overlaps,bidirectional_support,AI-001;AI-003,Relación provisional basada en controles TCDX compartidos y estructura pública; no implica equivalencia jurídica ni certificatoria.,medium,provisional
XW-00636,ISO_IEC_27001_2022-R-085,CL_LEY_21719-R-012,overlaps,bidirectional_support,DOC-001;REC-001,Relación provisional basada en controles TCDX compartidos y estructura pública; no implica equivalencia jurídica ni certificatoria.,medium,provisional
XW-00637,ISO_IEC_27001_2022-R-085,CL_LEY_21719-R-016,overlaps,bidirectional_support,RISK-001;RISK-002,Relación provisional basada en controles TCDX compartidos y estructura pública; no implica equivalencia jurídica ni certificatoria.,medium,provisional
XW-00638,ISO_IEC_27001_2022-R-085,CL_LEY_21719-R-018,overlaps,bidirectional_support,DOC-001;REC-001,Relación provisional basada en controles TCDX compartidos y estructura pública; no implica equivalencia jurídica ni certificatoria.,medium,provisional
XW-00639,ISO_IEC_27001_2022-R-086,CL_LEY_21719-R-012,overlaps,bidirectional_support,DOC-001;REC-001,Relación provisional basada en controles TCDX compartidos y estructura pública; no implica equivalencia jurídica ni certificatoria.,medium,provisional
XW-00640,ISO_IEC_27001_2022-R-086,CL_LEY_21719-R-016,overlaps,bidirectional_support,RISK-001;RISK-002,Relación provisional basada en controles TCDX compartidos y estructura pública; no implica equivalencia jurídica ni certificatoria.,medium,provisional
XW-00641,ISO_IEC_27001_2022-R-086,CL_LEY_21719-R-018,overlaps,bidirectional_support,DOC-001;REC-001,Relación provisional basada en controles TCDX compartidos y estructura pública; no implica equivalencia jurídica ni certificatoria.,medium,provisional
XW-00642,ISO_IEC_27001_2022-R-087,CL_LEY_21719-R-012,overlaps,bidirectional_support,DOC-001;REC-001,Relación provisional basada en controles TCDX compartidos y estructura pública; no implica equivalencia jurídica ni certificatoria.,medium,provisional
XW-00643,ISO_IEC_27001_2022-R-087,CL_LEY_21719-R-016,overlaps,bidirectional_support,RISK-001;RISK-002,Relación provisional basada en controles TCDX compartidos y estructura pública; no implica equivalencia jurídica ni certificatoria.,medium,provisional
XW-00644,ISO_IEC_27001_2022-R-087,CL_LEY_21719-R-018,overlaps,bidirectional_support,DOC-001;REC-001,Relación provisional basada en controles TCDX compartidos y estructura pública; no implica equivalencia jurídica ni certificatoria.,medium,provisional
XW-00645,ISO_IEC_27001_2022-R-088,CL_LEY_21719-R-012,overlaps,bidirectional_support,DOC-001;REC-001,Relación provisional basada en controles TCDX compartidos y estructura pública; no implica equivalencia jurídica ni certificatoria.,medium,provisional
XW-00646,ISO_IEC_27001_2022-R-088,CL_LEY_21719-R-016,overlaps,bidirectional_support,RISK-001;RISK-002,Relación provisional basada en controles TCDX compartidos y estructura pública; no implica equivalencia jurídica ni certificatoria.,medium,provisional
XW-00647,ISO_IEC_27001_2022-R-088,CL_LEY_21719-R-018,overlaps,bidirectional_support,DOC-001;REC-001,Relación provisional basada en controles TCDX compartidos y estructura pública; no implica equivalencia jurídica ni certificatoria.,medium,provisional
XW-00648,ISO_IEC_27001_2022-R-089,CL_LEY_21719-R-012,overlaps,bidirectional_support,DOC-001;REC-001,Relación provisional basada en controles TCDX compartidos y estructura pública; no implica equivalencia jurídica ni certificatoria.,medium,provisional
XW-00649,ISO_IEC_27001_2022-R-089,CL_LEY_21719-R-016,overlaps,bidirectional_support,RISK-001;RISK-002,Relación provisional basada en controles TCDX compartidos y estructura pública; no implica equivalencia jurídica ni certificatoria.,medium,provisional
XW-00650,ISO_IEC_27001_2022-R-089,CL_LEY_21719-R-018,overlaps,bidirectional_support,DOC-001;REC-001,Relación provisional basada en controles TCDX compartidos y estructura pública; no implica equivalencia jurídica ni certificatoria.,medium,provisional
XW-00651,ISO_IEC_27001_2022-R-090,CL_LEY_21719-R-012,overlaps,bidirectional_support,DOC-001;REC-001,Relación provisional basada en controles TCDX compartidos y estructura pública; no implica equivalencia jurídica ni certificatoria.,medium,provisional
XW-00652,ISO_IEC_27001_2022-R-090,CL_LEY_21719-R-016,overlaps,bidirectional_support,RISK-001;RISK-002,Relación provisional basada en controles TCDX compartidos y estructura pública; no implica equivalencia jurídica ni certificatoria.,medium,provisional
XW-00653,ISO_IEC_27001_2022-R-090,CL_LEY_21719-R-018,overlaps,bidirectional_support,DOC-001;REC-001,Relación provisional basada en controles TCDX compartidos y estructura pública; no implica equivalencia jurídica ni certificatoria.,medium,provisional
XW-00654,ISO_IEC_27001_2022-R-091,CL_LEY_21719-R-012,overlaps,bidirectional_support,DOC-001;REC-001,Relación provisional basada en controles TCDX compartidos y estructura pública; no implica equivalencia jurídica ni certificatoria.,medium,provisional
XW-00655,ISO_IEC_27001_2022-R-091,CL_LEY_21719-R-016,overlaps,bidirectional_support,RISK-001;RISK-002,Relación provisional basada en controles TCDX compartidos y estructura pública; no implica equivalencia jurídica ni certificatoria.,medium,provisional
XW-00656,ISO_IEC_27001_2022-R-091,CL_LEY_21719-R-018,overlaps,bidirectional_support,DOC-001;REC-001,Relación provisional basada en controles TCDX compartidos y estructura pública; no implica equivalencia jurídica ni certificatoria.,medium,provisional
XW-00657,ISO_IEC_27001_2022-R-092,CL_LEY_21719-R-012,overlaps,bidirectional_support,DOC-001;REC-001,Relación provisional basada en controles TCDX compartidos y estructura pública; no implica equivalencia jurídica ni certificatoria.,medium,provisional
XW-00658,ISO_IEC_27001_2022-R-092,CL_LEY_21719-R-016,overlaps,bidirectional_support,RISK-001;RISK-002,Relación provisional basada en controles TCDX compartidos y estructura pública; no implica equivalencia jurídica ni certificatoria.,medium,provisional
XW-00659,ISO_IEC_27001_2022-R-092,CL_LEY_21719-R-018,overlaps,bidirectional_support,DOC-001;REC-001,Relación provisional basada en controles TCDX compartidos y estructura pública; no implica equivalencia jurídica ni certificatoria.,medium,provisional
XW-00660,ISO_IEC_27001_2022-R-093,CL_LEY_21719-R-012,overlaps,bidirectional_support,DOC-001;REC-001,Relación provisional basada en controles TCDX compartidos y estructura pública; no implica equivalencia jurídica ni certificatoria.,medium,provisional
XW-00661,ISO_IEC_27001_2022-R-093,CL_LEY_21719-R-016,overlaps,bidirectional_support,RISK-001;RISK-002,Relación provisional basada en controles TCDX compartidos y estructura pública; no implica equivalencia jurídica ni certificatoria.,medium,provisional
XW-00662,ISO_IEC_27001_2022-R-093,CL_LEY_21719-R-018,overlaps,bidirectional_support,DOC-001;REC-001,Relación provisional basada en controles TCDX compartidos y estructura pública; no implica equivalencia jurídica ni certificatoria.,medium,provisional
XW-00663,ISO_IEC_27001_2022-R-094,CL_LEY_21719-R-012,overlaps,bidirectional_support,DOC-001;REC-001,Relación provisional basada en controles TCDX compartidos y estructura pública; no implica equivalencia jurídica ni certificatoria.,medium,provisional
XW-00664,ISO_IEC_27001_2022-R-094,CL_LEY_21719-R-016,overlaps,bidirectional_support,RISK-001;RISK-002,Relación provisional basada en controles TCDX compartidos y estructura pública; no implica equivalencia jurídica ni certificatoria.,medium,provisional
XW-00665,ISO_IEC_27001_2022-R-094,CL_LEY_21719-R-018,overlaps,bidirectional_support,DOC-001;REC-001,Relación provisional basada en controles TCDX compartidos y estructura pública; no implica equivalencia jurídica ni certificatoria.,medium,provisional
XW-00666,ISO_IEC_27001_2022-R-095,CL_LEY_21719-R-012,overlaps,bidirectional_support,DOC-001;REC-001,Relación provisional basada en controles TCDX compartidos y estructura pública; no implica equivalencia jurídica ni certificatoria.,medium,provisional
XW-00667,ISO_IEC_27001_2022-R-095,CL_LEY_21719-R-016,overlaps,bidirectional_support,RISK-001;RISK-002,Relación provisional basada en controles TCDX compartidos y estructura pública; no implica equivalencia jurídica ni certificatoria.,medium,provisional
XW-00668,ISO_IEC_27001_2022-R-095,CL_LEY_21719-R-018,overlaps,bidirectional_support,DOC-001;REC-001,Relación provisional basada en controles TCDX compartidos y estructura pública; no implica equivalencia jurídica ni certificatoria.,medium,provisional
XW-00669,ISO_IEC_27001_2022-R-096,CL_LEY_21719-R-012,overlaps,bidirectional_support,DOC-001;REC-001,Relación provisional basada en controles TCDX compartidos y estructura pública; no implica equivalencia jurídica ni certificatoria.,medium,provisional
XW-00670,ISO_IEC_27001_2022-R-096,CL_LEY_21719-R-016,overlaps,bidirectional_support,RISK-001;RISK-002,Relación provisional basada en controles TCDX compartidos y estructura pública; no implica equivalencia jurídica ni certificatoria.,medium,provisional
XW-00671,ISO_IEC_27001_2022-R-096,CL_LEY_21719-R-018,overlaps,bidirectional_support,DOC-001;REC-001,Relación provisional basada en controles TCDX compartidos y estructura pública; no implica equivalencia jurídica ni certificatoria.,medium,provisional
XW-00672,ISO_IEC_27001_2022-R-097,CL_LEY_21719-R-012,overlaps,bidirectional_support,DOC-001;REC-001,Relación provisional basada en controles TCDX compartidos y estructura pública; no implica equivalencia jurídica ni certificatoria.,medium,provisional
XW-00673,ISO_IEC_27001_2022-R-097,CL_LEY_21719-R-016,overlaps,bidirectional_support,RISK-001;RISK-002,Relación provisional basada en controles TCDX compartidos y estructura pública; no implica equivalencia jurídica ni certificatoria.,medium,provisional
XW-00674,ISO_IEC_27001_2022-R-097,CL_LEY_21719-R-018,overlaps,bidirectional_support,DOC-001;REC-001,Relación provisional basada en controles TCDX compartidos y estructura pública; no implica equivalencia jurídica ni certificatoria.,medium,provisional
XW-00675,ISO_IEC_27001_2022-R-098,CL_LEY_21719-R-012,overlaps,bidirectional_support,DOC-001;REC-001,Relación provisional basada en controles TCDX compartidos y estructura pública; no implica equivalencia jurídica ni certificatoria.,medium,provisional
XW-00676,ISO_IEC_27001_2022-R-098,CL_LEY_21719-R-016,overlaps,bidirectional_support,RISK-001;RISK-002,Relación provisional basada en controles TCDX compartidos y estructura pública; no implica equivalencia jurídica ni certificatoria.,medium,provisional
XW-00677,ISO_IEC_27001_2022-R-098,CL_LEY_21719-R-018,overlaps,bidirectional_support,DOC-001;REC-001,Relación provisional basada en controles TCDX compartidos y estructura pública; no implica equivalencia jurídica ni certificatoria.,medium,provisional
XW-00678,ISO_IEC_27001_2022-R-099,CL_LEY_21719-R-012,overlaps,bidirectional_support,DOC-001;REC-001,Relación provisional basada en controles TCDX compartidos y estructura pública; no implica equivalencia jurídica ni certificatoria.,medium,provisional
XW-00679,ISO_IEC_27001_2022-R-099,CL_LEY_21719-R-016,overlaps,bidirectional_support,RISK-001;RISK-002,Relación provisional basada en controles TCDX compartidos y estructura pública; no implica equivalencia jurídica ni certificatoria.,medium,provisional
XW-00680,ISO_IEC_27001_2022-R-099,CL_LEY_21719-R-018,overlaps,bidirectional_support,DOC-001;REC-001,Relación provisional basada en controles TCDX compartidos y estructura pública; no implica equivalencia jurídica ni certificatoria.,medium,provisional
XW-00681,ISO_IEC_27001_2022-R-100,CL_LEY_21719-R-012,overlaps,bidirectional_support,DOC-001;REC-001,Relación provisional basada en controles TCDX compartidos y estructura pública; no implica equivalencia jurídica ni certificatoria.,medium,provisional
XW-00682,ISO_IEC_27001_2022-R-100,CL_LEY_21719-R-016,overlaps,bidirectional_support,RISK-001;RISK-002,Relación provisional basada en controles TCDX compartidos y estructura pública; no implica equivalencia jurídica ni certificatoria.,medium,provisional
XW-00683,ISO_IEC_27001_2022-R-100,CL_LEY_21719-R-018,overlaps,bidirectional_support,DOC-001;REC-001,Relación provisional basada en controles TCDX compartidos y estructura pública; no implica equivalencia jurídica ni certificatoria.,medium,provisional
XW-00684,ISO_IEC_42001_2023-R-001,CL_LEY_21719-R-029,overlaps,bidirectional_support,CTX-001;SCOPE-001,Relación provisional basada en controles TCDX compartidos y estructura pública; no implica equivalencia jurídica ni certificatoria.,medium,provisional
XW-00685,ISO_IEC_42001_2023-R-002,CL_LEY_21719-R-001,overlaps,bidirectional_support,GOV-001;GOV-002,Relación provisional basada en controles TCDX compartidos y estructura pública; no implica equivalencia jurídica ni certificatoria.,medium,provisional
XW-00686,ISO_IEC_42001_2023-R-002,CL_LEY_21719-R-025,overlaps,bidirectional_support,GOV-001;GOV-002,Relación provisional basada en controles TCDX compartidos y estructura pública; no implica equivalencia jurídica ni certificatoria.,medium,provisional
XW-00687,ISO_IEC_42001_2023-R-002,CL_LEY_21719-R-004,supports,source_supports_target,GOV-001,Relación provisional basada en controles TCDX compartidos y estructura pública; no implica equivalencia jurídica ni certificatoria.,medium,provisional
XW-00688,ISO_IEC_42001_2023-R-003,CL_LEY_21719-R-016,overlaps,bidirectional_support,RISK-001;RISK-002,Relación provisional basada en controles TCDX compartidos y estructura pública; no implica equivalencia jurídica ni certificatoria.,medium,provisional
XW-00689,ISO_IEC_42001_2023-R-003,CL_LEY_21719-R-029,overlaps,bidirectional_support,RISK-001;RISK-002,Relación provisional basada en controles TCDX compartidos y estructura pública; no implica equivalencia jurídica ni certificatoria.,medium,provisional
XW-00690,ISO_IEC_42001_2023-R-004,CL_LEY_21719-R-003,overlaps,bidirectional_support,AI-001;COMP-001,Relación provisional basada en controles TCDX compartidos y estructura pública; no implica equivalencia jurídica ni certificatoria.,medium,provisional
XW-00691,ISO_IEC_42001_2023-R-004,CL_LEY_21719-R-012,overlaps,bidirectional_support,DOC-001;REC-001,Relación provisional basada en controles TCDX compartidos y estructura pública; no implica equivalencia jurídica ni certificatoria.,medium,provisional
XW-00692,ISO_IEC_42001_2023-R-004,CL_LEY_21719-R-018,overlaps,bidirectional_support,DOC-001;REC-001,Relación provisional basada en controles TCDX compartidos y estructura pública; no implica equivalencia jurídica ni certificatoria.,medium,provisional
XW-00693,ISO_IEC_42001_2023-R-008,CL_LEY_21719-R-029,overlaps,bidirectional_support,AI-001;CTX-001;RISK-001;RISK-002;SCOPE-001,Relación provisional basada en controles TCDX compartidos y estructura pública; no implica equivalencia jurídica ni certificatoria.,medium,provisional
XW-00694,ISO_IEC_42001_2023-R-008,CL_LEY_21719-R-016,overlaps,bidirectional_support,AI-001;RISK-001;RISK-002,Relación provisional basada en controles TCDX compartidos y estructura pública; no implica equivalencia jurídica ni certificatoria.,medium,provisional
XW-00695,ISO_IEC_42001_2023-R-008,CL_LEY_21719-R-027,overlaps,bidirectional_support,AI-001;GOV-003,Relación provisional basada en controles TCDX compartidos y estructura pública; no implica equivalencia jurídica ni certificatoria.,medium,provisional
XW-00696,ISO_IEC_42001_2023-R-009,CL_LEY_21719-R-029,overlaps,bidirectional_support,AI-001;CTX-001;RISK-001;RISK-002;SCOPE-001,Relación provisional basada en controles TCDX compartidos y estructura pública; no implica equivalencia jurídica ni certificatoria.,medium,provisional
XW-00697,ISO_IEC_42001_2023-R-009,CL_LEY_21719-R-016,overlaps,bidirectional_support,AI-001;RISK-001;RISK-002,Relación provisional basada en controles TCDX compartidos y estructura pública; no implica equivalencia jurídica ni certificatoria.,medium,provisional
XW-00698,ISO_IEC_42001_2023-R-009,CL_LEY_21719-R-027,overlaps,bidirectional_support,AI-001;GOV-003,Relación provisional basada en controles TCDX compartidos y estructura pública; no implica equivalencia jurídica ni certificatoria.,medium,provisional
XW-00699,ISO_IEC_42001_2023-R-010,CL_LEY_21719-R-029,overlaps,bidirectional_support,AI-001;CTX-001;RISK-001;RISK-002;SCOPE-001,Relación provisional basada en controles TCDX compartidos y estructura pública; no implica equivalencia jurídica ni certificatoria.,medium,provisional
XW-00700,ISO_IEC_42001_2023-R-010,CL_LEY_21719-R-016,overlaps,bidirectional_support,AI-001;RISK-001;RISK-002,Relación provisional basada en controles TCDX compartidos y estructura pública; no implica equivalencia jurídica ni certificatoria.,medium,provisional
XW-00701,ISO_IEC_42001_2023-R-010,CL_LEY_21719-R-027,overlaps,bidirectional_support,AI-001;GOV-003,Relación provisional basada en controles TCDX compartidos y estructura pública; no implica equivalencia jurídica ni certificatoria.,medium,provisional
XW-00702,ISO_IEC_42001_2023-R-011,CL_LEY_21719-R-029,overlaps,bidirectional_support,CTX-001;RISK-001;RISK-002;SCOPE-001,Relación provisional basada en controles TCDX compartidos y estructura pública; no implica equivalencia jurídica ni certificatoria.,medium,provisional
XW-00703,ISO_IEC_42001_2023-R-011,CL_LEY_21719-R-001,overlaps,bidirectional_support,GOV-001;GOV-002,Relación provisional basada en controles TCDX compartidos y estructura pública; no implica equivalencia jurídica ni certificatoria.,medium,provisional
XW-00704,ISO_IEC_42001_2023-R-011,CL_LEY_21719-R-016,overlaps,bidirectional_support,RISK-001;RISK-002,Relación provisional basada en controles TCDX compartidos y estructura pública; no implica equivalencia jurídica ni certificatoria.,medium,provisional
XW-00705,ISO_IEC_42001_2023-R-012,CL_LEY_21719-R-029,overlaps,bidirectional_support,AI-001;AI-003;CTX-001;RISK-001;RISK-002;SCOPE-001,Relación provisional basada en controles TCDX compartidos y estructura pública; no implica equivalencia jurídica ni certificatoria.,medium,provisional
XW-00706,ISO_IEC_42001_2023-R-012,CL_LEY_21719-R-016,overlaps,bidirectional_support,AI-001;RISK-001;RISK-002,Relación provisional basada en controles TCDX compartidos y estructura pública; no implica equivalencia jurídica ni certificatoria.,medium,provisional
XW-00707,ISO_IEC_42001_2023-R-012,CL_LEY_21719-R-002,overlaps,bidirectional_support,AI-001;AI-003,Relación provisional basada en controles TCDX compartidos y estructura pública; no implica equivalencia jurídica ni certificatoria.,medium,provisional
XW-00708,ISO_IEC_42001_2023-R-013,CL_LEY_21719-R-029,overlaps,bidirectional_support,CTX-001;RISK-001;RISK-002;SCOPE-001,Relación provisional basada en controles TCDX compartidos y estructura pública; no implica equivalencia jurídica ni certificatoria.,medium,provisional
XW-00709,ISO_IEC_42001_2023-R-013,CL_LEY_21719-R-012,overlaps,bidirectional_support,DOC-001;REC-001,Relación provisional basada en controles TCDX compartidos y estructura pública; no implica equivalencia jurídica ni certificatoria.,medium,provisional
XW-00710,ISO_IEC_42001_2023-R-013,CL_LEY_21719-R-016,overlaps,bidirectional_support,RISK-001;RISK-002,Relación provisional basada en controles TCDX compartidos y estructura pública; no implica equivalencia jurídica ni certificatoria.,medium,provisional
XW-00711,ISO_IEC_42001_2023-R-014,CL_LEY_21719-R-029,overlaps,bidirectional_support,AI-001;AI-003;CTX-001;RISK-001;RISK-002;SCOPE-001,Relación provisional basada en controles TCDX compartidos y estructura pública; no implica equivalencia jurídica ni certificatoria.,medium,provisional
XW-00712,ISO_IEC_42001_2023-R-014,CL_LEY_21719-R-016,overlaps,bidirectional_support,AI-001;RISK-001;RISK-002,Relación provisional basada en controles TCDX compartidos y estructura pública; no implica equivalencia jurídica ni certificatoria.,medium,provisional
XW-00713,ISO_IEC_42001_2023-R-014,CL_LEY_21719-R-002,overlaps,bidirectional_support,AI-001;AI-003,Relación provisional basada en controles TCDX compartidos y estructura pública; no implica equivalencia jurídica ni certificatoria.,medium,provisional
XW-00714,ISO_IEC_42001_2023-R-015,CL_LEY_21719-R-029,overlaps,bidirectional_support,AI-001;AI-003;CTX-001;RISK-001;RISK-002;SCOPE-001,Relación provisional basada en controles TCDX compartidos y estructura pública; no implica equivalencia jurídica ni certificatoria.,medium,provisional
XW-00715,ISO_IEC_42001_2023-R-015,CL_LEY_21719-R-016,overlaps,bidirectional_support,AI-001;RISK-001;RISK-002,Relación provisional basada en controles TCDX compartidos y estructura pública; no implica equivalencia jurídica ni certificatoria.,medium,provisional
XW-00716,ISO_IEC_42001_2023-R-015,CL_LEY_21719-R-002,overlaps,bidirectional_support,AI-001;AI-003,Relación provisional basada en controles TCDX compartidos y estructura pública; no implica equivalencia jurídica ni certificatoria.,medium,provisional
XW-00717,ISO_IEC_42001_2023-R-016,CL_LEY_21719-R-029,overlaps,bidirectional_support,AI-001;AI-003;CTX-001;RISK-001;RISK-002;SCOPE-001,Relación provisional basada en controles TCDX compartidos y estructura pública; no implica equivalencia jurídica ni certificatoria.,medium,provisional
XW-00718,ISO_IEC_42001_2023-R-016,CL_LEY_21719-R-016,overlaps,bidirectional_support,AI-001;RISK-001;RISK-002,Relación provisional basada en controles TCDX compartidos y estructura pública; no implica equivalencia jurídica ni certificatoria.,medium,provisional
XW-00719,ISO_IEC_42001_2023-R-016,CL_LEY_21719-R-002,overlaps,bidirectional_support,AI-001;AI-003,Relación provisional basada en controles TCDX compartidos y estructura pública; no implica equivalencia jurídica ni certificatoria.,medium,provisional
XW-00720,ISO_IEC_42001_2023-R-017,CL_LEY_21719-R-029,overlaps,bidirectional_support,AI-001;AI-003;CTX-001;RISK-001;RISK-002;SCOPE-001,Relación provisional basada en controles TCDX compartidos y estructura pública; no implica equivalencia jurídica ni certificatoria.,medium,provisional
XW-00721,ISO_IEC_42001_2023-R-017,CL_LEY_21719-R-016,overlaps,bidirectional_support,AI-001;RISK-001;RISK-002,Relación provisional basada en controles TCDX compartidos y estructura pública; no implica equivalencia jurídica ni certificatoria.,medium,provisional
XW-00722,ISO_IEC_42001_2023-R-017,CL_LEY_21719-R-002,overlaps,bidirectional_support,AI-001;AI-003,Relación provisional basada en controles TCDX compartidos y estructura pública; no implica equivalencia jurídica ni certificatoria.,medium,provisional
XW-00723,ISO_IEC_42001_2023-R-018,CL_LEY_21719-R-029,overlaps,bidirectional_support,AI-001;AI-003;CTX-001;RISK-001;RISK-002;SCOPE-001,Relación provisional basada en controles TCDX compartidos y estructura pública; no implica equivalencia jurídica ni certificatoria.,medium,provisional
XW-00724,ISO_IEC_42001_2023-R-018,CL_LEY_21719-R-016,overlaps,bidirectional_support,AI-001;RISK-001;RISK-002,Relación provisional basada en controles TCDX compartidos y estructura pública; no implica equivalencia jurídica ni certificatoria.,medium,provisional
XW-00725,ISO_IEC_42001_2023-R-018,CL_LEY_21719-R-002,overlaps,bidirectional_support,AI-001;AI-003,Relación provisional basada en controles TCDX compartidos y estructura pública; no implica equivalencia jurídica ni certificatoria.,medium,provisional
XW-00726,ISO_IEC_42001_2023-R-019,CL_LEY_21719-R-029,overlaps,bidirectional_support,CTX-001;RISK-001;RISK-002;SCOPE-001,Relación provisional basada en controles TCDX compartidos y estructura pública; no implica equivalencia jurídica ni certificatoria.,medium,provisional
XW-00727,ISO_IEC_42001_2023-R-019,CL_LEY_21719-R-012,overlaps,bidirectional_support,DOC-001;REC-001,Relación provisional basada en controles TCDX compartidos y estructura pública; no implica equivalencia jurídica ni certificatoria.,medium,provisional
XW-00728,ISO_IEC_42001_2023-R-019,CL_LEY_21719-R-016,overlaps,bidirectional_support,RISK-001;RISK-002,Relación provisional basada en controles TCDX compartidos y estructura pública; no implica equivalencia jurídica ni certificatoria.,medium,provisional
XW-00729,ISO_IEC_42001_2023-R-020,CL_LEY_21719-R-029,overlaps,bidirectional_support,AI-001;AI-003;CTX-001;RISK-001;RISK-002;SCOPE-001,Relación provisional basada en controles TCDX compartidos y estructura pública; no implica equivalencia jurídica ni certificatoria.,medium,provisional
XW-00730,ISO_IEC_42001_2023-R-020,CL_LEY_21719-R-016,overlaps,bidirectional_support,AI-001;RISK-001;RISK-002,Relación provisional basada en controles TCDX compartidos y estructura pública; no implica equivalencia jurídica ni certificatoria.,medium,provisional
XW-00731,ISO_IEC_42001_2023-R-020,CL_LEY_21719-R-002,overlaps,bidirectional_support,AI-001;AI-003,Relación provisional basada en controles TCDX compartidos y estructura pública; no implica equivalencia jurídica ni certificatoria.,medium,provisional
XW-00732,ISO_IEC_42001_2023-R-021,CL_LEY_21719-R-029,overlaps,bidirectional_support,AI-001;AI-003;CTX-001;RISK-001;RISK-002;SCOPE-001,Relación provisional basada en controles TCDX compartidos y estructura pública; no implica equivalencia jurídica ni certificatoria.,medium,provisional
XW-00733,ISO_IEC_42001_2023-R-021,CL_LEY_21719-R-016,overlaps,bidirectional_support,AI-001;RISK-001;RISK-002,Relación provisional basada en controles TCDX compartidos y estructura pública; no implica equivalencia jurídica ni certificatoria.,medium,provisional
XW-00734,ISO_IEC_42001_2023-R-021,CL_LEY_21719-R-002,overlaps,bidirectional_support,AI-001;AI-003,Relación provisional basada en controles TCDX compartidos y estructura pública; no implica equivalencia jurídica ni certificatoria.,medium,provisional
XW-00735,ISO_IEC_42001_2023-R-022,CL_LEY_21719-R-029,overlaps,bidirectional_support,CTX-001;RISK-001;RISK-002;SCOPE-001,Relación provisional basada en controles TCDX compartidos y estructura pública; no implica equivalencia jurídica ni certificatoria.,medium,provisional
XW-00736,ISO_IEC_42001_2023-R-022,CL_LEY_21719-R-016,overlaps,bidirectional_support,RISK-001;RISK-002,Relación provisional basada en controles TCDX compartidos y estructura pública; no implica equivalencia jurídica ni certificatoria.,medium,provisional
XW-00737,ISO_IEC_42001_2023-R-023,CL_LEY_21719-R-029,overlaps,bidirectional_support,AI-001;AI-003;CTX-001;RISK-001;RISK-002;SCOPE-001,Relación provisional basada en controles TCDX compartidos y estructura pública; no implica equivalencia jurídica ni certificatoria.,medium,provisional
XW-00738,ISO_IEC_42001_2023-R-023,CL_LEY_21719-R-016,overlaps,bidirectional_support,AI-001;RISK-001;RISK-002,Relación provisional basada en controles TCDX compartidos y estructura pública; no implica equivalencia jurídica ni certificatoria.,medium,provisional
XW-00739,ISO_IEC_42001_2023-R-023,CL_LEY_21719-R-002,overlaps,bidirectional_support,AI-001;AI-003,Relación provisional basada en controles TCDX compartidos y estructura pública; no implica equivalencia jurídica ni certificatoria.,medium,provisional
XW-00740,ISO_IEC_42001_2023-R-024,CL_LEY_21719-R-029,overlaps,bidirectional_support,AI-001;AI-003;CTX-001;RISK-001;RISK-002;SCOPE-001,Relación provisional basada en controles TCDX compartidos y estructura pública; no implica equivalencia jurídica ni certificatoria.,medium,provisional
XW-00741,ISO_IEC_42001_2023-R-024,CL_LEY_21719-R-016,overlaps,bidirectional_support,AI-001;RISK-001;RISK-002,Relación provisional basada en controles TCDX compartidos y estructura pública; no implica equivalencia jurídica ni certificatoria.,medium,provisional
XW-00742,ISO_IEC_42001_2023-R-024,CL_LEY_21719-R-002,overlaps,bidirectional_support,AI-001;AI-003,Relación provisional basada en controles TCDX compartidos y estructura pública; no implica equivalencia jurídica ni certificatoria.,medium,provisional
XW-00743,ISO_IEC_42001_2023-R-025,CL_LEY_21719-R-029,overlaps,bidirectional_support,CTX-001;RISK-001;RISK-002;SCOPE-001,Relación provisional basada en controles TCDX compartidos y estructura pública; no implica equivalencia jurídica ni certificatoria.,medium,provisional
XW-00744,ISO_IEC_42001_2023-R-025,CL_LEY_21719-R-012,overlaps,bidirectional_support,DOC-001;REC-001,Relación provisional basada en controles TCDX compartidos y estructura pública; no implica equivalencia jurídica ni certificatoria.,medium,provisional
XW-00745,ISO_IEC_42001_2023-R-025,CL_LEY_21719-R-016,overlaps,bidirectional_support,RISK-001;RISK-002,Relación provisional basada en controles TCDX compartidos y estructura pública; no implica equivalencia jurídica ni certificatoria.,medium,provisional
XW-00746,ISO_IEC_42001_2023-R-026,CL_LEY_21719-R-029,overlaps,bidirectional_support,AI-001;AI-003;CTX-001;RISK-001;RISK-002;SCOPE-001,Relación provisional basada en controles TCDX compartidos y estructura pública; no implica equivalencia jurídica ni certificatoria.,medium,provisional
XW-00747,ISO_IEC_42001_2023-R-026,CL_LEY_21719-R-016,overlaps,bidirectional_support,AI-001;RISK-001;RISK-002,Relación provisional basada en controles TCDX compartidos y estructura pública; no implica equivalencia jurídica ni certificatoria.,medium,provisional
XW-00748,ISO_IEC_42001_2023-R-026,CL_LEY_21719-R-002,overlaps,bidirectional_support,AI-001;AI-003,Relación provisional basada en controles TCDX compartidos y estructura pública; no implica equivalencia jurídica ni certificatoria.,medium,provisional
XW-00749,ISO_IEC_42001_2023-R-027,CL_LEY_21719-R-029,overlaps,bidirectional_support,AI-001;AI-003;CTX-001;RISK-001;RISK-002;SCOPE-001,Relación provisional basada en controles TCDX compartidos y estructura pública; no implica equivalencia jurídica ni certificatoria.,medium,provisional
XW-00750,ISO_IEC_42001_2023-R-027,CL_LEY_21719-R-016,overlaps,bidirectional_support,AI-001;RISK-001;RISK-002,Relación provisional basada en controles TCDX compartidos y estructura pública; no implica equivalencia jurídica ni certificatoria.,medium,provisional
XW-00751,ISO_IEC_42001_2023-R-027,CL_LEY_21719-R-002,overlaps,bidirectional_support,AI-001;AI-003,Relación provisional basada en controles TCDX compartidos y estructura pública; no implica equivalencia jurídica ni certificatoria.,medium,provisional
XW-00752,ISO_IEC_42001_2023-R-028,CL_LEY_21719-R-029,overlaps,bidirectional_support,CTX-001;RISK-001;RISK-002;SCOPE-001,Relación provisional basada en controles TCDX compartidos y estructura pública; no implica equivalencia jurídica ni certificatoria.,medium,provisional
XW-00753,ISO_IEC_42001_2023-R-028,CL_LEY_21719-R-016,overlaps,bidirectional_support,RISK-001;RISK-002,Relación provisional basada en controles TCDX compartidos y estructura pública; no implica equivalencia jurídica ni certificatoria.,medium,provisional
XW-00754,ISO_IEC_42001_2023-R-029,CL_LEY_21719-R-029,overlaps,bidirectional_support,CTX-001;RISK-001;RISK-002;SCOPE-001,Relación provisional basada en controles TCDX compartidos y estructura pública; no implica equivalencia jurídica ni certificatoria.,medium,provisional
XW-00755,ISO_IEC_42001_2023-R-029,CL_LEY_21719-R-012,overlaps,bidirectional_support,DOC-001;REC-001,Relación provisional basada en controles TCDX compartidos y estructura pública; no implica equivalencia jurídica ni certificatoria.,medium,provisional
XW-00756,ISO_IEC_42001_2023-R-029,CL_LEY_21719-R-016,overlaps,bidirectional_support,RISK-001;RISK-002,Relación provisional basada en controles TCDX compartidos y estructura pública; no implica equivalencia jurídica ni certificatoria.,medium,provisional
XW-00757,ISO_IEC_42001_2023-R-030,CL_LEY_21719-R-029,overlaps,bidirectional_support,AI-001;CTX-001;RISK-001;RISK-002;SCOPE-001,Relación provisional basada en controles TCDX compartidos y estructura pública; no implica equivalencia jurídica ni certificatoria.,medium,provisional
XW-00758,ISO_IEC_42001_2023-R-030,CL_LEY_21719-R-016,overlaps,bidirectional_support,AI-001;RISK-001;RISK-002,Relación provisional basada en controles TCDX compartidos y estructura pública; no implica equivalencia jurídica ni certificatoria.,medium,provisional
XW-00759,ISO_IEC_42001_2023-R-030,CL_LEY_21719-R-002,supports,source_supports_target,AI-001,Relación provisional basada en controles TCDX compartidos y estructura pública; no implica equivalencia jurídica ni certificatoria.,medium,provisional
XW-00760,ISO_IEC_42001_2023-R-031,CL_LEY_21719-R-029,overlaps,bidirectional_support,AI-001;AI-003;CTX-001;RISK-001;RISK-002;SCOPE-001,Relación provisional basada en controles TCDX compartidos y estructura pública; no implica equivalencia jurídica ni certificatoria.,medium,provisional
XW-00761,ISO_IEC_42001_2023-R-031,CL_LEY_21719-R-016,overlaps,bidirectional_support,AI-001;RISK-001;RISK-002,Relación provisional basada en controles TCDX compartidos y estructura pública; no implica equivalencia jurídica ni certificatoria.,medium,provisional
XW-00762,ISO_IEC_42001_2023-R-031,CL_LEY_21719-R-002,overlaps,bidirectional_support,AI-001;AI-003,Relación provisional basada en controles TCDX compartidos y estructura pública; no implica equivalencia jurídica ni certificatoria.,medium,provisional
XW-00763,ISO_IEC_42001_2023-R-032,CL_LEY_21719-R-029,overlaps,bidirectional_support,AI-001;AI-003;CTX-001;RISK-001;RISK-002;SCOPE-001,Relación provisional basada en controles TCDX compartidos y estructura pública; no implica equivalencia jurídica ni certificatoria.,medium,provisional
XW-00764,ISO_IEC_42001_2023-R-032,CL_LEY_21719-R-016,overlaps,bidirectional_support,AI-001;RISK-001;RISK-002,Relación provisional basada en controles TCDX compartidos y estructura pública; no implica equivalencia jurídica ni certificatoria.,medium,provisional
XW-00765,ISO_IEC_42001_2023-R-032,CL_LEY_21719-R-002,overlaps,bidirectional_support,AI-001;AI-003,Relación provisional basada en controles TCDX compartidos y estructura pública; no implica equivalencia jurídica ni certificatoria.,medium,provisional
XW-00766,ISO_IEC_42001_2023-R-033,CL_LEY_21719-R-029,overlaps,bidirectional_support,AI-001;CTX-001;RISK-001;RISK-002;SCOPE-001,Relación provisional basada en controles TCDX compartidos y estructura pública; no implica equivalencia jurídica ni certificatoria.,medium,provisional
XW-00767,ISO_IEC_42001_2023-R-033,CL_LEY_21719-R-016,overlaps,bidirectional_support,AI-001;RISK-001;RISK-002,Relación provisional basada en controles TCDX compartidos y estructura pública; no implica equivalencia jurídica ni certificatoria.,medium,provisional
XW-00768,ISO_IEC_42001_2023-R-033,CL_LEY_21719-R-002,supports,source_supports_target,AI-001,Relación provisional basada en controles TCDX compartidos y estructura pública; no implica equivalencia jurídica ni certificatoria.,medium,provisional
XW-00769,ISO_IEC_42001_2023-R-034,CL_LEY_21719-R-029,overlaps,bidirectional_support,AI-001;AI-003;CTX-001;RISK-001;RISK-002;SCOPE-001,Relación provisional basada en controles TCDX compartidos y estructura pública; no implica equivalencia jurídica ni certificatoria.,medium,provisional
XW-00770,ISO_IEC_42001_2023-R-034,CL_LEY_21719-R-016,overlaps,bidirectional_support,AI-001;RISK-001;RISK-002,Relación provisional basada en controles TCDX compartidos y estructura pública; no implica equivalencia jurídica ni certificatoria.,medium,provisional
XW-00771,ISO_IEC_42001_2023-R-034,CL_LEY_21719-R-002,overlaps,bidirectional_support,AI-001;AI-003,Relación provisional basada en controles TCDX compartidos y estructura pública; no implica equivalencia jurídica ni certificatoria.,medium,provisional
XW-00772,ISO_IEC_42001_2023-R-035,CL_LEY_21719-R-029,overlaps,bidirectional_support,AI-001;AI-003;CTX-001;RISK-001;RISK-002;SCOPE-001,Relación provisional basada en controles TCDX compartidos y estructura pública; no implica equivalencia jurídica ni certificatoria.,medium,provisional
XW-00773,ISO_IEC_42001_2023-R-035,CL_LEY_21719-R-016,overlaps,bidirectional_support,AI-001;RISK-001;RISK-002,Relación provisional basada en controles TCDX compartidos y estructura pública; no implica equivalencia jurídica ni certificatoria.,medium,provisional
XW-00774,ISO_IEC_42001_2023-R-035,CL_LEY_21719-R-002,overlaps,bidirectional_support,AI-001;AI-003,Relación provisional basada en controles TCDX compartidos y estructura pública; no implica equivalencia jurídica ni certificatoria.,medium,provisional
XW-00775,ISO_IEC_42001_2023-R-036,CL_LEY_21719-R-029,overlaps,bidirectional_support,CTX-001;RISK-001;RISK-002;SCOPE-001,Relación provisional basada en controles TCDX compartidos y estructura pública; no implica equivalencia jurídica ni certificatoria.,medium,provisional
XW-00776,ISO_IEC_42001_2023-R-036,CL_LEY_21719-R-016,overlaps,bidirectional_support,RISK-001;RISK-002,Relación provisional basada en controles TCDX compartidos y estructura pública; no implica equivalencia jurídica ni certificatoria.,medium,provisional
XW-00777,ISO_IEC_42001_2023-R-036,CL_LEY_21719-R-001,supports,source_supports_target,COMP-001,Relación provisional basada en controles TCDX compartidos y estructura pública; no implica equivalencia jurídica ni certificatoria.,medium,provisional
XW-00778,ISO_IEC_42001_2023-R-037,CL_LEY_21719-R-029,overlaps,bidirectional_support,AI-001;AI-003;CTX-001;RISK-001;RISK-002;SCOPE-001,Relación provisional basada en controles TCDX compartidos y estructura pública; no implica equivalencia jurídica ni certificatoria.,medium,provisional
XW-00779,ISO_IEC_42001_2023-R-037,CL_LEY_21719-R-016,overlaps,bidirectional_support,AI-001;RISK-001;RISK-002,Relación provisional basada en controles TCDX compartidos y estructura pública; no implica equivalencia jurídica ni certificatoria.,medium,provisional
XW-00780,ISO_IEC_42001_2023-R-037,CL_LEY_21719-R-002,overlaps,bidirectional_support,AI-001;AI-003,Relación provisional basada en controles TCDX compartidos y estructura pública; no implica equivalencia jurídica ni certificatoria.,medium,provisional
XW-00781,ISO_IEC_42001_2023-R-038,CL_LEY_21719-R-029,overlaps,bidirectional_support,CTX-001;RISK-001;RISK-002;SCOPE-001,Relación provisional basada en controles TCDX compartidos y estructura pública; no implica equivalencia jurídica ni certificatoria.,medium,provisional
XW-00782,ISO_IEC_42001_2023-R-038,CL_LEY_21719-R-016,overlaps,bidirectional_support,RISK-001;RISK-002,Relación provisional basada en controles TCDX compartidos y estructura pública; no implica equivalencia jurídica ni certificatoria.,medium,provisional
XW-00783,ISO_IEC_42001_2023-R-038,CL_LEY_21719-R-030,supports,source_supports_target,INCIDENT-001,Relación provisional basada en controles TCDX compartidos y estructura pública; no implica equivalencia jurídica ni certificatoria.,medium,provisional
XW-00784,ISO_IEC_42001_2023-R-039,CL_LEY_21719-R-029,overlaps,bidirectional_support,AI-001;CTX-001;RISK-001;RISK-002;SCOPE-001,Relación provisional basada en controles TCDX compartidos y estructura pública; no implica equivalencia jurídica ni certificatoria.,medium,provisional
XW-00785,ISO_IEC_42001_2023-R-039,CL_LEY_21719-R-016,overlaps,bidirectional_support,AI-001;RISK-001;RISK-002,Relación provisional basada en controles TCDX compartidos y estructura pública; no implica equivalencia jurídica ni certificatoria.,medium,provisional
XW-00786,ISO_IEC_42001_2023-R-039,CL_LEY_21719-R-003,overlaps,bidirectional_support,AI-001;COMP-001,Relación provisional basada en controles TCDX compartidos y estructura pública; no implica equivalencia jurídica ni certificatoria.,medium,provisional
XW-00787,ISO_IEC_42001_2023-R-040,CL_LEY_21719-R-029,overlaps,bidirectional_support,AI-001;AI-003;CTX-001;RISK-001;RISK-002;SCOPE-001,Relación provisional basada en controles TCDX compartidos y estructura pública; no implica equivalencia jurídica ni certificatoria.,medium,provisional
XW-00788,ISO_IEC_42001_2023-R-040,CL_LEY_21719-R-016,overlaps,bidirectional_support,AI-001;RISK-001;RISK-002,Relación provisional basada en controles TCDX compartidos y estructura pública; no implica equivalencia jurídica ni certificatoria.,medium,provisional
XW-00789,ISO_IEC_42001_2023-R-040,CL_LEY_21719-R-002,overlaps,bidirectional_support,AI-001;AI-003,Relación provisional basada en controles TCDX compartidos y estructura pública; no implica equivalencia jurídica ni certificatoria.,medium,provisional
XW-00790,ISO_IEC_42001_2023-R-041,CL_LEY_21719-R-029,overlaps,bidirectional_support,CTX-001;RISK-001;RISK-002;SCOPE-001,Relación provisional basada en controles TCDX compartidos y estructura pública; no implica equivalencia jurídica ni certificatoria.,medium,provisional
XW-00791,ISO_IEC_42001_2023-R-041,CL_LEY_21719-R-016,overlaps,bidirectional_support,RISK-001;RISK-002,Relación provisional basada en controles TCDX compartidos y estructura pública; no implica equivalencia jurídica ni certificatoria.,medium,provisional
XW-00792,ISO_IEC_42001_2023-R-042,CL_LEY_21719-R-029,overlaps,bidirectional_support,AI-001;AI-003;CTX-001;RISK-001;RISK-002;SCOPE-001,Relación provisional basada en controles TCDX compartidos y estructura pública; no implica equivalencia jurídica ni certificatoria.,medium,provisional
XW-00793,ISO_IEC_42001_2023-R-042,CL_LEY_21719-R-016,overlaps,bidirectional_support,AI-001;RISK-001;RISK-002,Relación provisional basada en controles TCDX compartidos y estructura pública; no implica equivalencia jurídica ni certificatoria.,medium,provisional
XW-00794,ISO_IEC_42001_2023-R-042,CL_LEY_21719-R-002,overlaps,bidirectional_support,AI-001;AI-003,Relación provisional basada en controles TCDX compartidos y estructura pública; no implica equivalencia jurídica ni certificatoria.,medium,provisional
XW-00795,ISO_IEC_42001_2023-R-043,CL_LEY_21719-R-029,overlaps,bidirectional_support,CTX-001;RISK-001;RISK-002;SCOPE-001,Relación provisional basada en controles TCDX compartidos y estructura pública; no implica equivalencia jurídica ni certificatoria.,medium,provisional
XW-00796,ISO_IEC_42001_2023-R-043,CL_LEY_21719-R-001,overlaps,bidirectional_support,GOV-001;GOV-002,Relación provisional basada en controles TCDX compartidos y estructura pública; no implica equivalencia jurídica ni certificatoria.,medium,provisional
XW-00797,ISO_IEC_42001_2023-R-043,CL_LEY_21719-R-016,overlaps,bidirectional_support,RISK-001;RISK-002,Relación provisional basada en controles TCDX compartidos y estructura pública; no implica equivalencia jurídica ni certificatoria.,medium,provisional
XW-00798,ISO_IEC_42001_2023-R-044,CL_LEY_21719-R-029,overlaps,bidirectional_support,CTX-001;RISK-001;RISK-002;SCOPE-001,Relación provisional basada en controles TCDX compartidos y estructura pública; no implica equivalencia jurídica ni certificatoria.,medium,provisional
XW-00799,ISO_IEC_42001_2023-R-044,CL_LEY_21719-R-016,overlaps,bidirectional_support,RISK-001;RISK-002,Relación provisional basada en controles TCDX compartidos y estructura pública; no implica equivalencia jurídica ni certificatoria.,medium,provisional
XW-00800,ISO_IEC_42001_2023-R-045,CL_LEY_21719-R-029,overlaps,bidirectional_support,CTX-001;RISK-001;RISK-002;SCOPE-001,Relación provisional basada en controles TCDX compartidos y estructura pública; no implica equivalencia jurídica ni certificatoria.,medium,provisional
XW-00801,ISO_IEC_42001_2023-R-045,CL_LEY_21719-R-016,overlaps,bidirectional_support,RISK-001;RISK-002,Relación provisional basada en controles TCDX compartidos y estructura pública; no implica equivalencia jurídica ni certificatoria.,medium,provisional
XW-00802,ISO_9001_2026-R-001,ISO_IEC_27001_2022-R-001,overlaps,bidirectional_support,CTX-001;SCOPE-001,Relación provisional basada en controles TCDX compartidos y estructura pública; no implica equivalencia jurídica ni certificatoria.,medium,provisional
XW-00803,ISO_9001_2026-R-002,ISO_IEC_27001_2022-R-002,overlaps,bidirectional_support,GOV-001;GOV-002;GOV-003,Relación provisional basada en controles TCDX compartidos y estructura pública; no implica equivalencia jurídica ni certificatoria.,medium,provisional
XW-00804,ISO_9001_2026-R-002,ISO_IEC_27001_2022-R-009,overlaps,bidirectional_support,GOV-001;GOV-002,Relación provisional basada en controles TCDX compartidos y estructura pública; no implica equivalencia jurídica ni certificatoria.,medium,provisional
XW-00805,ISO_9001_2026-R-002,ISO_IEC_27001_2022-R-011,overlaps,bidirectional_support,GOV-001;GOV-002,Relación provisional basada en controles TCDX compartidos y estructura pública; no implica equivalencia jurídica ni certificatoria.,medium,provisional
XW-00806,ISO_9001_2026-R-003,ISO_IEC_27001_2022-R-003,overlaps,bidirectional_support,METRIC-001;OBJ-001;RISK-001;RISK-002,Relación provisional basada en controles TCDX compartidos y estructura pública; no implica equivalencia jurídica ni certificatoria.,medium,provisional
XW-00807,ISO_9001_2026-R-003,ISO_IEC_27001_2022-R-056,overlaps,bidirectional_support,METRIC-001;RISK-001;RISK-002,Relación provisional basada en controles TCDX compartidos y estructura pública; no implica equivalencia jurídica ni certificatoria.,medium,provisional
XW-00808,ISO_9001_2026-R-003,ISO_IEC_27001_2022-R-082,overlaps,bidirectional_support,METRIC-001;RISK-001;RISK-002,Relación provisional basada en controles TCDX compartidos y estructura pública; no implica equivalencia jurídica ni certificatoria.,medium,provisional
XW-00809,ISO_9001_2026-R-004,ISO_IEC_27001_2022-R-004,overlaps,bidirectional_support,AI-001;AWARE-001;COMM-001;COMP-001;DOC-001;REC-001,Relación provisional basada en controles TCDX compartidos y estructura pública; no implica equivalencia jurídica ni certificatoria.,medium,provisional
XW-00810,ISO_9001_2026-R-004,ISO_IEC_27001_2022-R-047,overlaps,bidirectional_support,AWARE-001;COMP-001;DOC-001;REC-001,Relación provisional basada en controles TCDX compartidos y estructura pública; no implica equivalencia jurídica ni certificatoria.,medium,provisional
XW-00811,ISO_9001_2026-R-004,ISO_IEC_27001_2022-R-013,overlaps,bidirectional_support,AI-001;DOC-001;REC-001,Relación provisional basada en controles TCDX compartidos y estructura pública; no implica equivalencia jurídica ni certificatoria.,medium,provisional
XW-00812,ISO_9001_2026-R-005,ISO_IEC_27001_2022-R-005,supports,source_supports_target,PROC-001,Relación provisional basada en controles TCDX compartidos y estructura pública; no implica equivalencia jurídica ni certificatoria.,medium,provisional
XW-00813,ISO_9001_2026-R-006,ISO_IEC_27001_2022-R-006,overlaps,bidirectional_support,AUDIT-001;GOV-004;METRIC-001,Relación provisional basada en controles TCDX compartidos y estructura pública; no implica equivalencia jurídica ni certificatoria.,medium,provisional
XW-00814,ISO_9001_2026-R-006,ISO_IEC_27001_2022-R-003,supports,source_supports_target,METRIC-001,Relación provisional basada en controles TCDX compartidos y estructura pública; no implica equivalencia jurídica ni certificatoria.,medium,provisional
XW-00815,ISO_9001_2026-R-006,ISO_IEC_27001_2022-R-056,supports,source_supports_target,METRIC-001,Relación provisional basada en controles TCDX compartidos y estructura pública; no implica equivalencia jurídica ni certificatoria.,medium,provisional
XW-00816,ISO_9001_2026-R-007,ISO_IEC_27001_2022-R-007,overlaps,bidirectional_support,IMPROVE-001;NC-001,Relación provisional basada en controles TCDX compartidos y estructura pública; no implica equivalencia jurídica ni certificatoria.,medium,provisional
XW-00817,ISO_9001_2026-R-008,ISO_IEC_27001_2022-R-002,supports,source_supports_target,GOV-001,Relación provisional basada en controles TCDX compartidos y estructura pública; no implica equivalencia jurídica ni certificatoria.,medium,provisional
XW-00818,ISO_9001_2026-R-008,ISO_IEC_27001_2022-R-009,supports,source_supports_target,GOV-001,Relación provisional basada en controles TCDX compartidos y estructura pública; no implica equivalencia jurídica ni certificatoria.,medium,provisional
XW-00819,ISO_9001_2026-R-008,ISO_IEC_27001_2022-R-011,supports,source_supports_target,GOV-001,Relación provisional basada en controles TCDX compartidos y estructura pública; no implica equivalencia jurídica ni certificatoria.,medium,provisional
XW-00820,ISO_9001_2026-R-009,ISO_IEC_27001_2022-R-001,overlaps,bidirectional_support,CTX-001;SCOPE-001,Relación provisional basada en controles TCDX compartidos y estructura pública; no implica equivalencia jurídica ni certificatoria.,medium,provisional
XW-00821,ISO_9001_2026-R-010,ISO_IEC_27001_2022-R-002,supports,source_supports_target,GOV-001,Relación provisional basada en controles TCDX compartidos y estructura pública; no implica equivalencia jurídica ni certificatoria.,medium,provisional
XW-00822,ISO_9001_2026-R-010,ISO_IEC_27001_2022-R-009,supports,source_supports_target,GOV-001,Relación provisional basada en controles TCDX compartidos y estructura pública; no implica equivalencia jurídica ni certificatoria.,medium,provisional
XW-00823,ISO_9001_2026-R-010,ISO_IEC_27001_2022-R-011,supports,source_supports_target,GOV-001,Relación provisional basada en controles TCDX compartidos y estructura pública; no implica equivalencia jurídica ni certificatoria.,medium,provisional
XW-00824,ISO_9001_2026-R-011,ISO_IEC_27001_2022-R-007,supports,source_supports_target,IMPROVE-001,Relación provisional basada en controles TCDX compartidos y estructura pública; no implica equivalencia jurídica ni certificatoria.,medium,provisional
XW-00825,ISO_9001_2026-R-012,ISO_IEC_27001_2022-R-002,overlaps,bidirectional_support,GOV-001;GOV-002,Relación provisional basada en controles TCDX compartidos y estructura pública; no implica equivalencia jurídica ni certificatoria.,medium,provisional
XW-00826,ISO_9001_2026-R-012,ISO_IEC_27001_2022-R-009,overlaps,bidirectional_support,GOV-001;GOV-002,Relación provisional basada en controles TCDX compartidos y estructura pública; no implica equivalencia jurídica ni certificatoria.,medium,provisional
XW-00827,ISO_9001_2026-R-012,ISO_IEC_27001_2022-R-011,overlaps,bidirectional_support,GOV-001;GOV-002,Relación provisional basada en controles TCDX compartidos y estructura pública; no implica equivalencia jurídica ni certificatoria.,medium,provisional
XW-00828,ISO_9001_2026-R-013,ISO_IEC_27001_2022-R-013,overlaps,bidirectional_support,AI-001;AI-003,Relación provisional basada en controles TCDX compartidos y estructura pública; no implica equivalencia jurídica ni certificatoria.,medium,provisional
XW-00829,ISO_9001_2026-R-013,ISO_IEC_27001_2022-R-014,overlaps,bidirectional_support,AI-001;AI-003,Relación provisional basada en controles TCDX compartidos y estructura pública; no implica equivalencia jurídica ni certificatoria.,medium,provisional
XW-00830,ISO_9001_2026-R-013,ISO_IEC_27001_2022-R-050,overlaps,bidirectional_support,AI-001;AI-003,Relación provisional basada en controles TCDX compartidos y estructura pública; no implica equivalencia jurídica ni certificatoria.,medium,provisional
XW-00831,ISO_9001_2026-R-014,ISO_IEC_27001_2022-R-002,overlaps,bidirectional_support,GOV-001;GOV-002,Relación provisional basada en controles TCDX compartidos y estructura pública; no implica equivalencia jurídica ni certificatoria.,medium,provisional
XW-00832,ISO_9001_2026-R-014,ISO_IEC_27001_2022-R-009,overlaps,bidirectional_support,GOV-001;GOV-002,Relación provisional basada en controles TCDX compartidos y estructura pública; no implica equivalencia jurídica ni certificatoria.,medium,provisional
XW-00833,ISO_9001_2026-R-014,ISO_IEC_27001_2022-R-011,overlaps,bidirectional_support,GOV-001;GOV-002,Relación provisional basada en controles TCDX compartidos y estructura pública; no implica equivalencia jurídica ni certificatoria.,medium,provisional
XW-00834,ISO_9001_2026-R-015,ISO_IEC_27001_2022-R-003,overlaps,bidirectional_support,RISK-001;RISK-002,Relación provisional basada en controles TCDX compartidos y estructura pública; no implica equivalencia jurídica ni certificatoria.,medium,provisional
XW-00835,ISO_9001_2026-R-015,ISO_IEC_27001_2022-R-008,overlaps,bidirectional_support,RISK-001;RISK-002,Relación provisional basada en controles TCDX compartidos y estructura pública; no implica equivalencia jurídica ni certificatoria.,medium,provisional
XW-00836,ISO_9001_2026-R-015,ISO_IEC_27001_2022-R-009,overlaps,bidirectional_support,RISK-001;RISK-002,Relación provisional basada en controles TCDX compartidos y estructura pública; no implica equivalencia jurídica ni certificatoria.,medium,provisional
XW-00837,ISO_9001_2026-R-016,ISO_IEC_27001_2022-R-003,overlaps,bidirectional_support,METRIC-001;OBJ-001,Relación provisional basada en controles TCDX compartidos y estructura pública; no implica equivalencia jurídica ni certificatoria.,medium,provisional
XW-00838,ISO_9001_2026-R-016,ISO_IEC_27001_2022-R-006,supports,source_supports_target,METRIC-001,Relación provisional basada en controles TCDX compartidos y estructura pública; no implica equivalencia jurídica ni certificatoria.,medium,provisional
XW-00839,ISO_9001_2026-R-016,ISO_IEC_27001_2022-R-056,supports,source_supports_target,METRIC-001,Relación provisional basada en controles TCDX compartidos y estructura pública; no implica equivalencia jurídica ni certificatoria.,medium,provisional
XW-00840,ISO_9001_2026-R-017,ISO_IEC_27001_2022-R-002,supports,source_supports_target,GOV-001,Relación provisional basada en controles TCDX compartidos y estructura pública; no implica equivalencia jurídica ni certificatoria.,medium,provisional
XW-00841,ISO_9001_2026-R-017,ISO_IEC_27001_2022-R-009,supports,source_supports_target,GOV-001,Relación provisional basada en controles TCDX compartidos y estructura pública; no implica equivalencia jurídica ni certificatoria.,medium,provisional
XW-00842,ISO_9001_2026-R-017,ISO_IEC_27001_2022-R-011,supports,source_supports_target,GOV-001,Relación provisional basada en controles TCDX compartidos y estructura pública; no implica equivalencia jurídica ni certificatoria.,medium,provisional
XW-00843,ISO_9001_2026-R-018,ISO_IEC_27001_2022-R-002,supports,source_supports_target,GOV-001,Relación provisional basada en controles TCDX compartidos y estructura pública; no implica equivalencia jurídica ni certificatoria.,medium,provisional
XW-00844,ISO_9001_2026-R-018,ISO_IEC_27001_2022-R-009,supports,source_supports_target,GOV-001,Relación provisional basada en controles TCDX compartidos y estructura pública; no implica equivalencia jurídica ni certificatoria.,medium,provisional
XW-00845,ISO_9001_2026-R-018,ISO_IEC_27001_2022-R-011,supports,source_supports_target,GOV-001,Relación provisional basada en controles TCDX compartidos y estructura pública; no implica equivalencia jurídica ni certificatoria.,medium,provisional
XW-00846,ISO_9001_2026-R-019,ISO_IEC_27001_2022-R-004,overlaps,bidirectional_support,AI-001;COMP-001,Relación provisional basada en controles TCDX compartidos y estructura pública; no implica equivalencia jurídica ni certificatoria.,medium,provisional
XW-00847,ISO_9001_2026-R-019,ISO_IEC_27001_2022-R-013,overlaps,bidirectional_support,AI-001;AI-003,Relación provisional basada en controles TCDX compartidos y estructura pública; no implica equivalencia jurídica ni certificatoria.,medium,provisional
XW-00848,ISO_9001_2026-R-019,ISO_IEC_27001_2022-R-014,overlaps,bidirectional_support,AI-001;AI-003,Relación provisional basada en controles TCDX compartidos y estructura pública; no implica equivalencia jurídica ni certificatoria.,medium,provisional
XW-00849,ISO_9001_2026-R-020,ISO_IEC_27001_2022-R-003,overlaps,bidirectional_support,METRIC-001;OBJ-001,Relación provisional basada en controles TCDX compartidos y estructura pública; no implica equivalencia jurídica ni certificatoria.,medium,provisional
XW-00850,ISO_9001_2026-R-020,ISO_IEC_27001_2022-R-004,overlaps,bidirectional_support,AI-001;AWARE-001,Relación provisional basada en controles TCDX compartidos y estructura pública; no implica equivalencia jurídica ni certificatoria.,medium,provisional
XW-00851,ISO_9001_2026-R-020,ISO_IEC_27001_2022-R-013,overlaps,bidirectional_support,AI-001;AI-003,Relación provisional basada en controles TCDX compartidos y estructura pública; no implica equivalencia jurídica ni certificatoria.,medium,provisional
XW-00852,ISO_9001_2026-R-021,ISO_IEC_27001_2022-R-002,supports,source_supports_target,GOV-001,Relación provisional basada en controles TCDX compartidos y estructura pública; no implica equivalencia jurídica ni certificatoria.,medium,provisional
XW-00853,ISO_9001_2026-R-021,ISO_IEC_27001_2022-R-009,supports,source_supports_target,GOV-001,Relación provisional basada en controles TCDX compartidos y estructura pública; no implica equivalencia jurídica ni certificatoria.,medium,provisional
XW-00854,ISO_9001_2026-R-021,ISO_IEC_27001_2022-R-011,supports,source_supports_target,GOV-001,Relación provisional basada en controles TCDX compartidos y estructura pública; no implica equivalencia jurídica ni certificatoria.,medium,provisional
XW-00855,ISO_9001_2026-R-022,ISO_IEC_27001_2022-R-004,overlaps,bidirectional_support,AI-001;COMP-001;DOC-001;REC-001,Relación provisional basada en controles TCDX compartidos y estructura pública; no implica equivalencia jurídica ni certificatoria.,medium,provisional
XW-00856,ISO_9001_2026-R-022,ISO_IEC_27001_2022-R-013,overlaps,bidirectional_support,AI-001;AI-003;DOC-001;REC-001,Relación provisional basada en controles TCDX compartidos y estructura pública; no implica equivalencia jurídica ni certificatoria.,medium,provisional
XW-00857,ISO_9001_2026-R-022,ISO_IEC_27001_2022-R-014,overlaps,bidirectional_support,AI-001;AI-003;DOC-001;REC-001,Relación provisional basada en controles TCDX compartidos y estructura pública; no implica equivalencia jurídica ni certificatoria.,medium,provisional
XW-00858,ISO_9001_2026-R-023,ISO_IEC_27001_2022-R-002,supports,source_supports_target,GOV-001,Relación provisional basada en controles TCDX compartidos y estructura pública; no implica equivalencia jurídica ni certificatoria.,medium,provisional
XW-00859,ISO_9001_2026-R-023,ISO_IEC_27001_2022-R-009,supports,source_supports_target,GOV-001,Relación provisional basada en controles TCDX compartidos y estructura pública; no implica equivalencia jurídica ni certificatoria.,medium,provisional
XW-00860,ISO_9001_2026-R-023,ISO_IEC_27001_2022-R-011,supports,source_supports_target,GOV-001,Relación provisional basada en controles TCDX compartidos y estructura pública; no implica equivalencia jurídica ni certificatoria.,medium,provisional
XW-00861,ISO_9001_2026-R-024,ISO_IEC_27001_2022-R-004,supports,source_supports_target,COMM-001,Relación provisional basada en controles TCDX compartidos y estructura pública; no implica equivalencia jurídica ni certificatoria.,medium,provisional
XW-00862,ISO_9001_2026-R-026,ISO_IEC_27001_2022-R-002,supports,source_supports_target,GOV-001,Relación provisional basada en controles TCDX compartidos y estructura pública; no implica equivalencia jurídica ni certificatoria.,medium,provisional
XW-00863,ISO_9001_2026-R-026,ISO_IEC_27001_2022-R-009,supports,source_supports_target,GOV-001,Relación provisional basada en controles TCDX compartidos y estructura pública; no implica equivalencia jurídica ni certificatoria.,medium,provisional
XW-00864,ISO_9001_2026-R-026,ISO_IEC_27001_2022-R-011,supports,source_supports_target,GOV-001,Relación provisional basada en controles TCDX compartidos y estructura pública; no implica equivalencia jurídica ni certificatoria.,medium,provisional
XW-00865,ISO_9001_2026-R-027,ISO_IEC_27001_2022-R-005,supports,source_supports_target,PROC-001,Relación provisional basada en controles TCDX compartidos y estructura pública; no implica equivalencia jurídica ni certificatoria.,medium,provisional
XW-00866,ISO_9001_2026-R-028,ISO_IEC_27001_2022-R-002,supports,source_supports_target,GOV-001,Relación provisional basada en controles TCDX compartidos y estructura pública; no implica equivalencia jurídica ni certificatoria.,medium,provisional
XW-00867,ISO_9001_2026-R-028,ISO_IEC_27001_2022-R-009,supports,source_supports_target,GOV-001,Relación provisional basada en controles TCDX compartidos y estructura pública; no implica equivalencia jurídica ni certificatoria.,medium,provisional
XW-00868,ISO_9001_2026-R-028,ISO_IEC_27001_2022-R-011,supports,source_supports_target,GOV-001,Relación provisional basada en controles TCDX compartidos y estructura pública; no implica equivalencia jurídica ni certificatoria.,medium,provisional
XW-00869,ISO_9001_2026-R-031,ISO_IEC_27001_2022-R-013,overlaps,bidirectional_support,AI-001;AI-003,Relación provisional basada en controles TCDX compartidos y estructura pública; no implica equivalencia jurídica ni certificatoria.,medium,provisional
XW-00870,ISO_9001_2026-R-031,ISO_IEC_27001_2022-R-014,overlaps,bidirectional_support,AI-001;AI-003,Relación provisional basada en controles TCDX compartidos y estructura pública; no implica equivalencia jurídica ni certificatoria.,medium,provisional
XW-00871,ISO_9001_2026-R-031,ISO_IEC_27001_2022-R-050,overlaps,bidirectional_support,AI-001;AI-003,Relación provisional basada en controles TCDX compartidos y estructura pública; no implica equivalencia jurídica ni certificatoria.,medium,provisional
XW-00872,ISO_9001_2026-R-032,ISO_IEC_27001_2022-R-013,overlaps,bidirectional_support,AI-001;AI-003,Relación provisional basada en controles TCDX compartidos y estructura pública; no implica equivalencia jurídica ni certificatoria.,medium,provisional
XW-00873,ISO_9001_2026-R-032,ISO_IEC_27001_2022-R-014,overlaps,bidirectional_support,AI-001;AI-003,Relación provisional basada en controles TCDX compartidos y estructura pública; no implica equivalencia jurídica ni certificatoria.,medium,provisional
XW-00874,ISO_9001_2026-R-032,ISO_IEC_27001_2022-R-050,overlaps,bidirectional_support,AI-001;AI-003,Relación provisional basada en controles TCDX compartidos y estructura pública; no implica equivalencia jurídica ni certificatoria.,medium,provisional
XW-00875,ISO_9001_2026-R-033,ISO_IEC_27001_2022-R-013,overlaps,bidirectional_support,AI-001;AI-003;RISK-001;RISK-002,Relación provisional basada en controles TCDX compartidos y estructura pública; no implica equivalencia jurídica ni certificatoria.,medium,provisional
XW-00876,ISO_9001_2026-R-033,ISO_IEC_27001_2022-R-014,overlaps,bidirectional_support,AI-001;AI-003;RISK-001;RISK-002,Relación provisional basada en controles TCDX compartidos y estructura pública; no implica equivalencia jurídica ni certificatoria.,medium,provisional
XW-00877,ISO_9001_2026-R-033,ISO_IEC_27001_2022-R-050,overlaps,bidirectional_support,AI-001;AI-003;RISK-001;RISK-002,Relación provisional basada en controles TCDX compartidos y estructura pública; no implica equivalencia jurídica ni certificatoria.,medium,provisional
XW-00878,ISO_9001_2026-R-034,ISO_IEC_27001_2022-R-013,overlaps,bidirectional_support,AI-001;AI-003,Relación provisional basada en controles TCDX compartidos y estructura pública; no implica equivalencia jurídica ni certificatoria.,medium,provisional
XW-00879,ISO_9001_2026-R-034,ISO_IEC_27001_2022-R-014,overlaps,bidirectional_support,AI-001;AI-003,Relación provisional basada en controles TCDX compartidos y estructura pública; no implica equivalencia jurídica ni certificatoria.,medium,provisional
XW-00880,ISO_9001_2026-R-034,ISO_IEC_27001_2022-R-050,overlaps,bidirectional_support,AI-001;AI-003,Relación provisional basada en controles TCDX compartidos y estructura pública; no implica equivalencia jurídica ni certificatoria.,medium,provisional
XW-00881,ISO_9001_2026-R-035,ISO_IEC_27001_2022-R-013,overlaps,bidirectional_support,AI-001;AI-003,Relación provisional basada en controles TCDX compartidos y estructura pública; no implica equivalencia jurídica ni certificatoria.,medium,provisional
XW-00882,ISO_9001_2026-R-035,ISO_IEC_27001_2022-R-014,overlaps,bidirectional_support,AI-001;AI-003,Relación provisional basada en controles TCDX compartidos y estructura pública; no implica equivalencia jurídica ni certificatoria.,medium,provisional
XW-00883,ISO_9001_2026-R-035,ISO_IEC_27001_2022-R-050,overlaps,bidirectional_support,AI-001;AI-003,Relación provisional basada en controles TCDX compartidos y estructura pública; no implica equivalencia jurídica ni certificatoria.,medium,provisional
XW-00884,ISO_9001_2026-R-036,ISO_IEC_27001_2022-R-002,overlaps,bidirectional_support,GOV-001;GOV-002,Relación provisional basada en controles TCDX compartidos y estructura pública; no implica equivalencia jurídica ni certificatoria.,medium,provisional
XW-00885,ISO_9001_2026-R-036,ISO_IEC_27001_2022-R-009,overlaps,bidirectional_support,GOV-001;GOV-002,Relación provisional basada en controles TCDX compartidos y estructura pública; no implica equivalencia jurídica ni certificatoria.,medium,provisional
XW-00886,ISO_9001_2026-R-036,ISO_IEC_27001_2022-R-011,overlaps,bidirectional_support,GOV-001;GOV-002,Relación provisional basada en controles TCDX compartidos y estructura pública; no implica equivalencia jurídica ni certificatoria.,medium,provisional
XW-00887,ISO_9001_2026-R-037,ISO_IEC_27001_2022-R-002,overlaps,bidirectional_support,GOV-001;GOV-002;GOV-003,Relación provisional basada en controles TCDX compartidos y estructura pública; no implica equivalencia jurídica ni certificatoria.,medium,provisional
XW-00888,ISO_9001_2026-R-037,ISO_IEC_27001_2022-R-001,overlaps,bidirectional_support,CTX-001;SCOPE-001,Relación provisional basada en controles TCDX compartidos y estructura pública; no implica equivalencia jurídica ni certificatoria.,medium,provisional
XW-00889,ISO_9001_2026-R-037,ISO_IEC_27001_2022-R-009,overlaps,bidirectional_support,GOV-001;GOV-002,Relación provisional basada en controles TCDX compartidos y estructura pública; no implica equivalencia jurídica ni certificatoria.,medium,provisional
XW-00890,ISO_9001_2026-R-038,ISO_IEC_27001_2022-R-013,overlaps,bidirectional_support,AI-001;AI-003;RISK-001;RISK-002,Relación provisional basada en controles TCDX compartidos y estructura pública; no implica equivalencia jurídica ni certificatoria.,medium,provisional
XW-00891,ISO_9001_2026-R-038,ISO_IEC_27001_2022-R-014,overlaps,bidirectional_support,AI-001;AI-003;RISK-001;RISK-002,Relación provisional basada en controles TCDX compartidos y estructura pública; no implica equivalencia jurídica ni certificatoria.,medium,provisional
XW-00892,ISO_9001_2026-R-038,ISO_IEC_27001_2022-R-050,overlaps,bidirectional_support,AI-001;AI-003;RISK-001;RISK-002,Relación provisional basada en controles TCDX compartidos y estructura pública; no implica equivalencia jurídica ni certificatoria.,medium,provisional
XW-00893,ISO_9001_2026-R-039,ISO_IEC_27001_2022-R-004,overlaps,bidirectional_support,AI-001;AWARE-001,Relación provisional basada en controles TCDX compartidos y estructura pública; no implica equivalencia jurídica ni certificatoria.,medium,provisional
XW-00894,ISO_9001_2026-R-039,ISO_IEC_27001_2022-R-013,overlaps,bidirectional_support,AI-001;AI-003,Relación provisional basada en controles TCDX compartidos y estructura pública; no implica equivalencia jurídica ni certificatoria.,medium,provisional
XW-00895,ISO_9001_2026-R-039,ISO_IEC_27001_2022-R-014,overlaps,bidirectional_support,AI-001;AI-003,Relación provisional basada en controles TCDX compartidos y estructura pública; no implica equivalencia jurídica ni certificatoria.,medium,provisional
XW-00896,ISO_9001_2026-R-001,ISO_IEC_42001_2023-R-001,overlaps,bidirectional_support,CTX-001;SCOPE-001,Relación provisional basada en controles TCDX compartidos y estructura pública; no implica equivalencia jurídica ni certificatoria.,medium,provisional
XW-00897,ISO_9001_2026-R-001,ISO_IEC_42001_2023-R-008,overlaps,bidirectional_support,CTX-001;SCOPE-001,Relación provisional basada en controles TCDX compartidos y estructura pública; no implica equivalencia jurídica ni certificatoria.,medium,provisional
XW-00898,ISO_9001_2026-R-001,ISO_IEC_42001_2023-R-009,overlaps,bidirectional_support,CTX-001;SCOPE-001,Relación provisional basada en controles TCDX compartidos y estructura pública; no implica equivalencia jurídica ni certificatoria.,medium,provisional
XW-00899,ISO_9001_2026-R-002,ISO_IEC_42001_2023-R-002,overlaps,bidirectional_support,GOV-001;GOV-002;GOV-003,Relación provisional basada en controles TCDX compartidos y estructura pública; no implica equivalencia jurídica ni certificatoria.,medium,provisional
XW-00900,ISO_9001_2026-R-002,ISO_IEC_42001_2023-R-011,overlaps,bidirectional_support,GOV-001;GOV-002,Relación provisional basada en controles TCDX compartidos y estructura pública; no implica equivalencia jurídica ni certificatoria.,medium,provisional
XW-00901,ISO_9001_2026-R-002,ISO_IEC_42001_2023-R-043,overlaps,bidirectional_support,GOV-001;GOV-002,Relación provisional basada en controles TCDX compartidos y estructura pública; no implica equivalencia jurídica ni certificatoria.,medium,provisional
XW-00902,ISO_9001_2026-R-003,ISO_IEC_42001_2023-R-003,overlaps,bidirectional_support,METRIC-001;OBJ-001;RISK-001;RISK-002,Relación provisional basada en controles TCDX compartidos y estructura pública; no implica equivalencia jurídica ni certificatoria.,medium,provisional
XW-00903,ISO_9001_2026-R-003,ISO_IEC_42001_2023-R-022,overlaps,bidirectional_support,METRIC-001;OBJ-001;RISK-001;RISK-002,Relación provisional basada en controles TCDX compartidos y estructura pública; no implica equivalencia jurídica ni certificatoria.,medium,provisional
XW-00904,ISO_9001_2026-R-003,ISO_IEC_42001_2023-R-041,overlaps,bidirectional_support,METRIC-001;OBJ-001;RISK-001;RISK-002,Relación provisional basada en controles TCDX compartidos y estructura pública; no implica equivalencia jurídica ni certificatoria.,medium,provisional
XW-00905,ISO_9001_2026-R-004,ISO_IEC_42001_2023-R-004,overlaps,bidirectional_support,AI-001;AWARE-001;COMM-001;COMP-001;DOC-001;REC-001,Relación provisional basada en controles TCDX compartidos y estructura pública; no implica equivalencia jurídica ni certificatoria.,medium,provisional
XW-00906,ISO_9001_2026-R-004,ISO_IEC_42001_2023-R-013,overlaps,bidirectional_support,DOC-001;REC-001,Relación provisional basada en controles TCDX compartidos y estructura pública; no implica equivalencia jurídica ni certificatoria.,medium,provisional
XW-00907,ISO_9001_2026-R-004,ISO_IEC_42001_2023-R-019,overlaps,bidirectional_support,DOC-001;REC-001,Relación provisional basada en controles TCDX compartidos y estructura pública; no implica equivalencia jurídica ni certificatoria.,medium,provisional
XW-00908,ISO_9001_2026-R-005,ISO_IEC_42001_2023-R-005,supports,source_supports_target,PROC-001,Relación provisional basada en controles TCDX compartidos y estructura pública; no implica equivalencia jurídica ni certificatoria.,medium,provisional
XW-00909,ISO_9001_2026-R-005,ISO_IEC_42001_2023-R-028,supports,source_supports_target,PROC-001,Relación provisional basada en controles TCDX compartidos y estructura pública; no implica equivalencia jurídica ni certificatoria.,medium,provisional
XW-00910,ISO_9001_2026-R-006,ISO_IEC_42001_2023-R-006,overlaps,bidirectional_support,AUDIT-001;GOV-004;METRIC-001,Relación provisional basada en controles TCDX compartidos y estructura pública; no implica equivalencia jurídica ni certificatoria.,medium,provisional
XW-00911,ISO_9001_2026-R-006,ISO_IEC_42001_2023-R-003,supports,source_supports_target,METRIC-001,Relación provisional basada en controles TCDX compartidos y estructura pública; no implica equivalencia jurídica ni certificatoria.,medium,provisional
XW-00912,ISO_9001_2026-R-006,ISO_IEC_42001_2023-R-022,supports,source_supports_target,METRIC-001,Relación provisional basada en controles TCDX compartidos y estructura pública; no implica equivalencia jurídica ni certificatoria.,medium,provisional
XW-00913,ISO_9001_2026-R-007,ISO_IEC_42001_2023-R-007,overlaps,bidirectional_support,IMPROVE-001;NC-001,Relación provisional basada en controles TCDX compartidos y estructura pública; no implica equivalencia jurídica ni certificatoria.,medium,provisional
XW-00914,ISO_9001_2026-R-008,ISO_IEC_42001_2023-R-002,supports,source_supports_target,GOV-001,Relación provisional basada en controles TCDX compartidos y estructura pública; no implica equivalencia jurídica ni certificatoria.,medium,provisional
XW-00915,ISO_9001_2026-R-008,ISO_IEC_42001_2023-R-011,supports,source_supports_target,GOV-001,Relación provisional basada en controles TCDX compartidos y estructura pública; no implica equivalencia jurídica ni certificatoria.,medium,provisional
XW-00916,ISO_9001_2026-R-008,ISO_IEC_42001_2023-R-043,supports,source_supports_target,GOV-001,Relación provisional basada en controles TCDX compartidos y estructura pública; no implica equivalencia jurídica ni certificatoria.,medium,provisional
XW-00917,ISO_9001_2026-R-009,ISO_IEC_42001_2023-R-001,overlaps,bidirectional_support,CTX-001;SCOPE-001,Relación provisional basada en controles TCDX compartidos y estructura pública; no implica equivalencia jurídica ni certificatoria.,medium,provisional
XW-00918,ISO_9001_2026-R-009,ISO_IEC_42001_2023-R-008,overlaps,bidirectional_support,CTX-001;SCOPE-001,Relación provisional basada en controles TCDX compartidos y estructura pública; no implica equivalencia jurídica ni certificatoria.,medium,provisional
XW-00919,ISO_9001_2026-R-009,ISO_IEC_42001_2023-R-009,overlaps,bidirectional_support,CTX-001;SCOPE-001,Relación provisional basada en controles TCDX compartidos y estructura pública; no implica equivalencia jurídica ni certificatoria.,medium,provisional
XW-00920,ISO_9001_2026-R-010,ISO_IEC_42001_2023-R-002,supports,source_supports_target,GOV-001,Relación provisional basada en controles TCDX compartidos y estructura pública; no implica equivalencia jurídica ni certificatoria.,medium,provisional
XW-00921,ISO_9001_2026-R-010,ISO_IEC_42001_2023-R-011,supports,source_supports_target,GOV-001,Relación provisional basada en controles TCDX compartidos y estructura pública; no implica equivalencia jurídica ni certificatoria.,medium,provisional
XW-00922,ISO_9001_2026-R-010,ISO_IEC_42001_2023-R-043,supports,source_supports_target,GOV-001,Relación provisional basada en controles TCDX compartidos y estructura pública; no implica equivalencia jurídica ni certificatoria.,medium,provisional
XW-00923,ISO_9001_2026-R-011,ISO_IEC_42001_2023-R-007,supports,source_supports_target,IMPROVE-001,Relación provisional basada en controles TCDX compartidos y estructura pública; no implica equivalencia jurídica ni certificatoria.,medium,provisional
XW-00924,ISO_9001_2026-R-012,ISO_IEC_42001_2023-R-002,overlaps,bidirectional_support,GOV-001;GOV-002,Relación provisional basada en controles TCDX compartidos y estructura pública; no implica equivalencia jurídica ni certificatoria.,medium,provisional
XW-00925,ISO_9001_2026-R-012,ISO_IEC_42001_2023-R-011,overlaps,bidirectional_support,GOV-001;GOV-002,Relación provisional basada en controles TCDX compartidos y estructura pública; no implica equivalencia jurídica ni certificatoria.,medium,provisional
XW-00926,ISO_9001_2026-R-012,ISO_IEC_42001_2023-R-043,overlaps,bidirectional_support,GOV-001;GOV-002,Relación provisional basada en controles TCDX compartidos y estructura pública; no implica equivalencia jurídica ni certificatoria.,medium,provisional
XW-00927,ISO_9001_2026-R-013,ISO_IEC_42001_2023-R-008,overlaps,bidirectional_support,AI-001;GOV-003,Relación provisional basada en controles TCDX compartidos y estructura pública; no implica equivalencia jurídica ni certificatoria.,medium,provisional
XW-00928,ISO_9001_2026-R-013,ISO_IEC_42001_2023-R-009,overlaps,bidirectional_support,AI-001;GOV-003,Relación provisional basada en controles TCDX compartidos y estructura pública; no implica equivalencia jurídica ni certificatoria.,medium,provisional
XW-00929,ISO_9001_2026-R-013,ISO_IEC_42001_2023-R-010,overlaps,bidirectional_support,AI-001;GOV-003,Relación provisional basada en controles TCDX compartidos y estructura pública; no implica equivalencia jurídica ni certificatoria.,medium,provisional
XW-00930,ISO_9001_2026-R-014,ISO_IEC_42001_2023-R-002,overlaps,bidirectional_support,GOV-001;GOV-002,Relación provisional basada en controles TCDX compartidos y estructura pública; no implica equivalencia jurídica ni certificatoria.,medium,provisional
XW-00931,ISO_9001_2026-R-014,ISO_IEC_42001_2023-R-011,overlaps,bidirectional_support,GOV-001;GOV-002,Relación provisional basada en controles TCDX compartidos y estructura pública; no implica equivalencia jurídica ni certificatoria.,medium,provisional
XW-00932,ISO_9001_2026-R-014,ISO_IEC_42001_2023-R-043,overlaps,bidirectional_support,GOV-001;GOV-002,Relación provisional basada en controles TCDX compartidos y estructura pública; no implica equivalencia jurídica ni certificatoria.,medium,provisional
XW-00933,ISO_9001_2026-R-015,ISO_IEC_42001_2023-R-003,overlaps,bidirectional_support,RISK-001;RISK-002,Relación provisional basada en controles TCDX compartidos y estructura pública; no implica equivalencia jurídica ni certificatoria.,medium,provisional
XW-00934,ISO_9001_2026-R-015,ISO_IEC_42001_2023-R-008,overlaps,bidirectional_support,RISK-001;RISK-002,Relación provisional basada en controles TCDX compartidos y estructura pública; no implica equivalencia jurídica ni certificatoria.,medium,provisional
XW-00935,ISO_9001_2026-R-015,ISO_IEC_42001_2023-R-009,overlaps,bidirectional_support,RISK-001;RISK-002,Relación provisional basada en controles TCDX compartidos y estructura pública; no implica equivalencia jurídica ni certificatoria.,medium,provisional
XW-00936,ISO_9001_2026-R-016,ISO_IEC_42001_2023-R-003,overlaps,bidirectional_support,METRIC-001;OBJ-001,Relación provisional basada en controles TCDX compartidos y estructura pública; no implica equivalencia jurídica ni certificatoria.,medium,provisional
XW-00937,ISO_9001_2026-R-016,ISO_IEC_42001_2023-R-022,overlaps,bidirectional_support,METRIC-001;OBJ-001,Relación provisional basada en controles TCDX compartidos y estructura pública; no implica equivalencia jurídica ni certificatoria.,medium,provisional
XW-00938,ISO_9001_2026-R-016,ISO_IEC_42001_2023-R-041,overlaps,bidirectional_support,METRIC-001;OBJ-001,Relación provisional basada en controles TCDX compartidos y estructura pública; no implica equivalencia jurídica ni certificatoria.,medium,provisional
XW-00939,ISO_9001_2026-R-017,ISO_IEC_42001_2023-R-002,supports,source_supports_target,GOV-001,Relación provisional basada en controles TCDX compartidos y estructura pública; no implica equivalencia jurídica ni certificatoria.,medium,provisional
XW-00940,ISO_9001_2026-R-017,ISO_IEC_42001_2023-R-011,supports,source_supports_target,GOV-001,Relación provisional basada en controles TCDX compartidos y estructura pública; no implica equivalencia jurídica ni certificatoria.,medium,provisional
XW-00941,ISO_9001_2026-R-017,ISO_IEC_42001_2023-R-043,supports,source_supports_target,GOV-001,Relación provisional basada en controles TCDX compartidos y estructura pública; no implica equivalencia jurídica ni certificatoria.,medium,provisional
XW-00942,ISO_9001_2026-R-018,ISO_IEC_42001_2023-R-002,supports,source_supports_target,GOV-001,Relación provisional basada en controles TCDX compartidos y estructura pública; no implica equivalencia jurídica ni certificatoria.,medium,provisional
XW-00943,ISO_9001_2026-R-018,ISO_IEC_42001_2023-R-011,supports,source_supports_target,GOV-001,Relación provisional basada en controles TCDX compartidos y estructura pública; no implica equivalencia jurídica ni certificatoria.,medium,provisional
XW-00944,ISO_9001_2026-R-018,ISO_IEC_42001_2023-R-043,supports,source_supports_target,GOV-001,Relación provisional basada en controles TCDX compartidos y estructura pública; no implica equivalencia jurídica ni certificatoria.,medium,provisional
XW-00945,ISO_9001_2026-R-019,ISO_IEC_42001_2023-R-004,overlaps,bidirectional_support,AI-001;COMP-001,Relación provisional basada en controles TCDX compartidos y estructura pública; no implica equivalencia jurídica ni certificatoria.,medium,provisional
XW-00946,ISO_9001_2026-R-019,ISO_IEC_42001_2023-R-012,overlaps,bidirectional_support,AI-001;AI-003,Relación provisional basada en controles TCDX compartidos y estructura pública; no implica equivalencia jurídica ni certificatoria.,medium,provisional
XW-00947,ISO_9001_2026-R-019,ISO_IEC_42001_2023-R-014,overlaps,bidirectional_support,AI-001;AI-003,Relación provisional basada en controles TCDX compartidos y estructura pública; no implica equivalencia jurídica ni certificatoria.,medium,provisional
XW-00948,ISO_9001_2026-R-020,ISO_IEC_42001_2023-R-003,overlaps,bidirectional_support,METRIC-001;OBJ-001,Relación provisional basada en controles TCDX compartidos y estructura pública; no implica equivalencia jurídica ni certificatoria.,medium,provisional
XW-00949,ISO_9001_2026-R-020,ISO_IEC_42001_2023-R-004,overlaps,bidirectional_support,AI-001;AWARE-001,Relación provisional basada en controles TCDX compartidos y estructura pública; no implica equivalencia jurídica ni certificatoria.,medium,provisional
XW-00950,ISO_9001_2026-R-020,ISO_IEC_42001_2023-R-008,overlaps,bidirectional_support,AI-001;GOV-003,Relación provisional basada en controles TCDX compartidos y estructura pública; no implica equivalencia jurídica ni certificatoria.,medium,provisional
XW-00951,ISO_9001_2026-R-021,ISO_IEC_42001_2023-R-002,supports,source_supports_target,GOV-001,Relación provisional basada en controles TCDX compartidos y estructura pública; no implica equivalencia jurídica ni certificatoria.,medium,provisional
XW-00952,ISO_9001_2026-R-021,ISO_IEC_42001_2023-R-011,supports,source_supports_target,GOV-001,Relación provisional basada en controles TCDX compartidos y estructura pública; no implica equivalencia jurídica ni certificatoria.,medium,provisional
XW-00953,ISO_9001_2026-R-021,ISO_IEC_42001_2023-R-043,supports,source_supports_target,GOV-001,Relación provisional basada en controles TCDX compartidos y estructura pública; no implica equivalencia jurídica ni certificatoria.,medium,provisional
XW-00954,ISO_9001_2026-R-022,ISO_IEC_42001_2023-R-004,overlaps,bidirectional_support,AI-001;COMP-001;DOC-001;REC-001,Relación provisional basada en controles TCDX compartidos y estructura pública; no implica equivalencia jurídica ni certificatoria.,medium,provisional
XW-00955,ISO_9001_2026-R-022,ISO_IEC_42001_2023-R-012,overlaps,bidirectional_support,AI-001;AI-003,Relación provisional basada en controles TCDX compartidos y estructura pública; no implica equivalencia jurídica ni certificatoria.,medium,provisional
XW-00956,ISO_9001_2026-R-022,ISO_IEC_42001_2023-R-013,overlaps,bidirectional_support,DOC-001;REC-001,Relación provisional basada en controles TCDX compartidos y estructura pública; no implica equivalencia jurídica ni certificatoria.,medium,provisional
XW-00957,ISO_9001_2026-R-023,ISO_IEC_42001_2023-R-002,supports,source_supports_target,GOV-001,Relación provisional basada en controles TCDX compartidos y estructura pública; no implica equivalencia jurídica ni certificatoria.,medium,provisional
XW-00958,ISO_9001_2026-R-023,ISO_IEC_42001_2023-R-011,supports,source_supports_target,GOV-001,Relación provisional basada en controles TCDX compartidos y estructura pública; no implica equivalencia jurídica ni certificatoria.,medium,provisional
XW-00959,ISO_9001_2026-R-023,ISO_IEC_42001_2023-R-043,supports,source_supports_target,GOV-001,Relación provisional basada en controles TCDX compartidos y estructura pública; no implica equivalencia jurídica ni certificatoria.,medium,provisional
XW-00960,ISO_9001_2026-R-024,ISO_IEC_42001_2023-R-045,overlaps,bidirectional_support,QUALITY-001;QUALITY-007,Relación provisional basada en controles TCDX compartidos y estructura pública; no implica equivalencia jurídica ni certificatoria.,medium,provisional
XW-00961,ISO_9001_2026-R-024,ISO_IEC_42001_2023-R-004,supports,source_supports_target,COMM-001,Relación provisional basada en controles TCDX compartidos y estructura pública; no implica equivalencia jurídica ni certificatoria.,medium,provisional
XW-00962,ISO_9001_2026-R-024,ISO_IEC_42001_2023-R-038,supports,source_supports_target,COMM-001,Relación provisional basada en controles TCDX compartidos y estructura pública; no implica equivalencia jurídica ni certificatoria.,medium,provisional
XW-00963,ISO_9001_2026-R-026,ISO_IEC_42001_2023-R-002,supports,source_supports_target,GOV-001,Relación provisional basada en controles TCDX compartidos y estructura pública; no implica equivalencia jurídica ni certificatoria.,medium,provisional
XW-00964,ISO_9001_2026-R-026,ISO_IEC_42001_2023-R-011,supports,source_supports_target,GOV-001,Relación provisional basada en controles TCDX compartidos y estructura pública; no implica equivalencia jurídica ni certificatoria.,medium,provisional
XW-00965,ISO_9001_2026-R-026,ISO_IEC_42001_2023-R-043,supports,source_supports_target,GOV-001,Relación provisional basada en controles TCDX compartidos y estructura pública; no implica equivalencia jurídica ni certificatoria.,medium,provisional
XW-00966,ISO_9001_2026-R-027,ISO_IEC_42001_2023-R-028,overlaps,bidirectional_support,PROC-001;QUALITY-004,Relación provisional basada en controles TCDX compartidos y estructura pública; no implica equivalencia jurídica ni certificatoria.,medium,provisional
XW-00967,ISO_9001_2026-R-027,ISO_IEC_42001_2023-R-005,supports,source_supports_target,PROC-001,Relación provisional basada en controles TCDX compartidos y estructura pública; no implica equivalencia jurídica ni certificatoria.,medium,provisional
XW-00968,ISO_9001_2026-R-028,ISO_IEC_42001_2023-R-002,supports,source_supports_target,GOV-001,Relación provisional basada en controles TCDX compartidos y estructura pública; no implica equivalencia jurídica ni certificatoria.,medium,provisional
XW-00969,ISO_9001_2026-R-028,ISO_IEC_42001_2023-R-011,supports,source_supports_target,GOV-001,Relación provisional basada en controles TCDX compartidos y estructura pública; no implica equivalencia jurídica ni certificatoria.,medium,provisional
XW-00970,ISO_9001_2026-R-028,ISO_IEC_42001_2023-R-043,supports,source_supports_target,GOV-001,Relación provisional basada en controles TCDX compartidos y estructura pública; no implica equivalencia jurídica ni certificatoria.,medium,provisional
XW-00971,ISO_9001_2026-R-030,ISO_IEC_42001_2023-R-045,overlaps,bidirectional_support,QUALITY-001;QUALITY-007,Relación provisional basada en controles TCDX compartidos y estructura pública; no implica equivalencia jurídica ni certificatoria.,medium,provisional
XW-00972,ISO_9001_2026-R-031,ISO_IEC_42001_2023-R-012,overlaps,bidirectional_support,AI-001;AI-003,Relación provisional basada en controles TCDX compartidos y estructura pública; no implica equivalencia jurídica ni certificatoria.,medium,provisional
XW-00973,ISO_9001_2026-R-031,ISO_IEC_42001_2023-R-014,overlaps,bidirectional_support,AI-001;AI-003,Relación provisional basada en controles TCDX compartidos y estructura pública; no implica equivalencia jurídica ni certificatoria.,medium,provisional
XW-00974,ISO_9001_2026-R-031,ISO_IEC_42001_2023-R-015,overlaps,bidirectional_support,AI-001;AI-003,Relación provisional basada en controles TCDX compartidos y estructura pública; no implica equivalencia jurídica ni certificatoria.,medium,provisional
XW-00975,ISO_9001_2026-R-032,ISO_IEC_42001_2023-R-012,overlaps,bidirectional_support,AI-001;AI-003,Relación provisional basada en controles TCDX compartidos y estructura pública; no implica equivalencia jurídica ni certificatoria.,medium,provisional
XW-00976,ISO_9001_2026-R-032,ISO_IEC_42001_2023-R-014,overlaps,bidirectional_support,AI-001;AI-003,Relación provisional basada en controles TCDX compartidos y estructura pública; no implica equivalencia jurídica ni certificatoria.,medium,provisional
XW-00977,ISO_9001_2026-R-032,ISO_IEC_42001_2023-R-015,overlaps,bidirectional_support,AI-001;AI-003,Relación provisional basada en controles TCDX compartidos y estructura pública; no implica equivalencia jurídica ni certificatoria.,medium,provisional
XW-00978,ISO_9001_2026-R-033,ISO_IEC_42001_2023-R-012,overlaps,bidirectional_support,AI-001;AI-003;RISK-001;RISK-002,Relación provisional basada en controles TCDX compartidos y estructura pública; no implica equivalencia jurídica ni certificatoria.,medium,provisional
XW-00979,ISO_9001_2026-R-033,ISO_IEC_42001_2023-R-014,overlaps,bidirectional_support,AI-001;AI-003;RISK-001;RISK-002,Relación provisional basada en controles TCDX compartidos y estructura pública; no implica equivalencia jurídica ni certificatoria.,medium,provisional
XW-00980,ISO_9001_2026-R-033,ISO_IEC_42001_2023-R-015,overlaps,bidirectional_support,AI-001;AI-003;RISK-001;RISK-002,Relación provisional basada en controles TCDX compartidos y estructura pública; no implica equivalencia jurídica ni certificatoria.,medium,provisional
XW-00981,ISO_9001_2026-R-034,ISO_IEC_42001_2023-R-012,overlaps,bidirectional_support,AI-001;AI-003,Relación provisional basada en controles TCDX compartidos y estructura pública; no implica equivalencia jurídica ni certificatoria.,medium,provisional
XW-00982,ISO_9001_2026-R-034,ISO_IEC_42001_2023-R-014,overlaps,bidirectional_support,AI-001;AI-003,Relación provisional basada en controles TCDX compartidos y estructura pública; no implica equivalencia jurídica ni certificatoria.,medium,provisional
XW-00983,ISO_9001_2026-R-034,ISO_IEC_42001_2023-R-015,overlaps,bidirectional_support,AI-001;AI-003,Relación provisional basada en controles TCDX compartidos y estructura pública; no implica equivalencia jurídica ni certificatoria.,medium,provisional
XW-00984,ISO_9001_2026-R-035,ISO_IEC_42001_2023-R-012,overlaps,bidirectional_support,AI-001;AI-003,Relación provisional basada en controles TCDX compartidos y estructura pública; no implica equivalencia jurídica ni certificatoria.,medium,provisional
XW-00985,ISO_9001_2026-R-035,ISO_IEC_42001_2023-R-014,overlaps,bidirectional_support,AI-001;AI-003,Relación provisional basada en controles TCDX compartidos y estructura pública; no implica equivalencia jurídica ni certificatoria.,medium,provisional
XW-00986,ISO_9001_2026-R-035,ISO_IEC_42001_2023-R-015,overlaps,bidirectional_support,AI-001;AI-003,Relación provisional basada en controles TCDX compartidos y estructura pública; no implica equivalencia jurídica ni certificatoria.,medium,provisional
XW-00987,ISO_9001_2026-R-036,ISO_IEC_42001_2023-R-002,overlaps,bidirectional_support,GOV-001;GOV-002,Relación provisional basada en controles TCDX compartidos y estructura pública; no implica equivalencia jurídica ni certificatoria.,medium,provisional
XW-00988,ISO_9001_2026-R-036,ISO_IEC_42001_2023-R-011,overlaps,bidirectional_support,GOV-001;GOV-002,Relación provisional basada en controles TCDX compartidos y estructura pública; no implica equivalencia jurídica ni certificatoria.,medium,provisional
XW-00989,ISO_9001_2026-R-036,ISO_IEC_42001_2023-R-043,overlaps,bidirectional_support,GOV-001;GOV-002,Relación provisional basada en controles TCDX compartidos y estructura pública; no implica equivalencia jurídica ni certificatoria.,medium,provisional
XW-00990,ISO_9001_2026-R-037,ISO_IEC_42001_2023-R-011,overlaps,bidirectional_support,CTX-001;GOV-001;GOV-002;SCOPE-001,Relación provisional basada en controles TCDX compartidos y estructura pública; no implica equivalencia jurídica ni certificatoria.,medium,provisional
XW-00991,ISO_9001_2026-R-037,ISO_IEC_42001_2023-R-043,overlaps,bidirectional_support,CTX-001;GOV-001;GOV-002;SCOPE-001,Relación provisional basada en controles TCDX compartidos y estructura pública; no implica equivalencia jurídica ni certificatoria.,medium,provisional
XW-00992,ISO_9001_2026-R-037,ISO_IEC_42001_2023-R-002,overlaps,bidirectional_support,GOV-001;GOV-002;GOV-003,Relación provisional basada en controles TCDX compartidos y estructura pública; no implica equivalencia jurídica ni certificatoria.,medium,provisional
XW-00993,ISO_9001_2026-R-038,ISO_IEC_42001_2023-R-012,overlaps,bidirectional_support,AI-001;AI-003;RISK-001;RISK-002,Relación provisional basada en controles TCDX compartidos y estructura pública; no implica equivalencia jurídica ni certificatoria.,medium,provisional
XW-00994,ISO_9001_2026-R-038,ISO_IEC_42001_2023-R-014,overlaps,bidirectional_support,AI-001;AI-003;RISK-001;RISK-002,Relación provisional basada en controles TCDX compartidos y estructura pública; no implica equivalencia jurídica ni certificatoria.,medium,provisional
XW-00995,ISO_9001_2026-R-038,ISO_IEC_42001_2023-R-015,overlaps,bidirectional_support,AI-001;AI-003;RISK-001;RISK-002,Relación provisional basada en controles TCDX compartidos y estructura pública; no implica equivalencia jurídica ni certificatoria.,medium,provisional
XW-00996,ISO_9001_2026-R-039,ISO_IEC_42001_2023-R-004,overlaps,bidirectional_support,AI-001;AWARE-001,Relación provisional basada en controles TCDX compartidos y estructura pública; no implica equivalencia jurídica ni certificatoria.,medium,provisional
XW-00997,ISO_9001_2026-R-039,ISO_IEC_42001_2023-R-012,overlaps,bidirectional_support,AI-001;AI-003,Relación provisional basada en controles TCDX compartidos y estructura pública; no implica equivalencia jurídica ni certificatoria.,medium,provisional
XW-00998,ISO_9001_2026-R-039,ISO_IEC_42001_2023-R-014,overlaps,bidirectional_support,AI-001;AI-003,Relación provisional basada en controles TCDX compartidos y estructura pública; no implica equivalencia jurídica ni certificatoria.,medium,provisional
